{
    "shoot_ar":{"sounds": ["mgp:shoot/ar"]},
	"shoot_sg":{"sounds": ["mgp:shoot/sg"]},
	"shoot_sr":{"sounds": ["mgp:shoot/sr"]},
	"shoot_smg":{"sounds": ["mgp:shoot/smg"]},
	"shoot_rl":{"sounds": ["mgp:shoot/rl"]},
	"shoot_beam":{"sounds": ["mgp:shoot/beam"]},
	"reload_start":{"sounds": ["mgp:reload_start"]},
	"reload_end":{"sounds": ["mgp:reload_end"]},
	"setup":{"sounds": ["mgp:setup"]},
	"impact":{"sounds": [
		"mgp:impacts/impact1",
		"mgp:impacts/impact2",
		"mgp:impacts/impact3",
		"mgp:impacts/impact4",
		"mgp:impacts/impact5",
		"mgp:impacts/impact6",
		"mgp:impacts/impact7"
	]}
}
