{
	"credit": "Made with Blockbench",
	"textures": {
		"0": "item/texture",
		"1": "item/texture2",
		"2": "item/texture3",
		"3": "item/texture4",
		"particle": "item/texture"
	},
	"elements": [
		{
			"from": [8, 0, 8],
			"to": [9, 3, 9],
			"rotation": {"angle": 0, "axis": "y", "origin": [16, 8, 16]},
			"faces": {
				"north": {"uv": [0, 0, 1, 3], "texture": "#0"},
				"east": {"uv": [0, 0, 1, 3], "texture": "#0"},
				"south": {"uv": [0, 0, 1, 3], "texture": "#0"},
				"west": {"uv": [0, 0, 1, 3], "texture": "#0"},
				"up": {"uv": [0, 0, 1, 1], "texture": "#0"},
				"down": {"uv": [0, 0, 1, 1], "texture": "#0"}
			}
		},
		{
			"from": [5, 1, 8],
			"to": [6, 3, 9],
			"rotation": {"angle": 0, "axis": "y", "origin": [13, 9, 16]},
			"faces": {
				"north": {"uv": [0, 0, 1, 2], "texture": "#0"},
				"east": {"uv": [0, 0, 1, 2], "texture": "#0"},
				"south": {"uv": [0, 0, 1, 2], "texture": "#0"},
				"west": {"uv": [0, 0, 1, 2], "texture": "#0"},
				"up": {"uv": [0, 0, 1, 1], "texture": "#0"},
				"down": {"uv": [0, 0, 1, 1], "texture": "#0"}
			}
		},
		{
			"from": [5, 3, 8],
			"to": [21, 4, 9],
			"rotation": {"angle": 0, "axis": "y", "origin": [14, 11, 16]},
			"faces": {
				"north": {"uv": [0, 0, 16, 1], "texture": "#2"},
				"east": {"uv": [0, 0, 1, 1], "texture": "#2"},
				"south": {"uv": [0, 0, 16, 1], "texture": "#2"},
				"west": {"uv": [0, 0, 1, 1], "texture": "#2"},
				"up": {"uv": [0, 0, 16, 1], "texture": "#2"},
				"down": {"uv": [0, 0, 16, 1], "texture": "#2"}
			}
		},
		{
			"from": [9, 2.25, 8.25],
			"to": [9.75, 2.5, 8.75],
			"rotation": {"angle": 0, "axis": "y", "origin": [17, 10.25, 16]},
			"faces": {
				"north": {"uv": [0, 0, 0.75, 0.25], "texture": "#0"},
				"east": {"uv": [0, 0, 0.5, 0.25], "texture": "#0"},
				"south": {"uv": [0, 0, 0.75, 0.25], "texture": "#0"},
				"west": {"uv": [0, 0, 0.5, 0.25], "texture": "#0"},
				"up": {"uv": [0, 0, 0.75, 0.5], "texture": "#0"},
				"down": {"uv": [0, 0, 0.75, 0.5], "texture": "#0"}
			}
		},
		{
			"from": [9.75, 2.5, 8.25],
			"to": [10, 3, 8.75],
			"rotation": {"angle": 0, "axis": "y", "origin": [17, 10, 16]},
			"faces": {
				"north": {"uv": [0, 0, 0.25, 0.5], "texture": "#0"},
				"east": {"uv": [0, 0, 0.5, 0.5], "texture": "#0"},
				"south": {"uv": [0, 0, 0.25, 0.5], "texture": "#0"},
				"west": {"uv": [0, 0, 0.5, 0.5], "texture": "#0"},
				"up": {"uv": [0, 0, 0.25, 0.5], "texture": "#0"},
				"down": {"uv": [0, 0, 0.25, 0.5], "texture": "#0"}
			}
		},
		{
			"from": [9.25, 2.75, 8.25],
			"to": [9.5, 3, 8.75],
			"rotation": {"angle": 0, "axis": "y", "origin": [17, 10, 16]},
			"faces": {
				"north": {"uv": [0, 0, 0.25, 0.25], "texture": "#0"},
				"east": {"uv": [0, 0, 0.5, 0.25], "texture": "#0"},
				"south": {"uv": [0, 0, 0.25, 0.25], "texture": "#0"},
				"west": {"uv": [0, 0, 0.5, 0.25], "texture": "#0"},
				"up": {"uv": [0, 0, 0.25, 0.5], "texture": "#0"},
				"down": {"uv": [0, 0, 0.25, 0.5], "texture": "#0"}
			}
		},
		{
			"from": [8.25, 0.25, 7.75],
			"to": [8.75, 2.75, 8],
			"rotation": {"angle": 0, "axis": "y", "origin": [16, 8, 15]},
			"faces": {
				"north": {"uv": [0, 0, 0.5, 2.5], "texture": "#1"},
				"east": {"uv": [0, 0, 0.25, 2.5], "texture": "#1"},
				"south": {"uv": [0, 0, 0.5, 2.5], "texture": "#1"},
				"west": {"uv": [0, 0, 0.25, 2.5], "texture": "#1"},
				"up": {"uv": [0, 0, 0.5, 0.25], "texture": "#1"},
				"down": {"uv": [0, 0, 0.5, 0.25], "texture": "#1"}
			}
		},
		{
			"from": [8.25, 0.25, 9],
			"to": [8.75, 2.75, 9.25],
			"rotation": {"angle": 0, "axis": "y", "origin": [16, 8, 17]},
			"faces": {
				"north": {"uv": [0, 0, 0.5, 2.5], "texture": "#1"},
				"east": {"uv": [0, 0, 0.25, 2.5], "texture": "#1"},
				"south": {"uv": [0, 0, 0.5, 2.5], "texture": "#1"},
				"west": {"uv": [0, 0, 0.25, 2.5], "texture": "#1"},
				"up": {"uv": [0, 0, 0.5, 0.25], "texture": "#1"},
				"down": {"uv": [0, 0, 0.5, 0.25], "texture": "#1"}
			}
		},
		{
			"from": [18, 4, 8],
			"to": [21, 4.25, 9],
			"rotation": {"angle": 0, "axis": "y", "origin": [27, 12, 16]},
			"faces": {
				"north": {"uv": [0, 0, 3, 0.25], "texture": "#3"},
				"east": {"uv": [0, 0, 1, 0.25], "texture": "#3"},
				"south": {"uv": [0, 0, 3, 0.25], "texture": "#3"},
				"west": {"uv": [0, 0, 1, 0.25], "texture": "#3"},
				"up": {"uv": [0, 0, 3, 1], "texture": "#3"},
				"down": {"uv": [0, 0, 3, 1], "texture": "#3"}
			}
		},
		{
			"from": [18, 2.75, 8],
			"to": [21, 3, 9],
			"rotation": {"angle": 0, "axis": "y", "origin": [26, 10, 16]},
			"faces": {
				"north": {"uv": [0, 0, 3, 0.25], "texture": "#3"},
				"east": {"uv": [0, 0, 1, 0.25], "texture": "#3"},
				"south": {"uv": [0, 0, 3, 0.25], "texture": "#3"},
				"west": {"uv": [0, 0, 1, 0.25], "texture": "#3"},
				"up": {"uv": [0, 0, 3, 1], "texture": "#3"},
				"down": {"uv": [0, 0, 3, 1], "texture": "#3"}
			}
		},
		{
			"from": [18, 3, 7.75],
			"to": [21, 4, 8],
			"rotation": {"angle": 0, "axis": "y", "origin": [26, 11, 15]},
			"faces": {
				"north": {"uv": [0, 0, 3, 1], "texture": "#3"},
				"east": {"uv": [0, 0, 0.25, 1], "texture": "#3"},
				"south": {"uv": [0, 0, 3, 1], "texture": "#3"},
				"west": {"uv": [0, 0, 0.25, 1], "texture": "#3"},
				"up": {"uv": [0, 0, 3, 0.25], "texture": "#3"},
				"down": {"uv": [0, 0, 3, 0.25], "texture": "#3"}
			}
		},
		{
			"from": [18, 3, 9],
			"to": [21, 4, 9.25],
			"rotation": {"angle": 0, "axis": "y", "origin": [26, 11, 17]},
			"faces": {
				"north": {"uv": [0, 0, 3, 1], "texture": "#3"},
				"east": {"uv": [0, 0, 0.25, 1], "texture": "#3"},
				"south": {"uv": [0, 0, 3, 1], "texture": "#3"},
				"west": {"uv": [0, 0, 0.25, 1], "texture": "#3"},
				"up": {"uv": [0, 0, 3, 0.25], "texture": "#3"},
				"down": {"uv": [0, 0, 3, 0.25], "texture": "#3"}
			}
		},
		{
			"from": [19, 2.75, 7.75],
			"to": [20, 4.25, 9.25],
			"rotation": {"angle": 0, "axis": "y", "origin": [27, 11, 16]},
			"faces": {
				"north": {"uv": [0, 0, 1, 1.5], "texture": "#3"},
				"east": {"uv": [0, 0, 1.5, 1.5], "texture": "#3"},
				"south": {"uv": [0, 0, 1, 1.5], "texture": "#3"},
				"west": {"uv": [0, 0, 1.5, 1.5], "texture": "#3"},
				"up": {"uv": [0, 0, 1, 1.5], "texture": "#3"},
				"down": {"uv": [0, 0, 1, 1.5], "texture": "#3"}
			}
		},
		{
			"from": [19, 3, 9.25],
			"to": [20, 4, 9.5],
			"rotation": {"angle": 0, "axis": "y", "origin": [27, 11, 17.25]},
			"faces": {
				"north": {"uv": [0, 0, 1, 1], "texture": "#3"},
				"east": {"uv": [0, 0, 0.25, 1], "texture": "#3"},
				"south": {"uv": [0, 0, 1, 1], "texture": "#3"},
				"west": {"uv": [0, 0, 0.25, 1], "texture": "#3"},
				"up": {"uv": [0, 0, 1, 0.25], "texture": "#3"},
				"down": {"uv": [0, 0, 1, 0.25], "texture": "#3"}
			}
		},
		{
			"from": [19, 3, 7.5],
			"to": [20, 4, 7.75],
			"rotation": {"angle": 0, "axis": "y", "origin": [27, 11, 15]},
			"faces": {
				"north": {"uv": [0, 0, 1, 1], "texture": "#3"},
				"east": {"uv": [0, 0, 0.25, 1], "texture": "#3"},
				"south": {"uv": [0, 0, 1, 1], "texture": "#3"},
				"west": {"uv": [0, 0, 0.25, 1], "texture": "#3"},
				"up": {"uv": [0, 0, 1, 0.25], "texture": "#3"},
				"down": {"uv": [0, 0, 1, 0.25], "texture": "#3"}
			}
		},
		{
			"from": [19, 4.25, 8],
			"to": [20, 4.5, 9],
			"rotation": {"angle": 0, "axis": "y", "origin": [27, 12, 16]},
			"faces": {
				"north": {"uv": [0, 0, 1, 0.25], "texture": "#3"},
				"east": {"uv": [0, 0, 1, 0.25], "texture": "#3"},
				"south": {"uv": [0, 0, 1, 0.25], "texture": "#3"},
				"west": {"uv": [0, 0, 1, 0.25], "texture": "#3"},
				"up": {"uv": [0, 0, 1, 1], "texture": "#3"},
				"down": {"uv": [0, 0, 1, 1], "texture": "#3"}
			}
		},
		{
			"from": [19, 2.5, 8],
			"to": [20, 2.75, 9],
			"rotation": {"angle": 0, "axis": "y", "origin": [27, 10, 16]},
			"faces": {
				"north": {"uv": [0, 0, 1, 0.25], "texture": "#3"},
				"east": {"uv": [0, 0, 1, 0.25], "texture": "#3"},
				"south": {"uv": [0, 0, 1, 0.25], "texture": "#3"},
				"west": {"uv": [0, 0, 1, 0.25], "texture": "#3"},
				"up": {"uv": [0, 0, 1, 1], "texture": "#3"},
				"down": {"uv": [0, 0, 1, 1], "texture": "#3"}
			}
		},
		{
			"from": [21, 3, 8],
			"to": [21.5, 4, 9],
			"rotation": {"angle": 0, "axis": "y", "origin": [29, 11, 16]},
			"faces": {
				"north": {"uv": [0, 0, 0.5, 1], "texture": "#3"},
				"east": {"uv": [0, 0, 1, 1], "texture": "#3"},
				"south": {"uv": [0, 0, 0.5, 1], "texture": "#3"},
				"west": {"uv": [0, 0, 1, 1], "texture": "#3"},
				"up": {"uv": [0, 0, 0.5, 1], "texture": "#3"},
				"down": {"uv": [0, 0, 0.5, 1], "texture": "#3"}
			}
		},
		{
			"from": [21.5, 3.25, 8.25],
			"to": [22, 3.75, 8.75],
			"rotation": {"angle": 0, "axis": "y", "origin": [29, 11, 16]},
			"faces": {
				"north": {"uv": [0, 0, 0.5, 0.5], "texture": "#3"},
				"east": {"uv": [0, 0, 0.5, 0.5], "texture": "#3"},
				"south": {"uv": [0, 0, 0.5, 0.5], "texture": "#3"},
				"west": {"uv": [0, 0, 0.5, 0.5], "texture": "#3"},
				"up": {"uv": [0, 0, 0.5, 0.5], "texture": "#3"},
				"down": {"uv": [0, 0, 0.5, 0.5], "texture": "#3"}
			}
		},
		{
			"from": [13.25, 4, 8.25],
			"to": [15, 4.25, 8.75],
			"rotation": {"angle": 0, "axis": "y", "origin": [22, 12, 16]},
			"faces": {
				"north": {"uv": [0, 0, 1.75, 0.25], "texture": "#0"},
				"east": {"uv": [0, 0, 0.5, 0.25], "texture": "#0"},
				"south": {"uv": [0, 0, 1.75, 0.25], "texture": "#0"},
				"west": {"uv": [0, 0, 0.5, 0.25], "texture": "#0"},
				"up": {"uv": [0, 0, 1.75, 0.5], "texture": "#0"},
				"down": {"uv": [0, 0, 1.75, 0.5], "texture": "#0"}
			}
		},
		{
			"from": [15, 4, 8.25],
			"to": [15.25, 4.75, 8.75],
			"rotation": {"angle": 0, "axis": "y", "origin": [23, 12, 16]},
			"faces": {
				"north": {"uv": [0, 0, 0.25, 0.75], "texture": "#0"},
				"east": {"uv": [0, 0, 0.5, 0.75], "texture": "#0"},
				"south": {"uv": [0, 0, 0.25, 0.75], "texture": "#0"},
				"west": {"uv": [0, 0, 0.5, 0.75], "texture": "#0"},
				"up": {"uv": [0, 0, 0.25, 0.5], "texture": "#0"},
				"down": {"uv": [0, 0, 0.25, 0.5], "texture": "#0"}
			}
		},
		{
			"from": [5, 4, 8.25],
			"to": [6, 4.25, 8.75],
			"rotation": {"angle": 0, "axis": "y", "origin": [13, 12, 16]},
			"faces": {
				"north": {"uv": [0, 0, 1, 0.25], "texture": "#0"},
				"east": {"uv": [0, 0, 0.5, 0.25], "texture": "#0"},
				"south": {"uv": [0, 0, 1, 0.25], "texture": "#0"},
				"west": {"uv": [0, 0, 0.5, 0.25], "texture": "#0"},
				"up": {"uv": [0, 0, 1, 0.5], "texture": "#0"},
				"down": {"uv": [0, 0, 1, 0.5], "texture": "#0"}
			}
		},
		{
			"from": [5.5, 4.25, 8.25],
			"to": [5.75, 4.75, 8.75],
			"rotation": {"angle": 0, "axis": "y", "origin": [13.5, 12, 16]},
			"faces": {
				"north": {"uv": [0, 0, 0.25, 0.5], "texture": "#0"},
				"east": {"uv": [0, 0, 0.5, 0.5], "texture": "#0"},
				"south": {"uv": [0, 0, 0.25, 0.5], "texture": "#0"},
				"west": {"uv": [0, 0, 0.5, 0.5], "texture": "#0"},
				"up": {"uv": [0, 0, 0.25, 0.5], "texture": "#0"},
				"down": {"uv": [0, 0, 0.25, 0.5], "texture": "#0"}
			}
		},
		{
			"from": [-4.5, 2.75, 7.75],
			"to": [-4, 4.25, 9.25],
			"rotation": {"angle": 0, "axis": "y", "origin": [3, 11, 16]},
			"faces": {
				"north": {"uv": [0, 0, 0.5, 1.5], "texture": "#0"},
				"east": {"uv": [0, 0, 1.5, 1.5], "texture": "#0"},
				"south": {"uv": [0, 0, 0.5, 1.5], "texture": "#0"},
				"west": {"uv": [0, 0, 1.5, 1.5], "texture": "#0"},
				"up": {"uv": [0, 0, 0.5, 1.5], "texture": "#0"},
				"down": {"uv": [0, 0, 0.5, 1.5], "texture": "#0"}
			}
		},
		{
			"from": [-4, 3, 8],
			"to": [5, 4, 9],
			"rotation": {"angle": 0, "axis": "y", "origin": [12, 11, 16]},
			"faces": {
				"north": {"uv": [0, 0, 9, 1], "texture": "#1"},
				"east": {"uv": [0, 0, 1, 1], "texture": "#1"},
				"south": {"uv": [0, 0, 9, 1], "texture": "#1"},
				"west": {"uv": [0, 0, 1, 1], "texture": "#1"},
				"up": {"uv": [0, 0, 9, 1], "texture": "#1"},
				"down": {"uv": [0, 0, 9, 1], "texture": "#1"}
			}
		},
		{
			"from": [3, 3, 7.75],
			"to": [5, 4, 8],
			"rotation": {"angle": 0, "axis": "y", "origin": [12, 11, 15]},
			"faces": {
				"north": {"uv": [0, 0, 2, 1], "texture": "#1"},
				"east": {"uv": [0, 0, 0.25, 1], "texture": "#1"},
				"south": {"uv": [0, 0, 2, 1], "texture": "#1"},
				"west": {"uv": [0, 0, 0.25, 1], "texture": "#1"},
				"up": {"uv": [0, 0, 2, 0.25], "texture": "#1"},
				"down": {"uv": [0, 0, 2, 0.25], "texture": "#1"}
			}
		},
		{
			"from": [3, 2.75, 8],
			"to": [5, 3, 9],
			"rotation": {"angle": 0, "axis": "y", "origin": [12, 10, 16]},
			"faces": {
				"north": {"uv": [0, 0, 2, 0.25], "texture": "#1"},
				"east": {"uv": [0, 0, 1, 0.25], "texture": "#1"},
				"south": {"uv": [0, 0, 2, 0.25], "texture": "#1"},
				"west": {"uv": [0, 0, 1, 0.25], "texture": "#1"},
				"up": {"uv": [0, 0, 2, 1], "texture": "#1"},
				"down": {"uv": [0, 0, 2, 1], "texture": "#1"}
			}
		},
		{
			"from": [3, 3, 9],
			"to": [5, 4, 9.25],
			"rotation": {"angle": 0, "axis": "y", "origin": [12, 11, 17]},
			"faces": {
				"north": {"uv": [0, 0, 2, 1], "texture": "#1"},
				"east": {"uv": [0, 0, 0.25, 1], "texture": "#1"},
				"south": {"uv": [0, 0, 2, 1], "texture": "#1"},
				"west": {"uv": [0, 0, 0.25, 1], "texture": "#1"},
				"up": {"uv": [0, 0, 2, 0.25], "texture": "#1"},
				"down": {"uv": [0, 0, 2, 0.25], "texture": "#1"}
			}
		},
		{
			"from": [3, 4, 8],
			"to": [5, 4.25, 9],
			"rotation": {"angle": 0, "axis": "y", "origin": [12, 12, 16]},
			"faces": {
				"north": {"uv": [0, 0, 2, 0.25], "texture": "#1"},
				"east": {"uv": [0, 0, 1, 0.25], "texture": "#1"},
				"south": {"uv": [0, 0, 2, 0.25], "texture": "#1"},
				"west": {"uv": [0, 0, 1, 0.25], "texture": "#1"},
				"up": {"uv": [0, 0, 2, 1], "texture": "#1"},
				"down": {"uv": [0, 0, 2, 1], "texture": "#1"}
			}
		},
		{
			"from": [7, 3.25, 9],
			"to": [13, 3.75, 9.25],
			"rotation": {"angle": 0, "axis": "y", "origin": [15, 11, 17]},
			"faces": {
				"north": {"uv": [0, 0, 6, 0.5], "texture": "#0"},
				"east": {"uv": [0, 0, 0.25, 0.5], "texture": "#0"},
				"south": {"uv": [0, 0, 6, 0.5], "texture": "#0"},
				"west": {"uv": [0, 0, 0.25, 0.5], "texture": "#0"},
				"up": {"uv": [0, 0, 6, 0.25], "texture": "#0"},
				"down": {"uv": [0, 0, 6, 0.25], "texture": "#0"}
			}
		},
		{
			"from": [7, 3.25, 7.75],
			"to": [13, 3.75, 8],
			"rotation": {"angle": 0, "axis": "y", "origin": [16, 11, 15]},
			"faces": {
				"north": {"uv": [0, 0, 6, 0.5], "texture": "#0"},
				"east": {"uv": [0, 0, 0.25, 0.5], "texture": "#0"},
				"south": {"uv": [0, 0, 6, 0.5], "texture": "#0"},
				"west": {"uv": [0, 0, 0.25, 0.5], "texture": "#0"},
				"up": {"uv": [0, 0, 6, 0.25], "texture": "#0"},
				"down": {"uv": [0, 0, 6, 0.25], "texture": "#0"}
			}
		}
	],
	"display": {
		"thirdperson_righthand": {
			"rotation": [0, 90, 0],
			"translation": [0, 4.75, 0]
		},
		"thirdperson_lefthand": {
			"rotation": [0, -90, 0],
			"translation": [0, 5, 0]
		},
		"firstperson_righthand": {
			"rotation": [0, 90, 0],
			"translation": [-9.5, 11.5, 4.75]
		},
		"firstperson_lefthand": {
			"rotation": [0, -90, 0],
			"translation": [0, 7.25, 0]
		},
		"ground": {
			"rotation": [90, 0, 0]
		},
		"gui": {
			"rotation": [0, 0, 45],
			"translation": [-2.5, 2.25, 0],
			"scale": [0.7, 0.7, 0.7]
		},
		"head": {
			"translation": [0, 12.25, 0]
		},
		"fixed": {
			"rotation": [0, -180, 45],
			"translation": [3.25, 2.75, 0]
		}
	}
}