{
	"credit": "Made with Blockbench",
	"textures": {
		"0": "item/wood",
		"1": "item/black",
		"particle": "item/wood"
	},
	"elements": [
		{
			"from": [0.25, 0, 7.5],
			"to": [1, 3, 8.4],
			"rotation": {"angle": 0, "axis": "y", "origin": [8, 8, 15.5]},
			"faces": {
				"north": {"uv": [0, 0, 0.75, 3], "texture": "#0"},
				"east": {"uv": [0, 0, 0.9, 3], "texture": "#0"},
				"south": {"uv": [0, 0, 0.75, 3], "texture": "#0"},
				"west": {"uv": [0, 0, 0.9, 3], "texture": "#0"},
				"up": {"uv": [0, 0, 0.75, 0.9], "texture": "#0"},
				"down": {"uv": [0, 0, 0.75, 0.9], "texture": "#0"}
			}
		},
		{
			"from": [2, 0.2, 7.5],
			"to": [3, 3, 8.4],
			"rotation": {"angle": 0, "axis": "y", "origin": [9.75, 8, 15.5]},
			"faces": {
				"north": {"uv": [0, 0, 1, 2.8], "texture": "#0"},
				"east": {"uv": [0, 0, 0.9, 2.8], "texture": "#0"},
				"south": {"uv": [0, 0, 1, 2.8], "texture": "#0"},
				"west": {"uv": [0, 0, 0.9, 2.8], "texture": "#0"},
				"up": {"uv": [0, 0, 1, 0.9], "texture": "#0"},
				"down": {"uv": [0, 0, 1, 0.9], "texture": "#0"}
			}
		},
		{
			"from": [6, 0.3, 7.5],
			"to": [6.2, 2.5, 8.4],
			"rotation": {"angle": 0, "axis": "y", "origin": [13.75, 8, 15.5]},
			"faces": {
				"north": {"uv": [0, 0, 0.2, 2.2], "texture": "#0"},
				"east": {"uv": [0, 0, 0.9, 2.2], "texture": "#0"},
				"south": {"uv": [0, 0, 0.2, 2.2], "texture": "#0"},
				"west": {"uv": [0, 0, 0.9, 2.2], "texture": "#0"},
				"up": {"uv": [0, 0, 0.2, 0.9], "texture": "#0"},
				"down": {"uv": [0, 0, 0.2, 0.9], "texture": "#0"}
			}
		},
		{
			"from": [5.8, 0.35, 7.5],
			"to": [6, 2.45, 8.4],
			"rotation": {"angle": 0, "axis": "y", "origin": [13.55, 8, 15.5]},
			"faces": {
				"north": {"uv": [0, 0, 0.2, 2.1], "texture": "#0"},
				"east": {"uv": [0, 0, 0.9, 2.1], "texture": "#0"},
				"south": {"uv": [0, 0, 0.2, 2.1], "texture": "#0"},
				"west": {"uv": [0, 0, 0.9, 2.1], "texture": "#0"},
				"up": {"uv": [0, 0, 0.2, 0.9], "texture": "#0"},
				"down": {"uv": [0, 0, 0.2, 0.9], "texture": "#0"}
			}
		},
		{
			"from": [5.7, 0.75, 7.5],
			"to": [5.8, 1.85, 8.4],
			"rotation": {"angle": 0, "axis": "y", "origin": [13.35, 8, 15.5]},
			"faces": {
				"north": {"uv": [0, 0, 0.1, 1.1], "texture": "#0"},
				"east": {"uv": [0, 0, 0.9, 1.1], "texture": "#0"},
				"south": {"uv": [0, 0, 0.1, 1.1], "texture": "#0"},
				"west": {"uv": [0, 0, 0.9, 1.1], "texture": "#0"},
				"up": {"uv": [0, 0, 0.1, 0.9], "texture": "#0"},
				"down": {"uv": [0, 0, 0.1, 0.9], "texture": "#0"}
			}
		},
		{
			"from": [6.2, 0.2, 7.5],
			"to": [6.4, 2.5, 8.4],
			"rotation": {"angle": 0, "axis": "y", "origin": [13.95, 8, 15.5]},
			"faces": {
				"north": {"uv": [0, 0, 0.2, 2.3], "texture": "#0"},
				"east": {"uv": [0, 0, 0.9, 2.3], "texture": "#0"},
				"south": {"uv": [0, 0, 0.2, 2.3], "texture": "#0"},
				"west": {"uv": [0, 0, 0.9, 2.3], "texture": "#0"},
				"up": {"uv": [0, 0, 0.2, 0.9], "texture": "#0"},
				"down": {"uv": [0, 0, 0.2, 0.9], "texture": "#0"}
			}
		},
		{
			"from": [6.4, 0.1, 7.5],
			"to": [6.8, 2.5, 8.4],
			"rotation": {"angle": 0, "axis": "y", "origin": [14.15, 8, 15.5]},
			"faces": {
				"north": {"uv": [0, 0, 0.4, 2.4], "texture": "#0"},
				"east": {"uv": [0, 0, 0.9, 2.4], "texture": "#0"},
				"south": {"uv": [0, 0, 0.4, 2.4], "texture": "#0"},
				"west": {"uv": [0, 0, 0.9, 2.4], "texture": "#0"},
				"up": {"uv": [0, 0, 0.4, 0.9], "texture": "#0"},
				"down": {"uv": [0, 0, 0.4, 0.9], "texture": "#0"}
			}
		},
		{
			"from": [6.8, 1.3, 7.5],
			"to": [7.2, 2.5, 8.4],
			"rotation": {"angle": 0, "axis": "y", "origin": [14.55, 8, 15.5]},
			"faces": {
				"north": {"uv": [0, 0, 0.4, 1.2], "texture": "#0"},
				"east": {"uv": [0, 0, 0.9, 1.2], "texture": "#0"},
				"south": {"uv": [0, 0, 0.4, 1.2], "texture": "#0"},
				"west": {"uv": [0, 0, 0.9, 1.2], "texture": "#0"},
				"up": {"uv": [0, 0, 0.4, 0.9], "texture": "#0"},
				"down": {"uv": [0, 0, 0.4, 0.9], "texture": "#0"}
			}
		},
		{
			"from": [3, 2.45, 7.5],
			"to": [6, 3, 8.4],
			"rotation": {"angle": 0, "axis": "y", "origin": [10.75, 8, 15.5]},
			"faces": {
				"north": {"uv": [0, 0, 3, 0.55], "texture": "#0"},
				"east": {"uv": [0, 0, 0.9, 0.55], "texture": "#0"},
				"south": {"uv": [0, 0, 3, 0.55], "texture": "#0"},
				"west": {"uv": [0, 0, 0.9, 0.55], "texture": "#0"},
				"up": {"uv": [0, 0, 3, 0.9], "texture": "#0"},
				"down": {"uv": [0, 0, 3, 0.9], "texture": "#0"}
			}
		},
		{
			"from": [3, 0.3, 7.5],
			"to": [4, 0.55, 8.4],
			"rotation": {"angle": 0, "axis": "y", "origin": [10.75, 5.75, 15.5]},
			"faces": {
				"north": {"uv": [0, 0, 1, 0.25], "texture": "#0"},
				"east": {"uv": [0, 0, 0.9, 0.25], "texture": "#0"},
				"south": {"uv": [0, 0, 1, 0.25], "texture": "#0"},
				"west": {"uv": [0, 0, 0.9, 0.25], "texture": "#0"},
				"up": {"uv": [0, 0, 1, 0.9], "texture": "#0"},
				"down": {"uv": [0, 0, 1, 0.9], "texture": "#0"}
			}
		},
		{
			"from": [4, 0.4, 7.5],
			"to": [5, 0.65, 8.4],
			"rotation": {"angle": 0, "axis": "y", "origin": [11.75, 5.85, 15.5]},
			"faces": {
				"north": {"uv": [0, 0, 1, 0.25], "texture": "#0"},
				"east": {"uv": [0, 0, 0.9, 0.25], "texture": "#0"},
				"south": {"uv": [0, 0, 1, 0.25], "texture": "#0"},
				"west": {"uv": [0, 0, 0.9, 0.25], "texture": "#0"},
				"up": {"uv": [0, 0, 1, 0.9], "texture": "#0"},
				"down": {"uv": [0, 0, 1, 0.9], "texture": "#0"}
			}
		},
		{
			"from": [5, 0.5, 7.5],
			"to": [5.8, 0.75, 8.4],
			"rotation": {"angle": 0, "axis": "y", "origin": [12.75, 5.95, 15.5]},
			"faces": {
				"north": {"uv": [0, 0, 0.8, 0.25], "texture": "#0"},
				"east": {"uv": [0, 0, 0.9, 0.25], "texture": "#0"},
				"south": {"uv": [0, 0, 0.8, 0.25], "texture": "#0"},
				"west": {"uv": [0, 0, 0.9, 0.25], "texture": "#0"},
				"up": {"uv": [0, 0, 0.8, 0.9], "texture": "#0"},
				"down": {"uv": [0, 0, 0.8, 0.9], "texture": "#0"}
			}
		},
		{
			"from": [1, 0.1, 7.5],
			"to": [2, 1.5, 8.4],
			"rotation": {"angle": 0, "axis": "y", "origin": [9, 8, 15.5]},
			"faces": {
				"north": {"uv": [0, 0, 1, 1.4], "texture": "#0"},
				"east": {"uv": [0, 0, 0.9, 1.4], "texture": "#0"},
				"south": {"uv": [0, 0, 1, 1.4], "texture": "#0"},
				"west": {"uv": [0, 0, 0.9, 1.4], "texture": "#0"},
				"up": {"uv": [0, 0, 1, 0.9], "texture": "#0"},
				"down": {"uv": [0, 0, 1, 0.9], "texture": "#0"}
			}
		},
		{
			"from": [1, 2.5, 7.5],
			"to": [2, 3, 8.4],
			"rotation": {"angle": 0, "axis": "y", "origin": [9, 9.5, 15.5]},
			"faces": {
				"north": {"uv": [0, 0, 1, 0.5], "texture": "#0"},
				"east": {"uv": [0, 0, 0.9, 0.5], "texture": "#0"},
				"south": {"uv": [0, 0, 1, 0.5], "texture": "#0"},
				"west": {"uv": [0, 0, 0.9, 0.5], "texture": "#0"},
				"up": {"uv": [0, 0, 1, 0.9], "texture": "#0"},
				"down": {"uv": [0, 0, 1, 0.9], "texture": "#0"}
			}
		},
		{
			"from": [0, 0, 7.5],
			"to": [0.25, 3, 8.4],
			"rotation": {"angle": 0, "axis": "y", "origin": [7, 8, 15.5]},
			"faces": {
				"north": {"uv": [0, 0, 0.25, 3], "texture": "#1"},
				"east": {"uv": [0, 0, 0.9, 3], "texture": "#1"},
				"south": {"uv": [0, 0, 0.25, 3], "texture": "#1"},
				"west": {"uv": [0, 0, 0.9, 3], "texture": "#1"},
				"up": {"uv": [0, 0, 0.25, 0.9], "texture": "#1"},
				"down": {"uv": [0, 0, 0.25, 0.9], "texture": "#1"}
			}
		},
		{
			"from": [1.35, 1.5, 7.7],
			"to": [1.5, 2.5, 8.2],
			"rotation": {"angle": 0, "axis": "y", "origin": [8.25, 8, 15.5]},
			"faces": {
				"north": {"uv": [0, 0, 0.15, 1], "texture": "#1"},
				"east": {"uv": [0, 0, 0.5, 1], "texture": "#1"},
				"south": {"uv": [0, 0, 0.15, 1], "texture": "#1"},
				"west": {"uv": [0, 0, 0.5, 1], "texture": "#1"},
				"up": {"uv": [0, 0, 0.15, 0.5], "texture": "#1"},
				"down": {"uv": [0, 0, 0.15, 0.5], "texture": "#1"}
			}
		},
		{
			"from": [6.25, 2.5, 7.8],
			"to": [13, 3.5, 8.1],
			"rotation": {"angle": 0, "axis": "y", "origin": [14, 8.5, 15.5]},
			"faces": {
				"north": {"uv": [0, 0, 6.75, 1], "texture": "#1"},
				"east": {"uv": [0, 0, 0.3, 1], "texture": "#1"},
				"south": {"uv": [0, 0, 6.75, 1], "texture": "#1"},
				"west": {"uv": [0, 0, 0.3, 1], "texture": "#1"},
				"up": {"uv": [0, 0, 6.75, 0.3], "texture": "#1"},
				"down": {"uv": [0, 0, 6.75, 0.3], "texture": "#1"}
			}
		},
		{
			"from": [6.25, 2.5, 8],
			"to": [13, 3.4, 8.2],
			"rotation": {"angle": 0, "axis": "y", "origin": [14, 8.5, 15.8]},
			"faces": {
				"north": {"uv": [0, 0, 6.75, 0.9], "texture": "#1"},
				"east": {"uv": [0, 0, 0.2, 0.9], "texture": "#1"},
				"south": {"uv": [0, 0, 6.75, 0.9], "texture": "#1"},
				"west": {"uv": [0, 0, 0.2, 0.9], "texture": "#1"},
				"up": {"uv": [0, 0, 6.75, 0.2], "texture": "#1"},
				"down": {"uv": [0, 0, 6.75, 0.2], "texture": "#1"}
			}
		},
		{
			"from": [6.25, 2.5, 8.1],
			"to": [13, 3.3, 8.3],
			"rotation": {"angle": 0, "axis": "y", "origin": [14, 8.5, 15.9]},
			"faces": {
				"north": {"uv": [0, 0, 6.75, 0.8], "texture": "#1"},
				"east": {"uv": [0, 0, 0.2, 0.8], "texture": "#1"},
				"south": {"uv": [0, 0, 6.75, 0.8], "texture": "#1"},
				"west": {"uv": [0, 0, 0.2, 0.8], "texture": "#1"},
				"up": {"uv": [0, 0, 6.75, 0.2], "texture": "#1"},
				"down": {"uv": [0, 0, 6.75, 0.2], "texture": "#1"}
			}
		},
		{
			"from": [6.25, 2.5, 8.2],
			"to": [13, 3.2, 8.4],
			"rotation": {"angle": 0, "axis": "y", "origin": [14, 8.5, 16]},
			"faces": {
				"north": {"uv": [0, 0, 6.75, 0.7], "texture": "#1"},
				"east": {"uv": [0, 0, 0.2, 0.7], "texture": "#1"},
				"south": {"uv": [0, 0, 6.75, 0.7], "texture": "#1"},
				"west": {"uv": [0, 0, 0.2, 0.7], "texture": "#1"},
				"up": {"uv": [0, 0, 6.75, 0.2], "texture": "#1"},
				"down": {"uv": [0, 0, 6.75, 0.2], "texture": "#1"}
			}
		},
		{
			"from": [6.25, 2.5, 7.5],
			"to": [13, 3.2, 7.6],
			"rotation": {"angle": 0, "axis": "y", "origin": [14, 8.5, 15.1]},
			"faces": {
				"north": {"uv": [0, 0, 6.75, 0.7], "texture": "#1"},
				"east": {"uv": [0, 0, 0.1, 0.7], "texture": "#1"},
				"south": {"uv": [0, 0, 6.75, 0.7], "texture": "#1"},
				"west": {"uv": [0, 0, 0.1, 0.7], "texture": "#1"},
				"up": {"uv": [0, 0, 6.75, 0.1], "texture": "#1"},
				"down": {"uv": [0, 0, 6.75, 0.1], "texture": "#1"}
			}
		},
		{
			"from": [6.25, 2.5, 7.6],
			"to": [13, 3.3, 7.6],
			"rotation": {"angle": 0, "axis": "y", "origin": [14, 8.5, 15.2]},
			"faces": {
				"north": {"uv": [0, 0, 6.75, 0.8], "texture": "#1"},
				"east": {"uv": [0, 0, 0, 0.8], "texture": "#1"},
				"south": {"uv": [0, 0, 6.75, 0.8], "texture": "#1"},
				"west": {"uv": [0, 0, 0, 0.8], "texture": "#1"},
				"up": {"uv": [0, 0, 6.75, 0], "texture": "#1"},
				"down": {"uv": [0, 0, 6.75, 0], "texture": "#1"}
			}
		},
		{
			"from": [6.25, 2.5, 7.7],
			"to": [13, 3.4, 7.8],
			"rotation": {"angle": 0, "axis": "y", "origin": [14, 8.5, 15.1]},
			"faces": {
				"north": {"uv": [0, 0, 6.75, 0.9], "texture": "#1"},
				"east": {"uv": [0, 0, 0.1, 0.9], "texture": "#1"},
				"south": {"uv": [0, 0, 6.75, 0.9], "texture": "#1"},
				"west": {"uv": [0, 0, 0.1, 0.9], "texture": "#1"},
				"up": {"uv": [0, 0, 6.75, 0.1], "texture": "#1"},
				"down": {"uv": [0, 0, 6.75, 0.1], "texture": "#1"}
			}
		},
		{
			"from": [7.2, 2, 7.5],
			"to": [13, 2.5, 8.4],
			"rotation": {"angle": 0, "axis": "y", "origin": [14, 7.5, 15.5]},
			"faces": {
				"north": {"uv": [0, 0, 5.8, 0.5], "texture": "#1"},
				"east": {"uv": [0, 0, 0.9, 0.5], "texture": "#1"},
				"south": {"uv": [0, 0, 5.8, 0.5], "texture": "#1"},
				"west": {"uv": [0, 0, 0.9, 0.5], "texture": "#1"},
				"up": {"uv": [0, 0, 5.8, 0.9], "texture": "#1"},
				"down": {"uv": [0, 0, 5.8, 0.9], "texture": "#1"}
			}
		},
		{
			"from": [10.2, 1.5, 7.5],
			"to": [12.2, 2, 8.4],
			"rotation": {"angle": 0, "axis": "y", "origin": [14, 7, 15.5]},
			"faces": {
				"north": {"uv": [0, 0, 2, 0.5], "texture": "#1"},
				"east": {"uv": [0, 0, 0.9, 0.5], "texture": "#1"},
				"south": {"uv": [0, 0, 2, 0.5], "texture": "#1"},
				"west": {"uv": [0, 0, 0.9, 0.5], "texture": "#1"},
				"up": {"uv": [0, 0, 2, 0.9], "texture": "#1"},
				"down": {"uv": [0, 0, 2, 0.9], "texture": "#1"}
			}
		},
		{
			"from": [10.3, 1, 7.5],
			"to": [12.3, 1.5, 8.4],
			"rotation": {"angle": 0, "axis": "y", "origin": [14.1, 6.5, 15.5]},
			"faces": {
				"north": {"uv": [0, 0, 2, 0.5], "texture": "#1"},
				"east": {"uv": [0, 0, 0.9, 0.5], "texture": "#1"},
				"south": {"uv": [0, 0, 2, 0.5], "texture": "#1"},
				"west": {"uv": [0, 0, 0.9, 0.5], "texture": "#1"},
				"up": {"uv": [0, 0, 2, 0.9], "texture": "#1"},
				"down": {"uv": [0, 0, 2, 0.9], "texture": "#1"}
			}
		},
		{
			"from": [10.4, 0.5, 7.5],
			"to": [12.4, 1, 8.4],
			"rotation": {"angle": 0, "axis": "y", "origin": [14.2, 6, 15.5]},
			"faces": {
				"north": {"uv": [0, 0, 2, 0.5], "texture": "#1"},
				"east": {"uv": [0, 0, 0.9, 0.5], "texture": "#1"},
				"south": {"uv": [0, 0, 2, 0.5], "texture": "#1"},
				"west": {"uv": [0, 0, 0.9, 0.5], "texture": "#1"},
				"up": {"uv": [0, 0, 2, 0.9], "texture": "#1"},
				"down": {"uv": [0, 0, 2, 0.9], "texture": "#1"}
			}
		},
		{
			"from": [10.5, 0, 7.5],
			"to": [12.5, 0.5, 8.4],
			"rotation": {"angle": 0, "axis": "y", "origin": [14.3, 5.5, 15.5]},
			"faces": {
				"north": {"uv": [0, 0, 2, 0.5], "texture": "#1"},
				"east": {"uv": [0, 0, 0.9, 0.5], "texture": "#1"},
				"south": {"uv": [0, 0, 2, 0.5], "texture": "#1"},
				"west": {"uv": [0, 0, 0.9, 0.5], "texture": "#1"},
				"up": {"uv": [0, 0, 2, 0.9], "texture": "#1"},
				"down": {"uv": [0, 0, 2, 0.9], "texture": "#1"}
			}
		},
		{
			"from": [10.5, -0.1, 7.5],
			"to": [12.6, 0, 8.4],
			"rotation": {"angle": 0, "axis": "y", "origin": [14.3, 5, 15.5]},
			"faces": {
				"north": {"uv": [0, 0, 2.1, 0.1], "texture": "#1"},
				"east": {"uv": [0, 0, 0.9, 0.1], "texture": "#1"},
				"south": {"uv": [0, 0, 2.1, 0.1], "texture": "#1"},
				"west": {"uv": [0, 0, 0.9, 0.1], "texture": "#1"},
				"up": {"uv": [0, 0, 2.1, 0.9], "texture": "#1"},
				"down": {"uv": [0, 0, 2.1, 0.9], "texture": "#1"}
			}
		},
		{
			"from": [10.6, -0.2, 7.5],
			"to": [12.6, -0.1, 8.4],
			"rotation": {"angle": 0, "axis": "y", "origin": [14.3, 4.9, 15.5]},
			"faces": {
				"north": {"uv": [0, 0, 2, 0.1], "texture": "#1"},
				"east": {"uv": [0, 0, 0.9, 0.1], "texture": "#1"},
				"south": {"uv": [0, 0, 2, 0.1], "texture": "#1"},
				"west": {"uv": [0, 0, 0.9, 0.1], "texture": "#1"},
				"up": {"uv": [0, 0, 2, 0.9], "texture": "#1"},
				"down": {"uv": [0, 0, 2, 0.9], "texture": "#1"}
			}
		},
		{
			"from": [7.2, 1.25, 7.6],
			"to": [8.7, 1.35, 8.3],
			"rotation": {"angle": 0, "axis": "y", "origin": [14, 6.75, 15.5]},
			"faces": {
				"north": {"uv": [0, 0, 1.5, 0.1], "texture": "#1"},
				"east": {"uv": [0, 0, 0.7, 0.1], "texture": "#1"},
				"south": {"uv": [0, 0, 1.5, 0.1], "texture": "#1"},
				"west": {"uv": [0, 0, 0.7, 0.1], "texture": "#1"},
				"up": {"uv": [0, 0, 1.5, 0.7], "texture": "#1"},
				"down": {"uv": [0, 0, 1.5, 0.7], "texture": "#1"}
			}
		},
		{
			"from": [8.6, 1.25, 7.6],
			"to": [8.7, 2, 8.3],
			"rotation": {"angle": 0, "axis": "y", "origin": [14, 6.75, 15.5]},
			"faces": {
				"north": {"uv": [0, 0, 0.1, 0.75], "texture": "#1"},
				"east": {"uv": [0, 0, 0.7, 0.75], "texture": "#1"},
				"south": {"uv": [0, 0, 0.1, 0.75], "texture": "#1"},
				"west": {"uv": [0, 0, 0.7, 0.75], "texture": "#1"},
				"up": {"uv": [0, 0, 0.1, 0.7], "texture": "#1"},
				"down": {"uv": [0, 0, 0.1, 0.7], "texture": "#1"}
			}
		},
		{
			"from": [10.05, 1.25, 7.85],
			"to": [10.2, 1.5, 8.05],
			"rotation": {"angle": 0, "axis": "y", "origin": [15.5, 6.25, 15.5]},
			"faces": {
				"north": {"uv": [0, 0, 0.15, 0.25], "texture": "#1"},
				"east": {"uv": [0, 0, 0.2, 0.25], "texture": "#1"},
				"south": {"uv": [0, 0, 0.15, 0.25], "texture": "#1"},
				"west": {"uv": [0, 0, 0.2, 0.25], "texture": "#1"},
				"up": {"uv": [0, 0, 0.15, 0.2], "texture": "#1"},
				"down": {"uv": [0, 0, 0.15, 0.2], "texture": "#1"}
			}
		},
		{
			"from": [9.95, 1.5, 7.6],
			"to": [10.2, 2, 8.3],
			"rotation": {"angle": 0, "axis": "y", "origin": [15.5, 6.75, 15.5]},
			"faces": {
				"north": {"uv": [0, 0, 0.25, 0.5], "texture": "#1"},
				"east": {"uv": [0, 0, 0.7, 0.5], "texture": "#1"},
				"south": {"uv": [0, 0, 0.25, 0.5], "texture": "#1"},
				"west": {"uv": [0, 0, 0.7, 0.5], "texture": "#1"},
				"up": {"uv": [0, 0, 0.25, 0.7], "texture": "#1"},
				"down": {"uv": [0, 0, 0.25, 0.7], "texture": "#1"}
			}
		},
		{
			"from": [7.7, 1.45, 7.7],
			"to": [7.8, 2, 8.2],
			"rotation": {"angle": 0, "axis": "y", "origin": [13, 6.75, 15.5]},
			"faces": {
				"north": {"uv": [0, 0, 0.1, 0.55], "texture": "#1"},
				"east": {"uv": [0, 0, 0.5, 0.55], "texture": "#1"},
				"south": {"uv": [0, 0, 0.1, 0.55], "texture": "#1"},
				"west": {"uv": [0, 0, 0.5, 0.55], "texture": "#1"},
				"up": {"uv": [0, 0, 0.1, 0.5], "texture": "#1"},
				"down": {"uv": [0, 0, 0.1, 0.5], "texture": "#1"}
			}
		},
		{
			"from": [6, 2.5, 7.5],
			"to": [6.25, 3.05, 8.4],
			"rotation": {"angle": 0, "axis": "y", "origin": [11.5, 7.8, 15.5]},
			"faces": {
				"north": {"uv": [0, 0, 0.25, 0.55], "texture": "#1"},
				"east": {"uv": [0, 0, 0.9, 0.55], "texture": "#1"},
				"south": {"uv": [0, 0, 0.25, 0.55], "texture": "#1"},
				"west": {"uv": [0, 0, 0.9, 0.55], "texture": "#1"},
				"up": {"uv": [0, 0, 0.25, 0.9], "texture": "#1"},
				"down": {"uv": [0, 0, 0.25, 0.9], "texture": "#1"}
			}
		},
		{
			"from": [6.05, 3.05, 7.5],
			"to": [6.25, 3.2, 8.4],
			"rotation": {"angle": 0, "axis": "y", "origin": [11.5, 8.35, 15.5]},
			"faces": {
				"north": {"uv": [0, 0, 0.2, 0.15], "texture": "#1"},
				"east": {"uv": [0, 0, 0.9, 0.15], "texture": "#1"},
				"south": {"uv": [0, 0, 0.2, 0.15], "texture": "#1"},
				"west": {"uv": [0, 0, 0.9, 0.15], "texture": "#1"},
				"up": {"uv": [0, 0, 0.2, 0.9], "texture": "#1"},
				"down": {"uv": [0, 0, 0.2, 0.9], "texture": "#1"}
			}
		},
		{
			"from": [6.1, 3.2, 7.6],
			"to": [6.25, 3.3, 8.3],
			"rotation": {"angle": 0, "axis": "y", "origin": [11.5, 8.5, 15.5]},
			"faces": {
				"north": {"uv": [0, 0, 0.15, 0.1], "texture": "#1"},
				"east": {"uv": [0, 0, 0.7, 0.1], "texture": "#1"},
				"south": {"uv": [0, 0, 0.15, 0.1], "texture": "#1"},
				"west": {"uv": [0, 0, 0.7, 0.1], "texture": "#1"},
				"up": {"uv": [0, 0, 0.15, 0.7], "texture": "#1"},
				"down": {"uv": [0, 0, 0.15, 0.7], "texture": "#1"}
			}
		},
		{
			"from": [6.15, 3.3, 7.7],
			"to": [6.25, 3.4, 8.2],
			"rotation": {"angle": 0, "axis": "y", "origin": [11.5, 8.6, 15.5]},
			"faces": {
				"north": {"uv": [0, 0, 0.1, 0.1], "texture": "#1"},
				"east": {"uv": [0, 0, 0.5, 0.1], "texture": "#1"},
				"south": {"uv": [0, 0, 0.1, 0.1], "texture": "#1"},
				"west": {"uv": [0, 0, 0.5, 0.1], "texture": "#1"},
				"up": {"uv": [0, 0, 0.1, 0.5], "texture": "#1"},
				"down": {"uv": [0, 0, 0.1, 0.5], "texture": "#1"}
			}
		},
		{
			"from": [6.2, 3.4, 7.8],
			"to": [6.25, 3.5, 8.1],
			"rotation": {"angle": 0, "axis": "y", "origin": [11.5, 8.7, 15.5]},
			"faces": {
				"north": {"uv": [0, 0, 0.05, 0.1], "texture": "#1"},
				"east": {"uv": [0, 0, 0.3, 0.1], "texture": "#1"},
				"south": {"uv": [0, 0, 0.05, 0.1], "texture": "#1"},
				"west": {"uv": [0, 0, 0.3, 0.1], "texture": "#1"},
				"up": {"uv": [0, 0, 0.05, 0.3], "texture": "#1"},
				"down": {"uv": [0, 0, 0.05, 0.3], "texture": "#1"}
			}
		},
		{
			"from": [13.25, 2.5, 7.5],
			"to": [16, 3.5, 8.4],
			"rotation": {"angle": 0, "axis": "y", "origin": [22, 8.5, 15.5]},
			"faces": {
				"north": {"uv": [0, 0, 2.75, 1], "texture": "#0"},
				"east": {"uv": [0, 0, 0.9, 1], "texture": "#0"},
				"south": {"uv": [0, 0, 2.75, 1], "texture": "#0"},
				"west": {"uv": [0, 0, 0.9, 1], "texture": "#0"},
				"up": {"uv": [0, 0, 2.75, 0.9], "texture": "#0"},
				"down": {"uv": [0, 0, 2.75, 0.9], "texture": "#0"}
			}
		},
		{
			"from": [16, 2.5, 7.5],
			"to": [19.3, 2.7, 8.4],
			"rotation": {"angle": 0, "axis": "y", "origin": [24.75, 8.5, 15.5]},
			"faces": {
				"north": {"uv": [0, 0, 3.3, 0.2], "texture": "#0"},
				"east": {"uv": [0, 0, 0.9, 0.2], "texture": "#0"},
				"south": {"uv": [0, 0, 3.3, 0.2], "texture": "#0"},
				"west": {"uv": [0, 0, 0.9, 0.2], "texture": "#0"},
				"up": {"uv": [0, 0, 3.3, 0.9], "texture": "#0"},
				"down": {"uv": [0, 0, 3.3, 0.9], "texture": "#0"}
			}
		},
		{
			"from": [16, 3.1, 7.5],
			"to": [19.3, 3.5, 8.4],
			"rotation": {"angle": 0, "axis": "y", "origin": [24.75, 9.4, 15.5]},
			"faces": {
				"north": {"uv": [0, 0, 3.3, 0.4], "texture": "#0"},
				"east": {"uv": [0, 0, 0.9, 0.4], "texture": "#0"},
				"south": {"uv": [0, 0, 3.3, 0.4], "texture": "#0"},
				"west": {"uv": [0, 0, 0.9, 0.4], "texture": "#0"},
				"up": {"uv": [0, 0, 3.3, 0.9], "texture": "#0"},
				"down": {"uv": [0, 0, 3.3, 0.9], "texture": "#0"}
			}
		},
		{
			"from": [13, 2, 7.5],
			"to": [13.25, 3.5, 8.4],
			"rotation": {"angle": 0, "axis": "y", "origin": [21, 8.5, 15.5]},
			"faces": {
				"north": {"uv": [0, 0, 0.25, 1.5], "texture": "#1"},
				"east": {"uv": [0, 0, 0.9, 1.5], "texture": "#1"},
				"south": {"uv": [0, 0, 0.25, 1.5], "texture": "#1"},
				"west": {"uv": [0, 0, 0.9, 1.5], "texture": "#1"},
				"up": {"uv": [0, 0, 0.25, 0.9], "texture": "#1"},
				"down": {"uv": [0, 0, 0.25, 0.9], "texture": "#1"}
			}
		},
		{
			"from": [13.25, 2, 7.5],
			"to": [13.5, 2.5, 8.4],
			"rotation": {"angle": 0, "axis": "y", "origin": [21.25, 8.5, 15.5]},
			"faces": {
				"north": {"uv": [0, 0, 0.25, 0.5], "texture": "#0"},
				"east": {"uv": [0, 0, 0.9, 0.5], "texture": "#0"},
				"south": {"uv": [0, 0, 0.25, 0.5], "texture": "#0"},
				"west": {"uv": [0, 0, 0.9, 0.5], "texture": "#0"},
				"up": {"uv": [0, 0, 0.25, 0.9], "texture": "#0"},
				"down": {"uv": [0, 0, 0.25, 0.9], "texture": "#0"}
			}
		},
		{
			"from": [13.5, 2.1, 7.5],
			"to": [14, 2.5, 8.4],
			"rotation": {"angle": 0, "axis": "y", "origin": [21.5, 8.5, 15.5]},
			"faces": {
				"north": {"uv": [0, 0, 0.5, 0.4], "texture": "#0"},
				"east": {"uv": [0, 0, 0.9, 0.4], "texture": "#0"},
				"south": {"uv": [0, 0, 0.5, 0.4], "texture": "#0"},
				"west": {"uv": [0, 0, 0.9, 0.4], "texture": "#0"},
				"up": {"uv": [0, 0, 0.5, 0.9], "texture": "#0"},
				"down": {"uv": [0, 0, 0.5, 0.9], "texture": "#0"}
			}
		},
		{
			"from": [14, 2.2, 7.5],
			"to": [14.5, 2.5, 8.4],
			"rotation": {"angle": 0, "axis": "y", "origin": [22.25, 8.5, 15.5]},
			"faces": {
				"north": {"uv": [0, 0, 0.5, 0.3], "texture": "#0"},
				"east": {"uv": [0, 0, 0.9, 0.3], "texture": "#0"},
				"south": {"uv": [0, 0, 0.5, 0.3], "texture": "#0"},
				"west": {"uv": [0, 0, 0.9, 0.3], "texture": "#0"},
				"up": {"uv": [0, 0, 0.5, 0.9], "texture": "#0"},
				"down": {"uv": [0, 0, 0.5, 0.9], "texture": "#0"}
			}
		},
		{
			"from": [14.5, 2.3, 7.5],
			"to": [15, 2.5, 8.4],
			"rotation": {"angle": 0, "axis": "y", "origin": [22.75, 8.5, 15.5]},
			"faces": {
				"north": {"uv": [0, 0, 0.5, 0.2], "texture": "#0"},
				"east": {"uv": [0, 0, 0.9, 0.2], "texture": "#0"},
				"south": {"uv": [0, 0, 0.5, 0.2], "texture": "#0"},
				"west": {"uv": [0, 0, 0.9, 0.2], "texture": "#0"},
				"up": {"uv": [0, 0, 0.5, 0.9], "texture": "#0"},
				"down": {"uv": [0, 0, 0.5, 0.9], "texture": "#0"}
			}
		},
		{
			"from": [16, 2.7, 7.5],
			"to": [16.3, 3.1, 8.4],
			"rotation": {"angle": 0, "axis": "y", "origin": [24.25, 8.9, 15.5]},
			"faces": {
				"north": {"uv": [0, 0, 0.3, 0.4], "texture": "#0"},
				"east": {"uv": [0, 0, 0.9, 0.4], "texture": "#0"},
				"south": {"uv": [0, 0, 0.3, 0.4], "texture": "#0"},
				"west": {"uv": [0, 0, 0.9, 0.4], "texture": "#0"},
				"up": {"uv": [0, 0, 0.3, 0.9], "texture": "#0"},
				"down": {"uv": [0, 0, 0.3, 0.9], "texture": "#0"}
			}
		},
		{
			"from": [16.3, 2.8, 7.5],
			"to": [16.8, 3.1, 8.4],
			"rotation": {"angle": 0, "axis": "y", "origin": [24.55, 8.9, 15.5]},
			"faces": {
				"north": {"uv": [0, 0, 0.5, 0.3], "texture": "#0"},
				"east": {"uv": [0, 0, 0.9, 0.3], "texture": "#0"},
				"south": {"uv": [0, 0, 0.5, 0.3], "texture": "#0"},
				"west": {"uv": [0, 0, 0.9, 0.3], "texture": "#0"},
				"up": {"uv": [0, 0, 0.5, 0.9], "texture": "#0"},
				"down": {"uv": [0, 0, 0.5, 0.9], "texture": "#0"}
			}
		},
		{
			"from": [16.8, 3, 7.5],
			"to": [17.3, 3.1, 8.4],
			"rotation": {"angle": 0, "axis": "y", "origin": [24.95, 8.9, 15.5]},
			"faces": {
				"north": {"uv": [0, 0, 0.5, 0.1], "texture": "#0"},
				"east": {"uv": [0, 0, 0.9, 0.1], "texture": "#0"},
				"south": {"uv": [0, 0, 0.5, 0.1], "texture": "#0"},
				"west": {"uv": [0, 0, 0.9, 0.1], "texture": "#0"},
				"up": {"uv": [0, 0, 0.5, 0.9], "texture": "#0"},
				"down": {"uv": [0, 0, 0.5, 0.9], "texture": "#0"}
			}
		},
		{
			"from": [17.8, 3, 7.5],
			"to": [18.3, 3.1, 8.4],
			"rotation": {"angle": 0, "axis": "y", "origin": [25.75, 8.9, 15.5]},
			"faces": {
				"north": {"uv": [0, 0, 0.5, 0.1], "texture": "#0"},
				"east": {"uv": [0, 0, 0.9, 0.1], "texture": "#0"},
				"south": {"uv": [0, 0, 0.5, 0.1], "texture": "#0"},
				"west": {"uv": [0, 0, 0.9, 0.1], "texture": "#0"},
				"up": {"uv": [0, 0, 0.5, 0.9], "texture": "#0"},
				"down": {"uv": [0, 0, 0.5, 0.9], "texture": "#0"}
			}
		},
		{
			"from": [18.8, 3, 7.5],
			"to": [19.3, 3.1, 8.4],
			"rotation": {"angle": 0, "axis": "y", "origin": [26.55, 8.9, 15.5]},
			"faces": {
				"north": {"uv": [0, 0, 0.5, 0.1], "texture": "#0"},
				"east": {"uv": [0, 0, 0.9, 0.1], "texture": "#0"},
				"south": {"uv": [0, 0, 0.5, 0.1], "texture": "#0"},
				"west": {"uv": [0, 0, 0.9, 0.1], "texture": "#0"},
				"up": {"uv": [0, 0, 0.5, 0.9], "texture": "#0"},
				"down": {"uv": [0, 0, 0.5, 0.9], "texture": "#0"}
			}
		},
		{
			"from": [19.3, 2.5, 7.5],
			"to": [19.45, 3.5, 8.4],
			"rotation": {"angle": 0, "axis": "y", "origin": [27.55, 8.9, 15.5]},
			"faces": {
				"north": {"uv": [0, 0, 0.15, 1], "texture": "#0"},
				"east": {"uv": [0, 0, 0.9, 1], "texture": "#0"},
				"south": {"uv": [0, 0, 0.15, 1], "texture": "#0"},
				"west": {"uv": [0, 0, 0.9, 1], "texture": "#0"},
				"up": {"uv": [0, 0, 0.15, 0.9], "texture": "#0"},
				"down": {"uv": [0, 0, 0.15, 0.9], "texture": "#0"}
			}
		},
		{
			"from": [19.45, 2.5, 7.5],
			"to": [19.6, 3.5, 8.4],
			"rotation": {"angle": 0, "axis": "y", "origin": [27.7, 8.9, 15.5]},
			"faces": {
				"north": {"uv": [0, 0, 0.15, 1], "texture": "#1"},
				"east": {"uv": [0, 0, 0.9, 1], "texture": "#1"},
				"south": {"uv": [0, 0, 0.15, 1], "texture": "#1"},
				"west": {"uv": [0, 0, 0.9, 1], "texture": "#1"},
				"up": {"uv": [0, 0, 0.15, 0.9], "texture": "#1"},
				"down": {"uv": [0, 0, 0.15, 0.9], "texture": "#1"}
			}
		},
		{
			"from": [16.8, 2.7, 7.5],
			"to": [17.3, 2.9, 8.4],
			"rotation": {"angle": 0, "axis": "y", "origin": [25.25, 8.8, 15.5]},
			"faces": {
				"north": {"uv": [0, 0, 0.5, 0.2], "texture": "#0"},
				"east": {"uv": [0, 0, 0.9, 0.2], "texture": "#0"},
				"south": {"uv": [0, 0, 0.5, 0.2], "texture": "#0"},
				"west": {"uv": [0, 0, 0.9, 0.2], "texture": "#0"},
				"up": {"uv": [0, 0, 0.5, 0.9], "texture": "#0"},
				"down": {"uv": [0, 0, 0.5, 0.9], "texture": "#0"}
			}
		},
		{
			"from": [17.3, 2.8, 7.5],
			"to": [17.8, 3.1, 8.4],
			"rotation": {"angle": 0, "axis": "y", "origin": [25.35, 8.9, 15.5]},
			"faces": {
				"north": {"uv": [0, 0, 0.5, 0.3], "texture": "#0"},
				"east": {"uv": [0, 0, 0.9, 0.3], "texture": "#0"},
				"south": {"uv": [0, 0, 0.5, 0.3], "texture": "#0"},
				"west": {"uv": [0, 0, 0.9, 0.3], "texture": "#0"},
				"up": {"uv": [0, 0, 0.5, 0.9], "texture": "#0"},
				"down": {"uv": [0, 0, 0.5, 0.9], "texture": "#0"}
			}
		},
		{
			"from": [17.8, 2.7, 7.5],
			"to": [18.3, 2.9, 8.4],
			"rotation": {"angle": 0, "axis": "y", "origin": [25.75, 8.8, 15.5]},
			"faces": {
				"north": {"uv": [0, 0, 0.5, 0.2], "texture": "#0"},
				"east": {"uv": [0, 0, 0.9, 0.2], "texture": "#0"},
				"south": {"uv": [0, 0, 0.5, 0.2], "texture": "#0"},
				"west": {"uv": [0, 0, 0.9, 0.2], "texture": "#0"},
				"up": {"uv": [0, 0, 0.5, 0.9], "texture": "#0"},
				"down": {"uv": [0, 0, 0.5, 0.9], "texture": "#0"}
			}
		},
		{
			"from": [18.3, 2.8, 7.5],
			"to": [18.8, 3.1, 8.4],
			"rotation": {"angle": 0, "axis": "y", "origin": [26.15, 8.9, 15.5]},
			"faces": {
				"north": {"uv": [0, 0, 0.5, 0.3], "texture": "#0"},
				"east": {"uv": [0, 0, 0.9, 0.3], "texture": "#0"},
				"south": {"uv": [0, 0, 0.5, 0.3], "texture": "#0"},
				"west": {"uv": [0, 0, 0.9, 0.3], "texture": "#0"},
				"up": {"uv": [0, 0, 0.5, 0.9], "texture": "#0"},
				"down": {"uv": [0, 0, 0.5, 0.9], "texture": "#0"}
			}
		},
		{
			"from": [18.8, 2.7, 7.5],
			"to": [19.3, 2.9, 8.4],
			"rotation": {"angle": 0, "axis": "y", "origin": [26.55, 8.8, 15.5]},
			"faces": {
				"north": {"uv": [0, 0, 0.5, 0.2], "texture": "#0"},
				"east": {"uv": [0, 0, 0.9, 0.2], "texture": "#0"},
				"south": {"uv": [0, 0, 0.5, 0.2], "texture": "#0"},
				"west": {"uv": [0, 0, 0.9, 0.2], "texture": "#0"},
				"up": {"uv": [0, 0, 0.5, 0.9], "texture": "#0"},
				"down": {"uv": [0, 0, 0.5, 0.9], "texture": "#0"}
			}
		},
		{
			"from": [15, 2.4, 7.5],
			"to": [15.5, 2.5, 8.4],
			"rotation": {"angle": 0, "axis": "y", "origin": [23.25, 8.5, 15.5]},
			"faces": {
				"north": {"uv": [0, 0, 0.5, 0.1], "texture": "#0"},
				"east": {"uv": [0, 0, 0.9, 0.1], "texture": "#0"},
				"south": {"uv": [0, 0, 0.5, 0.1], "texture": "#0"},
				"west": {"uv": [0, 0, 0.9, 0.1], "texture": "#0"},
				"up": {"uv": [0, 0, 0.5, 0.9], "texture": "#0"},
				"down": {"uv": [0, 0, 0.5, 0.9], "texture": "#0"}
			}
		},
		{
			"from": [19.6, 2.6, 7.85],
			"to": [23.6, 2.95, 8.05],
			"rotation": {"angle": 0, "axis": "y", "origin": [27.6, 8.5, 15.5]},
			"faces": {
				"north": {"uv": [0, 0, 4, 0.35], "texture": "#1"},
				"east": {"uv": [0, 0, 0.2, 0.35], "texture": "#1"},
				"south": {"uv": [0, 0, 4, 0.35], "texture": "#1"},
				"west": {"uv": [0, 0, 0.2, 0.35], "texture": "#1"},
				"up": {"uv": [0, 0, 4, 0.2], "texture": "#1"},
				"down": {"uv": [0, 0, 4, 0.2], "texture": "#1"}
			}
		},
		{
			"from": [19.6, 3.1, 7.85],
			"to": [21.1, 3.45, 8.05],
			"rotation": {"angle": 0, "axis": "y", "origin": [27.6, 9, 15.5]},
			"faces": {
				"north": {"uv": [0, 0, 1.5, 0.35], "texture": "#1"},
				"east": {"uv": [0, 0, 0.2, 0.35], "texture": "#1"},
				"south": {"uv": [0, 0, 1.5, 0.35], "texture": "#1"},
				"west": {"uv": [0, 0, 0.2, 0.35], "texture": "#1"},
				"up": {"uv": [0, 0, 1.5, 0.2], "texture": "#1"},
				"down": {"uv": [0, 0, 1.5, 0.2], "texture": "#1"}
			}
		},
		{
			"from": [23.6, 2.6, 7.85],
			"to": [25.1, 2.95, 8.05],
			"rotation": {"angle": 0, "axis": "y", "origin": [31.6, 8.5, 15.5]},
			"faces": {
				"north": {"uv": [0, 0, 1.5, 0.35], "texture": "#1"},
				"east": {"uv": [0, 0, 0.2, 0.35], "texture": "#1"},
				"south": {"uv": [0, 0, 1.5, 0.35], "texture": "#1"},
				"west": {"uv": [0, 0, 0.2, 0.35], "texture": "#1"},
				"up": {"uv": [0, 0, 1.5, 0.2], "texture": "#1"},
				"down": {"uv": [0, 0, 1.5, 0.2], "texture": "#1"}
			}
		},
		{
			"from": [23.5, 2.95, 7.85],
			"to": [23.6, 4.05, 8.05],
			"rotation": {"angle": 0, "axis": "y", "origin": [30.1, 8.85, 15.5]},
			"faces": {
				"north": {"uv": [0, 0, 0.1, 1.1], "texture": "#1"},
				"east": {"uv": [0, 0, 0.2, 1.1], "texture": "#1"},
				"south": {"uv": [0, 0, 0.1, 1.1], "texture": "#1"},
				"west": {"uv": [0, 0, 0.2, 1.1], "texture": "#1"},
				"up": {"uv": [0, 0, 0.1, 0.2], "texture": "#1"},
				"down": {"uv": [0, 0, 0.1, 0.2], "texture": "#1"}
			}
		},
		{
			"from": [23.25, 2.95, 7.85],
			"to": [23.35, 3.4, 8.05],
			"rotation": {"angle": 0, "axis": "y", "origin": [29.85, 8.85, 15.5]},
			"faces": {
				"north": {"uv": [0, 0, 0.1, 0.45], "texture": "#1"},
				"east": {"uv": [0, 0, 0.2, 0.45], "texture": "#1"},
				"south": {"uv": [0, 0, 0.1, 0.45], "texture": "#1"},
				"west": {"uv": [0, 0, 0.2, 0.45], "texture": "#1"},
				"up": {"uv": [0, 0, 0.1, 0.2], "texture": "#1"},
				"down": {"uv": [0, 0, 0.1, 0.2], "texture": "#1"}
			}
		},
		{
			"from": [23.35, 3.3, 7.85],
			"to": [23.5, 3.65, 8.05],
			"rotation": {"angle": 0, "axis": "y", "origin": [29.95, 8.9, 15.5]},
			"faces": {
				"north": {"uv": [0, 0, 0.15, 0.35], "texture": "#1"},
				"east": {"uv": [0, 0, 0.2, 0.35], "texture": "#1"},
				"south": {"uv": [0, 0, 0.15, 0.35], "texture": "#1"},
				"west": {"uv": [0, 0, 0.2, 0.35], "texture": "#1"},
				"up": {"uv": [0, 0, 0.15, 0.2], "texture": "#1"},
				"down": {"uv": [0, 0, 0.15, 0.2], "texture": "#1"}
			}
		},
		{
			"from": [23.35, 2.95, 7.85],
			"to": [23.5, 3.15, 8.05],
			"rotation": {"angle": 0, "axis": "y", "origin": [29.95, 8.4, 15.5]},
			"faces": {
				"north": {"uv": [0, 0, 0.15, 0.2], "texture": "#1"},
				"east": {"uv": [0, 0, 0.2, 0.2], "texture": "#1"},
				"south": {"uv": [0, 0, 0.15, 0.2], "texture": "#1"},
				"west": {"uv": [0, 0, 0.2, 0.2], "texture": "#1"},
				"up": {"uv": [0, 0, 0.15, 0.2], "texture": "#1"},
				"down": {"uv": [0, 0, 0.15, 0.2], "texture": "#1"}
			}
		},
		{
			"from": [23.45, 3.65, 7.85],
			"to": [23.5, 3.9, 8.05],
			"rotation": {"angle": 0, "axis": "y", "origin": [30.05, 9.15, 15.5]},
			"faces": {
				"north": {"uv": [0, 0, 0.05, 0.25], "texture": "#1"},
				"east": {"uv": [0, 0, 0.2, 0.25], "texture": "#1"},
				"south": {"uv": [0, 0, 0.05, 0.25], "texture": "#1"},
				"west": {"uv": [0, 0, 0.2, 0.25], "texture": "#1"},
				"up": {"uv": [0, 0, 0.05, 0.2], "texture": "#1"},
				"down": {"uv": [0, 0, 0.05, 0.2], "texture": "#1"}
			}
		},
		{
			"from": [21.1, 2.95, 7.85],
			"to": [21.25, 3.2, 8.05],
			"rotation": {"angle": 0, "axis": "y", "origin": [27.6, 8.75, 15.5]},
			"faces": {
				"north": {"uv": [0, 0, 0.15, 0.25], "texture": "#1"},
				"east": {"uv": [0, 0, 0.2, 0.25], "texture": "#1"},
				"south": {"uv": [0, 0, 0.15, 0.25], "texture": "#1"},
				"west": {"uv": [0, 0, 0.2, 0.25], "texture": "#1"},
				"up": {"uv": [0, 0, 0.15, 0.2], "texture": "#1"},
				"down": {"uv": [0, 0, 0.15, 0.2], "texture": "#1"}
			}
		},
		{
			"from": [21.25, 2.95, 7.85],
			"to": [21.4, 3.1, 8.05],
			"rotation": {"angle": 0, "axis": "y", "origin": [27.75, 8.75, 15.5]},
			"faces": {
				"north": {"uv": [0, 0, 0.15, 0.15], "texture": "#1"},
				"east": {"uv": [0, 0, 0.2, 0.15], "texture": "#1"},
				"south": {"uv": [0, 0, 0.15, 0.15], "texture": "#1"},
				"west": {"uv": [0, 0, 0.2, 0.15], "texture": "#1"},
				"up": {"uv": [0, 0, 0.15, 0.2], "texture": "#1"},
				"down": {"uv": [0, 0, 0.15, 0.2], "texture": "#1"}
			}
		},
		{
			"from": [21.4, 2.95, 7.85],
			"to": [21.55, 3, 8.05],
			"rotation": {"angle": 0, "axis": "y", "origin": [27.9, 8.75, 15.5]},
			"faces": {
				"north": {"uv": [0, 0, 0.15, 0.05], "texture": "#1"},
				"east": {"uv": [0, 0, 0.2, 0.05], "texture": "#1"},
				"south": {"uv": [0, 0, 0.15, 0.05], "texture": "#1"},
				"west": {"uv": [0, 0, 0.2, 0.05], "texture": "#1"},
				"up": {"uv": [0, 0, 0.15, 0.2], "texture": "#1"},
				"down": {"uv": [0, 0, 0.15, 0.2], "texture": "#1"}
			}
		}
	],
	"display": {
		"thirdperson_righthand": {
			"rotation": [0, 90, 0],
			"translation": [-0.5, 6, 0]
		},
		"thirdperson_lefthand": {
			"rotation": [0, -90, 0],
			"translation": [-0.75, 6.25, 0]
		},
		"firstperson_righthand": {
			"rotation": [0, 90, -2],
			"translation": [-9, 12.6, 8]
		},
		"firstperson_lefthand": {
			"rotation": [0, -90, 0],
			"translation": [-2.25, 8.75, 2.25]
		},
		"gui": {
			"rotation": [0, 0, 45],
			"translation": [-8.25, 1, 0]
		},
		"fixed": {
			"rotation": [0, -180, 45],
			"translation": [6.75, 1, 0]
		}
	},
	"groups": [
		{
			"name": "group",
			"origin": [27.9, 8.75, 15.5],
			"children": [0, 1, 2, 3, 4, 5, 6, 7, 8, 9, 10, 11, 12, 13, 14, 15, 16, 17, 18, 19, 20, 21, 22, 23, 24, 25, 26, 27, 28, 29, 30, 31, 32, 33, 34, 35, 36, 37, 38, 39, 40, 41, 42, 43, 44, 45, 46, 47, 48, 49, 50, 51, 52, 53, 54, 55, 56, 57, 58, 59, 60, 61, 62, 63, 64, 65, 66, 67, 68, 69, 70, 71]
		}
	]
}