{
	"credit": "Made with Blockbench",
	"texture_size": [8, 8],
	"textures": {
		"0": "item/aa12_mg_parts",
		"1": "item/aa12_all_black",
		"2": "item/aa12_etc",
		"3": "item/aa12_frontsight",
		"4": "item/aa12_mg_top",
		"5": "item/aa12_chamber",
		"particle": "item/aa12_mg_parts"
	},
	"elements": [
		{
			"from": [0, 6.5, 3],
			"to": [6, 8.5, 4],
			"faces": {
				"north": {"uv": [0, 0, 6, 2], "texture": "#1"},
				"east": {"uv": [0, 0, 1, 2], "texture": "#1"},
				"south": {"uv": [0, 0, 6, 2], "texture": "#1"},
				"west": {"uv": [0, 0, 1, 2], "texture": "#1"},
				"up": {"uv": [0, 0, 6, 1], "texture": "#1"},
				"down": {"uv": [0, 0, 6, 1], "texture": "#1"}
			}
		},
		{
			"from": [10.5, 6.5, 3],
			"to": [12.5, 8.5, 4],
			"faces": {
				"north": {"uv": [0, 0, 2, 2], "texture": "#1"},
				"east": {"uv": [0, 0, 1, 2], "texture": "#1"},
				"south": {"uv": [0, 0, 2, 2], "texture": "#1"},
				"west": {"uv": [0, 0, 1, 2], "texture": "#1"},
				"up": {"uv": [0, 0, 2, 1], "texture": "#1"},
				"down": {"uv": [0, 0, 2, 1], "texture": "#1"}
			}
		},
		{
			"from": [12.5, 6.6, 3],
			"to": [14.5, 8.5, 4],
			"faces": {
				"north": {"uv": [0, 0, 2, 1.9], "texture": "#1"},
				"east": {"uv": [0, 0, 1, 1.9], "texture": "#1"},
				"south": {"uv": [0, 0, 2, 1.9], "texture": "#1"},
				"west": {"uv": [0, 0, 1, 1.9], "texture": "#1"},
				"up": {"uv": [0, 0, 2, 1], "texture": "#1"},
				"down": {"uv": [0, 0, 2, 1], "texture": "#1"}
			}
		},
		{
			"from": [14.5, 6.7, 3],
			"to": [16.7, 8.5, 4],
			"faces": {
				"north": {"uv": [0, 0, 2.2, 1.8], "texture": "#1"},
				"east": {"uv": [0, 0, 1, 1.8], "texture": "#1"},
				"south": {"uv": [0, 0, 2.2, 1.8], "texture": "#1"},
				"west": {"uv": [0, 0, 1, 1.8], "texture": "#1"},
				"up": {"uv": [0, 0, 2.2, 1], "texture": "#1"},
				"down": {"uv": [0, 0, 2.2, 1], "texture": "#1"}
			}
		},
		{
			"from": [6, 6.2, 3],
			"to": [9, 8.5, 4],
			"faces": {
				"north": {"uv": [0, 0, 3, 2.3], "texture": "#1"},
				"east": {"uv": [0, 0, 1, 2.3], "texture": "#1"},
				"south": {"uv": [0, 0, 3, 2.3], "texture": "#1"},
				"west": {"uv": [0, 0, 1, 2.3], "texture": "#1"},
				"up": {"uv": [0, 0, 3, 1], "texture": "#1"},
				"down": {"uv": [0, 0, 3, 1], "texture": "#1"}
			}
		},
		{
			"from": [9, 7.9, 3],
			"to": [10.5, 8.5, 4],
			"faces": {
				"north": {"uv": [4, 2, 7, 3], "texture": "#5"},
				"east": {"uv": [8, 4, 10, 5], "texture": "#5"},
				"south": {"uv": [4, 4, 7, 5], "texture": "#5"},
				"west": {"uv": [8, 6, 10, 7], "texture": "#5"},
				"up": {"uv": [3, 2, 0, 0], "texture": "#5"},
				"down": {"uv": [3, 2, 0, 4], "texture": "#5"}
			}
		},
		{
			"from": [9, 6.7, 3],
			"to": [10.5, 7.3, 4],
			"faces": {
				"north": {"uv": [8, 2, 11, 3], "texture": "#5"},
				"east": {"uv": [8, 8, 10, 9], "texture": "#5"},
				"south": {"uv": [4, 8, 7, 9], "texture": "#5"},
				"west": {"uv": [0, 10, 2, 11], "texture": "#5"},
				"up": {"uv": [3, 6, 0, 4], "texture": "#5"},
				"down": {"uv": [7, 0, 4, 2], "texture": "#5"}
			}
		},
		{
			"from": [9, 7.3, 3],
			"to": [10.5, 7.9, 3.6],
			"faces": {
				"north": {"uv": [0, 6, 3, 7], "texture": "#5"},
				"east": {"uv": [2, 10, 3, 11], "texture": "#5"},
				"south": {"uv": [4, 6, 7, 7], "texture": "#5"},
				"west": {"uv": [4, 10, 5, 11], "texture": "#5"},
				"up": {"uv": [3, 9, 0, 8], "texture": "#5"},
				"down": {"uv": [11, 0, 8, 1], "texture": "#5"}
			}
		},
		{
			"from": [0, 5.2, 3.1],
			"to": [1.7, 7.5, 3.9],
			"faces": {
				"north": {"uv": [0, 0, 1.7, 2.3], "texture": "#1"},
				"east": {"uv": [0, 0, 0.8, 2.3], "texture": "#1"},
				"south": {"uv": [0, 0, 1.7, 2.3], "texture": "#1"},
				"west": {"uv": [0, 0, 0.8, 2.3], "texture": "#1"},
				"up": {"uv": [0, 0, 1.7, 0.8], "texture": "#1"},
				"down": {"uv": [0, 0, 1.7, 0.8], "texture": "#1"}
			}
		},
		{
			"from": [1.7, 5.7, 3.1],
			"to": [3.4, 7.5, 3.9],
			"faces": {
				"north": {"uv": [0, 0, 1.7, 1.8], "texture": "#1"},
				"east": {"uv": [0, 0, 0.8, 1.8], "texture": "#1"},
				"south": {"uv": [0, 0, 1.7, 1.8], "texture": "#1"},
				"west": {"uv": [0, 0, 0.8, 1.8], "texture": "#1"},
				"up": {"uv": [0, 0, 1.7, 0.8], "texture": "#1"},
				"down": {"uv": [0, 0, 1.7, 0.8], "texture": "#1"}
			}
		},
		{
			"from": [3.4, 6.1, 3.1],
			"to": [5.1, 7.5, 3.9],
			"faces": {
				"north": {"uv": [0, 0, 1.7, 1.4], "texture": "#1"},
				"east": {"uv": [0, 0, 0.8, 1.4], "texture": "#1"},
				"south": {"uv": [0, 0, 1.7, 1.4], "texture": "#1"},
				"west": {"uv": [0, 0, 0.8, 1.4], "texture": "#1"},
				"up": {"uv": [0, 0, 1.7, 0.8], "texture": "#1"},
				"down": {"uv": [0, 0, 1.7, 0.8], "texture": "#1"}
			}
		},
		{
			"from": [5.8, 3.6, 3],
			"to": [6.8, 6.5, 4],
			"rotation": {"angle": -22.5, "axis": "z", "origin": [6.5, 5, 3.5]},
			"faces": {
				"north": {"uv": [0.25, 0.25, 0.75, 0.75], "texture": "#1"},
				"east": {"uv": [1.25, 0.25, 1.75, 0.75], "texture": "#1"},
				"south": {"uv": [2.25, 0.25, 2.75, 0.75], "texture": "#1"},
				"west": {"uv": [3.25, 0.25, 3.75, 0.75], "texture": "#1"},
				"up": {"uv": [4.25, 0.25, 4.75, 0.75], "texture": "#1"},
				"down": {"uv": [5.25, 0.25, 5.75, 0.75], "texture": "#1"}
			}
		},
		{
			"from": [16.7, 7, 3.2],
			"to": [19.7, 7.6, 3.8],
			"faces": {
				"north": {"uv": [0, 0, 6, 1], "texture": "#2"},
				"east": {"uv": [10, 0, 11, 1], "texture": "#2"},
				"south": {"uv": [0, 2, 6, 3], "texture": "#2"},
				"west": {"uv": [2, 10, 3, 11], "texture": "#2"},
				"up": {"uv": [6, 5, 0, 4], "texture": "#2"},
				"down": {"uv": [6, 6, 0, 7], "texture": "#2"}
			}
		},
		{
			"from": [6.8, 5, 3.2],
			"to": [8.9, 5.1, 3.8],
			"faces": {
				"north": {"uv": [2, 8, 6, 8.5], "texture": "#2"},
				"east": {"uv": [0, 12, 1, 12.5], "texture": "#2"},
				"south": {"uv": [8, 4, 12, 4.5], "texture": "#2"},
				"west": {"uv": [12, 0, 13, 0.5], "texture": "#2"},
				"up": {"uv": [10, 1, 6, 0], "texture": "#2"},
				"down": {"uv": [10, 2, 6, 3], "texture": "#2"}
			}
		},
		{
			"from": [8.9, 5, 3.2],
			"to": [9, 6.2, 3.8],
			"rotation": {"angle": 0, "axis": "z", "origin": [7.75, 5.05, 0.5]},
			"faces": {
				"north": {"uv": [6, 8, 6.5, 10.5], "texture": "#2"},
				"east": {"uv": [6, 4, 7, 6.5], "texture": "#2"},
				"south": {"uv": [8, 6, 8.5, 8.5], "texture": "#2"},
				"west": {"uv": [0, 8, 1, 10.5], "texture": "#2"},
				"up": {"uv": [10.5, 9, 10, 8], "texture": "#2"},
				"down": {"uv": [10.5, 10, 10, 11], "texture": "#2"}
			}
		},
		{
			"from": [7.7, 5.7, 3.3],
			"to": [7.95, 6.3, 3.7],
			"faces": {
				"north": {"uv": [6, 12, 6.5, 13], "texture": "#2"},
				"east": {"uv": [10, 6, 11, 7], "texture": "#2"},
				"south": {"uv": [12, 6, 12.5, 7], "texture": "#2"},
				"west": {"uv": [8, 10, 9, 11], "texture": "#2"},
				"up": {"uv": [8.5, 13, 8, 12], "texture": "#2"},
				"down": {"uv": [12.5, 8, 12, 9], "texture": "#2"}
			}
		},
		{
			"from": [7.66, 5.37, 3.3],
			"to": [7.91, 5.77, 3.7],
			"rotation": {"angle": 22.5, "axis": "z", "origin": [7.825, 5.85, 3.5]},
			"faces": {
				"north": {"uv": [2, 12, 2.5, 13], "texture": "#2"},
				"east": {"uv": [10, 2, 11, 3], "texture": "#2"},
				"south": {"uv": [12, 2, 12.5, 3], "texture": "#2"},
				"west": {"uv": [4, 10, 5, 11], "texture": "#2"},
				"up": {"uv": [4.5, 13, 4, 12], "texture": "#2"},
				"down": {"uv": [12.5, 4, 12, 5], "texture": "#2"}
			}
		},
		{
			"from": [9, 2.5, 3],
			"to": [10.5, 6.7, 4],
			"rotation": {"angle": 0, "axis": "x", "origin": [9.75, 4.6, 3.5]},
			"faces": {
				"north": {"uv": [0, 0, 1.5, 4.25], "texture": "#0"},
				"east": {"uv": [4, 0, 5, 4.25], "texture": "#0"},
				"south": {"uv": [2, 0, 3.5, 4.25], "texture": "#0"},
				"west": {"uv": [0, 5, 1, 9.25], "texture": "#0"},
				"up": {"uv": [6.5, 1, 5, 0], "texture": "#0"},
				"down": {"uv": [2.5, 5, 1, 6], "texture": "#0"}
			}
		},
		{
			"from": [9, 5.9, 3],
			"to": [10.5, 7.1, 4],
			"rotation": {"angle": 0, "axis": "x", "origin": [9.75, 4.6, 3.5]},
			"faces": {
				"north": {"uv": [0, 0, 2, 1], "texture": "#4"},
				"east": {"uv": [0, 2, 1.5, 3.5], "texture": "#4"},
				"south": {"uv": [0, 1, 2, 2], "texture": "#4"},
				"west": {"uv": [2, 3, 3.5, 4.5], "texture": "#4"},
				"up": {"uv": [4.5, 1.5, 2, 0], "texture": "#4"},
				"down": {"uv": [4.5, 1.5, 2, 3], "texture": "#4"}
			}
		},
		{
			"from": [9, 2.5, 3],
			"to": [10.5, 6.7, 4],
			"rotation": {"angle": 22.5, "axis": "x", "origin": [9.75, 4.6, 3.5]},
			"faces": {
				"north": {"uv": [0, 0, 1.5, 4.25], "texture": "#0"},
				"east": {"uv": [4, 0, 5, 4.25], "texture": "#0"},
				"south": {"uv": [2, 0, 3.5, 4.25], "texture": "#0"},
				"west": {"uv": [0, 5, 1, 9.25], "texture": "#0"},
				"up": {"uv": [6.5, 1, 5, 0], "texture": "#0"},
				"down": {"uv": [2.5, 5, 1, 6], "texture": "#0"}
			}
		},
		{
			"from": [9, 2.5, 3],
			"to": [10.5, 6.7, 4],
			"rotation": {"angle": 45, "axis": "x", "origin": [9.75, 4.6, 3.5]},
			"faces": {
				"north": {"uv": [0, 0, 1.5, 4.25], "texture": "#0"},
				"east": {"uv": [4, 0, 5, 4.25], "texture": "#0"},
				"south": {"uv": [2, 0, 3.5, 4.25], "texture": "#0"},
				"west": {"uv": [0, 5, 1, 9.25], "texture": "#0"},
				"up": {"uv": [6.5, 1, 5, 0], "texture": "#0"},
				"down": {"uv": [2.5, 5, 1, 6], "texture": "#0"}
			}
		},
		{
			"from": [9, 4.1, 1.4],
			"to": [10.5, 5.1, 5.6],
			"rotation": {"angle": -22.5, "axis": "x", "origin": [9.75, 4.6, 3.5]},
			"faces": {
				"north": {"uv": [2.5, 5, 1, 6], "rotation": 180, "texture": "#0"},
				"east": {"uv": [4, 0, 5, 4.25], "rotation": 270, "texture": "#0"},
				"south": {"uv": [6.5, 1, 5, 0], "texture": "#0"},
				"west": {"uv": [0, 5, 1, 9.25], "rotation": 90, "texture": "#0"},
				"up": {"uv": [0, 0, 1.5, 4.25], "rotation": 180, "texture": "#0"},
				"down": {"uv": [2, 0, 3.5, 4.25], "texture": "#0"}
			}
		},
		{
			"from": [9, 4.1, 1.4],
			"to": [10.5, 5.1, 5.6],
			"rotation": {"angle": 0, "axis": "x", "origin": [9.75, 4.6, 3.5]},
			"faces": {
				"north": {"uv": [2.5, 5, 1, 6], "rotation": 180, "texture": "#0"},
				"east": {"uv": [4, 0, 5, 4.25], "rotation": 270, "texture": "#0"},
				"south": {"uv": [6.5, 1, 5, 0], "texture": "#0"},
				"west": {"uv": [0, 5, 1, 9.25], "rotation": 90, "texture": "#0"},
				"up": {"uv": [0, 0, 1.5, 4.25], "rotation": 180, "texture": "#0"},
				"down": {"uv": [2, 0, 3.5, 4.25], "texture": "#0"}
			}
		},
		{
			"from": [9, 4.1, 1.4],
			"to": [10.5, 5.1, 5.6],
			"rotation": {"angle": 22.5, "axis": "x", "origin": [9.75, 4.6, 3.5]},
			"faces": {
				"north": {"uv": [2.5, 5, 1, 6], "rotation": 180, "texture": "#0"},
				"east": {"uv": [4, 0, 5, 4.25], "rotation": 270, "texture": "#0"},
				"south": {"uv": [6.5, 1, 5, 0], "texture": "#0"},
				"west": {"uv": [0, 5, 1, 9.25], "rotation": 90, "texture": "#0"},
				"up": {"uv": [0, 0, 1.5, 4.25], "rotation": 180, "texture": "#0"},
				"down": {"uv": [2, 0, 3.5, 4.25], "texture": "#0"}
			}
		},
		{
			"from": [9, 4.1, 1.4],
			"to": [10.5, 5.1, 5.6],
			"rotation": {"angle": 45, "axis": "x", "origin": [9.75, 4.6, 3.5]},
			"faces": {
				"north": {"uv": [2.5, 5, 1, 6], "rotation": 180, "texture": "#0"},
				"east": {"uv": [4, 0, 5, 4.25], "rotation": 270, "texture": "#0"},
				"south": {"uv": [6.5, 1, 5, 0], "texture": "#0"},
				"west": {"uv": [0, 5, 1, 9.25], "rotation": 90, "texture": "#0"},
				"up": {"uv": [0, 0, 1.5, 4.25], "rotation": 180, "texture": "#0"},
				"down": {"uv": [2, 0, 3.5, 4.25], "texture": "#0"}
			}
		},
		{
			"from": [9, 2.5, 3],
			"to": [10.5, 6.7, 4],
			"rotation": {"angle": -22.5, "axis": "x", "origin": [9.75, 4.6, 3.5]},
			"faces": {
				"north": {"uv": [2, 0, 3.5, 4.25], "rotation": 180, "texture": "#0"},
				"east": {"uv": [4, 0, 5, 4.25], "rotation": 180, "texture": "#0"},
				"south": {"uv": [0, 0, 1.5, 4.25], "rotation": 180, "texture": "#0"},
				"west": {"uv": [0, 5, 1, 9.25], "rotation": 180, "texture": "#0"},
				"up": {"uv": [2.5, 5, 1, 6], "texture": "#0"},
				"down": {"uv": [6.5, 1, 5, 0], "texture": "#0"}
			}
		},
		{
			"from": [16.2, 8, 3.4],
			"to": [16.6, 8.6, 3.6],
			"faces": {
				"north": {"uv": [0.25, 0.25, 0.75, 0.75], "texture": "#3"},
				"east": {"uv": [1.25, 0.25, 1.75, 0.75], "texture": "#3"},
				"south": {"uv": [2.25, 0.25, 2.75, 0.75], "texture": "#3"},
				"west": {"uv": [3.25, 0.25, 3.75, 0.75], "texture": "#3"},
				"up": {"uv": [4.25, 0.25, 4.75, 0.75], "texture": "#3"},
				"down": {"uv": [5.25, 0.25, 5.75, 0.75], "texture": "#3"}
			}
		},
		{
			"from": [9.4, 8.5, 3.3],
			"to": [9.7, 8.95, 3.7],
			"rotation": {"angle": 0, "axis": "y", "origin": [0, 0.2, 0]},
			"faces": {
				"north": {"uv": [0, 0, 0.6, 0.9], "texture": "#2"},
				"east": {"uv": [0, 0, 0.8, 0.9], "texture": "#2"},
				"south": {"uv": [0, 0, 0.6, 0.9], "texture": "#2"},
				"west": {"uv": [0, 0, 0.8, 0.9], "texture": "#2"},
				"up": {"uv": [0, 0, 0.6, 0.8], "texture": "#2"},
				"down": {"uv": [0, 0, 0.6, 0.8], "texture": "#2"}
			}
		},
		{
			"from": [9.4, 9.1, 3.8],
			"to": [9.7, 9.15, 4.1],
			"rotation": {"angle": 45, "axis": "x", "origin": [9.5, 9.825, 3.5]},
			"faces": {
				"north": {"uv": [0, 0, 0.6, 0.1], "texture": "#2"},
				"east": {"uv": [0, 0, 0.6, 0.1], "texture": "#2"},
				"south": {"uv": [0, 0, 0.6, 0.1], "texture": "#2"},
				"west": {"uv": [0, 0, 0.6, 0.1], "texture": "#2"},
				"up": {"uv": [0, 0, 0.6, 0.6], "texture": "#2"},
				"down": {"uv": [0, 0, 0.6, 0.6], "texture": "#2"}
			}
		},
		{
			"from": [9.4, 9.5, 2.78],
			"to": [9.7, 9.55, 3.08],
			"rotation": {"angle": -45, "axis": "x", "origin": [9.5, 9.825, 3.5]},
			"faces": {
				"north": {"uv": [0, 0, 0.6, 0.1], "texture": "#2"},
				"east": {"uv": [0, 0, 0.6, 0.1], "texture": "#2"},
				"south": {"uv": [0, 0, 0.6, 0.1], "texture": "#2"},
				"west": {"uv": [0, 0, 0.6, 0.1], "texture": "#2"},
				"up": {"uv": [0, 0, 0.6, 0.6], "texture": "#2"},
				"down": {"uv": [0, 0, 0.6, 0.6], "texture": "#2"}
			}
		},
		{
			"from": [9.4, 9.5, 3.92],
			"to": [9.7, 9.55, 4.22],
			"rotation": {"angle": 45, "axis": "x", "origin": [9.5, 9.825, 3.5]},
			"faces": {
				"north": {"uv": [0, 0, 0.6, 0.1], "texture": "#2"},
				"east": {"uv": [0, 0, 0.6, 0.1], "texture": "#2"},
				"south": {"uv": [0, 0, 0.6, 0.1], "texture": "#2"},
				"west": {"uv": [0, 0, 0.6, 0.1], "texture": "#2"},
				"up": {"uv": [0, 0, 0.6, 0.6], "texture": "#2"},
				"down": {"uv": [0, 0, 0.6, 0.6], "texture": "#2"}
			}
		},
		{
			"from": [9.4, 9.1, 2.9],
			"to": [9.7, 9.15, 3.2],
			"rotation": {"angle": -45, "axis": "x", "origin": [9.5, 9.825, 3.5]},
			"faces": {
				"north": {"uv": [0, 0, 0.6, 0.1], "texture": "#2"},
				"east": {"uv": [0, 0, 0.6, 0.1], "texture": "#2"},
				"south": {"uv": [0, 0, 0.6, 0.1], "texture": "#2"},
				"west": {"uv": [0, 0, 0.6, 0.1], "texture": "#2"},
				"up": {"uv": [0, 0, 0.6, 0.6], "texture": "#2"},
				"down": {"uv": [0, 0, 0.6, 0.6], "texture": "#2"}
			}
		}
	],
	"display": {
		"thirdperson_righthand": {
			"rotation": [0, 90, 0],
			"translation": [4.25, 3.75, -0.5]
		},
		"firstperson_righthand": {
			"rotation": [0, 90, 0],
			"translation": [3.25, 5.75, 4.75],
			"scale": [1.3, 1.3, 1.3]
		},
		"ground": {
			"rotation": [0, 0, 42],
			"translation": [0, 3.25, 0]
		},
		"gui": {
			"rotation": [0, 0, 45],
			"translation": [-2, 0.5, 0]
		},
		"fixed": {
			"rotation": [0, 180, 42],
			"translation": [1.25, 1, -4.75],
			"scale": [1.1, 1.1, 1.1]
		}
	},
	"groups": [
		0,
		1,
		2,
		3,
		4,
		5,
		6,
		7,
		8,
		9,
		10,
		11,
		12,
		13,
		14,
		15,
		16,
		{
			"name": "box_mg",
			"origin": [0, 0, 0],
			"color": 0,
			"children": [17, 18, 19, 20, 21, 22, 23, 24, 25]
		},
		{
			"name": "sight",
			"origin": [9.5, 9.625, 3.5],
			"color": 0,
			"children": [26, 27, 28, 29, 30, 31]
		}
	]
}