{
	"credit": "Made with Blockbench",
	"textures": {
		"0": "item/ak12_stock",
		"1": "item/ak12_barrelanddevice",
		"2": "item/ak12_texture",
		"3": "item/ak12_receiver",
		"4": "item/ak12_triggerandetc",
		"5": "item/ak12_railandsight",
		"particle": "item/ak12_stock"
	},
	"elements": [
		{
			"from": [15, 4, 5.6],
			"to": [17, 5, 6.4],
			"faces": {
				"north": {"uv": [1, 6, 3, 7], "texture": "#0"},
				"east": {"uv": [5, 7, 6, 8], "texture": "#0"},
				"south": {"uv": [3, 6, 5, 7], "texture": "#0"},
				"west": {"uv": [6, 7, 7, 8], "texture": "#0"},
				"up": {"uv": [7, 7, 5, 6], "texture": "#0"},
				"down": {"uv": [8, 5, 6, 6], "texture": "#0"}
			}
		},
		{
			"from": [7.6, 4, 5.3],
			"to": [14, 6.7, 6.7],
			"faces": {
				"north": {"uv": [0, 0, 6.5, 2.75], "texture": "#3"},
				"east": {"uv": [7, 2, 8.5, 4.75], "texture": "#3"},
				"south": {"uv": [0, 3, 6.5, 5.75], "texture": "#3"},
				"west": {"uv": [7, 5, 8.5, 7.75], "texture": "#3"},
				"up": {"uv": [6.5, 7.5, 0, 6], "texture": "#3"},
				"down": {"uv": [13.5, 0, 7, 1.5], "texture": "#3"}
			}
		},
		{
			"from": [13.45, 4.7, 5.3],
			"to": [14.85, 6.5, 6.7],
			"rotation": {"angle": -45, "axis": "z", "origin": [14, 6, 6]},
			"faces": {
				"north": {"uv": [9, 4, 10.5, 5.75], "texture": "#3"},
				"east": {"uv": [9, 6, 10.5, 7.75], "texture": "#3"},
				"south": {"uv": [9, 8, 10.5, 9.75], "texture": "#3"},
				"west": {"uv": [0, 10, 1.5, 11.75], "texture": "#3"},
				"up": {"uv": [7.5, 11.5, 6, 10], "texture": "#3"},
				"down": {"uv": [9.5, 10, 8, 11.5], "texture": "#3"}
			}
		},
		{
			"from": [12.8, 4, 5.3],
			"to": [15, 5.7, 6.7],
			"rotation": {"angle": 0, "axis": "z", "origin": [14, 6, 6]},
			"faces": {
				"north": {"uv": [0, 8, 2.25, 9.75], "texture": "#3"},
				"east": {"uv": [2, 10, 3.5, 11.75], "texture": "#3"},
				"south": {"uv": [3, 8, 5.25, 9.75], "texture": "#3"},
				"west": {"uv": [4, 10, 5.5, 11.75], "texture": "#3"},
				"up": {"uv": [8.25, 9.5, 6, 8], "texture": "#3"},
				"down": {"uv": [11.25, 2, 9, 3.5], "texture": "#3"}
			}
		},
		{
			"from": [17, 3.9, 5.4],
			"to": [20, 5.1, 6.6],
			"faces": {
				"north": {"uv": [4, 3, 7, 4], "texture": "#0"},
				"east": {"uv": [4, 7, 5, 8], "texture": "#0"},
				"south": {"uv": [4, 4, 7, 5], "texture": "#0"},
				"west": {"uv": [7, 4, 8, 5], "texture": "#0"},
				"up": {"uv": [8, 1, 5, 0], "texture": "#0"},
				"down": {"uv": [8, 1, 5, 2], "texture": "#0"}
			}
		},
		{
			"from": [20, 2.4, 5.4],
			"to": [21, 5.1, 6.6],
			"faces": {
				"north": {"uv": [3, 0, 4, 3], "texture": "#0"},
				"east": {"uv": [3, 3, 4, 6], "texture": "#0"},
				"south": {"uv": [0, 4, 1, 7], "texture": "#0"},
				"west": {"uv": [4, 0, 5, 3], "texture": "#0"},
				"up": {"uv": [4, 8, 3, 7], "texture": "#0"},
				"down": {"uv": [8, 3, 7, 4], "texture": "#0"}
			}
		},
		{
			"from": [18.2, 3.1, 5.7],
			"to": [20, 4, 6.3],
			"faces": {
				"north": {"uv": [1, 4, 3, 5], "texture": "#0"},
				"east": {"uv": [2, 7, 3, 8], "texture": "#0"},
				"south": {"uv": [1, 5, 3, 6], "texture": "#0"},
				"west": {"uv": [7, 2, 8, 3], "texture": "#0"},
				"up": {"uv": [7, 3, 5, 2], "texture": "#0"},
				"down": {"uv": [6, 5, 4, 6], "texture": "#0"}
			}
		},
		{
			"from": [13.4, 1.4, 5.6],
			"to": [14.7, 4.4, 6.4],
			"rotation": {"angle": 22.5, "axis": "z", "origin": [14, 2.75, 5.95]},
			"faces": {
				"north": {"uv": [0, 0, 1.25, 3], "texture": "#4"},
				"east": {"uv": [0, 3, 0.75, 6], "texture": "#4"},
				"south": {"uv": [2, 0, 3.25, 3], "texture": "#4"},
				"west": {"uv": [1, 3, 1.75, 6], "texture": "#4"},
				"up": {"uv": [10.25, 7.75, 9, 7], "texture": "#4"},
				"down": {"uv": [10.25, 8, 9, 8.75], "texture": "#4"}
			}
		},
		{
			"from": [3.6, 5.5, 5.5],
			"to": [7.6, 6.7, 6.5],
			"faces": {
				"north": {"uv": [0, 0, 8, 2.5], "texture": "#2"},
				"east": {"uv": [0, 12, 2, 14.5], "texture": "#2"},
				"south": {"uv": [0, 4, 8, 6.5], "texture": "#2"},
				"west": {"uv": [2, 12, 4, 14.5], "texture": "#2"},
				"up": {"uv": [16, 6, 8, 4], "texture": "#2"},
				"down": {"uv": [16, 6, 8, 8], "texture": "#2"}
			}
		},
		{
			"from": [3.6, 4.2, 5.5],
			"to": [7.6, 5.5, 6.5],
			"faces": {
				"north": {"uv": [0, 8, 8, 10.5], "texture": "#2"},
				"east": {"uv": [4, 12, 6, 14.5], "texture": "#2"},
				"south": {"uv": [8, 0, 16, 2.5], "texture": "#2"},
				"west": {"uv": [6, 12, 8, 14.5], "texture": "#2"},
				"up": {"uv": [16, 10, 8, 8], "texture": "#2"},
				"down": {"uv": [16, 10, 8, 12], "texture": "#2"}
			}
		},
		{
			"from": [0.8, 5.9, 5.7],
			"to": [5, 6.5, 6.3],
			"faces": {
				"north": {"uv": [0, 4, 4, 5], "texture": "#1"},
				"east": {"uv": [7, 0, 8, 1], "texture": "#1"},
				"south": {"uv": [4, 4, 8, 5], "texture": "#1"},
				"west": {"uv": [7, 1, 8, 2], "texture": "#1"},
				"up": {"uv": [4, 6, 0, 5], "texture": "#1"},
				"down": {"uv": [8, 5, 4, 6], "texture": "#1"}
			}
		},
		{
			"from": [1, 4.6, 5.7],
			"to": [1.6, 6.5, 6.3],
			"rotation": {"angle": 0, "axis": "z", "origin": [-2, 6.2, 6]},
			"faces": {
				"north": {"uv": [0, 6, 1, 8], "texture": "#1"},
				"east": {"uv": [6, 0, 7, 2], "texture": "#1"},
				"south": {"uv": [1, 6, 2, 8], "texture": "#1"},
				"west": {"uv": [2, 6, 3, 8], "texture": "#1"},
				"up": {"uv": [4, 8, 3, 7], "texture": "#1"},
				"down": {"uv": [5, 7, 4, 8], "texture": "#1"}
			}
		},
		{
			"from": [1, 6.4, 5.9],
			"to": [1.6, 7.1, 6.1],
			"rotation": {"angle": 0, "axis": "z", "origin": [-2, 6.2, 6]},
			"faces": {
				"north": {"uv": [7, 5, 7.5, 5.75], "texture": "#5"},
				"east": {"uv": [8, 6, 8.25, 6.75], "texture": "#5"},
				"south": {"uv": [7, 6, 7.5, 6.75], "texture": "#5"},
				"west": {"uv": [7, 8, 7.25, 8.75], "texture": "#5"},
				"up": {"uv": [8.5, 8.25, 8, 8], "texture": "#5"},
				"down": {"uv": [0.5, 9, 0, 9.25], "texture": "#5"}
			}
		},
		{
			"from": [-1.3, 4.6, 5.7],
			"to": [5, 5.2, 6.3],
			"faces": {
				"north": {"uv": [0, 0, 6, 1], "texture": "#1"},
				"east": {"uv": [5, 7, 6, 8], "texture": "#1"},
				"south": {"uv": [0, 1, 6, 2], "texture": "#1"},
				"west": {"uv": [6, 7, 7, 8], "texture": "#1"},
				"up": {"uv": [6, 3, 0, 2], "texture": "#1"},
				"down": {"uv": [6, 3, 0, 4], "texture": "#1"}
			}
		},
		{
			"from": [9.7, 3.2, 5.6],
			"to": [11.1, 4.6, 6.4],
			"rotation": {"angle": 0, "axis": "y", "origin": [0, 0.6, 0]},
			"faces": {
				"north": {"uv": [2, 3, 3.5, 4.5], "texture": "#4"},
				"east": {"uv": [7, 7, 7.75, 8.5], "texture": "#4"},
				"south": {"uv": [4, 0, 5.5, 1.5], "texture": "#4"},
				"west": {"uv": [0, 8, 0.75, 9.5], "texture": "#4"},
				"up": {"uv": [9.5, 0.75, 8, 0], "texture": "#4"},
				"down": {"uv": [2.5, 8, 1, 8.75], "texture": "#4"}
			}
		},
		{
			"from": [9.7, 2, 5.6],
			"to": [11.1, 3.4, 6.4],
			"rotation": {"angle": 0, "axis": "y", "origin": [0, 0.6, 0]},
			"faces": {
				"north": {"uv": [4, 2, 5.5, 3.5], "texture": "#4"},
				"east": {"uv": [8, 1, 8.75, 2.5], "texture": "#4"},
				"south": {"uv": [4, 4, 5.5, 5.5], "texture": "#4"},
				"west": {"uv": [3, 8, 3.75, 9.5], "texture": "#4"},
				"up": {"uv": [9.5, 3.75, 8, 3], "texture": "#4"},
				"down": {"uv": [5.5, 8, 4, 8.75], "texture": "#4"}
			}
		},
		{
			"from": [10.15, 1.2, 5.6],
			"to": [11.55, 2.6, 6.4],
			"rotation": {"angle": -22.5, "axis": "z", "origin": [9.9, 3.4, 6]},
			"faces": {
				"north": {"uv": [2, 5, 3.5, 6.5], "texture": "#4"},
				"east": {"uv": [6, 8, 6.75, 9.5], "texture": "#4"},
				"south": {"uv": [0, 6, 1.5, 7.5], "texture": "#4"},
				"west": {"uv": [8, 7, 8.75, 8.5], "texture": "#4"},
				"up": {"uv": [9.5, 5.75, 8, 5], "texture": "#4"},
				"down": {"uv": [2.5, 9, 1, 9.75], "texture": "#4"}
			}
		},
		{
			"from": [10.15, -0.1, 5.6],
			"to": [11.55, 1.3, 6.4],
			"rotation": {"angle": -22.5, "axis": "z", "origin": [9.9, 3.4, 6]},
			"faces": {
				"north": {"uv": [6, 0, 7.5, 1.5], "texture": "#4"},
				"east": {"uv": [9, 1, 9.75, 2.5], "texture": "#4"},
				"south": {"uv": [6, 2, 7.5, 3.5], "texture": "#4"},
				"west": {"uv": [4, 9, 4.75, 10.5], "texture": "#4"},
				"up": {"uv": [10.5, 4.75, 9, 4], "texture": "#4"},
				"down": {"uv": [8.5, 9, 7, 9.75], "texture": "#4"}
			}
		},
		{
			"from": [-2.3, 4.5, 5.6],
			"to": [-0.5, 5.3, 6.4],
			"faces": {
				"north": {"uv": [6, 2, 8, 3], "texture": "#1"},
				"east": {"uv": [7, 6, 8, 7], "texture": "#1"},
				"south": {"uv": [3, 6, 5, 7], "texture": "#1"},
				"west": {"uv": [7, 7, 8, 8], "texture": "#1"},
				"up": {"uv": [8, 4, 6, 3], "texture": "#1"},
				"down": {"uv": [7, 6, 5, 7], "texture": "#1"}
			}
		},
		{
			"from": [-2.9, 4.5, 5.6],
			"to": [-2.8, 5.3, 6.4],
			"faces": {
				"north": {"uv": [6, 8, 7, 9], "texture": "#1"},
				"east": {"uv": [8, 6, 9, 7], "texture": "#1"},
				"south": {"uv": [7, 8, 8, 9], "texture": "#1"},
				"west": {"uv": [8, 7, 9, 8], "texture": "#1"},
				"up": {"uv": [9, 9, 8, 8], "texture": "#1"},
				"down": {"uv": [1, 9, 0, 10], "texture": "#1"}
			}
		},
		{
			"from": [-2.8, 5.1, 5.6],
			"to": [-2.3, 5.3, 6.4],
			"faces": {
				"north": {"uv": [3, 8, 4, 9], "texture": "#1"},
				"east": {"uv": [8, 3, 9, 4], "texture": "#1"},
				"south": {"uv": [4, 8, 5, 9], "texture": "#1"},
				"west": {"uv": [8, 4, 9, 5], "texture": "#1"},
				"up": {"uv": [6, 9, 5, 8], "texture": "#1"},
				"down": {"uv": [9, 5, 8, 6], "texture": "#1"}
			}
		},
		{
			"from": [-2.8, 4.5, 5.6],
			"to": [-2.3, 4.7, 6.4],
			"faces": {
				"north": {"uv": [0, 8, 1, 9], "texture": "#1"},
				"east": {"uv": [8, 0, 9, 1], "texture": "#1"},
				"south": {"uv": [1, 8, 2, 9], "texture": "#1"},
				"west": {"uv": [8, 1, 9, 2], "texture": "#1"},
				"up": {"uv": [3, 9, 2, 8], "texture": "#1"},
				"down": {"uv": [9, 2, 8, 3], "texture": "#1"}
			}
		},
		{
			"from": [11.2, 2.9, 5.6],
			"to": [11.5, 4.2, 6.4],
			"faces": {
				"north": {"uv": [7, 10, 7.25, 11.25], "texture": "#4"},
				"east": {"uv": [5, 9, 5.75, 10.25], "texture": "#4"},
				"south": {"uv": [8, 10, 8.25, 11.25], "texture": "#4"},
				"west": {"uv": [9, 9, 9.75, 10.25], "texture": "#4"},
				"up": {"uv": [3.25, 11.75, 3, 11], "texture": "#4"},
				"down": {"uv": [4.25, 11, 4, 11.75], "texture": "#4"}
			}
		},
		{
			"from": [12.3, 3.5, 5.7],
			"to": [12.5, 4.3, 6.3],
			"faces": {
				"north": {"uv": [10, 10, 10.25, 10.75], "texture": "#4"},
				"east": {"uv": [3, 10, 3.5, 10.75], "texture": "#4"},
				"south": {"uv": [0, 11, 0.25, 11.75], "texture": "#4"},
				"west": {"uv": [6, 10, 6.5, 10.75], "texture": "#4"},
				"up": {"uv": [9.25, 11.5, 9, 11], "texture": "#4"},
				"down": {"uv": [11.25, 9, 11, 9.5], "texture": "#4"}
			}
		},
		{
			"from": [11.5, 3.1, 5.6],
			"to": [13.3, 3.2, 6.4],
			"faces": {
				"north": {"uv": [10, 3, 11.75, 3.25], "texture": "#4"},
				"east": {"uv": [1, 11, 1.75, 11.25], "texture": "#4"},
				"south": {"uv": [10, 5, 11.75, 5.25], "texture": "#4"},
				"west": {"uv": [2, 11, 2.75, 11.25], "texture": "#4"},
				"up": {"uv": [7.75, 5.75, 6, 5], "texture": "#4"},
				"down": {"uv": [3.75, 7, 2, 7.75], "texture": "#4"}
			}
		},
		{
			"from": [7.6, 6.5, 5.3],
			"to": [14, 6.8, 6.7],
			"faces": {
				"north": {"uv": [0, 5, 6.5, 5.25], "texture": "#5"},
				"east": {"uv": [7, 3, 8.5, 3.25], "texture": "#5"},
				"south": {"uv": [0, 6, 6.5, 6.25], "texture": "#5"},
				"west": {"uv": [5, 7, 6.5, 7.25], "texture": "#5"},
				"up": {"uv": [6.5, 1.5, 0, 0], "texture": "#5"},
				"down": {"uv": [6.5, 2, 0, 3.5], "texture": "#5"}
			}
		},
		{
			"from": [3.6, 6.5, 5.5],
			"to": [7.6, 6.8, 6.5],
			"faces": {
				"north": {"uv": [1, 7, 5, 7.25], "texture": "#5"},
				"east": {"uv": [8, 4, 9, 4.25], "texture": "#5"},
				"south": {"uv": [7, 2, 11, 2.25], "texture": "#5"},
				"west": {"uv": [5, 8, 6, 8.25], "texture": "#5"},
				"up": {"uv": [4, 5, 0, 4], "texture": "#5"},
				"down": {"uv": [8, 4, 4, 5], "texture": "#5"}
			}
		},
		{
			"from": [13.2, 6.8, 5.4],
			"to": [13.5, 7.1, 6.6],
			"faces": {
				"north": {"uv": [3, 9, 3.25, 9.25], "texture": "#5"},
				"east": {"uv": [7, 7, 8.25, 7.25], "texture": "#5"},
				"south": {"uv": [9, 3, 9.25, 3.25], "texture": "#5"},
				"west": {"uv": [8, 0, 9.25, 0.25], "texture": "#5"},
				"up": {"uv": [1.25, 9.25, 1, 8], "texture": "#5"},
				"down": {"uv": [2.25, 8, 2, 9.25], "texture": "#5"}
			}
		},
		{
			"from": [12.2, 6.8, 5.4],
			"to": [13.2, 6.9, 6.6],
			"rotation": {"angle": 22.5, "axis": "z", "origin": [12.7, 7.05, 6]},
			"faces": {
				"north": {"uv": [8, 5, 9, 5.25], "texture": "#5"},
				"east": {"uv": [8, 1, 9.25, 1.25], "texture": "#5"},
				"south": {"uv": [6, 8, 7, 8.25], "texture": "#5"},
				"west": {"uv": [3, 8, 4.25, 8.25], "texture": "#5"},
				"up": {"uv": [1, 8.25, 0, 7], "texture": "#5"},
				"down": {"uv": [8, 0, 7, 1.25], "texture": "#5"}
			}
		},
		{
			"from": [13.05, 7.1, 5.95],
			"to": [13.15, 7.3, 6],
			"rotation": {"angle": 22.5, "axis": "z", "origin": [13.2, 7.2, 5.925]},
			"faces": {
				"north": {"uv": [4, 9, 4.25, 9.25], "texture": "#5"},
				"east": {"uv": [9, 4, 9.25, 4.25], "texture": "#5"},
				"south": {"uv": [5, 9, 5.25, 9.25], "texture": "#5"},
				"west": {"uv": [9, 5, 9.25, 5.25], "texture": "#5"},
				"up": {"uv": [6.25, 9.25, 6, 9], "texture": "#5"},
				"down": {"uv": [9.25, 6, 9, 6.25], "texture": "#5"}
			}
		},
		{
			"from": [13.05, 7.1, 6.05],
			"to": [13.15, 7.3, 6.1],
			"rotation": {"angle": 22.5, "axis": "z", "origin": [13.2, 7.2, 6.225]},
			"faces": {
				"north": {"uv": [7, 9, 7.25, 9.25], "texture": "#5"},
				"east": {"uv": [9, 7, 9.25, 7.25], "texture": "#5"},
				"south": {"uv": [8, 9, 8.25, 9.25], "texture": "#5"},
				"west": {"uv": [9, 8, 9.25, 8.25], "texture": "#5"},
				"up": {"uv": [9.25, 9.25, 9, 9], "texture": "#5"},
				"down": {"uv": [0.25, 10, 0, 10.25], "texture": "#5"}
			}
		},
		{
			"from": [10.7, 4.4, 5.2],
			"to": [13.3, 4.9, 5.3],
			"rotation": {"angle": 22.5, "axis": "z", "origin": [11.2, 5.55, 5.05]},
			"faces": {
				"north": {"uv": [4, 7, 6.5, 7.5], "texture": "#4"},
				"east": {"uv": [11, 4, 11.25, 4.5], "texture": "#4"},
				"south": {"uv": [7, 6, 9.5, 6.5], "texture": "#4"},
				"west": {"uv": [5, 11, 5.25, 11.5], "texture": "#4"},
				"up": {"uv": [12.5, 1.25, 10, 1], "texture": "#4"},
				"down": {"uv": [12.5, 2, 10, 2.25], "texture": "#4"}
			}
		},
		{
			"from": [8.6, 5.4, 5.2],
			"to": [11.4, 6.1, 5.3],
			"rotation": {"angle": 0, "axis": "z", "origin": [11.2, 5.55, 5.05]},
			"faces": {
				"north": {"uv": [4, 6, 6.75, 6.75], "texture": "#4"},
				"east": {"uv": [10, 6, 10.25, 6.75], "texture": "#4"},
				"south": {"uv": [6, 4, 8.75, 4.75], "texture": "#4"},
				"west": {"uv": [10, 9, 10.25, 9.75], "texture": "#4"},
				"up": {"uv": [2.75, 10.25, 0, 10], "texture": "#4"},
				"down": {"uv": [12.75, 0, 10, 0.25], "texture": "#4"}
			}
		},
		{
			"from": [9, 5.5, 4.7],
			"to": [9.1, 5.8, 5.2],
			"faces": {
				"north": {"uv": [10, 11, 10.25, 11.25], "texture": "#4"},
				"east": {"uv": [6, 11, 6.5, 11.25], "texture": "#4"},
				"south": {"uv": [11, 10, 11.25, 10.25], "texture": "#4"},
				"west": {"uv": [11, 6, 11.5, 6.25], "texture": "#4"},
				"up": {"uv": [11.25, 7.5, 11, 7], "texture": "#4"},
				"down": {"uv": [11.25, 8, 11, 8.5], "texture": "#4"}
			}
		}
	],
	"display": {
		"thirdperson_righthand": {
			"rotation": [0, -90, 0],
			"translation": [0, 6.25, -6]
		},
		"thirdperson_lefthand": {
			"rotation": [0, 90, 0],
			"translation": [1.5, 6, -6.25]
		},
		"firstperson_righthand": {
			"rotation": [2, -90, 0],
			"translation": [-5.75, 8, 0]
		},
		"firstperson_lefthand": {
			"rotation": [0, 90, 0],
			"translation": [0.5, 7.5, -1.25]
		},
		"ground": {
			"rotation": [0, 0, -37],
			"translation": [0, 8, 0]
		},
		"gui": {
			"rotation": [0, 180, -45],
			"translation": [-1, 2.5, 0],
			"scale": [0.8, 0.8, 0.8]
		},
		"fixed": {
			"rotation": [0, 0, -45],
			"translation": [1, 4, 2]
		}
	}
}