{
	"credit": "Made with Blockbench",
	"textures": {
		"0": "item/wood",
		"1": "item/black",
		"particle": "item/wood"
	},
	"elements": [
		{
			"from": [0, 1, 7.6],
			"to": [0.15, 3, 8.4],
			"rotation": {"angle": 0, "axis": "y", "origin": [8, 8, 15.5]},
			"faces": {
				"north": {"uv": [0, 0, 0.15, 2], "texture": "#1"},
				"east": {"uv": [0, 0, 0.8, 2], "texture": "#1"},
				"south": {"uv": [0, 0, 0.15, 2], "texture": "#1"},
				"west": {"uv": [0, 0, 0.8, 2], "texture": "#1"},
				"up": {"uv": [0, 0, 0.15, 0.8], "texture": "#1"},
				"down": {"uv": [0, 0, 0.15, 0.8], "texture": "#1"}
			}
		},
		{
			"from": [0.15, 1, 7.6],
			"to": [0.5, 3, 8.4],
			"rotation": {"angle": 0, "axis": "y", "origin": [8.25, 8, 15.5]},
			"faces": {
				"north": {"uv": [0, 0, 0.35, 2], "texture": "#0"},
				"east": {"uv": [0, 0, 0.8, 2], "texture": "#0"},
				"south": {"uv": [0, 0, 0.35, 2], "texture": "#0"},
				"west": {"uv": [0, 0, 0.8, 2], "texture": "#0"},
				"up": {"uv": [0, 0, 0.35, 0.8], "texture": "#0"},
				"down": {"uv": [0, 0, 0.35, 0.8], "texture": "#0"}
			}
		},
		{
			"from": [5, 1.9, 7.6],
			"to": [5.25, 3, 8.4],
			"rotation": {"angle": 0, "axis": "y", "origin": [12.5, 8, 15.5]},
			"faces": {
				"north": {"uv": [0, 0, 0.25, 1.1], "texture": "#0"},
				"east": {"uv": [0, 0, 0.8, 1.1], "texture": "#0"},
				"south": {"uv": [0, 0, 0.25, 1.1], "texture": "#0"},
				"west": {"uv": [0, 0, 0.8, 1.1], "texture": "#0"},
				"up": {"uv": [0, 0, 0.25, 0.8], "texture": "#0"},
				"down": {"uv": [0, 0, 0.25, 0.8], "texture": "#0"}
			}
		},
		{
			"from": [5.5, 1.7, 7.6],
			"to": [6.85, 1.9, 8.4],
			"rotation": {"angle": 0, "axis": "y", "origin": [12.5, 6.9, 15.5]},
			"faces": {
				"north": {"uv": [0, 0, 1.35, 0.2], "texture": "#0"},
				"east": {"uv": [0, 0, 0.8, 0.2], "texture": "#0"},
				"south": {"uv": [0, 0, 1.35, 0.2], "texture": "#0"},
				"west": {"uv": [0, 0, 0.8, 0.2], "texture": "#0"},
				"up": {"uv": [0, 0, 1.35, 0.8], "texture": "#0"},
				"down": {"uv": [0, 0, 1.35, 0.8], "texture": "#0"}
			}
		},
		{
			"from": [5.6, 1.5, 7.7],
			"to": [6.55, 1.7, 8.3],
			"rotation": {"angle": 0, "axis": "y", "origin": [12.5, 6.7, 15.5]},
			"faces": {
				"north": {"uv": [0, 0, 0.95, 0.2], "texture": "#0"},
				"east": {"uv": [0, 0, 0.6, 0.2], "texture": "#0"},
				"south": {"uv": [0, 0, 0.95, 0.2], "texture": "#0"},
				"west": {"uv": [0, 0, 0.6, 0.2], "texture": "#0"},
				"up": {"uv": [0, 0, 0.95, 0.6], "texture": "#0"},
				"down": {"uv": [0, 0, 0.95, 0.6], "texture": "#0"}
			}
		},
		{
			"from": [5.5, 1.3, 7.7],
			"to": [6.45, 1.5, 8.3],
			"rotation": {"angle": 0, "axis": "y", "origin": [12.4, 6.5, 15.5]},
			"faces": {
				"north": {"uv": [0, 0, 0.95, 0.2], "texture": "#0"},
				"east": {"uv": [0, 0, 0.6, 0.2], "texture": "#0"},
				"south": {"uv": [0, 0, 0.95, 0.2], "texture": "#0"},
				"west": {"uv": [0, 0, 0.6, 0.2], "texture": "#0"},
				"up": {"uv": [0, 0, 0.95, 0.6], "texture": "#0"},
				"down": {"uv": [0, 0, 0.95, 0.6], "texture": "#0"}
			}
		},
		{
			"from": [5.4, 1.1, 7.7],
			"to": [6.35, 1.3, 8.3],
			"rotation": {"angle": 0, "axis": "y", "origin": [12.3, 6.3, 15.5]},
			"faces": {
				"north": {"uv": [0, 0, 0.95, 0.2], "texture": "#0"},
				"east": {"uv": [0, 0, 0.6, 0.2], "texture": "#0"},
				"south": {"uv": [0, 0, 0.95, 0.2], "texture": "#0"},
				"west": {"uv": [0, 0, 0.6, 0.2], "texture": "#0"},
				"up": {"uv": [0, 0, 0.95, 0.6], "texture": "#0"},
				"down": {"uv": [0, 0, 0.95, 0.6], "texture": "#0"}
			}
		},
		{
			"from": [5.3, 0.9, 7.7],
			"to": [6.25, 1.1, 8.3],
			"rotation": {"angle": 0, "axis": "y", "origin": [12.2, 6.1, 15.5]},
			"faces": {
				"north": {"uv": [0, 0, 0.95, 0.2], "texture": "#0"},
				"east": {"uv": [0, 0, 0.6, 0.2], "texture": "#0"},
				"south": {"uv": [0, 0, 0.95, 0.2], "texture": "#0"},
				"west": {"uv": [0, 0, 0.6, 0.2], "texture": "#0"},
				"up": {"uv": [0, 0, 0.95, 0.6], "texture": "#0"},
				"down": {"uv": [0, 0, 0.95, 0.6], "texture": "#0"}
			}
		},
		{
			"from": [5.2, 0.7, 7.7],
			"to": [6.15, 0.9, 8.3],
			"rotation": {"angle": 0, "axis": "y", "origin": [12.1, 5.9, 15.5]},
			"faces": {
				"north": {"uv": [0, 0, 0.95, 0.2], "texture": "#0"},
				"east": {"uv": [0, 0, 0.6, 0.2], "texture": "#0"},
				"south": {"uv": [0, 0, 0.95, 0.2], "texture": "#0"},
				"west": {"uv": [0, 0, 0.6, 0.2], "texture": "#0"},
				"up": {"uv": [0, 0, 0.95, 0.6], "texture": "#0"},
				"down": {"uv": [0, 0, 0.95, 0.6], "texture": "#0"}
			}
		},
		{
			"from": [5.1, 0.5, 7.7],
			"to": [6.05, 0.7, 8.3],
			"rotation": {"angle": 0, "axis": "y", "origin": [12, 5.7, 15.5]},
			"faces": {
				"north": {"uv": [0, 0, 0.95, 0.2], "texture": "#0"},
				"east": {"uv": [0, 0, 0.6, 0.2], "texture": "#0"},
				"south": {"uv": [0, 0, 0.95, 0.2], "texture": "#0"},
				"west": {"uv": [0, 0, 0.6, 0.2], "texture": "#0"},
				"up": {"uv": [0, 0, 0.95, 0.6], "texture": "#0"},
				"down": {"uv": [0, 0, 0.95, 0.6], "texture": "#0"}
			}
		},
		{
			"from": [5.1, 0.3, 7.7],
			"to": [6.15, 0.5, 8.3],
			"rotation": {"angle": 0, "axis": "y", "origin": [11.9, 5.5, 15.5]},
			"faces": {
				"north": {"uv": [0, 0, 1.05, 0.2], "texture": "#0"},
				"east": {"uv": [0, 0, 0.6, 0.2], "texture": "#0"},
				"south": {"uv": [0, 0, 1.05, 0.2], "texture": "#0"},
				"west": {"uv": [0, 0, 0.6, 0.2], "texture": "#0"},
				"up": {"uv": [0, 0, 1.05, 0.6], "texture": "#0"},
				"down": {"uv": [0, 0, 1.05, 0.6], "texture": "#0"}
			}
		},
		{
			"from": [5.25, 1.9, 7.6],
			"to": [5.5, 3, 8.4],
			"rotation": {"angle": 0, "axis": "y", "origin": [12.75, 8, 15.5]},
			"faces": {
				"north": {"uv": [0, 0, 0.25, 1.1], "texture": "#1"},
				"east": {"uv": [0, 0, 0.8, 1.1], "texture": "#1"},
				"south": {"uv": [0, 0, 0.25, 1.1], "texture": "#1"},
				"west": {"uv": [0, 0, 0.8, 1.1], "texture": "#1"},
				"up": {"uv": [0, 0, 0.25, 0.8], "texture": "#1"},
				"down": {"uv": [0, 0, 0.25, 0.8], "texture": "#1"}
			}
		},
		{
			"from": [6.85, 1.3, 7.6],
			"to": [7, 1.9, 8.4],
			"rotation": {"angle": 0, "axis": "y", "origin": [14.35, 6.9, 15.5]},
			"faces": {
				"north": {"uv": [0, 0, 0.15, 0.6], "texture": "#1"},
				"east": {"uv": [0, 0, 0.8, 0.6], "texture": "#1"},
				"south": {"uv": [0, 0, 0.15, 0.6], "texture": "#1"},
				"west": {"uv": [0, 0, 0.8, 0.6], "texture": "#1"},
				"up": {"uv": [0, 0, 0.15, 0.8], "texture": "#1"},
				"down": {"uv": [0, 0, 0.15, 0.8], "texture": "#1"}
			}
		},
		{
			"from": [7.9, 1.3, 7.6],
			"to": [7.95, 1.9, 8.4],
			"rotation": {"angle": 0, "axis": "y", "origin": [15.4, 6.9, 15.5]},
			"faces": {
				"north": {"uv": [0, 0, 0.05, 0.6], "texture": "#1"},
				"east": {"uv": [0, 0, 0.8, 0.6], "texture": "#1"},
				"south": {"uv": [0, 0, 0.05, 0.6], "texture": "#1"},
				"west": {"uv": [0, 0, 0.8, 0.6], "texture": "#1"},
				"up": {"uv": [0, 0, 0.05, 0.8], "texture": "#1"},
				"down": {"uv": [0, 0, 0.05, 0.8], "texture": "#1"}
			}
		},
		{
			"from": [7.95, 1.3, 7.8],
			"to": [8.2, 1.9, 8.2],
			"rotation": {"angle": 0, "axis": "y", "origin": [15.55, 6.9, 15.5]},
			"faces": {
				"north": {"uv": [0, 0, 0.25, 0.6], "texture": "#1"},
				"east": {"uv": [0, 0, 0.4, 0.6], "texture": "#1"},
				"south": {"uv": [0, 0, 0.25, 0.6], "texture": "#1"},
				"west": {"uv": [0, 0, 0.4, 0.6], "texture": "#1"},
				"up": {"uv": [0, 0, 0.25, 0.4], "texture": "#1"},
				"down": {"uv": [0, 0, 0.25, 0.4], "texture": "#1"}
			}
		},
		{
			"from": [7.15, 1.5, 7.8],
			"to": [7.2, 1.9, 8.2],
			"rotation": {"angle": 0, "axis": "y", "origin": [14.55, 6.9, 15.5]},
			"faces": {
				"north": {"uv": [0, 0, 0.05, 0.4], "texture": "#1"},
				"east": {"uv": [0, 0, 0.4, 0.4], "texture": "#1"},
				"south": {"uv": [0, 0, 0.05, 0.4], "texture": "#1"},
				"west": {"uv": [0, 0, 0.4, 0.4], "texture": "#1"},
				"up": {"uv": [0, 0, 0.05, 0.4], "texture": "#1"},
				"down": {"uv": [0, 0, 0.05, 0.4], "texture": "#1"}
			}
		},
		{
			"from": [8.3, 1.3, 7.8],
			"to": [9.55, 1.9, 8.2],
			"rotation": {"angle": 0, "axis": "y", "origin": [15.9, 6.9, 15.5]},
			"faces": {
				"north": {"uv": [0, 0, 1.25, 0.6], "texture": "#1"},
				"east": {"uv": [0, 0, 0.4, 0.6], "texture": "#1"},
				"south": {"uv": [0, 0, 1.25, 0.6], "texture": "#1"},
				"west": {"uv": [0, 0, 0.4, 0.6], "texture": "#1"},
				"up": {"uv": [0, 0, 1.25, 0.4], "texture": "#1"},
				"down": {"uv": [0, 0, 1.25, 0.4], "texture": "#1"}
			}
		},
		{
			"from": [10.3, 1.8, 7.6],
			"to": [11.25, 1.9, 8.4],
			"rotation": {"angle": 0, "axis": "y", "origin": [17.9, 6.9, 15.5]},
			"faces": {
				"north": {"uv": [0, 0, 0.95, 0.1], "texture": "#0"},
				"east": {"uv": [0, 0, 0.8, 0.1], "texture": "#0"},
				"south": {"uv": [0, 0, 0.95, 0.1], "texture": "#0"},
				"west": {"uv": [0, 0, 0.8, 0.1], "texture": "#0"},
				"up": {"uv": [0, 0, 0.95, 0.8], "texture": "#0"},
				"down": {"uv": [0, 0, 0.95, 0.8], "texture": "#0"}
			}
		},
		{
			"from": [10.4, 1.7, 7.6],
			"to": [10.95, 1.8, 8.4],
			"rotation": {"angle": 0, "axis": "y", "origin": [17.9, 6.8, 15.5]},
			"faces": {
				"north": {"uv": [0, 0, 0.55, 0.1], "texture": "#0"},
				"east": {"uv": [0, 0, 0.8, 0.1], "texture": "#0"},
				"south": {"uv": [0, 0, 0.55, 0.1], "texture": "#0"},
				"west": {"uv": [0, 0, 0.8, 0.1], "texture": "#0"},
				"up": {"uv": [0, 0, 0.55, 0.8], "texture": "#0"},
				"down": {"uv": [0, 0, 0.55, 0.8], "texture": "#0"}
			}
		},
		{
			"from": [10.5, 1.6, 7.6],
			"to": [10.75, 1.7, 8.4],
			"rotation": {"angle": 0, "axis": "y", "origin": [17.9, 6.7, 15.5]},
			"faces": {
				"north": {"uv": [0, 0, 0.25, 0.1], "texture": "#0"},
				"east": {"uv": [0, 0, 0.8, 0.1], "texture": "#0"},
				"south": {"uv": [0, 0, 0.25, 0.1], "texture": "#0"},
				"west": {"uv": [0, 0, 0.8, 0.1], "texture": "#0"},
				"up": {"uv": [0, 0, 0.25, 0.8], "texture": "#0"},
				"down": {"uv": [0, 0, 0.25, 0.8], "texture": "#0"}
			}
		},
		{
			"from": [8.3, 1, 7.8],
			"to": [9.55, 1.6, 8.2],
			"rotation": {"angle": 0, "axis": "y", "origin": [15.9, 6.6, 15.5]},
			"faces": {
				"north": {"uv": [0, 0, 1.25, 0.6], "texture": "#1"},
				"east": {"uv": [0, 0, 0.4, 0.6], "texture": "#1"},
				"south": {"uv": [0, 0, 1.25, 0.6], "texture": "#1"},
				"west": {"uv": [0, 0, 0.4, 0.6], "texture": "#1"},
				"up": {"uv": [0, 0, 1.25, 0.4], "texture": "#1"},
				"down": {"uv": [0, 0, 1.25, 0.4], "texture": "#1"}
			}
		},
		{
			"from": [8.4, 0.8, 7.8],
			"to": [9.65, 1.4, 8.2],
			"rotation": {"angle": 0, "axis": "y", "origin": [16, 6.4, 15.5]},
			"faces": {
				"north": {"uv": [0, 0, 1.25, 0.6], "texture": "#1"},
				"east": {"uv": [0, 0, 0.4, 0.6], "texture": "#1"},
				"south": {"uv": [0, 0, 1.25, 0.6], "texture": "#1"},
				"west": {"uv": [0, 0, 0.4, 0.6], "texture": "#1"},
				"up": {"uv": [0, 0, 1.25, 0.4], "texture": "#1"},
				"down": {"uv": [0, 0, 1.25, 0.4], "texture": "#1"}
			}
		},
		{
			"from": [8.4, 0.6, 7.8],
			"to": [9.65, 1.2, 8.2],
			"rotation": {"angle": 0, "axis": "y", "origin": [16, 6.2, 15.5]},
			"faces": {
				"north": {"uv": [0, 0, 1.25, 0.6], "texture": "#1"},
				"east": {"uv": [0, 0, 0.4, 0.6], "texture": "#1"},
				"south": {"uv": [0, 0, 1.25, 0.6], "texture": "#1"},
				"west": {"uv": [0, 0, 0.4, 0.6], "texture": "#1"},
				"up": {"uv": [0, 0, 1.25, 0.4], "texture": "#1"},
				"down": {"uv": [0, 0, 1.25, 0.4], "texture": "#1"}
			}
		},
		{
			"from": [8.5, 0.4, 7.8],
			"to": [9.75, 1, 8.2],
			"rotation": {"angle": 0, "axis": "y", "origin": [16.1, 6, 15.5]},
			"faces": {
				"north": {"uv": [0, 0, 1.25, 0.6], "texture": "#1"},
				"east": {"uv": [0, 0, 0.4, 0.6], "texture": "#1"},
				"south": {"uv": [0, 0, 1.25, 0.6], "texture": "#1"},
				"west": {"uv": [0, 0, 0.4, 0.6], "texture": "#1"},
				"up": {"uv": [0, 0, 1.25, 0.4], "texture": "#1"},
				"down": {"uv": [0, 0, 1.25, 0.4], "texture": "#1"}
			}
		},
		{
			"from": [8.5, 0.2, 7.8],
			"to": [9.75, 0.8, 8.2],
			"rotation": {"angle": 0, "axis": "y", "origin": [16.1, 5.8, 15.5]},
			"faces": {
				"north": {"uv": [0, 0, 1.25, 0.6], "texture": "#1"},
				"east": {"uv": [0, 0, 0.4, 0.6], "texture": "#1"},
				"south": {"uv": [0, 0, 1.25, 0.6], "texture": "#1"},
				"west": {"uv": [0, 0, 0.4, 0.6], "texture": "#1"},
				"up": {"uv": [0, 0, 1.25, 0.4], "texture": "#1"},
				"down": {"uv": [0, 0, 1.25, 0.4], "texture": "#1"}
			}
		},
		{
			"from": [8.6, 0, 7.8],
			"to": [9.85, 0.6, 8.2],
			"rotation": {"angle": 0, "axis": "y", "origin": [16.2, 5.6, 15.5]},
			"faces": {
				"north": {"uv": [0, 0, 1.25, 0.6], "texture": "#1"},
				"east": {"uv": [0, 0, 0.4, 0.6], "texture": "#1"},
				"south": {"uv": [0, 0, 1.25, 0.6], "texture": "#1"},
				"west": {"uv": [0, 0, 0.4, 0.6], "texture": "#1"},
				"up": {"uv": [0, 0, 1.25, 0.4], "texture": "#1"},
				"down": {"uv": [0, 0, 1.25, 0.4], "texture": "#1"}
			}
		},
		{
			"from": [8.7, -0.2, 7.8],
			"to": [9.95, 0.4, 8.2],
			"rotation": {"angle": 0, "axis": "y", "origin": [16.3, 5.4, 15.5]},
			"faces": {
				"north": {"uv": [0, 0, 1.25, 0.6], "texture": "#1"},
				"east": {"uv": [0, 0, 0.4, 0.6], "texture": "#1"},
				"south": {"uv": [0, 0, 1.25, 0.6], "texture": "#1"},
				"west": {"uv": [0, 0, 0.4, 0.6], "texture": "#1"},
				"up": {"uv": [0, 0, 1.25, 0.4], "texture": "#1"},
				"down": {"uv": [0, 0, 1.25, 0.4], "texture": "#1"}
			}
		},
		{
			"from": [8.8, -0.5, 7.8],
			"to": [10.05, 0.1, 8.2],
			"rotation": {"angle": 0, "axis": "y", "origin": [16.4, 5.1, 15.5]},
			"faces": {
				"north": {"uv": [0, 0, 1.25, 0.6], "texture": "#1"},
				"east": {"uv": [0, 0, 0.4, 0.6], "texture": "#1"},
				"south": {"uv": [0, 0, 1.25, 0.6], "texture": "#1"},
				"west": {"uv": [0, 0, 0.4, 0.6], "texture": "#1"},
				"up": {"uv": [0, 0, 1.25, 0.4], "texture": "#1"},
				"down": {"uv": [0, 0, 1.25, 0.4], "texture": "#1"}
			}
		},
		{
			"from": [9, -0.8, 7.8],
			"to": [10.25, -0.2, 8.2],
			"rotation": {"angle": 0, "axis": "y", "origin": [16.6, 4.8, 15.5]},
			"faces": {
				"north": {"uv": [0, 0, 1.25, 0.6], "texture": "#1"},
				"east": {"uv": [0, 0, 0.4, 0.6], "texture": "#1"},
				"south": {"uv": [0, 0, 1.25, 0.6], "texture": "#1"},
				"west": {"uv": [0, 0, 0.4, 0.6], "texture": "#1"},
				"up": {"uv": [0, 0, 1.25, 0.4], "texture": "#1"},
				"down": {"uv": [0, 0, 1.25, 0.4], "texture": "#1"}
			}
		},
		{
			"from": [9.3, -1.1, 7.8],
			"to": [10.55, -0.5, 8.2],
			"rotation": {"angle": 0, "axis": "y", "origin": [16.9, 4.5, 15.5]},
			"faces": {
				"north": {"uv": [0, 0, 1.25, 0.6], "texture": "#1"},
				"east": {"uv": [0, 0, 0.4, 0.6], "texture": "#1"},
				"south": {"uv": [0, 0, 1.25, 0.6], "texture": "#1"},
				"west": {"uv": [0, 0, 0.4, 0.6], "texture": "#1"},
				"up": {"uv": [0, 0, 1.25, 0.4], "texture": "#1"},
				"down": {"uv": [0, 0, 1.25, 0.4], "texture": "#1"}
			}
		},
		{
			"from": [9.5, -1.3, 7.8],
			"to": [10.75, -0.7, 8.2],
			"rotation": {"angle": 0, "axis": "y", "origin": [17.1, 4.3, 15.5]},
			"faces": {
				"north": {"uv": [0, 0, 1.25, 0.6], "texture": "#1"},
				"east": {"uv": [0, 0, 0.4, 0.6], "texture": "#1"},
				"south": {"uv": [0, 0, 1.25, 0.6], "texture": "#1"},
				"west": {"uv": [0, 0, 0.4, 0.6], "texture": "#1"},
				"up": {"uv": [0, 0, 1.25, 0.4], "texture": "#1"},
				"down": {"uv": [0, 0, 1.25, 0.4], "texture": "#1"}
			}
		},
		{
			"from": [9.65, -1.4, 7.8],
			"to": [10.85, -0.9, 8.2],
			"rotation": {"angle": 0, "axis": "y", "origin": [17.1, 3.8, 15.5]},
			"faces": {
				"north": {"uv": [0, 0, 1.2, 0.5], "texture": "#1"},
				"east": {"uv": [0, 0, 0.4, 0.5], "texture": "#1"},
				"south": {"uv": [0, 0, 1.2, 0.5], "texture": "#1"},
				"west": {"uv": [0, 0, 0.4, 0.5], "texture": "#1"},
				"up": {"uv": [0, 0, 1.2, 0.4], "texture": "#1"},
				"down": {"uv": [0, 0, 1.2, 0.4], "texture": "#1"}
			}
		},
		{
			"from": [9.8, -1.55, 7.8],
			"to": [11.1, -0.95, 8.2],
			"rotation": {"angle": 0, "axis": "y", "origin": [17.35, 3.55, 15.5]},
			"faces": {
				"north": {"uv": [0, 0, 1.3, 0.6], "texture": "#1"},
				"east": {"uv": [0, 0, 0.4, 0.6], "texture": "#1"},
				"south": {"uv": [0, 0, 1.3, 0.6], "texture": "#1"},
				"west": {"uv": [0, 0, 0.4, 0.6], "texture": "#1"},
				"up": {"uv": [0, 0, 1.3, 0.4], "texture": "#1"},
				"down": {"uv": [0, 0, 1.3, 0.4], "texture": "#1"}
			}
		},
		{
			"from": [8.05, 1.1, 7.8],
			"to": [8.2, 1.3, 8],
			"rotation": {"angle": 0, "axis": "y", "origin": [15.55, 6.3, 15.5]},
			"faces": {
				"north": {"uv": [0, 0, 0.15, 0.2], "texture": "#1"},
				"east": {"uv": [0, 0, 0.2, 0.2], "texture": "#1"},
				"south": {"uv": [0, 0, 0.15, 0.2], "texture": "#1"},
				"west": {"uv": [0, 0, 0.2, 0.2], "texture": "#1"},
				"up": {"uv": [0, 0, 0.15, 0.2], "texture": "#1"},
				"down": {"uv": [0, 0, 0.15, 0.2], "texture": "#1"}
			}
		},
		{
			"from": [7, 1.3, 7.6],
			"to": [7.9, 1.4, 8.4],
			"rotation": {"angle": 0, "axis": "y", "origin": [14.6, 6.9, 15.5]},
			"faces": {
				"north": {"uv": [0, 0, 0.9, 0.1], "texture": "#1"},
				"east": {"uv": [0, 0, 0.8, 0.1], "texture": "#1"},
				"south": {"uv": [0, 0, 0.9, 0.1], "texture": "#1"},
				"west": {"uv": [0, 0, 0.8, 0.1], "texture": "#1"},
				"up": {"uv": [0, 0, 0.9, 0.8], "texture": "#1"},
				"down": {"uv": [0, 0, 0.9, 0.8], "texture": "#1"}
			}
		},
		{
			"from": [5.5, 1.9, 7.6],
			"to": [10.25, 3, 8.4],
			"rotation": {"angle": 0, "axis": "y", "origin": [13, 8, 15.5]},
			"faces": {
				"north": {"uv": [0, 0, 4.75, 1.1], "texture": "#1"},
				"east": {"uv": [0, 0, 0.8, 1.1], "texture": "#1"},
				"south": {"uv": [0, 0, 4.75, 1.1], "texture": "#1"},
				"west": {"uv": [0, 0, 0.8, 1.1], "texture": "#1"},
				"up": {"uv": [0, 0, 4.75, 0.8], "texture": "#1"},
				"down": {"uv": [0, 0, 4.75, 0.8], "texture": "#1"}
			}
		},
		{
			"from": [10.25, 1.9, 7.6],
			"to": [13.5, 3, 8.4],
			"rotation": {"angle": 0, "axis": "y", "origin": [17.25, 8, 15.5]},
			"faces": {
				"north": {"uv": [0, 0, 3.25, 1.1], "texture": "#0"},
				"east": {"uv": [0, 0, 0.8, 1.1], "texture": "#0"},
				"south": {"uv": [0, 0, 3.25, 1.1], "texture": "#0"},
				"west": {"uv": [0, 0, 0.8, 1.1], "texture": "#0"},
				"up": {"uv": [0, 0, 3.25, 0.8], "texture": "#0"},
				"down": {"uv": [0, 0, 3.25, 0.8], "texture": "#0"}
			}
		},
		{
			"from": [5.8, 3, 7.85],
			"to": [10, 3.5, 8.15],
			"rotation": {"angle": 0, "axis": "y", "origin": [13, 9.1, 15.5]},
			"faces": {
				"north": {"uv": [0, 0, 4.2, 0.5], "texture": "#1"},
				"east": {"uv": [0, 0, 0.3, 0.5], "texture": "#1"},
				"south": {"uv": [0, 0, 4.2, 0.5], "texture": "#1"},
				"west": {"uv": [0, 0, 0.3, 0.5], "texture": "#1"},
				"up": {"uv": [0, 0, 4.2, 0.3], "texture": "#1"},
				"down": {"uv": [0, 0, 4.2, 0.3], "texture": "#1"}
			}
		},
		{
			"from": [5.6, 3, 7.7],
			"to": [5.7, 3.3, 8.3],
			"rotation": {"angle": 0, "axis": "y", "origin": [8.7, 9.1, 15.5]},
			"faces": {
				"north": {"uv": [0, 0, 0.1, 0.3], "texture": "#1"},
				"east": {"uv": [0, 0, 0.6, 0.3], "texture": "#1"},
				"south": {"uv": [0, 0, 0.1, 0.3], "texture": "#1"},
				"west": {"uv": [0, 0, 0.6, 0.3], "texture": "#1"},
				"up": {"uv": [0, 0, 0.1, 0.6], "texture": "#1"},
				"down": {"uv": [0, 0, 0.1, 0.6], "texture": "#1"}
			}
		},
		{
			"from": [5.7, 3, 7.6],
			"to": [5.8, 3.3, 7.85],
			"rotation": {"angle": 0, "axis": "y", "origin": [8.7, 9.1, 15.2]},
			"faces": {
				"north": {"uv": [0, 0, 0.1, 0.3], "texture": "#1"},
				"east": {"uv": [0, 0, 0.25, 0.3], "texture": "#1"},
				"south": {"uv": [0, 0, 0.1, 0.3], "texture": "#1"},
				"west": {"uv": [0, 0, 0.25, 0.3], "texture": "#1"},
				"up": {"uv": [0, 0, 0.1, 0.25], "texture": "#1"},
				"down": {"uv": [0, 0, 0.1, 0.25], "texture": "#1"}
			}
		},
		{
			"from": [5.7, 3, 8.15],
			"to": [5.8, 3.3, 8.4],
			"rotation": {"angle": 0, "axis": "y", "origin": [8.7, 9.1, 15.65]},
			"faces": {
				"north": {"uv": [0, 0, 0.1, 0.3], "texture": "#1"},
				"east": {"uv": [0, 0, 0.25, 0.3], "texture": "#1"},
				"south": {"uv": [0, 0, 0.1, 0.3], "texture": "#1"},
				"west": {"uv": [0, 0, 0.25, 0.3], "texture": "#1"},
				"up": {"uv": [0, 0, 0.1, 0.25], "texture": "#1"},
				"down": {"uv": [0, 0, 0.1, 0.25], "texture": "#1"}
			}
		},
		{
			"from": [5.7, 3, 8.15],
			"to": [5.8, 3.3, 8.3],
			"rotation": {"angle": 0, "axis": "y", "origin": [8.7, 9.1, 15.65]},
			"faces": {
				"north": {"uv": [0, 0, 0.1, 0.3], "texture": "#1"},
				"east": {"uv": [0, 0, 0.15, 0.3], "texture": "#1"},
				"south": {"uv": [0, 0, 0.1, 0.3], "texture": "#1"},
				"west": {"uv": [0, 0, 0.15, 0.3], "texture": "#1"},
				"up": {"uv": [0, 0, 0.1, 0.15], "texture": "#1"},
				"down": {"uv": [0, 0, 0.1, 0.15], "texture": "#1"}
			}
		},
		{
			"from": [5.5, 3, 7.7],
			"to": [5.6, 3.2, 8.3],
			"rotation": {"angle": 0, "axis": "y", "origin": [8.6, 9.1, 15.5]},
			"faces": {
				"north": {"uv": [0, 0, 0.1, 0.2], "texture": "#1"},
				"east": {"uv": [0, 0, 0.6, 0.2], "texture": "#1"},
				"south": {"uv": [0, 0, 0.1, 0.2], "texture": "#1"},
				"west": {"uv": [0, 0, 0.6, 0.2], "texture": "#1"},
				"up": {"uv": [0, 0, 0.1, 0.6], "texture": "#1"},
				"down": {"uv": [0, 0, 0.1, 0.6], "texture": "#1"}
			}
		},
		{
			"from": [5.7, 3, 7.85],
			"to": [5.8, 3.4, 8.15],
			"rotation": {"angle": 0, "axis": "y", "origin": [8.8, 9.1, 15.5]},
			"faces": {
				"north": {"uv": [0, 0, 0.1, 0.4], "texture": "#1"},
				"east": {"uv": [0, 0, 0.3, 0.4], "texture": "#1"},
				"south": {"uv": [0, 0, 0.1, 0.4], "texture": "#1"},
				"west": {"uv": [0, 0, 0.3, 0.4], "texture": "#1"},
				"up": {"uv": [0, 0, 0.1, 0.3], "texture": "#1"},
				"down": {"uv": [0, 0, 0.1, 0.3], "texture": "#1"}
			}
		},
		{
			"from": [5.8, 3, 8.15],
			"to": [10, 3.4, 8.3],
			"rotation": {"angle": 0, "axis": "y", "origin": [13, 9.1, 15.75]},
			"faces": {
				"north": {"uv": [0, 0, 4.2, 0.4], "texture": "#1"},
				"east": {"uv": [0, 0, 0.15, 0.4], "texture": "#1"},
				"south": {"uv": [0, 0, 4.2, 0.4], "texture": "#1"},
				"west": {"uv": [0, 0, 0.15, 0.4], "texture": "#1"},
				"up": {"uv": [0, 0, 4.2, 0.15], "texture": "#1"},
				"down": {"uv": [0, 0, 4.2, 0.15], "texture": "#1"}
			}
		},
		{
			"from": [5.8, 3, 8.3],
			"to": [10, 3.3, 8.4],
			"rotation": {"angle": 0, "axis": "y", "origin": [13, 9.1, 15.85]},
			"faces": {
				"north": {"uv": [0, 0, 4.2, 0.3], "texture": "#1"},
				"east": {"uv": [0, 0, 0.1, 0.3], "texture": "#1"},
				"south": {"uv": [0, 0, 4.2, 0.3], "texture": "#1"},
				"west": {"uv": [0, 0, 0.1, 0.3], "texture": "#1"},
				"up": {"uv": [0, 0, 4.2, 0.1], "texture": "#1"},
				"down": {"uv": [0, 0, 4.2, 0.1], "texture": "#1"}
			}
		},
		{
			"from": [5.8, 3, 7.6],
			"to": [10, 3.3, 7.7],
			"rotation": {"angle": 0, "axis": "y", "origin": [13, 9.1, 15.15]},
			"faces": {
				"north": {"uv": [0, 0, 4.2, 0.3], "texture": "#1"},
				"east": {"uv": [0, 0, 0.1, 0.3], "texture": "#1"},
				"south": {"uv": [0, 0, 4.2, 0.3], "texture": "#1"},
				"west": {"uv": [0, 0, 0.1, 0.3], "texture": "#1"},
				"up": {"uv": [0, 0, 4.2, 0.1], "texture": "#1"},
				"down": {"uv": [0, 0, 4.2, 0.1], "texture": "#1"}
			}
		},
		{
			"from": [5.8, 3, 7.7],
			"to": [10, 3.4, 7.85],
			"rotation": {"angle": 0, "axis": "y", "origin": [13, 9.1, 15.2]},
			"faces": {
				"north": {"uv": [0, 0, 4.2, 0.4], "texture": "#1"},
				"east": {"uv": [0, 0, 0.15, 0.4], "texture": "#1"},
				"south": {"uv": [0, 0, 4.2, 0.4], "texture": "#1"},
				"west": {"uv": [0, 0, 0.15, 0.4], "texture": "#1"},
				"up": {"uv": [0, 0, 4.2, 0.15], "texture": "#1"},
				"down": {"uv": [0, 0, 4.2, 0.15], "texture": "#1"}
			}
		},
		{
			"from": [11.25, 3.1, 7.6],
			"to": [13.5, 3.5, 8.4],
			"rotation": {"angle": 0, "axis": "y", "origin": [18.25, 9.1, 15.5]},
			"faces": {
				"north": {"uv": [0, 0, 2.25, 0.4], "texture": "#0"},
				"east": {"uv": [0, 0, 0.8, 0.4], "texture": "#0"},
				"south": {"uv": [0, 0, 2.25, 0.4], "texture": "#0"},
				"west": {"uv": [0, 0, 0.8, 0.4], "texture": "#0"},
				"up": {"uv": [0, 0, 2.25, 0.8], "texture": "#0"},
				"down": {"uv": [0, 0, 2.25, 0.8], "texture": "#0"}
			}
		},
		{
			"from": [11.25, 3, 7.6],
			"to": [11.5, 3.1, 8.4],
			"rotation": {"angle": 0, "axis": "y", "origin": [18.25, 9, 15.5]},
			"faces": {
				"north": {"uv": [0, 0, 0.25, 0.1], "texture": "#0"},
				"east": {"uv": [0, 0, 0.8, 0.1], "texture": "#0"},
				"south": {"uv": [0, 0, 0.25, 0.1], "texture": "#0"},
				"west": {"uv": [0, 0, 0.8, 0.1], "texture": "#0"},
				"up": {"uv": [0, 0, 0.25, 0.8], "texture": "#0"},
				"down": {"uv": [0, 0, 0.25, 0.8], "texture": "#0"}
			}
		},
		{
			"from": [12.25, 3, 7.6],
			"to": [12.5, 3.1, 8.4],
			"rotation": {"angle": 0, "axis": "y", "origin": [19.25, 9, 15.5]},
			"faces": {
				"north": {"uv": [0, 0, 0.25, 0.1], "texture": "#0"},
				"east": {"uv": [0, 0, 0.8, 0.1], "texture": "#0"},
				"south": {"uv": [0, 0, 0.25, 0.1], "texture": "#0"},
				"west": {"uv": [0, 0, 0.8, 0.1], "texture": "#0"},
				"up": {"uv": [0, 0, 0.25, 0.8], "texture": "#0"},
				"down": {"uv": [0, 0, 0.25, 0.8], "texture": "#0"}
			}
		},
		{
			"from": [13.25, 3, 7.6],
			"to": [13.5, 3.1, 8.4],
			"rotation": {"angle": 0, "axis": "y", "origin": [20.25, 9, 15.5]},
			"faces": {
				"north": {"uv": [0, 0, 0.25, 0.1], "texture": "#0"},
				"east": {"uv": [0, 0, 0.8, 0.1], "texture": "#0"},
				"south": {"uv": [0, 0, 0.25, 0.1], "texture": "#0"},
				"west": {"uv": [0, 0, 0.8, 0.1], "texture": "#0"},
				"up": {"uv": [0, 0, 0.25, 0.8], "texture": "#0"},
				"down": {"uv": [0, 0, 0.25, 0.8], "texture": "#0"}
			}
		},
		{
			"from": [13.5, 1.9, 7.6],
			"to": [13.65, 3.5, 8.4],
			"rotation": {"angle": 0, "axis": "y", "origin": [20.5, 9, 15.5]},
			"faces": {
				"north": {"uv": [0, 0, 0.15, 1.6], "texture": "#1"},
				"east": {"uv": [0, 0, 0.8, 1.6], "texture": "#1"},
				"south": {"uv": [0, 0, 0.15, 1.6], "texture": "#1"},
				"west": {"uv": [0, 0, 0.8, 1.6], "texture": "#1"},
				"up": {"uv": [0, 0, 0.15, 0.8], "texture": "#1"},
				"down": {"uv": [0, 0, 0.15, 0.8], "texture": "#1"}
			}
		},
		{
			"from": [13.65, 2.35, 7.85],
			"to": [18.3, 2.65, 8.15],
			"rotation": {"angle": 0, "axis": "y", "origin": [20.65, 9.1, 15.5]},
			"faces": {
				"north": {"uv": [0, 0, 4.65, 0.3], "texture": "#1"},
				"east": {"uv": [0, 0, 0.3, 0.3], "texture": "#1"},
				"south": {"uv": [0, 0, 4.65, 0.3], "texture": "#1"},
				"west": {"uv": [0, 0, 0.3, 0.3], "texture": "#1"},
				"up": {"uv": [0, 0, 4.65, 0.3], "texture": "#1"},
				"down": {"uv": [0, 0, 4.65, 0.3], "texture": "#1"}
			}
		},
		{
			"from": [13.65, 2.2, 7.95],
			"to": [18.05, 2.3, 8.05],
			"rotation": {"angle": 0, "axis": "y", "origin": [20.65, 8.85, 15.5]},
			"faces": {
				"north": {"uv": [0, 0, 4.4, 0.1], "texture": "#1"},
				"east": {"uv": [0, 0, 0.1, 0.1], "texture": "#1"},
				"south": {"uv": [0, 0, 4.4, 0.1], "texture": "#1"},
				"west": {"uv": [0, 0, 0.1, 0.1], "texture": "#1"},
				"up": {"uv": [0, 0, 4.4, 0.1], "texture": "#1"},
				"down": {"uv": [0, 0, 4.4, 0.1], "texture": "#1"}
			}
		},
		{
			"from": [13.65, 2.9, 7.85],
			"to": [15.8, 3.2, 8.15],
			"rotation": {"angle": 0, "axis": "y", "origin": [20.65, 9.65, 15.5]},
			"faces": {
				"north": {"uv": [0, 0, 2.15, 0.3], "texture": "#1"},
				"east": {"uv": [0, 0, 0.3, 0.3], "texture": "#1"},
				"south": {"uv": [0, 0, 2.15, 0.3], "texture": "#1"},
				"west": {"uv": [0, 0, 0.3, 0.3], "texture": "#1"},
				"up": {"uv": [0, 0, 2.15, 0.3], "texture": "#1"},
				"down": {"uv": [0, 0, 2.15, 0.3], "texture": "#1"}
			}
		},
		{
			"from": [15.75, 2.65, 7.85],
			"to": [15.85, 3, 8.15],
			"rotation": {"angle": 0, "axis": "y", "origin": [21.25, 9.35, 15.5]},
			"faces": {
				"north": {"uv": [0, 0, 0.1, 0.35], "texture": "#1"},
				"east": {"uv": [0, 0, 0.3, 0.35], "texture": "#1"},
				"south": {"uv": [0, 0, 0.1, 0.35], "texture": "#1"},
				"west": {"uv": [0, 0, 0.3, 0.35], "texture": "#1"},
				"up": {"uv": [0, 0, 0.1, 0.3], "texture": "#1"},
				"down": {"uv": [0, 0, 0.1, 0.3], "texture": "#1"}
			}
		},
		{
			"from": [16.05, 2.2, 7.85],
			"to": [16.15, 2.35, 8.15],
			"rotation": {"angle": 0, "axis": "y", "origin": [21.55, 8.7, 15.5]},
			"faces": {
				"north": {"uv": [0, 0, 0.1, 0.15], "texture": "#1"},
				"east": {"uv": [0, 0, 0.3, 0.15], "texture": "#1"},
				"south": {"uv": [0, 0, 0.1, 0.15], "texture": "#1"},
				"west": {"uv": [0, 0, 0.3, 0.15], "texture": "#1"},
				"up": {"uv": [0, 0, 0.1, 0.3], "texture": "#1"},
				"down": {"uv": [0, 0, 0.1, 0.3], "texture": "#1"}
			}
		},
		{
			"from": [18, 2.2, 7.85],
			"to": [18.1, 2.35, 8.15],
			"rotation": {"angle": 0, "axis": "y", "origin": [23.5, 8.7, 15.5]},
			"faces": {
				"north": {"uv": [0, 0, 0.1, 0.15], "texture": "#1"},
				"east": {"uv": [0, 0, 0.3, 0.15], "texture": "#1"},
				"south": {"uv": [0, 0, 0.1, 0.15], "texture": "#1"},
				"west": {"uv": [0, 0, 0.3, 0.15], "texture": "#1"},
				"up": {"uv": [0, 0, 0.1, 0.3], "texture": "#1"},
				"down": {"uv": [0, 0, 0.1, 0.3], "texture": "#1"}
			}
		},
		{
			"from": [18.3, 2.35, 7.85],
			"to": [18.75, 2.4, 8.15],
			"rotation": {"angle": 0, "axis": "y", "origin": [23.8, 8.85, 15.5]},
			"faces": {
				"north": {"uv": [0, 0, 0.45, 0.05], "texture": "#1"},
				"east": {"uv": [0, 0, 0.3, 0.05], "texture": "#1"},
				"south": {"uv": [0, 0, 0.45, 0.05], "texture": "#1"},
				"west": {"uv": [0, 0, 0.3, 0.05], "texture": "#1"},
				"up": {"uv": [0, 0, 0.45, 0.3], "texture": "#1"},
				"down": {"uv": [0, 0, 0.45, 0.3], "texture": "#1"}
			}
		},
		{
			"from": [18.3, 2.6, 7.85],
			"to": [18.45, 2.65, 8.15],
			"rotation": {"angle": 0, "axis": "y", "origin": [23.8, 9.1, 15.5]},
			"faces": {
				"north": {"uv": [0, 0, 0.15, 0.05], "texture": "#1"},
				"east": {"uv": [0, 0, 0.3, 0.05], "texture": "#1"},
				"south": {"uv": [0, 0, 0.15, 0.05], "texture": "#1"},
				"west": {"uv": [0, 0, 0.3, 0.05], "texture": "#1"},
				"up": {"uv": [0, 0, 0.15, 0.3], "texture": "#1"},
				"down": {"uv": [0, 0, 0.15, 0.3], "texture": "#1"}
			}
		},
		{
			"from": [18.3, 2.35, 7.85],
			"to": [18.55, 2.65, 7.9],
			"rotation": {"angle": 0, "axis": "y", "origin": [23.8, 9.1, 15.5]},
			"faces": {
				"north": {"uv": [0, 0, 0.25, 0.3], "texture": "#1"},
				"east": {"uv": [0, 0, 0.05, 0.3], "texture": "#1"},
				"south": {"uv": [0, 0, 0.25, 0.3], "texture": "#1"},
				"west": {"uv": [0, 0, 0.05, 0.3], "texture": "#1"},
				"up": {"uv": [0, 0, 0.25, 0.05], "texture": "#1"},
				"down": {"uv": [0, 0, 0.25, 0.05], "texture": "#1"}
			}
		},
		{
			"from": [18.55, 2.35, 7.85],
			"to": [18.6, 2.55, 7.9],
			"rotation": {"angle": 0, "axis": "y", "origin": [24.05, 9.1, 15.5]},
			"faces": {
				"north": {"uv": [0, 0, 0.05, 0.2], "texture": "#1"},
				"east": {"uv": [0, 0, 0.05, 0.2], "texture": "#1"},
				"south": {"uv": [0, 0, 0.05, 0.2], "texture": "#1"},
				"west": {"uv": [0, 0, 0.05, 0.2], "texture": "#1"},
				"up": {"uv": [0, 0, 0.05, 0.05], "texture": "#1"},
				"down": {"uv": [0, 0, 0.05, 0.05], "texture": "#1"}
			}
		},
		{
			"from": [18.6, 2.35, 7.85],
			"to": [18.65, 2.45, 7.9],
			"rotation": {"angle": 0, "axis": "y", "origin": [24.1, 9.1, 15.5]},
			"faces": {
				"north": {"uv": [0, 0, 0.05, 0.1], "texture": "#1"},
				"east": {"uv": [0, 0, 0.05, 0.1], "texture": "#1"},
				"south": {"uv": [0, 0, 0.05, 0.1], "texture": "#1"},
				"west": {"uv": [0, 0, 0.05, 0.1], "texture": "#1"},
				"up": {"uv": [0, 0, 0.05, 0.05], "texture": "#1"},
				"down": {"uv": [0, 0, 0.05, 0.05], "texture": "#1"}
			}
		},
		{
			"from": [18.6, 2.35, 8.1],
			"to": [18.65, 2.45, 8.15],
			"rotation": {"angle": 0, "axis": "y", "origin": [24.1, 9.1, 15.75]},
			"faces": {
				"north": {"uv": [0, 0, 0.05, 0.1], "texture": "#1"},
				"east": {"uv": [0, 0, 0.05, 0.1], "texture": "#1"},
				"south": {"uv": [0, 0, 0.05, 0.1], "texture": "#1"},
				"west": {"uv": [0, 0, 0.05, 0.1], "texture": "#1"},
				"up": {"uv": [0, 0, 0.05, 0.05], "texture": "#1"},
				"down": {"uv": [0, 0, 0.05, 0.05], "texture": "#1"}
			}
		},
		{
			"from": [18.55, 2.35, 8.1],
			"to": [18.6, 2.55, 8.15],
			"rotation": {"angle": 0, "axis": "y", "origin": [24.05, 9.1, 15.75]},
			"faces": {
				"north": {"uv": [0, 0, 0.05, 0.2], "texture": "#1"},
				"east": {"uv": [0, 0, 0.05, 0.2], "texture": "#1"},
				"south": {"uv": [0, 0, 0.05, 0.2], "texture": "#1"},
				"west": {"uv": [0, 0, 0.05, 0.2], "texture": "#1"},
				"up": {"uv": [0, 0, 0.05, 0.05], "texture": "#1"},
				"down": {"uv": [0, 0, 0.05, 0.05], "texture": "#1"}
			}
		},
		{
			"from": [18.3, 2.35, 8.1],
			"to": [18.55, 2.65, 8.15],
			"rotation": {"angle": 0, "axis": "y", "origin": [23.8, 9.1, 15.75]},
			"faces": {
				"north": {"uv": [0, 0, 0.25, 0.3], "texture": "#1"},
				"east": {"uv": [0, 0, 0.05, 0.3], "texture": "#1"},
				"south": {"uv": [0, 0, 0.25, 0.3], "texture": "#1"},
				"west": {"uv": [0, 0, 0.05, 0.3], "texture": "#1"},
				"up": {"uv": [0, 0, 0.25, 0.05], "texture": "#1"},
				"down": {"uv": [0, 0, 0.25, 0.05], "texture": "#1"}
			}
		},
		{
			"from": [18, 2.65, 7.95],
			"to": [18.1, 3.95, 8.05],
			"rotation": {"angle": 0, "axis": "y", "origin": [23.5, 9.15, 15.5]},
			"faces": {
				"north": {"uv": [0, 0, 0.1, 1.3], "texture": "#1"},
				"east": {"uv": [0, 0, 0.1, 1.3], "texture": "#1"},
				"south": {"uv": [0, 0, 0.1, 1.3], "texture": "#1"},
				"west": {"uv": [0, 0, 0.1, 1.3], "texture": "#1"},
				"up": {"uv": [0, 0, 0.1, 0.1], "texture": "#1"},
				"down": {"uv": [0, 0, 0.1, 0.1], "texture": "#1"}
			}
		},
		{
			"from": [17.9, 2.9, 7.95],
			"to": [18, 3.95, 8.05],
			"rotation": {"angle": 0, "axis": "y", "origin": [23.4, 9.15, 15.5]},
			"faces": {
				"north": {"uv": [0, 0, 0.1, 1.05], "texture": "#1"},
				"east": {"uv": [0, 0, 0.1, 1.05], "texture": "#1"},
				"south": {"uv": [0, 0, 0.1, 1.05], "texture": "#1"},
				"west": {"uv": [0, 0, 0.1, 1.05], "texture": "#1"},
				"up": {"uv": [0, 0, 0.1, 0.1], "texture": "#1"},
				"down": {"uv": [0, 0, 0.1, 0.1], "texture": "#1"}
			}
		},
		{
			"from": [17.8, 2.9, 7.95],
			"to": [17.9, 3.75, 8.05],
			"rotation": {"angle": 0, "axis": "y", "origin": [23.3, 9.15, 15.5]},
			"faces": {
				"north": {"uv": [0, 0, 0.1, 0.85], "texture": "#1"},
				"east": {"uv": [0, 0, 0.1, 0.85], "texture": "#1"},
				"south": {"uv": [0, 0, 0.1, 0.85], "texture": "#1"},
				"west": {"uv": [0, 0, 0.1, 0.85], "texture": "#1"},
				"up": {"uv": [0, 0, 0.1, 0.1], "texture": "#1"},
				"down": {"uv": [0, 0, 0.1, 0.1], "texture": "#1"}
			}
		},
		{
			"from": [17.7, 2.6, 7.95],
			"to": [17.8, 3.45, 8.05],
			"rotation": {"angle": 0, "axis": "y", "origin": [23.2, 9.15, 15.5]},
			"faces": {
				"north": {"uv": [0, 0, 0.1, 0.85], "texture": "#1"},
				"east": {"uv": [0, 0, 0.1, 0.85], "texture": "#1"},
				"south": {"uv": [0, 0, 0.1, 0.85], "texture": "#1"},
				"west": {"uv": [0, 0, 0.1, 0.85], "texture": "#1"},
				"up": {"uv": [0, 0, 0.1, 0.1], "texture": "#1"},
				"down": {"uv": [0, 0, 0.1, 0.1], "texture": "#1"}
			}
		},
		{
			"from": [15.85, 2.65, 7.85],
			"to": [15.95, 2.9, 8.15],
			"rotation": {"angle": 0, "axis": "y", "origin": [21.35, 9.35, 15.5]},
			"faces": {
				"north": {"uv": [0, 0, 0.1, 0.25], "texture": "#1"},
				"east": {"uv": [0, 0, 0.3, 0.25], "texture": "#1"},
				"south": {"uv": [0, 0, 0.1, 0.25], "texture": "#1"},
				"west": {"uv": [0, 0, 0.3, 0.25], "texture": "#1"},
				"up": {"uv": [0, 0, 0.1, 0.3], "texture": "#1"},
				"down": {"uv": [0, 0, 0.1, 0.3], "texture": "#1"}
			}
		},
		{
			"from": [15.95, 2.65, 7.85],
			"to": [16.05, 2.8, 8.15],
			"rotation": {"angle": 0, "axis": "y", "origin": [21.45, 9.35, 15.5]},
			"faces": {
				"north": {"uv": [0, 0, 0.1, 0.15], "texture": "#1"},
				"east": {"uv": [0, 0, 0.3, 0.15], "texture": "#1"},
				"south": {"uv": [0, 0, 0.1, 0.15], "texture": "#1"},
				"west": {"uv": [0, 0, 0.3, 0.15], "texture": "#1"},
				"up": {"uv": [0, 0, 0.1, 0.3], "texture": "#1"},
				"down": {"uv": [0, 0, 0.1, 0.3], "texture": "#1"}
			}
		},
		{
			"from": [10, 3, 7.6],
			"to": [11.25, 3.6, 8.4],
			"rotation": {"angle": 0, "axis": "y", "origin": [16, 9.1, 15.5]},
			"faces": {
				"north": {"uv": [0, 0, 1.25, 0.6], "texture": "#1"},
				"east": {"uv": [0, 0, 0.8, 0.6], "texture": "#1"},
				"south": {"uv": [0, 0, 1.25, 0.6], "texture": "#1"},
				"west": {"uv": [0, 0, 0.8, 0.6], "texture": "#1"},
				"up": {"uv": [0, 0, 1.25, 0.8], "texture": "#1"},
				"down": {"uv": [0, 0, 1.25, 0.8], "texture": "#1"}
			}
		},
		{
			"from": [10, 3.6, 7.8],
			"to": [11.15, 3.7, 8.2],
			"rotation": {"angle": 0, "axis": "y", "origin": [16, 9.7, 15.5]},
			"faces": {
				"north": {"uv": [0, 0, 1.15, 0.1], "texture": "#1"},
				"east": {"uv": [0, 0, 0.4, 0.1], "texture": "#1"},
				"south": {"uv": [0, 0, 1.15, 0.1], "texture": "#1"},
				"west": {"uv": [0, 0, 0.4, 0.1], "texture": "#1"},
				"up": {"uv": [0, 0, 1.15, 0.4], "texture": "#1"},
				"down": {"uv": [0, 0, 1.15, 0.4], "texture": "#1"}
			}
		},
		{
			"from": [9.7, 3.7, 7.85],
			"to": [10.65, 3.85, 7.95],
			"rotation": {"angle": 0, "axis": "y", "origin": [16, 9.8, 15.55]},
			"faces": {
				"north": {"uv": [0, 0, 0.95, 0.15], "texture": "#1"},
				"east": {"uv": [0, 0, 0.1, 0.15], "texture": "#1"},
				"south": {"uv": [0, 0, 0.95, 0.15], "texture": "#1"},
				"west": {"uv": [0, 0, 0.1, 0.15], "texture": "#1"},
				"up": {"uv": [0, 0, 0.95, 0.1], "texture": "#1"},
				"down": {"uv": [0, 0, 0.95, 0.1], "texture": "#1"}
			}
		},
		{
			"from": [9.7, 3.7, 8.05],
			"to": [10.65, 3.85, 8.15],
			"rotation": {"angle": 0, "axis": "y", "origin": [16, 9.8, 15.75]},
			"faces": {
				"north": {"uv": [0, 0, 0.95, 0.15], "texture": "#1"},
				"east": {"uv": [0, 0, 0.1, 0.15], "texture": "#1"},
				"south": {"uv": [0, 0, 0.95, 0.15], "texture": "#1"},
				"west": {"uv": [0, 0, 0.1, 0.15], "texture": "#1"},
				"up": {"uv": [0, 0, 0.95, 0.1], "texture": "#1"},
				"down": {"uv": [0, 0, 0.95, 0.1], "texture": "#1"}
			}
		},
		{
			"from": [9.7, 3.7, 7.75],
			"to": [9.85, 3.8, 8.25],
			"rotation": {"angle": 0, "axis": "y", "origin": [16, 9.8, 15.75]},
			"faces": {
				"north": {"uv": [0, 0, 0.15, 0.1], "texture": "#1"},
				"east": {"uv": [0, 0, 0.5, 0.1], "texture": "#1"},
				"south": {"uv": [0, 0, 0.15, 0.1], "texture": "#1"},
				"west": {"uv": [0, 0, 0.5, 0.1], "texture": "#1"},
				"up": {"uv": [0, 0, 0.15, 0.5], "texture": "#1"},
				"down": {"uv": [0, 0, 0.15, 0.5], "texture": "#1"}
			}
		},
		{
			"from": [10.35, 3.65, 7.75],
			"to": [10.75, 3.75, 8.25],
			"rotation": {"angle": 0, "axis": "y", "origin": [16.9, 9.75, 15.75]},
			"faces": {
				"north": {"uv": [0, 0, 0.4, 0.1], "texture": "#1"},
				"east": {"uv": [0, 0, 0.5, 0.1], "texture": "#1"},
				"south": {"uv": [0, 0, 0.4, 0.1], "texture": "#1"},
				"west": {"uv": [0, 0, 0.5, 0.1], "texture": "#1"},
				"up": {"uv": [0, 0, 0.4, 0.5], "texture": "#1"},
				"down": {"uv": [0, 0, 0.4, 0.5], "texture": "#1"}
			}
		},
		{
			"from": [4, 1.7, 7.6],
			"to": [4.25, 2.9, 8.4],
			"rotation": {"angle": 0, "axis": "y", "origin": [11.5, 8, 15.5]},
			"faces": {
				"north": {"uv": [0, 0, 0.25, 1.2], "texture": "#0"},
				"east": {"uv": [0, 0, 0.8, 1.2], "texture": "#0"},
				"south": {"uv": [0, 0, 0.25, 1.2], "texture": "#0"},
				"west": {"uv": [0, 0, 0.8, 1.2], "texture": "#0"},
				"up": {"uv": [0, 0, 0.25, 0.8], "texture": "#0"},
				"down": {"uv": [0, 0, 0.25, 0.8], "texture": "#0"}
			}
		},
		{
			"from": [4.5, 1.8, 7.6],
			"to": [4.75, 3, 8.4],
			"rotation": {"angle": 0, "axis": "y", "origin": [12, 8, 15.5]},
			"faces": {
				"north": {"uv": [0, 0, 0.25, 1.2], "texture": "#0"},
				"east": {"uv": [0, 0, 0.8, 1.2], "texture": "#0"},
				"south": {"uv": [0, 0, 0.25, 1.2], "texture": "#0"},
				"west": {"uv": [0, 0, 0.8, 1.2], "texture": "#0"},
				"up": {"uv": [0, 0, 0.25, 0.8], "texture": "#0"},
				"down": {"uv": [0, 0, 0.25, 0.8], "texture": "#0"}
			}
		},
		{
			"from": [3.5, 1.6, 7.6],
			"to": [3.75, 2.8, 8.4],
			"rotation": {"angle": 0, "axis": "y", "origin": [11, 8, 15.5]},
			"faces": {
				"north": {"uv": [0, 0, 0.25, 1.2], "texture": "#0"},
				"east": {"uv": [0, 0, 0.8, 1.2], "texture": "#0"},
				"south": {"uv": [0, 0, 0.25, 1.2], "texture": "#0"},
				"west": {"uv": [0, 0, 0.8, 1.2], "texture": "#0"},
				"up": {"uv": [0, 0, 0.25, 0.8], "texture": "#0"},
				"down": {"uv": [0, 0, 0.25, 0.8], "texture": "#0"}
			}
		},
		{
			"from": [4.75, 1.9, 7.6],
			"to": [5, 3, 8.4],
			"rotation": {"angle": 0, "axis": "y", "origin": [12.25, 8, 15.5]},
			"faces": {
				"north": {"uv": [0, 0, 0.25, 1.1], "texture": "#0"},
				"east": {"uv": [0, 0, 0.8, 1.1], "texture": "#0"},
				"south": {"uv": [0, 0, 0.25, 1.1], "texture": "#0"},
				"west": {"uv": [0, 0, 0.8, 1.1], "texture": "#0"},
				"up": {"uv": [0, 0, 0.25, 0.8], "texture": "#0"},
				"down": {"uv": [0, 0, 0.25, 0.8], "texture": "#0"}
			}
		},
		{
			"from": [3.75, 1.7, 7.6],
			"to": [4, 2.9, 8.4],
			"rotation": {"angle": 0, "axis": "y", "origin": [11.25, 8, 15.5]},
			"faces": {
				"north": {"uv": [0, 0, 0.25, 1.2], "texture": "#0"},
				"east": {"uv": [0, 0, 0.8, 1.2], "texture": "#0"},
				"south": {"uv": [0, 0, 0.25, 1.2], "texture": "#0"},
				"west": {"uv": [0, 0, 0.8, 1.2], "texture": "#0"},
				"up": {"uv": [0, 0, 0.25, 0.8], "texture": "#0"},
				"down": {"uv": [0, 0, 0.25, 0.8], "texture": "#0"}
			}
		},
		{
			"from": [4.25, 1.8, 7.6],
			"to": [4.5, 3, 8.4],
			"rotation": {"angle": 0, "axis": "y", "origin": [11.75, 8, 15.5]},
			"faces": {
				"north": {"uv": [0, 0, 0.25, 1.2], "texture": "#0"},
				"east": {"uv": [0, 0, 0.8, 1.2], "texture": "#0"},
				"south": {"uv": [0, 0, 0.25, 1.2], "texture": "#0"},
				"west": {"uv": [0, 0, 0.8, 1.2], "texture": "#0"},
				"up": {"uv": [0, 0, 0.25, 0.8], "texture": "#0"},
				"down": {"uv": [0, 0, 0.25, 0.8], "texture": "#0"}
			}
		},
		{
			"from": [3.25, 1.6, 7.6],
			"to": [3.5, 2.8, 8.4],
			"rotation": {"angle": 0, "axis": "y", "origin": [10.75, 8, 15.5]},
			"faces": {
				"north": {"uv": [0, 0, 0.25, 1.2], "texture": "#0"},
				"east": {"uv": [0, 0, 0.8, 1.2], "texture": "#0"},
				"south": {"uv": [0, 0, 0.25, 1.2], "texture": "#0"},
				"west": {"uv": [0, 0, 0.8, 1.2], "texture": "#0"},
				"up": {"uv": [0, 0, 0.25, 0.8], "texture": "#0"},
				"down": {"uv": [0, 0, 0.25, 0.8], "texture": "#0"}
			}
		},
		{
			"from": [2, 1.3, 7.6],
			"to": [2.25, 3, 8.4],
			"rotation": {"angle": 0, "axis": "y", "origin": [9.5, 8, 15.5]},
			"faces": {
				"north": {"uv": [0, 0, 0.25, 1.7], "texture": "#0"},
				"east": {"uv": [0, 0, 0.8, 1.7], "texture": "#0"},
				"south": {"uv": [0, 0, 0.25, 1.7], "texture": "#0"},
				"west": {"uv": [0, 0, 0.8, 1.7], "texture": "#0"},
				"up": {"uv": [0, 0, 0.25, 0.8], "texture": "#0"},
				"down": {"uv": [0, 0, 0.25, 0.8], "texture": "#0"}
			}
		},
		{
			"from": [3, 1.5, 7.6],
			"to": [3.25, 2.7, 8.4],
			"rotation": {"angle": 0, "axis": "y", "origin": [10.5, 8, 15.5]},
			"faces": {
				"north": {"uv": [0, 0, 0.25, 1.2], "texture": "#0"},
				"east": {"uv": [0, 0, 0.8, 1.2], "texture": "#0"},
				"south": {"uv": [0, 0, 0.25, 1.2], "texture": "#0"},
				"west": {"uv": [0, 0, 0.8, 1.2], "texture": "#0"},
				"up": {"uv": [0, 0, 0.25, 0.8], "texture": "#0"},
				"down": {"uv": [0, 0, 0.25, 0.8], "texture": "#0"}
			}
		},
		{
			"from": [1.75, 1.3, 7.6],
			"to": [2, 3, 8.4],
			"rotation": {"angle": 0, "axis": "y", "origin": [9.25, 8, 15.5]},
			"faces": {
				"north": {"uv": [0, 0, 0.25, 1.7], "texture": "#0"},
				"east": {"uv": [0, 0, 0.8, 1.7], "texture": "#0"},
				"south": {"uv": [0, 0, 0.25, 1.7], "texture": "#0"},
				"west": {"uv": [0, 0, 0.8, 1.7], "texture": "#0"},
				"up": {"uv": [0, 0, 0.25, 0.8], "texture": "#0"},
				"down": {"uv": [0, 0, 0.25, 0.8], "texture": "#0"}
			}
		},
		{
			"from": [2.75, 1.5, 7.6],
			"to": [3, 2.7, 8.4],
			"rotation": {"angle": 0, "axis": "y", "origin": [10.25, 8, 15.5]},
			"faces": {
				"north": {"uv": [0, 0, 0.25, 1.2], "texture": "#0"},
				"east": {"uv": [0, 0, 0.8, 1.2], "texture": "#0"},
				"south": {"uv": [0, 0, 0.25, 1.2], "texture": "#0"},
				"west": {"uv": [0, 0, 0.8, 1.2], "texture": "#0"},
				"up": {"uv": [0, 0, 0.25, 0.8], "texture": "#0"},
				"down": {"uv": [0, 0, 0.25, 0.8], "texture": "#0"}
			}
		},
		{
			"from": [1.5, 1.2, 7.6],
			"to": [1.75, 3, 8.4],
			"rotation": {"angle": 0, "axis": "y", "origin": [9, 8, 15.5]},
			"faces": {
				"north": {"uv": [0, 0, 0.25, 1.8], "texture": "#0"},
				"east": {"uv": [0, 0, 0.8, 1.8], "texture": "#0"},
				"south": {"uv": [0, 0, 0.25, 1.8], "texture": "#0"},
				"west": {"uv": [0, 0, 0.8, 1.8], "texture": "#0"},
				"up": {"uv": [0, 0, 0.25, 0.8], "texture": "#0"},
				"down": {"uv": [0, 0, 0.25, 0.8], "texture": "#0"}
			}
		},
		{
			"from": [2.5, 1.4, 7.6],
			"to": [2.75, 2.8, 8.4],
			"rotation": {"angle": 0, "axis": "y", "origin": [10, 8, 15.5]},
			"faces": {
				"north": {"uv": [0, 0, 0.25, 1.4], "texture": "#0"},
				"east": {"uv": [0, 0, 0.8, 1.4], "texture": "#0"},
				"south": {"uv": [0, 0, 0.25, 1.4], "texture": "#0"},
				"west": {"uv": [0, 0, 0.8, 1.4], "texture": "#0"},
				"up": {"uv": [0, 0, 0.25, 0.8], "texture": "#0"},
				"down": {"uv": [0, 0, 0.25, 0.8], "texture": "#0"}
			}
		},
		{
			"from": [2.25, 1.4, 7.6],
			"to": [2.5, 2.9, 8.4],
			"rotation": {"angle": 0, "axis": "y", "origin": [9.75, 8, 15.5]},
			"faces": {
				"north": {"uv": [0, 0, 0.25, 1.5], "texture": "#0"},
				"east": {"uv": [0, 0, 0.8, 1.5], "texture": "#0"},
				"south": {"uv": [0, 0, 0.25, 1.5], "texture": "#0"},
				"west": {"uv": [0, 0, 0.8, 1.5], "texture": "#0"},
				"up": {"uv": [0, 0, 0.25, 0.8], "texture": "#0"},
				"down": {"uv": [0, 0, 0.25, 0.8], "texture": "#0"}
			}
		},
		{
			"from": [1.25, 1.2, 7.6],
			"to": [1.5, 3, 8.4],
			"rotation": {"angle": 0, "axis": "y", "origin": [8.75, 8, 15.5]},
			"faces": {
				"north": {"uv": [0, 0, 0.25, 1.8], "texture": "#0"},
				"east": {"uv": [0, 0, 0.8, 1.8], "texture": "#0"},
				"south": {"uv": [0, 0, 0.25, 1.8], "texture": "#0"},
				"west": {"uv": [0, 0, 0.8, 1.8], "texture": "#0"},
				"up": {"uv": [0, 0, 0.25, 0.8], "texture": "#0"},
				"down": {"uv": [0, 0, 0.25, 0.8], "texture": "#0"}
			}
		},
		{
			"from": [0.75, 1.1, 7.6],
			"to": [1, 3, 8.4],
			"rotation": {"angle": 0, "axis": "y", "origin": [8.25, 8, 15.5]},
			"faces": {
				"north": {"uv": [0, 0, 0.25, 1.9], "texture": "#0"},
				"east": {"uv": [0, 0, 0.8, 1.9], "texture": "#0"},
				"south": {"uv": [0, 0, 0.25, 1.9], "texture": "#0"},
				"west": {"uv": [0, 0, 0.8, 1.9], "texture": "#0"},
				"up": {"uv": [0, 0, 0.25, 0.8], "texture": "#0"},
				"down": {"uv": [0, 0, 0.25, 0.8], "texture": "#0"}
			}
		},
		{
			"from": [0.5, 1, 7.6],
			"to": [0.75, 3, 8.4],
			"rotation": {"angle": 0, "axis": "y", "origin": [8, 8, 15.5]},
			"faces": {
				"north": {"uv": [0, 0, 0.25, 2], "texture": "#0"},
				"east": {"uv": [0, 0, 0.8, 2], "texture": "#0"},
				"south": {"uv": [0, 0, 0.25, 2], "texture": "#0"},
				"west": {"uv": [0, 0, 0.8, 2], "texture": "#0"},
				"up": {"uv": [0, 0, 0.25, 0.8], "texture": "#0"},
				"down": {"uv": [0, 0, 0.25, 0.8], "texture": "#0"}
			}
		},
		{
			"from": [1, 1.1, 7.6],
			"to": [1.25, 3, 8.4],
			"rotation": {"angle": 0, "axis": "y", "origin": [8.5, 8, 15.5]},
			"faces": {
				"north": {"uv": [0, 0, 0.25, 1.9], "texture": "#0"},
				"east": {"uv": [0, 0, 0.8, 1.9], "texture": "#0"},
				"south": {"uv": [0, 0, 0.25, 1.9], "texture": "#0"},
				"west": {"uv": [0, 0, 0.8, 1.9], "texture": "#0"},
				"up": {"uv": [0, 0, 0.25, 0.8], "texture": "#0"},
				"down": {"uv": [0, 0, 0.25, 0.8], "texture": "#0"}
			}
		}
	],
	"display": {
		"thirdperson_righthand": {
			"rotation": [0, 90, 0],
			"translation": [-0.5, 6, -0.75]
		},
		"thirdperson_lefthand": {
			"rotation": [0, -90, 0],
			"translation": [-0.5, 6.25, -1.25]
		},
		"firstperson_righthand": {
			"rotation": [0, 90, 0],
			"translation": [-2.25, 8.25, 2]
		},
		"firstperson_lefthand": {
			"rotation": [0, -90, 0],
			"translation": [-2, 6.75, 1.5]
		},
		"gui": {
			"rotation": [0, 0, 45],
			"translation": [-5.25, 3.25, 0]
		},
		"fixed": {
			"rotation": [0, -180, 45],
			"translation": [4.75, 3.5, 0]
		}
	},
	"groups": [
		{
			"name": "group",
			"origin": [8.5, 8, 15.5],
			"children": [0, 1, 2, 3, 4, 5, 6, 7, 8, 9, 10, 11, 12, 13, 14, 15, 16, 17, 18, 19, 20, 21, 22, 23, 24, 25, 26, 27, 28, 29, 30, 31, 32, 33, 34, 35, 36, 37, 38, 39, 40, 41, 42, 43, 44, 45, 46, 47, 48, 49, 50, 51, 52, 53, 54, 55, 56, 57, 58, 59, 60, 61, 62, 63, 64, 65, 66, 67, 68, 69, 70, 71, 72, 73, 74, 75, 76, 77, 78, 79, 80, 81, 82, 83, 84, 85, 86, 87, 88, 89, 90, 91, 92, 93, 94, 95, 96]
		}
	]
}