{
	"credit": "Made with Blockbench",
	"textures": {
		"1": "item/knife_grip_steel",
		"2": "item/knife_edge",
		"3": "item/knife_grip",
		"particle": "item/knife_grip"
	},
	"elements": [
		{
			"from": [8.1, 1, 7.1],
			"to": [8.9, 3, 7.9],
			"faces": {
				"north": {"uv": [0.25, 0.25, 0.75, 0.75], "texture": "#3"},
				"east": {"uv": [1.25, 0.25, 1.75, 0.75], "texture": "#3"},
				"south": {"uv": [2.25, 0.25, 2.75, 0.75], "texture": "#3"},
				"west": {"uv": [3.25, 0.25, 3.75, 0.75], "texture": "#3"},
				"up": {"uv": [4.25, 0.25, 4.75, 0.75], "texture": "#3"},
				"down": {"uv": [5.25, 0.25, 5.75, 0.75], "texture": "#3"}
			}
		},
		{
			"from": [8, 1, 7],
			"to": [9, 1.3, 8],
			"faces": {
				"north": {"uv": [0.25, 0.25, 0.75, 0.75], "texture": "#3"},
				"east": {"uv": [1.25, 0.25, 1.75, 0.75], "texture": "#3"},
				"south": {"uv": [2.25, 0.25, 2.75, 0.75], "texture": "#3"},
				"west": {"uv": [3.25, 0.25, 3.75, 0.75], "texture": "#3"},
				"up": {"uv": [4.25, 0.25, 4.75, 0.75], "texture": "#3"},
				"down": {"uv": [5.25, 0.25, 5.75, 0.75], "texture": "#3"}
			}
		},
		{
			"from": [8, 2.7, 7],
			"to": [9, 3, 8],
			"faces": {
				"north": {"uv": [0.25, 0.25, 0.75, 0.75], "texture": "#3"},
				"east": {"uv": [1.25, 0.25, 1.75, 0.75], "texture": "#3"},
				"south": {"uv": [2.25, 0.25, 2.75, 0.75], "texture": "#3"},
				"west": {"uv": [3.25, 0.25, 3.75, 0.75], "texture": "#3"},
				"up": {"uv": [4.25, 0.25, 4.75, 0.75], "texture": "#3"},
				"down": {"uv": [5.25, 0.25, 5.75, 0.75], "texture": "#3"}
			}
		},
		{
			"from": [8.3, 0.8, 7.3],
			"to": [8.7, 1, 7.7],
			"faces": {
				"north": {"uv": [0, 0, 0.4, 0.2], "texture": "#1"},
				"east": {"uv": [0, 0, 0.4, 0.2], "texture": "#1"},
				"south": {"uv": [0, 0, 0.4, 0.2], "texture": "#1"},
				"west": {"uv": [0, 0, 0.4, 0.2], "texture": "#1"},
				"up": {"uv": [0, 0, 0.4, 0.4], "texture": "#1"},
				"down": {"uv": [0, 0, 0.4, 0.4], "texture": "#1"}
			}
		},
		{
			"from": [7.9, 3.1, 6.5],
			"to": [9.1, 3.4, 8.5],
			"rotation": {"angle": 0, "axis": "y", "origin": [8.5, 3.25, 7.5]},
			"faces": {
				"north": {"uv": [0.25, 0.25, 0.75, 0.75], "texture": "#1"},
				"east": {"uv": [1.25, 0.25, 1.75, 0.75], "texture": "#1"},
				"south": {"uv": [2.25, 0.25, 2.75, 0.75], "texture": "#1"},
				"west": {"uv": [3.25, 0.25, 3.75, 0.75], "texture": "#1"},
				"up": {"uv": [4.25, 0.25, 4.75, 0.75], "rotation": 90, "texture": "#1"},
				"down": {"uv": [5.25, 0.25, 5.75, 0.75], "rotation": 270, "texture": "#1"}
			}
		},
		{
			"from": [8, 3, 6.7],
			"to": [9, 3.3, 8.3],
			"rotation": {"angle": 0, "axis": "y", "origin": [8.5, 3.15, 7.5]},
			"faces": {
				"north": {"uv": [0, 0, 1, 0.3], "texture": "#1"},
				"east": {"uv": [0, 0, 2, 0.3], "texture": "#1"},
				"south": {"uv": [0, 0, 1, 0.3], "texture": "#1"},
				"west": {"uv": [0, 0, 2, 0.3], "texture": "#1"},
				"up": {"uv": [0, 0, 2, 1], "rotation": 90, "texture": "#1"},
				"down": {"uv": [0, 0, 2, 1], "rotation": 270, "texture": "#1"}
			}
		},
		{
			"from": [8.4, 3, 7],
			"to": [8.6, 3.6, 8],
			"faces": {
				"north": {"uv": [0, 0, 0.2, 0.6], "texture": "#2"},
				"east": {"uv": [0, 0, 1, 0.6], "texture": "#2"},
				"south": {"uv": [0, 0, 0.2, 0.6], "texture": "#2"},
				"west": {"uv": [0, 0, 1, 0.6], "texture": "#2"},
				"up": {"uv": [0, 0, 0.2, 1], "texture": "#2"},
				"down": {"uv": [0, 0, 0.2, 1], "texture": "#2"}
			}
		},
		{
			"from": [8.4, 3.6, 7],
			"to": [8.6, 3.8, 8],
			"faces": {
				"north": {"uv": [0, 0, 0.2, 0.2], "texture": "#2"},
				"east": {"uv": [0, 0, 1, 0.2], "texture": "#2"},
				"south": {"uv": [0, 0, 0.2, 0.2], "texture": "#2"},
				"west": {"uv": [0, 0, 1, 0.2], "texture": "#2"},
				"up": {"uv": [0, 0, 0.2, 1], "texture": "#2"},
				"down": {"uv": [0, 0, 0.2, 1], "texture": "#2"}
			}
		},
		{
			"from": [8.4, 4, 7],
			"to": [8.6, 4.2, 8],
			"faces": {
				"north": {"uv": [0, 0, 0.2, 0.2], "texture": "#2"},
				"east": {"uv": [0, 0, 1, 0.2], "texture": "#2"},
				"south": {"uv": [0, 0, 0.2, 0.2], "texture": "#2"},
				"west": {"uv": [0, 0, 1, 0.2], "texture": "#2"},
				"up": {"uv": [0, 0, 0.2, 1], "texture": "#2"},
				"down": {"uv": [0, 0, 0.2, 1], "texture": "#2"}
			}
		},
		{
			"from": [8.4, 4.4, 7],
			"to": [8.6, 4.6, 8],
			"faces": {
				"north": {"uv": [0, 0, 0.2, 0.2], "texture": "#2"},
				"east": {"uv": [0, 0, 1, 0.2], "texture": "#2"},
				"south": {"uv": [0, 0, 0.2, 0.2], "texture": "#2"},
				"west": {"uv": [0, 0, 1, 0.2], "texture": "#2"},
				"up": {"uv": [0, 0, 0.2, 1], "texture": "#2"},
				"down": {"uv": [0, 0, 0.2, 1], "texture": "#2"}
			}
		},
		{
			"from": [8.4, 4.8, 7],
			"to": [8.6, 5, 8],
			"faces": {
				"north": {"uv": [0, 0, 0.2, 0.2], "texture": "#2"},
				"east": {"uv": [0, 0, 1, 0.2], "texture": "#2"},
				"south": {"uv": [0, 0, 0.2, 0.2], "texture": "#2"},
				"west": {"uv": [0, 0, 1, 0.2], "texture": "#2"},
				"up": {"uv": [0, 0, 0.2, 1], "texture": "#2"},
				"down": {"uv": [0, 0, 0.2, 1], "texture": "#2"}
			}
		},
		{
			"from": [8.4, 5, 7],
			"to": [8.6, 6.3, 8],
			"faces": {
				"north": {"uv": [0.25, 0.25, 0.75, 0.75], "texture": "#2"},
				"east": {"uv": [1.25, 0.25, 1.75, 0.75], "texture": "#2"},
				"south": {"uv": [2.25, 0.25, 2.75, 0.75], "texture": "#2"},
				"west": {"uv": [3.25, 0.25, 3.75, 0.75], "texture": "#2"},
				"up": {"uv": [4.25, 0.25, 4.75, 0.75], "texture": "#2"},
				"down": {"uv": [5.25, 0.25, 5.75, 0.75], "texture": "#2"}
			}
		},
		{
			"from": [8.4, 3.8, 7],
			"to": [8.6, 4, 7.8],
			"faces": {
				"north": {"uv": [0, 0, 0.2, 0.2], "texture": "#2"},
				"east": {"uv": [0, 0, 0.8, 0.2], "texture": "#2"},
				"south": {"uv": [0, 0, 0.2, 0.2], "texture": "#2"},
				"west": {"uv": [0, 0, 0.8, 0.2], "texture": "#2"},
				"up": {"uv": [0, 0, 0.2, 0.8], "texture": "#2"},
				"down": {"uv": [0, 0, 0.2, 0.8], "texture": "#2"}
			}
		},
		{
			"from": [8.4, 4.2, 7],
			"to": [8.6, 4.4, 7.8],
			"faces": {
				"north": {"uv": [0, 0, 0.2, 0.2], "texture": "#2"},
				"east": {"uv": [0, 0, 0.8, 0.2], "texture": "#2"},
				"south": {"uv": [0, 0, 0.2, 0.2], "texture": "#2"},
				"west": {"uv": [0, 0, 0.8, 0.2], "texture": "#2"},
				"up": {"uv": [0, 0, 0.2, 0.8], "texture": "#2"},
				"down": {"uv": [0, 0, 0.2, 0.8], "texture": "#2"}
			}
		},
		{
			"from": [8.4, 4.6, 7],
			"to": [8.6, 4.8, 7.8],
			"faces": {
				"north": {"uv": [0, 0, 0.2, 0.2], "texture": "#2"},
				"east": {"uv": [0, 0, 0.8, 0.2], "texture": "#2"},
				"south": {"uv": [0, 0, 0.2, 0.2], "texture": "#2"},
				"west": {"uv": [0, 0, 0.8, 0.2], "texture": "#2"},
				"up": {"uv": [0, 0, 0.2, 0.8], "texture": "#2"},
				"down": {"uv": [0, 0, 0.2, 0.8], "texture": "#2"}
			}
		},
		{
			"from": [8.4, 6.3, 7.1],
			"to": [8.6, 6.5, 8],
			"faces": {
				"north": {"uv": [0, 0, 0.2, 0.2], "texture": "#2"},
				"east": {"uv": [0, 0, 0.9, 0.2], "texture": "#2"},
				"south": {"uv": [0, 0, 0.2, 0.2], "texture": "#2"},
				"west": {"uv": [0, 0, 0.9, 0.2], "texture": "#2"},
				"up": {"uv": [0, 0, 0.2, 0.9], "texture": "#2"},
				"down": {"uv": [0, 0, 0.2, 0.9], "texture": "#2"}
			}
		},
		{
			"from": [8.4, 6.5, 7.2],
			"to": [8.6, 6.7, 8],
			"faces": {
				"north": {"uv": [0, 0, 0.2, 0.2], "texture": "#2"},
				"east": {"uv": [0, 0, 0.8, 0.2], "texture": "#2"},
				"south": {"uv": [0, 0, 0.2, 0.2], "texture": "#2"},
				"west": {"uv": [0, 0, 0.8, 0.2], "texture": "#2"},
				"up": {"uv": [0, 0, 0.2, 0.8], "texture": "#2"},
				"down": {"uv": [0, 0, 0.2, 0.8], "texture": "#2"}
			}
		},
		{
			"from": [8.4, 6.7, 7.3],
			"to": [8.6, 6.9, 8],
			"faces": {
				"north": {"uv": [0, 0, 0.2, 0.2], "texture": "#2"},
				"east": {"uv": [0, 0, 0.7, 0.2], "texture": "#2"},
				"south": {"uv": [0, 0, 0.2, 0.2], "texture": "#2"},
				"west": {"uv": [0, 0, 0.7, 0.2], "texture": "#2"},
				"up": {"uv": [0, 0, 0.2, 0.7], "texture": "#2"},
				"down": {"uv": [0, 0, 0.2, 0.7], "texture": "#2"}
			}
		},
		{
			"from": [8.4, 6.9, 7.4],
			"to": [8.6, 7.1, 8],
			"faces": {
				"north": {"uv": [0, 0, 0.2, 0.2], "texture": "#2"},
				"east": {"uv": [0, 0, 0.6, 0.2], "texture": "#2"},
				"south": {"uv": [0, 0, 0.2, 0.2], "texture": "#2"},
				"west": {"uv": [0, 0, 0.6, 0.2], "texture": "#2"},
				"up": {"uv": [0, 0, 0.2, 0.6], "texture": "#2"},
				"down": {"uv": [0, 0, 0.2, 0.6], "texture": "#2"}
			}
		},
		{
			"from": [8.4, 7.1, 7.5],
			"to": [8.6, 7.3, 8],
			"faces": {
				"north": {"uv": [0, 0, 0.2, 0.2], "texture": "#2"},
				"east": {"uv": [0, 0, 0.5, 0.2], "texture": "#2"},
				"south": {"uv": [0, 0, 0.2, 0.2], "texture": "#2"},
				"west": {"uv": [0, 0, 0.5, 0.2], "texture": "#2"},
				"up": {"uv": [0, 0, 0.2, 0.5], "texture": "#2"},
				"down": {"uv": [0, 0, 0.2, 0.5], "texture": "#2"}
			}
		},
		{
			"from": [8.4, 7.2, 7.6],
			"to": [8.6, 7.4, 8],
			"faces": {
				"north": {"uv": [0, 0, 0.2, 0.2], "texture": "#2"},
				"east": {"uv": [0, 0, 0.4, 0.2], "texture": "#2"},
				"south": {"uv": [0, 0, 0.2, 0.2], "texture": "#2"},
				"west": {"uv": [0, 0, 0.4, 0.2], "texture": "#2"},
				"up": {"uv": [0, 0, 0.2, 0.4], "texture": "#2"},
				"down": {"uv": [0, 0, 0.2, 0.4], "texture": "#2"}
			}
		},
		{
			"from": [8.4, 7.3, 7.7],
			"to": [8.6, 7.5, 8],
			"faces": {
				"north": {"uv": [0, 0, 0.2, 0.2], "texture": "#2"},
				"east": {"uv": [0, 0, 0.3, 0.2], "texture": "#2"},
				"south": {"uv": [0, 0, 0.2, 0.2], "texture": "#2"},
				"west": {"uv": [0, 0, 0.3, 0.2], "texture": "#2"},
				"up": {"uv": [0, 0, 0.2, 0.3], "texture": "#2"},
				"down": {"uv": [0, 0, 0.2, 0.3], "texture": "#2"}
			}
		},
		{
			"from": [8.4, 7.4, 7.8],
			"to": [8.6, 7.6, 8],
			"faces": {
				"north": {"uv": [0, 0, 0.2, 0.2], "texture": "#2"},
				"east": {"uv": [0, 0, 0.2, 0.2], "texture": "#2"},
				"south": {"uv": [0, 0, 0.2, 0.2], "texture": "#2"},
				"west": {"uv": [0, 0, 0.2, 0.2], "texture": "#2"},
				"up": {"uv": [0, 0, 0.2, 0.2], "texture": "#2"},
				"down": {"uv": [0, 0, 0.2, 0.2], "texture": "#2"}
			}
		},
		{
			"from": [8.4, 7.5, 7.9],
			"to": [8.6, 7.7, 8],
			"faces": {
				"north": {"uv": [0, 0, 0.2, 0.2], "texture": "#2"},
				"east": {"uv": [0, 0, 0.1, 0.2], "texture": "#2"},
				"south": {"uv": [0, 0, 0.2, 0.2], "texture": "#2"},
				"west": {"uv": [0, 0, 0.1, 0.2], "texture": "#2"},
				"up": {"uv": [0, 0, 0.2, 0.1], "texture": "#2"},
				"down": {"uv": [0, 0, 0.2, 0.1], "texture": "#2"}
			}
		}
	],
	"display": {
		"thirdperson_righthand": {
			"translation": [-0.5, 10, 0.5],
			"scale": [1.75, 1.75, 1.75]
		},
		"thirdperson_lefthand": {
			"translation": [0.5, 10, 0],
			"scale": [1.75, 1.75, 1.75]
		},
		"firstperson_righthand": {
			"rotation": [-101, 0, 7],
			"translation": [-5.5, 9.5, -0.5],
			"scale": [1.5, 1.5, 1.5]
		},
		"firstperson_lefthand": {
			"rotation": [15, -19, -98],
			"translation": [6.75, -1, -0.75],
			"scale": [1.5, 1.5, 1.5]
		},
		"ground": {
			"translation": [0, 10.5, 0],
			"scale": [2, 2, 2]
		},
		"gui": {
			"rotation": [0, 90, 0],
			"translation": [0, 7.75, 0],
			"scale": [2, 2, 2]
		},
		"fixed": {
			"rotation": [0, -90, 0],
			"translation": [0, 9.5, -0.5],
			"scale": [2.5, 2.5, 2.5]
		}
	}
}