{
	"credit": "Made with Blockbench",
	"texture_size": [32, 32],
	"textures": {
		"0": "item/awm_flame",
		"1": "item/awm_trigger",
		"2": "item/awm_mg",
		"3": "item/awm_black",
		"particle": "item/awm_flame"
	},
	"elements": [
		{
			"name": "bolt",
			"from": [27.3, 0, 3.3],
			"to": [28.7, 1, 4.7],
			"rotation": {"angle": 0, "axis": "y", "origin": [13, 0, 0]},
			"faces": {
				"north": {"uv": [0, 0, 1.4, 1], "texture": "#2"},
				"east": {"uv": [0, 0, 1.4, 1], "texture": "#2"},
				"south": {"uv": [0, 0, 1.4, 1], "texture": "#2"},
				"west": {"uv": [0, 0, 1.4, 1], "texture": "#2"},
				"up": {"uv": [0, 0, 1.4, 1.4], "texture": "#2"},
				"down": {"uv": [0, 0, 1.4, 1.4], "texture": "#2"}
			}
		},
		{
			"name": "mg",
			"from": [15.2, 0.6, 3.4],
			"to": [17.6, 1.9, 4.6],
			"rotation": {"angle": 0, "axis": "y", "origin": [13, 0, 0]},
			"faces": {
				"north": {"uv": [0, 0, 5, 4], "texture": "#2"},
				"east": {"uv": [5, 0, 6, 1], "texture": "#2"},
				"south": {"uv": [0, 0, 5, 4], "texture": "#2"},
				"west": {"uv": [5, 0, 6, 1], "texture": "#2"},
				"up": {"uv": [12, 3, 6, 0], "texture": "#2"},
				"down": {"uv": [12, 3, 6, 6], "texture": "#2"}
			}
		},
		{
			"name": "box",
			"from": [-3, 4, 3.6],
			"to": [17.5, 4.8, 4.4],
			"rotation": {"angle": 0, "axis": "y", "origin": [13, 0, 0]},
			"faces": {
				"north": {"uv": [0, 15.5, 10.5, 16], "texture": "#3"},
				"east": {"uv": [0, 2, 0.5, 2.5], "texture": "#3"},
				"south": {"uv": [0, 0.5, 10.5, 1], "texture": "#3"},
				"west": {"uv": [0.5, 2, 1, 2.5], "texture": "#3"},
				"up": {"uv": [10.5, 1.5, 0, 1], "texture": "#3"},
				"down": {"uv": [10.5, 1.5, 0, 2], "texture": "#3"}
			}
		},
		{
			"name": "box",
			"from": [-2.1, 3.85, 3.45],
			"to": [-1.6, 4.95, 4.55],
			"rotation": {"angle": 0, "axis": "y", "origin": [13, 0, 0]},
			"faces": {
				"north": {"uv": [0, 0, 0.5, 1.1], "texture": "#3"},
				"east": {"uv": [0, 0, 1.1, 1.1], "texture": "#3"},
				"south": {"uv": [0, 0, 0.5, 1.1], "texture": "#3"},
				"west": {"uv": [0, 0, 1.1, 1.1], "texture": "#3"},
				"up": {"uv": [0, 0, 0.5, 1.1], "texture": "#3"},
				"down": {"uv": [0, 0, 0.5, 1.1], "texture": "#3"}
			}
		},
		{
			"name": "box",
			"from": [9, 5.7, 3.8875],
			"to": [20.4, 5.8, 4.1125],
			"rotation": {"angle": 0, "axis": "y", "origin": [16.55, 6.25, 4]},
			"faces": {
				"north": {"uv": [0, 0, 5.7, 0.05], "texture": "#3"},
				"east": {"uv": [0, 0, 0.1125, 0.05], "texture": "#3"},
				"south": {"uv": [0, 0, 5.7, 0.05], "texture": "#3"},
				"west": {"uv": [0, 0, 0.1125, 0.05], "texture": "#3"},
				"up": {"uv": [0, 0, 5.7, 0.1125], "texture": "#3"},
				"down": {"uv": [0, 0, 5.7, 0.1125], "texture": "#3"}
			}
		},
		{
			"name": "box",
			"from": [9, 5.6677, 3.87488],
			"to": [20.4, 5.7677, 4.09988],
			"rotation": {"angle": 22.5, "axis": "x", "origin": [16.55, 6.2177, 4.07488]},
			"faces": {
				"north": {"uv": [0, 0, 5.7, 0.05], "texture": "#3"},
				"east": {"uv": [0, 0, 0.1125, 0.05], "texture": "#3"},
				"south": {"uv": [0, 0, 5.7, 0.05], "texture": "#3"},
				"west": {"uv": [0, 0, 0.1125, 0.05], "texture": "#3"},
				"up": {"uv": [0, 0, 5.7, 0.1125], "texture": "#3"},
				"down": {"uv": [0, 0, 5.7, 0.1125], "texture": "#3"}
			}
		},
		{
			"name": "box",
			"from": [9, 5.77198, 3.73873],
			"to": [20.4, 5.87198, 3.96373],
			"rotation": {"angle": 45, "axis": "x", "origin": [16.55, 6.12198, 3.83873]},
			"faces": {
				"north": {"uv": [0, 0, 5.7, 0.05], "texture": "#3"},
				"east": {"uv": [0, 0, 0.1125, 0.05], "texture": "#3"},
				"south": {"uv": [0, 0, 5.7, 0.05], "texture": "#3"},
				"west": {"uv": [0, 0, 0.1125, 0.05], "texture": "#3"},
				"up": {"uv": [0, 0, 5.7, 0.1125], "texture": "#3"},
				"down": {"uv": [0, 0, 5.7, 0.1125], "texture": "#3"}
			}
		},
		{
			"name": "box",
			"from": [9, 6.30114, 3.40995],
			"to": [20.4, 6.52614, 3.50995],
			"rotation": {"angle": -22.5, "axis": "x", "origin": [16.55, 6.40114, 4.35995]},
			"faces": {
				"north": {"uv": [0, 0, 5.7, 0.1125], "rotation": 180, "texture": "#3"},
				"east": {"uv": [0, 0, 0.1125, 0.05], "rotation": 270, "texture": "#3"},
				"south": {"uv": [0, 0, 5.7, 0.1125], "texture": "#3"},
				"west": {"uv": [0, 0, 0.1125, 0.05], "rotation": 90, "texture": "#3"},
				"up": {"uv": [0, 0, 5.7, 0.05], "rotation": 180, "texture": "#3"},
				"down": {"uv": [0, 0, 5.7, 0.05], "texture": "#3"}
			}
		},
		{
			"name": "box",
			"from": [9, 6.15308, 3.43442],
			"to": [20.4, 6.37808, 3.53442],
			"rotation": {"angle": 0, "axis": "x", "origin": [16.55, 6.25308, 4.58442]},
			"faces": {
				"north": {"uv": [0, 0, 5.7, 0.1125], "rotation": 180, "texture": "#3"},
				"east": {"uv": [0, 0, 0.1125, 0.05], "rotation": 270, "texture": "#3"},
				"south": {"uv": [0, 0, 5.7, 0.1125], "texture": "#3"},
				"west": {"uv": [0, 0, 0.1125, 0.05], "rotation": 90, "texture": "#3"},
				"up": {"uv": [0, 0, 5.7, 0.05], "rotation": 180, "texture": "#3"},
				"down": {"uv": [0, 0, 5.7, 0.05], "texture": "#3"}
			}
		},
		{
			"name": "box",
			"from": [9, 5.7773, 3.35471],
			"to": [20.4, 6.0023, 3.45471],
			"rotation": {"angle": 22.5, "axis": "x", "origin": [16.55, 5.8773, 4.90471]},
			"faces": {
				"north": {"uv": [0, 0, 5.7, 0.1125], "rotation": 180, "texture": "#3"},
				"east": {"uv": [0, 0, 0.1125, 0.05], "rotation": 270, "texture": "#3"},
				"south": {"uv": [0, 0, 5.7, 0.1125], "texture": "#3"},
				"west": {"uv": [0, 0, 0.1125, 0.05], "rotation": 90, "texture": "#3"},
				"up": {"uv": [0, 0, 5.7, 0.05], "rotation": 180, "texture": "#3"},
				"down": {"uv": [0, 0, 5.7, 0.05], "texture": "#3"}
			}
		},
		{
			"name": "box",
			"from": [9, 5.8142, 3.2837],
			"to": [20.4, 6.0392, 3.3837],
			"rotation": {"angle": 45, "axis": "x", "origin": [16.55, 5.9142, 4.3337]},
			"faces": {
				"north": {"uv": [0, 0, 5.7, 0.1125], "rotation": 180, "texture": "#3"},
				"east": {"uv": [0, 0, 0.1125, 0.05], "rotation": 270, "texture": "#3"},
				"south": {"uv": [0, 0, 5.7, 0.1125], "texture": "#3"},
				"west": {"uv": [0, 0, 0.1125, 0.05], "rotation": 90, "texture": "#3"},
				"up": {"uv": [0, 0, 5.7, 0.05], "rotation": 180, "texture": "#3"},
				"down": {"uv": [0, 0, 5.7, 0.05], "texture": "#3"}
			}
		},
		{
			"name": "box",
			"from": [9, 6.74802, 3.9973],
			"to": [20.4, 6.84802, 4.2223],
			"rotation": {"angle": -22.5, "axis": "x", "origin": [16.55, 5.99802, 4.0973]},
			"faces": {
				"north": {"uv": [0, 0, 5.7, 0.05], "rotation": 180, "texture": "#3"},
				"east": {"uv": [0, 0, 0.1125, 0.05], "rotation": 180, "texture": "#3"},
				"south": {"uv": [0, 0, 5.7, 0.05], "rotation": 180, "texture": "#3"},
				"west": {"uv": [0, 0, 0.1125, 0.05], "rotation": 180, "texture": "#3"},
				"up": {"uv": [0, 0, 5.7, 0.1125], "texture": "#3"},
				"down": {"uv": [0, 0, 5.7, 0.1125], "texture": "#3"}
			}
		},
		{
			"name": "box",
			"from": [9, 6.73115, 3.8875],
			"to": [20.4, 6.83115, 4.1125],
			"rotation": {"angle": 0, "axis": "x", "origin": [16.55, 5.98115, 3.9875]},
			"faces": {
				"north": {"uv": [0, 0, 5.7, 0.05], "rotation": 180, "texture": "#3"},
				"east": {"uv": [0, 0, 0.1125, 0.05], "rotation": 180, "texture": "#3"},
				"south": {"uv": [0, 0, 5.7, 0.05], "rotation": 180, "texture": "#3"},
				"west": {"uv": [0, 0, 0.1125, 0.05], "rotation": 180, "texture": "#3"},
				"up": {"uv": [0, 0, 5.7, 0.1125], "texture": "#3"},
				"down": {"uv": [0, 0, 5.7, 0.1125], "texture": "#3"}
			}
		},
		{
			"name": "box",
			"from": [9, 6.75759, 3.77961],
			"to": [20.4, 6.85759, 4.00461],
			"rotation": {"angle": 22.5, "axis": "x", "origin": [16.55, 6.00759, 3.87961]},
			"faces": {
				"north": {"uv": [0, 0, 5.7, 0.05], "rotation": 180, "texture": "#3"},
				"east": {"uv": [0, 0, 0.1125, 0.05], "rotation": 180, "texture": "#3"},
				"south": {"uv": [0, 0, 5.7, 0.05], "rotation": 180, "texture": "#3"},
				"west": {"uv": [0, 0, 0.1125, 0.05], "rotation": 180, "texture": "#3"},
				"up": {"uv": [0, 0, 5.7, 0.1125], "texture": "#3"},
				"down": {"uv": [0, 0, 5.7, 0.1125], "texture": "#3"}
			}
		},
		{
			"name": "box",
			"from": [9, 6.8233, 3.69004],
			"to": [20.4, 6.9233, 3.91504],
			"rotation": {"angle": 45, "axis": "x", "origin": [16.55, 6.0733, 3.79004]},
			"faces": {
				"north": {"uv": [0, 0, 5.7, 0.05], "rotation": 180, "texture": "#3"},
				"east": {"uv": [0, 0, 0.1125, 0.05], "rotation": 180, "texture": "#3"},
				"south": {"uv": [0, 0, 5.7, 0.05], "rotation": 180, "texture": "#3"},
				"west": {"uv": [0, 0, 0.1125, 0.05], "rotation": 180, "texture": "#3"},
				"up": {"uv": [0, 0, 5.7, 0.1125], "texture": "#3"},
				"down": {"uv": [0, 0, 5.7, 0.1125], "texture": "#3"}
			}
		},
		{
			"name": "box",
			"from": [9, 6.00691, 4.49962],
			"to": [20.4, 6.23191, 4.59962],
			"rotation": {"angle": -22.5, "axis": "x", "origin": [16.55, 6.10691, 3.64962]},
			"faces": {
				"north": {"uv": [0, 0, 5.7, 0.1125], "rotation": 180, "texture": "#3"},
				"east": {"uv": [0, 0, 0.1125, 0.05], "rotation": 90, "texture": "#3"},
				"south": {"uv": [0, 0, 5.7, 0.1125], "texture": "#3"},
				"west": {"uv": [0, 0, 0.1125, 0.05], "rotation": 270, "texture": "#3"},
				"up": {"uv": [0, 0, 5.7, 0.05], "texture": "#3"},
				"down": {"uv": [0, 0, 5.7, 0.05], "rotation": 180, "texture": "#3"}
			}
		},
		{
			"name": "box",
			"from": [9, 6.15308, 4.46558],
			"to": [20.4, 6.37808, 4.56558],
			"rotation": {"angle": 0, "axis": "x", "origin": [16.55, 6.25308, 3.71558]},
			"faces": {
				"north": {"uv": [0, 0, 5.7, 0.1125], "rotation": 180, "texture": "#3"},
				"east": {"uv": [0, 0, 0.1125, 0.05], "rotation": 90, "texture": "#3"},
				"south": {"uv": [0, 0, 5.7, 0.1125], "texture": "#3"},
				"west": {"uv": [0, 0, 0.1125, 0.05], "rotation": 270, "texture": "#3"},
				"up": {"uv": [0, 0, 5.7, 0.05], "texture": "#3"},
				"down": {"uv": [0, 0, 5.7, 0.05], "rotation": 180, "texture": "#3"}
			}
		},
		{
			"name": "box",
			"from": [9, 6.26287, 4.48244],
			"to": [20.4, 6.48787, 4.58244],
			"rotation": {"angle": 22.5, "axis": "x", "origin": [16.55, 6.36287, 3.73244]},
			"faces": {
				"north": {"uv": [0, 0, 5.7, 0.1125], "rotation": 180, "texture": "#3"},
				"east": {"uv": [0, 0, 0.1125, 0.05], "rotation": 90, "texture": "#3"},
				"south": {"uv": [0, 0, 5.7, 0.1125], "texture": "#3"},
				"west": {"uv": [0, 0, 0.1125, 0.05], "rotation": 270, "texture": "#3"},
				"up": {"uv": [0, 0, 5.7, 0.05], "texture": "#3"},
				"down": {"uv": [0, 0, 5.7, 0.05], "rotation": 180, "texture": "#3"}
			}
		},
		{
			"name": "box",
			"from": [9, 5.86288, 4.33502],
			"to": [20.4, 6.08788, 4.43502],
			"rotation": {"angle": 45, "axis": "x", "origin": [16.55, 5.96288, 4.28502]},
			"faces": {
				"north": {"uv": [0, 0, 5.7, 0.1125], "rotation": 180, "texture": "#3"},
				"east": {"uv": [0, 0, 0.1125, 0.05], "rotation": 90, "texture": "#3"},
				"south": {"uv": [0, 0, 5.7, 0.1125], "texture": "#3"},
				"west": {"uv": [0, 0, 0.1125, 0.05], "rotation": 270, "texture": "#3"},
				"up": {"uv": [0, 0, 5.7, 0.05], "texture": "#3"},
				"down": {"uv": [0, 0, 5.7, 0.05], "rotation": 180, "texture": "#3"}
			}
		},
		{
			"name": "box",
			"from": [9, 5.73446, 4.08575],
			"to": [20.4, 5.83446, 4.31075],
			"rotation": {"angle": -22.5, "axis": "x", "origin": [16.55, 5.78446, 4.18575]},
			"faces": {
				"north": {"uv": [0, 0, 5.7, 0.05], "texture": "#3"},
				"east": {"uv": [0, 0, 0.1125, 0.05], "texture": "#3"},
				"south": {"uv": [0, 0, 5.7, 0.05], "texture": "#3"},
				"west": {"uv": [0, 0, 0.1125, 0.05], "texture": "#3"},
				"up": {"uv": [0, 0, 5.7, 0.1125], "texture": "#3"},
				"down": {"uv": [0, 0, 5.7, 0.1125], "texture": "#3"}
			}
		},
		{
			"name": "mount",
			"from": [17.7, 5.1, 3.5],
			"to": [18.4, 5.4, 4.5],
			"rotation": {"angle": 0, "axis": "y", "origin": [13, 0, 0]},
			"faces": {
				"north": {"uv": [0, 0, 0.35, 0.15], "texture": "#3"},
				"east": {"uv": [0, 0, 0.5, 0.15], "texture": "#3"},
				"south": {"uv": [0, 0, 0.35, 0.15], "texture": "#3"},
				"west": {"uv": [0, 0, 0.5, 0.15], "texture": "#3"},
				"up": {"uv": [0, 0, 0.35, 0.5], "texture": "#3"},
				"down": {"uv": [0, 0, 0.35, 0.5], "texture": "#3"}
			}
		},
		{
			"name": "mount",
			"from": [17.7, 5.4, 4.3],
			"to": [18.4, 5.88, 4.4],
			"rotation": {"angle": 0, "axis": "y", "origin": [13, 0, 0]},
			"faces": {
				"north": {"uv": [0, 0, 0.35, 0.24], "texture": "#3"},
				"east": {"uv": [0, 0, 0.05, 0.24], "texture": "#3"},
				"south": {"uv": [0, 0, 0.35, 0.24], "texture": "#3"},
				"west": {"uv": [0, 0, 0.05, 0.24], "texture": "#3"},
				"up": {"uv": [0, 0, 0.35, 0.05], "texture": "#3"},
				"down": {"uv": [0, 0, 0.35, 0.05], "texture": "#3"}
			}
		},
		{
			"name": "mount",
			"from": [17.7, 5.4, 3.6],
			"to": [18.4, 5.88, 3.7],
			"rotation": {"angle": 0, "axis": "y", "origin": [13, 0, 0]},
			"faces": {
				"north": {"uv": [0, 0, 0.35, 0.24], "texture": "#3"},
				"east": {"uv": [0, 0, 0.05, 0.24], "texture": "#3"},
				"south": {"uv": [0, 0, 0.35, 0.24], "texture": "#3"},
				"west": {"uv": [0, 0, 0.05, 0.24], "texture": "#3"},
				"up": {"uv": [0, 0, 0.35, 0.05], "texture": "#3"},
				"down": {"uv": [0, 0, 0.35, 0.05], "texture": "#3"}
			}
		},
		{
			"name": "mount",
			"from": [12.5, 5.4, 3.6],
			"to": [13.2, 5.88, 3.7],
			"rotation": {"angle": 0, "axis": "y", "origin": [13, 0, 0]},
			"faces": {
				"north": {"uv": [0, 0, 0.35, 0.24], "texture": "#3"},
				"east": {"uv": [0, 0, 0.05, 0.24], "texture": "#3"},
				"south": {"uv": [0, 0, 0.35, 0.24], "texture": "#3"},
				"west": {"uv": [0, 0, 0.05, 0.24], "texture": "#3"},
				"up": {"uv": [0, 0, 0.35, 0.05], "texture": "#3"},
				"down": {"uv": [0, 0, 0.35, 0.05], "texture": "#3"}
			}
		},
		{
			"name": "mount",
			"from": [12.5, 5.1, 3.5],
			"to": [13.2, 5.4, 4.5],
			"rotation": {"angle": 0, "axis": "y", "origin": [13, 0, 0]},
			"faces": {
				"north": {"uv": [0, 0, 0.35, 0.15], "texture": "#3"},
				"east": {"uv": [0, 0, 0.5, 0.15], "texture": "#3"},
				"south": {"uv": [0, 0, 0.35, 0.15], "texture": "#3"},
				"west": {"uv": [0, 0, 0.5, 0.15], "texture": "#3"},
				"up": {"uv": [0, 0, 0.35, 0.5], "texture": "#3"},
				"down": {"uv": [0, 0, 0.35, 0.5], "texture": "#3"}
			}
		},
		{
			"name": "mount",
			"from": [12.5, 5.4, 4.3],
			"to": [13.2, 5.88, 4.4],
			"rotation": {"angle": 0, "axis": "y", "origin": [13, 0, 0]},
			"faces": {
				"north": {"uv": [0, 0, 0.35, 0.24], "texture": "#3"},
				"east": {"uv": [0, 0, 0.05, 0.24], "texture": "#3"},
				"south": {"uv": [0, 0, 0.35, 0.24], "texture": "#3"},
				"west": {"uv": [0, 0, 0.05, 0.24], "texture": "#3"},
				"up": {"uv": [0, 0, 0.35, 0.05], "texture": "#3"},
				"down": {"uv": [0, 0, 0.35, 0.05], "texture": "#3"}
			}
		},
		{
			"from": [15.1, 6.75, 3.7],
			"to": [15.7, 7.3, 4.3],
			"rotation": {"angle": 0, "axis": "y", "origin": [0, 0.2, 0]},
			"faces": {
				"north": {"uv": [0, 0, 0.3, 0.275], "texture": "#1"},
				"east": {"uv": [0, 0, 0.3, 0.275], "texture": "#1"},
				"south": {"uv": [0, 0, 0.3, 0.275], "texture": "#1"},
				"west": {"uv": [0, 0, 0.3, 0.275], "texture": "#1"},
				"up": {"uv": [0, 0, 0.3, 0.3], "texture": "#1"},
				"down": {"uv": [0, 0, 0.3, 0.3], "texture": "#1"}
			}
		},
		{
			"from": [15.1, 6.75, 3.4],
			"to": [15.7, 6.9, 4.6],
			"rotation": {"angle": 0, "axis": "y", "origin": [0, 0.2, 0]},
			"faces": {
				"north": {"uv": [0, 0, 0.3, 0.075], "texture": "#1"},
				"east": {"uv": [0, 0, 0.6, 0.075], "texture": "#1"},
				"south": {"uv": [0, 0, 0.3, 0.075], "texture": "#1"},
				"west": {"uv": [0, 0, 0.6, 0.075], "texture": "#1"},
				"up": {"uv": [0, 0, 0.3, 0.6], "texture": "#1"},
				"down": {"uv": [0, 0, 0.3, 0.6], "texture": "#1"}
			}
		},
		{
			"from": [15.1, 5.55, 3.4],
			"to": [15.7, 5.7, 4.6],
			"rotation": {"angle": 0, "axis": "y", "origin": [0, 0.2, 0]},
			"faces": {
				"north": {"uv": [0, 0, 0.3, 0.075], "texture": "#1"},
				"east": {"uv": [0, 0, 0.6, 0.075], "texture": "#1"},
				"south": {"uv": [0, 0, 0.3, 0.075], "texture": "#1"},
				"west": {"uv": [0, 0, 0.6, 0.075], "texture": "#1"},
				"up": {"uv": [0, 0, 0.3, 0.6], "texture": "#1"},
				"down": {"uv": [0, 0, 0.3, 0.6], "texture": "#1"}
			}
		},
		{
			"from": [15.1, 5.65, 3.4],
			"to": [15.7, 5.78, 4.6],
			"rotation": {"angle": 0, "axis": "y", "origin": [0, 0.2, 0]},
			"faces": {
				"north": {"uv": [0, 0, 0.3, 0.065], "texture": "#1"},
				"east": {"uv": [0, 0, 0.6, 0.065], "texture": "#1"},
				"south": {"uv": [0, 0, 0.3, 0.065], "texture": "#1"},
				"west": {"uv": [0, 0, 0.6, 0.065], "texture": "#1"},
				"up": {"uv": [0, 0, 0.3, 0.6], "texture": "#1"},
				"down": {"uv": [0, 0, 0.3, 0.6], "texture": "#1"}
			}
		},
		{
			"from": [15.1, 6, 2.95],
			"to": [15.7, 6.6, 3.52],
			"rotation": {"angle": 0, "axis": "x", "origin": [15.4, 7.05, 3.2]},
			"faces": {
				"north": {"uv": [0, 0, 0.3, 0.3], "rotation": 180, "texture": "#1"},
				"east": {"uv": [0, 0, 0.3, 0.285], "rotation": 90, "texture": "#1"},
				"south": {"uv": [0, 0, 0.3, 0.3], "texture": "#1"},
				"west": {"uv": [0, 0, 0.3, 0.285], "rotation": 270, "texture": "#1"},
				"up": {"uv": [0, 0, 0.3, 0.285], "texture": "#1"},
				"down": {"uv": [0, 0, 0.3, 0.285], "rotation": 180, "texture": "#1"}
			}
		},
		{
			"from": [15.1, 5.55, 3.35],
			"to": [15.7, 6.9, 3.52],
			"rotation": {"angle": 0, "axis": "x", "origin": [15.4, 7.05, 3.2]},
			"faces": {
				"north": {"uv": [0, 0, 0.3, 0.675], "rotation": 180, "texture": "#1"},
				"east": {"uv": [0, 0, 0.675, 0.085], "rotation": 90, "texture": "#1"},
				"south": {"uv": [0, 0, 0.3, 0.675], "texture": "#1"},
				"west": {"uv": [0, 0, 0.675, 0.085], "rotation": 270, "texture": "#1"},
				"up": {"uv": [0, 0, 0.3, 0.085], "texture": "#1"},
				"down": {"uv": [0, 0, 0.3, 0.085], "rotation": 180, "texture": "#1"}
			}
		},
		{
			"from": [15.1, 6.85, 3.85],
			"to": [15.7, 7.1, 4.02],
			"rotation": {"angle": 45, "axis": "x", "origin": [15.4, 7.275, 3.435]},
			"faces": {
				"north": {"uv": [0, 0, 0.3, 0.125], "rotation": 180, "texture": "#1"},
				"east": {"uv": [0, 0, 0.125, 0.085], "rotation": 90, "texture": "#1"},
				"south": {"uv": [0, 0, 0.3, 0.125], "texture": "#1"},
				"west": {"uv": [0, 0, 0.125, 0.085], "rotation": 270, "texture": "#1"},
				"up": {"uv": [0, 0, 0.3, 0.085], "texture": "#1"},
				"down": {"uv": [0, 0, 0.3, 0.085], "rotation": 180, "texture": "#1"}
			}
		},
		{
			"from": [15.1, 6.79, 4.41],
			"to": [15.7, 6.945, 4.74],
			"rotation": {"angle": 45, "axis": "x", "origin": [15.4, 6.975, 4.335]},
			"faces": {
				"north": {"uv": [0, 0, 0.3, 0.0775], "texture": "#1"},
				"east": {"uv": [0, 0, 0.165, 0.0775], "texture": "#1"},
				"south": {"uv": [0, 0, 0.3, 0.0775], "texture": "#1"},
				"west": {"uv": [0, 0, 0.165, 0.0775], "texture": "#1"},
				"up": {"uv": [0, 0, 0.3, 0.165], "texture": "#1"},
				"down": {"uv": [0, 0, 0.3, 0.165], "texture": "#1"}
			}
		},
		{
			"from": [15.1, 6.75, 5.05],
			"to": [15.7, 7.1, 5.32],
			"rotation": {"angle": 45, "axis": "x", "origin": [15.4, 7.275, 3.435]},
			"faces": {
				"north": {"uv": [0, 0, 0.3, 0.175], "rotation": 180, "texture": "#1"},
				"east": {"uv": [0, 0, 0.175, 0.135], "rotation": 90, "texture": "#1"},
				"south": {"uv": [0, 0, 0.3, 0.175], "texture": "#1"},
				"west": {"uv": [0, 0, 0.175, 0.135], "rotation": 270, "texture": "#1"},
				"up": {"uv": [0, 0, 0.3, 0.135], "texture": "#1"},
				"down": {"uv": [0, 0, 0.3, 0.135], "rotation": 180, "texture": "#1"}
			}
		},
		{
			"from": [15.1, 5.89, 3.11],
			"to": [15.7, 6.16, 3.36],
			"rotation": {"angle": 45, "axis": "x", "origin": [15.4, 5.525, 3.085]},
			"faces": {
				"north": {"uv": [0, 0, 0.3, 0.135], "texture": "#1"},
				"east": {"uv": [0, 0, 0.125, 0.135], "texture": "#1"},
				"south": {"uv": [0, 0, 0.3, 0.135], "texture": "#1"},
				"west": {"uv": [0, 0, 0.125, 0.135], "texture": "#1"},
				"up": {"uv": [0, 0, 0.3, 0.125], "texture": "#1"},
				"down": {"uv": [0, 0, 0.3, 0.125], "texture": "#1"}
			}
		},
		{
			"from": [15.1, 6, 4.48],
			"to": [15.7, 6.6, 5.05],
			"rotation": {"angle": 0, "axis": "x", "origin": [15.4, 7.05, 3.2]},
			"faces": {
				"north": {"uv": [0, 0, 0.3, 0.3], "rotation": 180, "texture": "#1"},
				"east": {"uv": [0, 0, 0.3, 0.285], "rotation": 90, "texture": "#1"},
				"south": {"uv": [0, 0, 0.3, 0.3], "texture": "#1"},
				"west": {"uv": [0, 0, 0.3, 0.285], "rotation": 270, "texture": "#1"},
				"up": {"uv": [0, 0, 0.3, 0.285], "texture": "#1"},
				"down": {"uv": [0, 0, 0.3, 0.285], "rotation": 180, "texture": "#1"}
			}
		},
		{
			"from": [15.1, 5.55, 4.48],
			"to": [15.7, 6.9, 4.65],
			"rotation": {"angle": 0, "axis": "x", "origin": [15.4, 7.05, 3.2]},
			"faces": {
				"north": {"uv": [0, 0, 0.3, 0.675], "rotation": 180, "texture": "#1"},
				"east": {"uv": [0, 0, 0.675, 0.085], "rotation": 90, "texture": "#1"},
				"south": {"uv": [0, 0, 0.3, 0.675], "texture": "#1"},
				"west": {"uv": [0, 0, 0.675, 0.085], "rotation": 270, "texture": "#1"},
				"up": {"uv": [0, 0, 0.3, 0.085], "texture": "#1"},
				"down": {"uv": [0, 0, 0.3, 0.085], "rotation": 180, "texture": "#1"}
			}
		},
		{
			"name": "box",
			"from": [11.7, 4, 3.2],
			"to": [15.1, 4.8, 4.8],
			"rotation": {"angle": 0, "axis": "y", "origin": [13, 0, 0]},
			"faces": {
				"north": {"uv": [0, 0, 1.7, 0.4], "texture": "#3"},
				"east": {"uv": [0, 0, 0.8, 0.4], "texture": "#3"},
				"south": {"uv": [0, 0, 1.7, 0.4], "texture": "#3"},
				"west": {"uv": [0, 0, 0.8, 0.4], "texture": "#3"},
				"up": {"uv": [0, 0, 1.7, 0.8], "texture": "#3"},
				"down": {"uv": [0, 0, 1.7, 0.8], "texture": "#3"}
			}
		},
		{
			"name": "box",
			"from": [15.1, 4, 4.4],
			"to": [17.5, 4.6, 4.8],
			"rotation": {"angle": 0, "axis": "y", "origin": [13, 0, 0]},
			"faces": {
				"north": {"uv": [0, 0, 1.2, 0.3], "texture": "#3"},
				"east": {"uv": [0, 0, 0.2, 0.3], "texture": "#3"},
				"south": {"uv": [0, 0, 1.2, 0.3], "texture": "#3"},
				"west": {"uv": [0, 0, 0.2, 0.3], "texture": "#3"},
				"up": {"uv": [0, 0, 1.2, 0.2], "texture": "#3"},
				"down": {"uv": [0, 0, 1.2, 0.2], "texture": "#3"}
			}
		},
		{
			"name": "box",
			"from": [15.1, 4.6, 3.2],
			"to": [17.5, 4.8, 4.8],
			"rotation": {"angle": 0, "axis": "y", "origin": [13, 0, 0]},
			"faces": {
				"north": {"uv": [0, 0, 1.2, 0.1], "texture": "#3"},
				"east": {"uv": [0, 0, 0.8, 0.1], "texture": "#3"},
				"south": {"uv": [0, 0, 1.2, 0.1], "texture": "#3"},
				"west": {"uv": [0, 0, 0.8, 0.1], "texture": "#3"},
				"up": {"uv": [0, 0, 1.2, 0.8], "texture": "#3"},
				"down": {"uv": [0, 0, 1.2, 0.8], "texture": "#3"}
			}
		},
		{
			"name": "box",
			"from": [17.5, 4, 3.2],
			"to": [18.4, 4.8, 4.8],
			"rotation": {"angle": 0, "axis": "y", "origin": [13, 0, 0]},
			"faces": {
				"north": {"uv": [0, 0, 0.45, 0.4], "texture": "#3"},
				"east": {"uv": [0, 0, 0.8, 0.4], "texture": "#3"},
				"south": {"uv": [0, 0, 0.45, 0.4], "texture": "#3"},
				"west": {"uv": [0, 0, 0.8, 0.4], "texture": "#3"},
				"up": {"uv": [0, 0, 0.45, 0.8], "texture": "#3"},
				"down": {"uv": [0, 0, 0.45, 0.8], "texture": "#3"}
			}
		},
		{
			"name": "box",
			"from": [18.3, 4, 4.3],
			"to": [20.1, 4.6, 4.8],
			"rotation": {"angle": 0, "axis": "y", "origin": [13, 0, 0]},
			"faces": {
				"north": {"uv": [0, 0, 0.9, 0.3], "texture": "#3"},
				"east": {"uv": [0, 0, 0.25, 0.3], "texture": "#3"},
				"south": {"uv": [0, 0, 0.9, 0.3], "texture": "#3"},
				"west": {"uv": [0, 0, 0.25, 0.3], "texture": "#3"},
				"up": {"uv": [0, 0, 0.9, 0.25], "texture": "#3"},
				"down": {"uv": [0, 0, 0.9, 0.25], "texture": "#3"}
			}
		},
		{
			"name": "box",
			"from": [18.4, 4.6, 3.2],
			"to": [20.1, 4.8, 4.8],
			"rotation": {"angle": 0, "axis": "y", "origin": [13, 0, 0]},
			"faces": {
				"north": {"uv": [0, 0, 0.85, 0.1], "texture": "#3"},
				"east": {"uv": [0, 0, 0.8, 0.1], "texture": "#3"},
				"south": {"uv": [0, 0, 0.85, 0.1], "texture": "#3"},
				"west": {"uv": [0, 0, 0.8, 0.1], "texture": "#3"},
				"up": {"uv": [0, 0, 0.85, 0.8], "texture": "#3"},
				"down": {"uv": [0, 0, 0.85, 0.8], "texture": "#3"}
			}
		},
		{
			"name": "box",
			"from": [18.8, 3.53911, 3.30887],
			"to": [19, 4.33911, 3.50887],
			"rotation": {"angle": 45, "axis": "x", "origin": [18.9, 3.83911, 3.40887]},
			"faces": {
				"north": {"uv": [0, 0, 0.1, 0.4], "rotation": 180, "texture": "#1"},
				"east": {"uv": [0, 0, 0.4, 0.1], "rotation": 90, "texture": "#1"},
				"south": {"uv": [0, 0, 0.1, 0.4], "texture": "#1"},
				"west": {"uv": [0, 0, 0.4, 0.1], "rotation": 270, "texture": "#1"},
				"up": {"uv": [0, 0, 0.1, 0.1], "texture": "#1"},
				"down": {"uv": [0, 0, 0.1, 0.1], "rotation": 180, "texture": "#1"}
			}
		},
		{
			"name": "box",
			"from": [18.55512, 3.55626, 2.77852],
			"to": [18.75512, 3.75626, 3.05852],
			"rotation": {"angle": -22.5, "axis": "y", "origin": [18.65512, 3.65626, 3.67852]},
			"faces": {
				"north": {"uv": [0, 0, 0.1, 0.1], "texture": "#1"},
				"east": {"uv": [0, 0, 0.14, 0.1], "texture": "#1"},
				"south": {"uv": [0, 0, 0.1, 0.1], "texture": "#1"},
				"west": {"uv": [0, 0, 0.14, 0.1], "texture": "#1"},
				"up": {"uv": [0, 0, 0.1, 0.14], "texture": "#1"},
				"down": {"uv": [0, 0, 0.1, 0.14], "texture": "#1"}
			}
		},
		{
			"name": "box",
			"from": [18.7455, 3.4563, 2.53616],
			"to": [19.1455, 3.8563, 2.93616],
			"rotation": {"angle": 0, "axis": "y", "origin": [19.04546, 3.65626, 2.73616]},
			"faces": {
				"north": {"uv": [0, 0, 0.2, 0.2], "texture": "#1"},
				"east": {"uv": [0, 0, 0.2, 0.2], "texture": "#1"},
				"south": {"uv": [0, 0, 0.2, 0.2], "texture": "#1"},
				"west": {"uv": [0, 0, 0.2, 0.2], "texture": "#1"},
				"up": {"uv": [0, 0, 0.2, 0.2], "texture": "#1"},
				"down": {"uv": [0, 0, 0.2, 0.2], "texture": "#1"}
			}
		},
		{
			"name": "box",
			"from": [18.8, 3.55626, 3.06744],
			"to": [19, 3.75626, 3.26744],
			"rotation": {"angle": 0, "axis": "x", "origin": [18.9, 3.85626, 3.66744]},
			"faces": {
				"north": {"uv": [0, 0, 0.1, 0.1], "rotation": 180, "texture": "#1"},
				"east": {"uv": [0, 0, 0.1, 0.1], "rotation": 90, "texture": "#1"},
				"south": {"uv": [0, 0, 0.1, 0.1], "texture": "#1"},
				"west": {"uv": [0, 0, 0.1, 0.1], "rotation": 270, "texture": "#1"},
				"up": {"uv": [0, 0, 0.1, 0.1], "texture": "#1"},
				"down": {"uv": [0, 0, 0.1, 0.1], "rotation": 180, "texture": "#1"}
			}
		},
		{
			"name": "box",
			"from": [18.4, 4, 3.7],
			"to": [19.2, 4.6, 4.3],
			"rotation": {"angle": 0, "axis": "y", "origin": [13, 0, 0]},
			"faces": {
				"north": {"uv": [0, 0, 0.4, 0.3], "texture": "#1"},
				"east": {"uv": [0, 0, 0.3, 0.3], "texture": "#1"},
				"south": {"uv": [0, 0, 0.4, 0.3], "texture": "#1"},
				"west": {"uv": [0, 0, 0.3, 0.3], "texture": "#1"},
				"up": {"uv": [0, 0, 0.4, 0.3], "texture": "#1"},
				"down": {"uv": [0, 0, 0.4, 0.3], "texture": "#1"}
			}
		},
		{
			"from": [18.0426, 1.58858, 3.6],
			"to": [18.2426, 2.18858, 4.3],
			"rotation": {"angle": 22.5, "axis": "z", "origin": [18.1426, 2.03858, 3.2]},
			"faces": {
				"north": {"uv": [0, 0, 0.6, 0.2], "rotation": 270, "texture": "#0"},
				"east": {"uv": [0, 0, 0.6, 0.7], "rotation": 90, "texture": "#0"},
				"south": {"uv": [0, 0, 0.6, 0.2], "rotation": 90, "texture": "#0"},
				"west": {"uv": [0, 0, 0.6, 0.7], "rotation": 90, "texture": "#0"},
				"up": {"uv": [0, 0, 0.7, 0.2], "rotation": 90, "texture": "#0"},
				"down": {"uv": [0, 0, 0.7, 0.2], "rotation": 90, "texture": "#0"}
			}
		},
		{
			"from": [18.26384, 1.48457, 3.6],
			"to": [18.46384, 1.68457, 4.3],
			"rotation": {"angle": 45, "axis": "z", "origin": [18.36384, 1.58457, 3.95]},
			"faces": {
				"north": {"uv": [0, 0, 0.2, 0.2], "rotation": 270, "texture": "#0"},
				"east": {"uv": [0, 0, 0.2, 0.7], "rotation": 90, "texture": "#0"},
				"south": {"uv": [0, 0, 0.2, 0.2], "rotation": 90, "texture": "#0"},
				"west": {"uv": [0, 0, 0.2, 0.7], "rotation": 90, "texture": "#0"},
				"up": {"uv": [0, 0, 0.7, 0.2], "rotation": 90, "texture": "#0"},
				"down": {"uv": [0, 0, 0.7, 0.2], "rotation": 90, "texture": "#0"}
			}
		},
		{
			"from": [19.66384, 1.68457, 3.8],
			"to": [19.76384, 2.08457, 4.1],
			"rotation": {"angle": 45, "axis": "z", "origin": [18.56384, 1.48457, 3.95]},
			"faces": {
				"north": {"uv": [0, 0, 0.2, 0.05], "rotation": 270, "texture": "#1"},
				"east": {"uv": [0, 0, 0.2, 0.15], "rotation": 90, "texture": "#1"},
				"south": {"uv": [0, 0, 0.2, 0.05], "rotation": 90, "texture": "#1"},
				"west": {"uv": [0, 0, 0.2, 0.15], "rotation": 90, "texture": "#1"},
				"up": {"uv": [0, 0, 0.15, 0.05], "rotation": 90, "texture": "#1"},
				"down": {"uv": [0, 0, 0.15, 0.05], "rotation": 90, "texture": "#1"}
			}
		},
		{
			"from": [19.17095, 1.97452, 3.8],
			"to": [19.27095, 2.47452, 4.1],
			"rotation": {"angle": 0, "axis": "z", "origin": [19.17095, 2.32452, 3.95]},
			"faces": {
				"north": {"uv": [0, 0, 0.25, 0.05], "rotation": 270, "texture": "#1"},
				"east": {"uv": [0, 0, 0.25, 0.15], "rotation": 90, "texture": "#1"},
				"south": {"uv": [0, 0, 0.25, 0.05], "rotation": 90, "texture": "#1"},
				"west": {"uv": [0, 0, 0.25, 0.15], "rotation": 90, "texture": "#1"},
				"up": {"uv": [0, 0, 0.15, 0.05], "rotation": 90, "texture": "#1"},
				"down": {"uv": [0, 0, 0.15, 0.05], "rotation": 90, "texture": "#1"}
			}
		},
		{
			"from": [18.39449, 1.39727, 3.6],
			"to": [18.59449, 1.59727, 4.3],
			"rotation": {"angle": -22.5, "axis": "z", "origin": [18.49449, 1.49727, 3.95]},
			"faces": {
				"north": {"uv": [0, 0, 0.2, 0.2], "texture": "#0"},
				"east": {"uv": [0, 0, 0.7, 0.2], "texture": "#0"},
				"south": {"uv": [0, 0, 0.2, 0.2], "texture": "#0"},
				"west": {"uv": [0, 0, 0.7, 0.2], "texture": "#0"},
				"up": {"uv": [0, 0, 0.2, 0.7], "texture": "#0"},
				"down": {"uv": [0, 0, 0.2, 0.7], "texture": "#0"}
			}
		},
		{
			"from": [18.54861, 1.36661, 3.6],
			"to": [19.54861, 1.56661, 4.3],
			"rotation": {"angle": 0, "axis": "y", "origin": [18.64861, 1.46661, 3.95]},
			"faces": {
				"north": {"uv": [0, 0, 1, 0.2], "texture": "#0"},
				"east": {"uv": [0, 0, 0.7, 0.2], "texture": "#0"},
				"south": {"uv": [0, 0, 1, 0.2], "texture": "#0"},
				"west": {"uv": [0, 0, 0.7, 0.2], "texture": "#0"},
				"up": {"uv": [0, 0, 1, 0.7], "texture": "#0"},
				"down": {"uv": [0, 0, 1, 0.7], "texture": "#0"}
			}
		},
		{
			"from": [18.94359, 0.78879, 3.6],
			"to": [19.14359, 1.18879, 4.3],
			"rotation": {"angle": -45, "axis": "z", "origin": [20.04359, 0.58879, 3.95]},
			"faces": {
				"north": {"uv": [0, 0, 0.4, 0.2], "rotation": 270, "texture": "#0"},
				"east": {"uv": [0, 0, 0.4, 0.7], "rotation": 90, "texture": "#0"},
				"south": {"uv": [0, 0, 0.4, 0.2], "rotation": 90, "texture": "#0"},
				"west": {"uv": [0, 0, 0.4, 0.7], "rotation": 90, "texture": "#0"},
				"up": {"uv": [0, 0, 0.7, 0.2], "rotation": 90, "texture": "#0"},
				"down": {"uv": [0, 0, 0.7, 0.2], "rotation": 90, "texture": "#0"}
			}
		},
		{
			"from": [18.19018, 0.40675, 3.8],
			"to": [18.29018, 0.80675, 4.1],
			"rotation": {"angle": -45, "axis": "z", "origin": [20.19018, 0.20675, 3.95]},
			"faces": {
				"north": {"uv": [0, 0, 0.2, 0.05], "rotation": 270, "texture": "#1"},
				"east": {"uv": [0, 0, 0.2, 0.15], "rotation": 90, "texture": "#1"},
				"south": {"uv": [0, 0, 0.2, 0.05], "rotation": 90, "texture": "#1"},
				"west": {"uv": [0, 0, 0.2, 0.15], "rotation": 90, "texture": "#1"},
				"up": {"uv": [0, 0, 0.15, 0.05], "rotation": 90, "texture": "#1"},
				"down": {"uv": [0, 0, 0.15, 0.05], "rotation": 90, "texture": "#1"}
			}
		},
		{
			"from": [19.71561, 1.6725, 3.6],
			"to": [19.91561, 2.2725, 4.3],
			"rotation": {"angle": -22.5, "axis": "z", "origin": [19.81561, 1.8725, 3.95]},
			"faces": {
				"north": {"uv": [0, 0, 0.6, 0.2], "rotation": 270, "texture": "#0"},
				"east": {"uv": [0, 0, 0.6, 0.7], "rotation": 90, "texture": "#0"},
				"south": {"uv": [0, 0, 0.6, 0.2], "rotation": 90, "texture": "#0"},
				"west": {"uv": [0, 0, 0.6, 0.7], "rotation": 90, "texture": "#0"},
				"up": {"uv": [0, 0, 0.7, 0.2], "rotation": 90, "texture": "#0"},
				"down": {"uv": [0, 0, 0.7, 0.2], "rotation": 90, "texture": "#0"}
			}
		},
		{
			"from": [18.5, 5.1, 3.6],
			"to": [18.8, 5.3, 4.4],
			"rotation": {"angle": 0, "axis": "y", "origin": [13, 0, 0]},
			"faces": {
				"north": {"uv": [0, 0, 0.3, 0.2], "texture": "#3"},
				"east": {"uv": [0, 0, 0.8, 0.2], "texture": "#3"},
				"south": {"uv": [0, 0, 0.3, 0.2], "texture": "#3"},
				"west": {"uv": [0, 0, 0.8, 0.2], "texture": "#3"},
				"up": {"uv": [0, 0, 0.3, 0.8], "texture": "#3"},
				"down": {"uv": [0, 0, 0.3, 0.8], "texture": "#3"}
			}
		},
		{
			"from": [18.1, 5.1, 3.6],
			"to": [18.3, 5.3, 4.4],
			"rotation": {"angle": 0, "axis": "y", "origin": [13, 0, 0]},
			"faces": {
				"north": {"uv": [0, 0, 0.2, 0.2], "texture": "#3"},
				"east": {"uv": [0, 0, 0.8, 0.2], "texture": "#3"},
				"south": {"uv": [0, 0, 0.2, 0.2], "texture": "#3"},
				"west": {"uv": [0, 0, 0.8, 0.2], "texture": "#3"},
				"up": {"uv": [0, 0, 0.2, 0.8], "texture": "#3"},
				"down": {"uv": [0, 0, 0.2, 0.8], "texture": "#3"}
			}
		},
		{
			"from": [17.7, 5.1, 3.6],
			"to": [17.9, 5.3, 4.4],
			"rotation": {"angle": 0, "axis": "y", "origin": [13, 0, 0]},
			"faces": {
				"north": {"uv": [0, 0, 0.2, 0.2], "texture": "#3"},
				"east": {"uv": [0, 0, 0.8, 0.2], "texture": "#3"},
				"south": {"uv": [0, 0, 0.2, 0.2], "texture": "#3"},
				"west": {"uv": [0, 0, 0.8, 0.2], "texture": "#3"},
				"up": {"uv": [0, 0, 0.2, 0.8], "texture": "#3"},
				"down": {"uv": [0, 0, 0.2, 0.8], "texture": "#3"}
			}
		},
		{
			"from": [17.3, 5.1, 3.6],
			"to": [17.5, 5.3, 4.4],
			"rotation": {"angle": 0, "axis": "y", "origin": [13, 0, 0]},
			"faces": {
				"north": {"uv": [0, 0, 0.2, 0.2], "texture": "#3"},
				"east": {"uv": [0, 0, 0.8, 0.2], "texture": "#3"},
				"south": {"uv": [0, 0, 0.2, 0.2], "texture": "#3"},
				"west": {"uv": [0, 0, 0.8, 0.2], "texture": "#3"},
				"up": {"uv": [0, 0, 0.2, 0.8], "texture": "#3"},
				"down": {"uv": [0, 0, 0.2, 0.8], "texture": "#3"}
			}
		},
		{
			"from": [16.9, 5.1, 3.6],
			"to": [17.1, 5.3, 4.4],
			"rotation": {"angle": 0, "axis": "y", "origin": [13, 0, 0]},
			"faces": {
				"north": {"uv": [0, 0, 0.2, 0.2], "texture": "#3"},
				"east": {"uv": [0, 0, 0.8, 0.2], "texture": "#3"},
				"south": {"uv": [0, 0, 0.2, 0.2], "texture": "#3"},
				"west": {"uv": [0, 0, 0.8, 0.2], "texture": "#3"},
				"up": {"uv": [0, 0, 0.2, 0.8], "texture": "#3"},
				"down": {"uv": [0, 0, 0.2, 0.8], "texture": "#3"}
			}
		},
		{
			"from": [16.5, 5.1, 3.6],
			"to": [16.7, 5.3, 4.4],
			"rotation": {"angle": 0, "axis": "y", "origin": [13, 0, 0]},
			"faces": {
				"north": {"uv": [0, 0, 0.2, 0.2], "texture": "#3"},
				"east": {"uv": [0, 0, 0.8, 0.2], "texture": "#3"},
				"south": {"uv": [0, 0, 0.2, 0.2], "texture": "#3"},
				"west": {"uv": [0, 0, 0.8, 0.2], "texture": "#3"},
				"up": {"uv": [0, 0, 0.2, 0.8], "texture": "#3"},
				"down": {"uv": [0, 0, 0.2, 0.8], "texture": "#3"}
			}
		},
		{
			"from": [16.1, 5.1, 3.6],
			"to": [16.3, 5.3, 4.4],
			"rotation": {"angle": 0, "axis": "y", "origin": [13, 0, 0]},
			"faces": {
				"north": {"uv": [0, 0, 0.2, 0.2], "texture": "#3"},
				"east": {"uv": [0, 0, 0.8, 0.2], "texture": "#3"},
				"south": {"uv": [0, 0, 0.2, 0.2], "texture": "#3"},
				"west": {"uv": [0, 0, 0.8, 0.2], "texture": "#3"},
				"up": {"uv": [0, 0, 0.2, 0.8], "texture": "#3"},
				"down": {"uv": [0, 0, 0.2, 0.8], "texture": "#3"}
			}
		},
		{
			"from": [15.3, 5.1, 3.6],
			"to": [15.5, 5.3, 4.4],
			"rotation": {"angle": 0, "axis": "y", "origin": [13, 0, 0]},
			"faces": {
				"north": {"uv": [0, 0, 0.2, 0.2], "texture": "#3"},
				"east": {"uv": [0, 0, 0.8, 0.2], "texture": "#3"},
				"south": {"uv": [0, 0, 0.2, 0.2], "texture": "#3"},
				"west": {"uv": [0, 0, 0.8, 0.2], "texture": "#3"},
				"up": {"uv": [0, 0, 0.2, 0.8], "texture": "#3"},
				"down": {"uv": [0, 0, 0.2, 0.8], "texture": "#3"}
			}
		},
		{
			"from": [15.7, 5.1, 3.6],
			"to": [15.9, 5.3, 4.4],
			"rotation": {"angle": 0, "axis": "y", "origin": [13, 0, 0]},
			"faces": {
				"north": {"uv": [0, 0, 0.2, 0.2], "texture": "#3"},
				"east": {"uv": [0, 0, 0.8, 0.2], "texture": "#3"},
				"south": {"uv": [0, 0, 0.2, 0.2], "texture": "#3"},
				"west": {"uv": [0, 0, 0.8, 0.2], "texture": "#3"},
				"up": {"uv": [0, 0, 0.2, 0.8], "texture": "#3"},
				"down": {"uv": [0, 0, 0.2, 0.8], "texture": "#3"}
			}
		},
		{
			"from": [14.9, 5.1, 3.6],
			"to": [15.1, 5.3, 4.4],
			"rotation": {"angle": 0, "axis": "y", "origin": [13, 0, 0]},
			"faces": {
				"north": {"uv": [0, 0, 0.2, 0.2], "texture": "#3"},
				"east": {"uv": [0, 0, 0.8, 0.2], "texture": "#3"},
				"south": {"uv": [0, 0, 0.2, 0.2], "texture": "#3"},
				"west": {"uv": [0, 0, 0.8, 0.2], "texture": "#3"},
				"up": {"uv": [0, 0, 0.2, 0.8], "texture": "#3"},
				"down": {"uv": [0, 0, 0.2, 0.8], "texture": "#3"}
			}
		},
		{
			"from": [12, 4.8, 3.4],
			"to": [18.8, 5.1, 4.6],
			"rotation": {"angle": 0, "axis": "y", "origin": [13, 0, 0]},
			"faces": {
				"north": {"uv": [0, 0, 6.8, 0.3], "texture": "#3"},
				"east": {"uv": [0, 0, 1.2, 0.3], "texture": "#3"},
				"south": {"uv": [0, 0, 6.8, 0.3], "texture": "#3"},
				"west": {"uv": [0, 0, 1.2, 0.3], "texture": "#3"},
				"up": {"uv": [0, 0, 6.8, 1.2], "texture": "#3"},
				"down": {"uv": [0, 0, 6.8, 1.2], "texture": "#3"}
			}
		},
		{
			"from": [14.5, 5.1, 3.6],
			"to": [14.7, 5.3, 4.4],
			"rotation": {"angle": 0, "axis": "y", "origin": [13, 0, 0]},
			"faces": {
				"north": {"uv": [0, 0, 0.2, 0.2], "texture": "#3"},
				"east": {"uv": [0, 0, 0.8, 0.2], "texture": "#3"},
				"south": {"uv": [0, 0, 0.2, 0.2], "texture": "#3"},
				"west": {"uv": [0, 0, 0.8, 0.2], "texture": "#3"},
				"up": {"uv": [0, 0, 0.2, 0.8], "texture": "#3"},
				"down": {"uv": [0, 0, 0.2, 0.8], "texture": "#3"}
			}
		},
		{
			"from": [14.1, 5.1, 3.6],
			"to": [14.3, 5.3, 4.4],
			"rotation": {"angle": 0, "axis": "y", "origin": [13, 0, 0]},
			"faces": {
				"north": {"uv": [0, 0, 0.2, 0.2], "texture": "#3"},
				"east": {"uv": [0, 0, 0.8, 0.2], "texture": "#3"},
				"south": {"uv": [0, 0, 0.2, 0.2], "texture": "#3"},
				"west": {"uv": [0, 0, 0.8, 0.2], "texture": "#3"},
				"up": {"uv": [0, 0, 0.2, 0.8], "texture": "#3"},
				"down": {"uv": [0, 0, 0.2, 0.8], "texture": "#3"}
			}
		},
		{
			"from": [13.7, 5.1, 3.6],
			"to": [13.9, 5.3, 4.4],
			"rotation": {"angle": 0, "axis": "y", "origin": [13, 0, 0]},
			"faces": {
				"north": {"uv": [0, 0, 0.2, 0.2], "texture": "#3"},
				"east": {"uv": [0, 0, 0.8, 0.2], "texture": "#3"},
				"south": {"uv": [0, 0, 0.2, 0.2], "texture": "#3"},
				"west": {"uv": [0, 0, 0.8, 0.2], "texture": "#3"},
				"up": {"uv": [0, 0, 0.2, 0.8], "texture": "#3"},
				"down": {"uv": [0, 0, 0.2, 0.8], "texture": "#3"}
			}
		},
		{
			"from": [13.3, 5.1, 3.6],
			"to": [13.5, 5.3, 4.4],
			"rotation": {"angle": 0, "axis": "y", "origin": [13, 0, 0]},
			"faces": {
				"north": {"uv": [0, 0, 0.2, 0.2], "texture": "#3"},
				"east": {"uv": [0, 0, 0.8, 0.2], "texture": "#3"},
				"south": {"uv": [0, 0, 0.2, 0.2], "texture": "#3"},
				"west": {"uv": [0, 0, 0.8, 0.2], "texture": "#3"},
				"up": {"uv": [0, 0, 0.2, 0.8], "texture": "#3"},
				"down": {"uv": [0, 0, 0.2, 0.8], "texture": "#3"}
			}
		},
		{
			"from": [12.9, 5.1, 3.6],
			"to": [13.1, 5.3, 4.4],
			"rotation": {"angle": 0, "axis": "y", "origin": [13, 0, 0]},
			"faces": {
				"north": {"uv": [0, 0, 0.2, 0.2], "texture": "#3"},
				"east": {"uv": [0, 0, 0.8, 0.2], "texture": "#3"},
				"south": {"uv": [0, 0, 0.2, 0.2], "texture": "#3"},
				"west": {"uv": [0, 0, 0.8, 0.2], "texture": "#3"},
				"up": {"uv": [0, 0, 0.2, 0.8], "texture": "#3"},
				"down": {"uv": [0, 0, 0.2, 0.8], "texture": "#3"}
			}
		},
		{
			"from": [12.5, 5.1, 3.6],
			"to": [12.7, 5.3, 4.4],
			"rotation": {"angle": 0, "axis": "y", "origin": [13, 0, 0]},
			"faces": {
				"north": {"uv": [0, 0, 0.2, 0.2], "texture": "#3"},
				"east": {"uv": [0, 0, 0.8, 0.2], "texture": "#3"},
				"south": {"uv": [0, 0, 0.2, 0.2], "texture": "#3"},
				"west": {"uv": [0, 0, 0.8, 0.2], "texture": "#3"},
				"up": {"uv": [0, 0, 0.2, 0.8], "texture": "#3"},
				"down": {"uv": [0, 0, 0.2, 0.8], "texture": "#3"}
			}
		},
		{
			"from": [12, 5.1, 3.6],
			"to": [12.3, 5.3, 4.4],
			"rotation": {"angle": 0, "axis": "y", "origin": [13, 0, 0]},
			"faces": {
				"north": {"uv": [0, 0, 0.3, 0.2], "texture": "#3"},
				"east": {"uv": [0, 0, 0.8, 0.2], "texture": "#3"},
				"south": {"uv": [0, 0, 0.3, 0.2], "texture": "#3"},
				"west": {"uv": [0, 0, 0.8, 0.2], "texture": "#3"},
				"up": {"uv": [0, 0, 0.3, 0.8], "texture": "#3"},
				"down": {"uv": [0, 0, 0.3, 0.8], "texture": "#3"}
			}
		},
		{
			"from": [14.1, 1.9, 3.2],
			"to": [18.2, 2.9, 4.8],
			"rotation": {"angle": 0, "axis": "y", "origin": [13, 0, 0]},
			"faces": {
				"north": {"uv": [0, 0, 4.1, 1], "texture": "#0"},
				"east": {"uv": [0, 0, 1.6, 1], "texture": "#0"},
				"south": {"uv": [0, 0, 4.1, 1], "texture": "#0"},
				"west": {"uv": [0, 0, 1.6, 1], "texture": "#0"},
				"up": {"uv": [0, 0, 4.1, 1.6], "texture": "#0"},
				"down": {"uv": [0, 0, 4.1, 1.6], "texture": "#0"}
			}
		},
		{
			"from": [12.06327, 1.35089, 3.2],
			"to": [15.06327, 2.35089, 4.8],
			"rotation": {"angle": -22.5, "axis": "z", "origin": [16.01327, 4.05089, 4]},
			"faces": {
				"north": {"uv": [0, 0, 3, 1], "texture": "#0"},
				"east": {"uv": [0, 0, 1.6, 1], "texture": "#0"},
				"south": {"uv": [0, 0, 3, 1], "texture": "#0"},
				"west": {"uv": [0, 0, 1.6, 1], "texture": "#0"},
				"up": {"uv": [0, 0, 3, 1.6], "texture": "#0"},
				"down": {"uv": [0, 0, 3, 1.6], "texture": "#0"}
			}
		},
		{
			"from": [5.3, 2.9, 3.2],
			"to": [18.4, 4, 4.8],
			"rotation": {"angle": 0, "axis": "y", "origin": [13, 0, 0]},
			"faces": {
				"north": {"uv": [0, 0, 13.1, 1.1], "texture": "#0"},
				"east": {"uv": [0, 0, 1.6, 1.1], "texture": "#0"},
				"south": {"uv": [0, 0, 13.1, 1.1], "texture": "#0"},
				"west": {"uv": [0, 0, 1.6, 1.1], "texture": "#0"},
				"up": {"uv": [0, 0, 13.1, 1.6], "texture": "#0"},
				"down": {"uv": [0, 0, 13.1, 1.6], "texture": "#0"}
			}
		},
		{
			"from": [23.1, 1, 3.2],
			"to": [28.8, 4, 4.8],
			"rotation": {"angle": 0, "axis": "y", "origin": [13, 0, 0]},
			"faces": {
				"north": {"uv": [0, 0, 5.7, 3], "texture": "#0"},
				"east": {"uv": [0, 0, 1.6, 3], "texture": "#0"},
				"south": {"uv": [0, 0, 5.7, 3], "texture": "#0"},
				"west": {"uv": [0, 0, 1.6, 3], "texture": "#0"},
				"up": {"uv": [0, 0, 5.7, 1.6], "texture": "#0"},
				"down": {"uv": [0, 0, 5.7, 1.6], "texture": "#0"}
			}
		},
		{
			"from": [20.65985, 0.59636, 3.2],
			"to": [21.65985, 1.59636, 4.8],
			"rotation": {"angle": 45, "axis": "z", "origin": [22.05985, 3.69636, 4]},
			"faces": {
				"north": {"uv": [0, 0, 1, 1], "texture": "#0"},
				"east": {"uv": [0, 0, 1.6, 1], "texture": "#0"},
				"south": {"uv": [0, 0, 1, 1], "texture": "#0"},
				"west": {"uv": [0, 0, 1.6, 1], "texture": "#0"},
				"up": {"uv": [0, 0, 1, 1.6], "texture": "#0"},
				"down": {"uv": [0, 0, 1, 1.6], "texture": "#0"}
			}
		},
		{
			"from": [22.48702, 0.06253, 3.2],
			"to": [25.58702, 1.06253, 4.8],
			"rotation": {"angle": 22.5, "axis": "z", "origin": [22.18702, 0.31253, 4]},
			"faces": {
				"north": {"uv": [0, 0, 3.1, 1], "texture": "#0"},
				"east": {"uv": [0, 0, 1.6, 1], "texture": "#0"},
				"south": {"uv": [0, 0, 3.1, 1], "texture": "#0"},
				"west": {"uv": [0, 0, 1.6, 1], "texture": "#0"},
				"up": {"uv": [0, 0, 3.1, 1.6], "texture": "#0"},
				"down": {"uv": [0, 0, 3.1, 1.6], "texture": "#0"}
			}
		},
		{
			"from": [21.35985, 0.19636, 3.2],
			"to": [22.55985, 1.19636, 4.8],
			"rotation": {"angle": 0, "axis": "z", "origin": [22.95985, 0.44636, 4]},
			"faces": {
				"north": {"uv": [0, 0, 1.2, 1], "texture": "#0"},
				"east": {"uv": [0, 0, 1.6, 1], "texture": "#0"},
				"south": {"uv": [0, 0, 1.2, 1], "texture": "#0"},
				"west": {"uv": [0, 0, 1.6, 1], "texture": "#0"},
				"up": {"uv": [0, 0, 1.2, 1.6], "texture": "#0"},
				"down": {"uv": [0, 0, 1.2, 1.6], "texture": "#0"}
			}
		},
		{
			"from": [18.95985, 1.99636, 3.2],
			"to": [19.95985, 2.99636, 4.8],
			"rotation": {"angle": 45, "axis": "z", "origin": [22.05985, 3.69636, 4]},
			"faces": {
				"north": {"uv": [0, 0, 1, 1], "texture": "#0"},
				"east": {"uv": [0, 0, 1.6, 1], "texture": "#0"},
				"south": {"uv": [0, 0, 1, 1], "texture": "#0"},
				"west": {"uv": [0, 0, 1.6, 1], "texture": "#0"},
				"up": {"uv": [0, 0, 1, 1.6], "texture": "#0"},
				"down": {"uv": [0, 0, 1, 1.6], "texture": "#0"}
			}
		},
		{
			"from": [19.80475, -0.21296, 3.2],
			"to": [20.80475, 3.78704, 4.8],
			"rotation": {"angle": 22.5, "axis": "z", "origin": [20.30475, 2.43704, 4]},
			"faces": {
				"north": {"uv": [0, 0, 4, 1], "rotation": 90, "texture": "#0"},
				"east": {"uv": [0, 0, 4, 1.6], "rotation": 270, "texture": "#0"},
				"south": {"uv": [0, 0, 4, 1], "rotation": 270, "texture": "#0"},
				"west": {"uv": [0, 0, 4, 1.6], "rotation": 270, "texture": "#0"},
				"up": {"uv": [0, 0, 1.6, 1], "rotation": 270, "texture": "#0"},
				"down": {"uv": [0, 0, 1.6, 1], "rotation": 270, "texture": "#0"}
			}
		},
		{
			"from": [20.25985, 3.69636, 3.2],
			"to": [21.25985, 4.69636, 4.8],
			"rotation": {"angle": 45, "axis": "z", "origin": [22.05985, 3.69636, 4]},
			"faces": {
				"north": {"uv": [0, 0, 1, 1], "texture": "#0"},
				"east": {"uv": [0, 0, 1.6, 1], "texture": "#0"},
				"south": {"uv": [0, 0, 1, 1], "texture": "#0"},
				"west": {"uv": [0, 0, 1.6, 1], "texture": "#0"},
				"up": {"uv": [0, 0, 1, 1.6], "texture": "#0"},
				"down": {"uv": [0, 0, 1, 1.6], "texture": "#0"}
			}
		},
		{
			"from": [21.85985, 1.99636, 3.2],
			"to": [22.85985, 2.99636, 4.8],
			"rotation": {"angle": 45, "axis": "z", "origin": [22.05985, 3.69636, 4]},
			"faces": {
				"north": {"uv": [0, 0, 1, 1], "texture": "#0"},
				"east": {"uv": [0, 0, 1.6, 1], "texture": "#0"},
				"south": {"uv": [0, 0, 1, 1], "texture": "#0"},
				"west": {"uv": [0, 0, 1.6, 1], "texture": "#0"},
				"up": {"uv": [0, 0, 1, 1.6], "texture": "#0"},
				"down": {"uv": [0, 0, 1, 1.6], "texture": "#0"}
			}
		},
		{
			"from": [19.2, 3, 3.2],
			"to": [24, 4, 4.8],
			"rotation": {"angle": 0, "axis": "y", "origin": [13, 0, 0]},
			"faces": {
				"north": {"uv": [0, 0, 4.8, 1], "texture": "#0"},
				"east": {"uv": [0, 0, 1.6, 1], "texture": "#0"},
				"south": {"uv": [0, 0, 4.8, 1], "texture": "#0"},
				"west": {"uv": [0, 0, 1.6, 1], "texture": "#0"},
				"up": {"uv": [0, 0, 4.8, 1.6], "texture": "#0"},
				"down": {"uv": [0, 0, 4.8, 1.6], "texture": "#0"}
			}
		},
		{
			"from": [18.4, 3.18284, 3.71716],
			"to": [19.2, 3.98284, 4.80216],
			"rotation": {"angle": 0, "axis": "y", "origin": [13, 0.18284, 2.11716]},
			"faces": {
				"north": {"uv": [0, 0, 0.4, 0.4], "texture": "#0"},
				"east": {"uv": [0, 0, 0.5425, 0.4], "texture": "#0"},
				"south": {"uv": [0, 0, 0.4, 0.4], "texture": "#0"},
				"west": {"uv": [0, 0, 0.5425, 0.4], "texture": "#0"},
				"up": {"uv": [0, 0, 0.4, 0.5425], "texture": "#0"},
				"down": {"uv": [0, 0, 0.4, 0.5425], "texture": "#0"}
			}
		},
		{
			"from": [18.4, 1.97164, 2.99296],
			"to": [19.2, 2.69164, 3.39296],
			"rotation": {"angle": 45, "axis": "x", "origin": [18.8, 2.47164, 4.89296]},
			"faces": {
				"north": {"uv": [0, 0, 0.4, 0.36], "texture": "#0"},
				"east": {"uv": [0, 0, 0.2, 0.36], "texture": "#0"},
				"south": {"uv": [0, 0, 0.4, 0.36], "texture": "#0"},
				"west": {"uv": [0, 0, 0.2, 0.36], "texture": "#0"},
				"up": {"uv": [0, 0, 0.4, 0.2], "texture": "#0"},
				"down": {"uv": [0, 0, 0.4, 0.2], "texture": "#0"}
			}
		},
		{
			"from": [18.2, 2.6, 3.2],
			"to": [19.9, 3.47, 4.8],
			"rotation": {"angle": 0, "axis": "y", "origin": [13, 0, 0]},
			"faces": {
				"north": {"uv": [0, 0, 1.7, 0.87], "texture": "#0"},
				"east": {"uv": [0, 0, 1.6, 0.87], "texture": "#0"},
				"south": {"uv": [0, 0, 1.7, 0.87], "texture": "#0"},
				"west": {"uv": [0, 0, 1.6, 0.87], "texture": "#0"},
				"up": {"uv": [0, 0, 1.7, 1.6], "texture": "#0"},
				"down": {"uv": [0, 0, 1.7, 1.6], "texture": "#0"}
			}
		},
		{
			"from": [28.8, 0, 3.1],
			"to": [30.3, 4.2, 4.9],
			"rotation": {"angle": 0, "axis": "y", "origin": [13, 0, 0]},
			"faces": {
				"north": {"uv": [0, 0, 2, 4], "texture": "#3"},
				"east": {"uv": [2, 0, 4, 4], "texture": "#3"},
				"south": {"uv": [0, 4, 2, 8], "texture": "#3"},
				"west": {"uv": [4, 0, 6, 4], "texture": "#3"},
				"up": {"uv": [4, 6, 2, 4], "texture": "#3"},
				"down": {"uv": [6, 4, 4, 6], "texture": "#3"}
			}
		},
		{
			"from": [24.4, 4, 3.4],
			"to": [28.6, 4.5, 4.6],
			"rotation": {"angle": 0, "axis": "y", "origin": [13, 0, 0]},
			"faces": {
				"north": {"uv": [0, 0, 2.1, 0.25], "texture": "#3"},
				"east": {"uv": [0, 0, 0.6, 0.25], "texture": "#3"},
				"south": {"uv": [0, 0, 2.1, 0.25], "texture": "#3"},
				"west": {"uv": [0, 0, 0.6, 0.25], "texture": "#3"},
				"up": {"uv": [0, 0, 2.1, 0.6], "texture": "#3"},
				"down": {"uv": [0, 0, 2.1, 0.6], "texture": "#3"}
			}
		}
	],
	"display": {
		"thirdperson_righthand": {
			"rotation": [0, -90, 0],
			"translation": [-2.75, 4.25, -9],
			"scale": [0.7, 0.7, 0.7]
		},
		"firstperson_righthand": {
			"rotation": [0, -90, 0],
			"translation": [-8.25, 9.25, 1.75],
			"scale": [0.6, 0.6, 0.6]
		},
		"ground": {
			"rotation": [0, 0, -45],
			"translation": [0, 10, 0],
			"scale": [0.6, 0.6, 0.6]
		},
		"gui": {
			"rotation": [0, -180, -40],
			"translation": [0.75, 5.25, 0],
			"scale": [0.6, 0.6, 0.6]
		},
		"fixed": {
			"rotation": [0, 0, -45],
			"translation": [0, 6, 2.75],
			"scale": [0.6, 0.6, 0.6]
		}
	},
	"groups": [
		0,
		1,
		{
			"name": "barrel",
			"origin": [0, 0, 0],
			"color": 0,
			"children": [2, 3]
		},
		{
			"name": "scope",
			"origin": [0, 0, 0],
			"color": 0,
			"children": [4, 5, 6, 7, 8, 9, 10, 11, 12, 13, 14, 15, 16, 17, 18, 19, 20, 21, 22, 23, 24, 25, 26, 27, 28, 29, 30, 31, 32, 33, 34, 35, 36, 37]
		},
		{
			"name": "chamber",
			"origin": [0, 0, 0],
			"color": 0,
			"children": [38, 39, 40, 41, 42, 43, 44, 45, 46, 47, 48]
		},
		{
			"name": "trigger",
			"origin": [6.81561, 1.8725, 3.95],
			"color": 0,
			"children": [49, 50, 51, 52, 53, 54, 55, 56, 57]
		},
		{
			"name": "rail",
			"origin": [0, 0, 0],
			"color": 0,
			"children": [58, 59, 60, 61, 62, 63, 64, 65, 66, 67, 68, 69, 70, 71, 72, 73, 74, 75]
		},
		{
			"name": "flame",
			"origin": [0, 0, 0],
			"color": 0,
			"children": [76, 77, 78]
		},
		{
			"name": "stock",
			"origin": [0, 0, 0],
			"color": 0,
			"children": [79, 80, 81, 82, 83, 84, 85, 86, 87, 88, 89, 90]
		},
		{
			"name": "pad",
			"origin": [0, 0, 0],
			"color": 0,
			"children": [91, 92]
		}
	]
}