{
	"credit": "Made with Blockbench",
	"textures": {
		"0": "mgp:item/texture",
		"2": "mgp:item/texture3",
		"particle": "mgp:item/texture"
	},
	"elements": [
		{
			"from": [7, 0, 2],
			"to": [9, 0.75, 14],
			"rotation": {"angle": 0, "axis": "y", "origin": [7, 0, 7]},
			"faces": {
				"north": {"uv": [0, 0, 2, 0.75], "texture": "#2"},
				"east": {"uv": [0, 0, 12, 0.75], "texture": "#2"},
				"south": {"uv": [0, 0, 2, 0.75], "texture": "#2"},
				"west": {"uv": [0, 0, 12, 0.75], "texture": "#2"},
				"up": {"uv": [0, 0, 2, 12], "texture": "#2"},
				"down": {"uv": [0, 0, 2, 12], "texture": "#2"}
			}
		},
		{
			"from": [7.54289, 1.54289, 11.51],
			"to": [7.79289, 3.04289, 12.5],
			"rotation": {"angle": 45, "axis": "z", "origin": [7.79289, 1.04289, 15]},
			"faces": {
				"north": {"uv": [0, 0, 1.5, 0.25], "rotation": 90, "texture": "#0"},
				"east": {"uv": [0, 0, 1.5, 0.99], "rotation": 270, "texture": "#0"},
				"south": {"uv": [0, 0, 1.5, 0.25], "rotation": 270, "texture": "#0"},
				"west": {"uv": [0, 0, 1.5, 0.99], "rotation": 270, "texture": "#0"},
				"up": {"uv": [0, 0, 0.99, 0.25], "rotation": 270, "texture": "#0"},
				"down": {"uv": [0, 0, 0.99, 0.25], "rotation": 270, "texture": "#0"}
			}
		},
		{
			"from": [7, 0.75, 11.5],
			"to": [9, 1.5, 12.5],
			"rotation": {"angle": 0, "axis": "y", "origin": [7, 0.75, 15]},
			"faces": {
				"north": {"uv": [0, 0, 2, 0.75], "texture": "#0"},
				"east": {"uv": [0, 0, 1, 0.75], "texture": "#0"},
				"south": {"uv": [0, 0, 2, 0.75], "texture": "#0"},
				"west": {"uv": [0, 0, 1, 0.75], "texture": "#0"},
				"up": {"uv": [0, 0, 2, 1], "texture": "#0"},
				"down": {"uv": [0, 0, 2, 1], "texture": "#0"}
			}
		},
		{
			"from": [7.975, 1.5, 11.5],
			"to": [8.025, 1.95, 12.5],
			"rotation": {"angle": 0, "axis": "y", "origin": [8, 1.725, 12]},
			"faces": {
				"north": {"uv": [0, 0, 0.05, 0.45], "texture": "#0"},
				"east": {"uv": [0, 0, 1, 0.45], "texture": "#0"},
				"south": {"uv": [0, 0, 0.05, 0.45], "texture": "#0"},
				"west": {"uv": [0, 0, 1, 0.45], "texture": "#0"},
				"up": {"uv": [0, 0, 0.05, 1], "texture": "#0"},
				"down": {"uv": [0, 0, 0.05, 1], "texture": "#0"}
			}
		},
		{
			"from": [8.79289, 0.79289, 11.51],
			"to": [10.29289, 1.04289, 12.5],
			"rotation": {"angle": 45, "axis": "z", "origin": [8.29289, 0.79289, 15]},
			"faces": {
				"north": {"uv": [0, 0, 1.5, 0.25], "texture": "#0"},
				"east": {"uv": [0, 0, 0.99, 0.25], "texture": "#0"},
				"south": {"uv": [0, 0, 1.5, 0.25], "texture": "#0"},
				"west": {"uv": [0, 0, 0.99, 0.25], "texture": "#0"},
				"up": {"uv": [0, 0, 1.5, 0.99], "texture": "#0"},
				"down": {"uv": [0, 0, 1.5, 0.99], "texture": "#0"}
			}
		},
		{
			"from": [7, 0.75, 2.5],
			"to": [9, 1.5, 3.5],
			"rotation": {"angle": 0, "axis": "y", "origin": [7, 0.75, 6]},
			"faces": {
				"north": {"uv": [0, 0, 2, 0.75], "texture": "#0"},
				"east": {"uv": [0, 0, 1, 0.75], "texture": "#0"},
				"south": {"uv": [0, 0, 2, 0.75], "texture": "#0"},
				"west": {"uv": [0, 0, 1, 0.75], "texture": "#0"},
				"up": {"uv": [0, 0, 2, 1], "texture": "#0"},
				"down": {"uv": [0, 0, 2, 1], "texture": "#0"}
			}
		},
		{
			"from": [7.6, 1.5, 2.5],
			"to": [8.4, 1.65, 3.5],
			"rotation": {"angle": 0, "axis": "y", "origin": [7, 0.75, 6]},
			"faces": {
				"north": {"uv": [0, 0, 0.8, 0.15], "texture": "#0"},
				"east": {"uv": [0, 0, 1, 0.15], "texture": "#0"},
				"south": {"uv": [0, 0, 0.8, 0.15], "texture": "#0"},
				"west": {"uv": [0, 0, 1, 0.15], "texture": "#0"},
				"up": {"uv": [0, 0, 0.8, 1], "texture": "#0"},
				"down": {"uv": [0, 0, 0.8, 1], "texture": "#0"}
			}
		},
		{
			"from": [7.6, 1.5, 11.5],
			"to": [8.4, 1.65, 12.5],
			"rotation": {"angle": 0, "axis": "y", "origin": [7, 0.75, 15]},
			"faces": {
				"north": {"uv": [0, 0, 0.8, 0.15], "texture": "#0"},
				"east": {"uv": [0, 0, 1, 0.15], "texture": "#0"},
				"south": {"uv": [0, 0, 0.8, 0.15], "texture": "#0"},
				"west": {"uv": [0, 0, 1, 0.15], "texture": "#0"},
				"up": {"uv": [0, 0, 0.8, 1], "texture": "#0"},
				"down": {"uv": [0, 0, 0.8, 1], "texture": "#0"}
			}
		},
		{
			"from": [8.79289, 0.79289, 2.51],
			"to": [10.29289, 1.04289, 3.5],
			"rotation": {"angle": 45, "axis": "z", "origin": [8.29289, 0.79289, 6]},
			"faces": {
				"north": {"uv": [0, 0, 1.5, 0.25], "texture": "#0"},
				"east": {"uv": [0, 0, 0.99, 0.25], "texture": "#0"},
				"south": {"uv": [0, 0, 1.5, 0.25], "texture": "#0"},
				"west": {"uv": [0, 0, 0.99, 0.25], "texture": "#0"},
				"up": {"uv": [0, 0, 1.5, 0.99], "texture": "#0"},
				"down": {"uv": [0, 0, 1.5, 0.99], "texture": "#0"}
			}
		},
		{
			"from": [7.54289, 1.54289, 2.51],
			"to": [7.79289, 3.04289, 3.5],
			"rotation": {"angle": 45, "axis": "z", "origin": [7.79289, 1.04289, 6]},
			"faces": {
				"north": {"uv": [0, 0, 1.5, 0.25], "rotation": 90, "texture": "#0"},
				"east": {"uv": [0, 0, 1.5, 0.99], "rotation": 270, "texture": "#0"},
				"south": {"uv": [0, 0, 1.5, 0.25], "rotation": 270, "texture": "#0"},
				"west": {"uv": [0, 0, 1.5, 0.99], "rotation": 270, "texture": "#0"},
				"up": {"uv": [0, 0, 0.99, 0.25], "rotation": 270, "texture": "#0"},
				"down": {"uv": [0, 0, 0.99, 0.25], "rotation": 270, "texture": "#0"}
			}
		},
		{
			"from": [7.925, 1.6, 2.5],
			"to": [8.075, 1.675, 3.5],
			"rotation": {"angle": 0, "axis": "z", "origin": [8, 2.6625, 3]},
			"faces": {
				"north": {"uv": [0, 0, 0.15, 0.075], "texture": "#0"},
				"east": {"uv": [0, 0, 1, 0.075], "texture": "#0"},
				"south": {"uv": [0, 0, 0.15, 0.075], "texture": "#0"},
				"west": {"uv": [0, 0, 1, 0.075], "texture": "#0"},
				"up": {"uv": [0, 0, 0.15, 1], "texture": "#0"},
				"down": {"uv": [0, 0, 0.15, 1], "texture": "#0"}
			}
		},
		{
			"from": [7.66269, 1.54782, 2.5],
			"to": [7.81269, 1.62282, 3.5],
			"rotation": {"angle": 22.5, "axis": "z", "origin": [7.73769, 2.61032, 3]},
			"faces": {
				"north": {"uv": [0, 0, 0.15, 0.075], "texture": "#0"},
				"east": {"uv": [0, 0, 1, 0.075], "texture": "#0"},
				"south": {"uv": [0, 0, 0.15, 0.075], "texture": "#0"},
				"west": {"uv": [0, 0, 1, 0.075], "texture": "#0"},
				"up": {"uv": [0, 0, 0.15, 1], "texture": "#0"},
				"down": {"uv": [0, 0, 0.15, 1], "texture": "#0"}
			}
		},
		{
			"from": [7.44031, 1.39924, 2.5],
			"to": [7.59031, 1.47424, 3.5],
			"rotation": {"angle": 45, "axis": "z", "origin": [7.51531, 2.46174, 3]},
			"faces": {
				"north": {"uv": [0, 0, 0.15, 0.075], "texture": "#0"},
				"east": {"uv": [0, 0, 1, 0.075], "texture": "#0"},
				"south": {"uv": [0, 0, 0.15, 0.075], "texture": "#0"},
				"west": {"uv": [0, 0, 1, 0.075], "texture": "#0"},
				"up": {"uv": [0, 0, 0.15, 1], "texture": "#0"},
				"down": {"uv": [0, 0, 0.15, 1], "texture": "#0"}
			}
		},
		{
			"from": [8.35423, 2.16436, 2.5],
			"to": [8.42923, 2.31436, 3.5],
			"rotation": {"angle": -22.5, "axis": "z", "origin": [7.36673, 2.23936, 3]},
			"faces": {
				"north": {"uv": [0, 0, 0.15, 0.075], "rotation": 90, "texture": "#0"},
				"east": {"uv": [0, 0, 0.15, 1], "rotation": 270, "texture": "#0"},
				"south": {"uv": [0, 0, 0.15, 0.075], "rotation": 270, "texture": "#0"},
				"west": {"uv": [0, 0, 0.15, 1], "rotation": 270, "texture": "#0"},
				"up": {"uv": [0, 0, 1, 0.075], "rotation": 270, "texture": "#0"},
				"down": {"uv": [0, 0, 1, 0.075], "rotation": 270, "texture": "#0"}
			}
		},
		{
			"from": [8.30205, 1.90205, 2.5],
			"to": [8.37705, 2.05205, 3.5],
			"rotation": {"angle": 0, "axis": "z", "origin": [7.31455, 1.97705, 3]},
			"faces": {
				"north": {"uv": [0, 0, 0.15, 0.075], "rotation": 90, "texture": "#0"},
				"east": {"uv": [0, 0, 0.15, 1], "rotation": 270, "texture": "#0"},
				"south": {"uv": [0, 0, 0.15, 0.075], "rotation": 270, "texture": "#0"},
				"west": {"uv": [0, 0, 0.15, 1], "rotation": 270, "texture": "#0"},
				"up": {"uv": [0, 0, 1, 0.075], "rotation": 270, "texture": "#0"},
				"down": {"uv": [0, 0, 1, 0.075], "rotation": 270, "texture": "#0"}
			}
		},
		{
			"from": [8.35423, 1.63974, 2.5],
			"to": [8.42923, 1.78974, 3.5],
			"rotation": {"angle": 22.5, "axis": "z", "origin": [7.36673, 1.71474, 3]},
			"faces": {
				"north": {"uv": [0, 0, 0.15, 0.075], "rotation": 90, "texture": "#0"},
				"east": {"uv": [0, 0, 0.15, 1], "rotation": 270, "texture": "#0"},
				"south": {"uv": [0, 0, 0.15, 0.075], "rotation": 270, "texture": "#0"},
				"west": {"uv": [0, 0, 0.15, 1], "rotation": 270, "texture": "#0"},
				"up": {"uv": [0, 0, 1, 0.075], "rotation": 270, "texture": "#0"},
				"down": {"uv": [0, 0, 1, 0.075], "rotation": 270, "texture": "#0"}
			}
		},
		{
			"from": [8.50281, 1.41736, 2.5],
			"to": [8.57781, 1.56736, 3.5],
			"rotation": {"angle": 45, "axis": "z", "origin": [7.51531, 1.49236, 3]},
			"faces": {
				"north": {"uv": [0, 0, 0.15, 0.075], "rotation": 90, "texture": "#0"},
				"east": {"uv": [0, 0, 0.15, 1], "rotation": 270, "texture": "#0"},
				"south": {"uv": [0, 0, 0.15, 0.075], "rotation": 270, "texture": "#0"},
				"west": {"uv": [0, 0, 0.15, 1], "rotation": 270, "texture": "#0"},
				"up": {"uv": [0, 0, 1, 0.075], "rotation": 270, "texture": "#0"},
				"down": {"uv": [0, 0, 1, 0.075], "rotation": 270, "texture": "#0"}
			}
		},
		{
			"from": [7.66269, 2.33128, 2.5],
			"to": [7.81269, 2.40628, 3.5],
			"rotation": {"angle": -22.5, "axis": "z", "origin": [7.73769, 1.34378, 3]},
			"faces": {
				"north": {"uv": [0, 0, 0.15, 0.075], "rotation": 180, "texture": "#0"},
				"east": {"uv": [0, 0, 1, 0.075], "rotation": 180, "texture": "#0"},
				"south": {"uv": [0, 0, 0.15, 0.075], "rotation": 180, "texture": "#0"},
				"west": {"uv": [0, 0, 1, 0.075], "rotation": 180, "texture": "#0"},
				"up": {"uv": [0, 0, 0.15, 1], "rotation": 180, "texture": "#0"},
				"down": {"uv": [0, 0, 0.15, 1], "rotation": 180, "texture": "#0"}
			}
		},
		{
			"from": [7.925, 2.2791, 2.5],
			"to": [8.075, 2.3541, 3.5],
			"rotation": {"angle": 0, "axis": "z", "origin": [8, 1.2916, 3]},
			"faces": {
				"north": {"uv": [0, 0, 0.15, 0.075], "rotation": 180, "texture": "#0"},
				"east": {"uv": [0, 0, 1, 0.075], "rotation": 180, "texture": "#0"},
				"south": {"uv": [0, 0, 0.15, 0.075], "rotation": 180, "texture": "#0"},
				"west": {"uv": [0, 0, 1, 0.075], "rotation": 180, "texture": "#0"},
				"up": {"uv": [0, 0, 0.15, 1], "rotation": 180, "texture": "#0"},
				"down": {"uv": [0, 0, 0.15, 1], "rotation": 180, "texture": "#0"}
			}
		},
		{
			"from": [8.18731, 2.33128, 2.5],
			"to": [8.33731, 2.40628, 3.5],
			"rotation": {"angle": 22.5, "axis": "z", "origin": [8.26231, 1.34378, 3]},
			"faces": {
				"north": {"uv": [0, 0, 0.15, 0.075], "rotation": 180, "texture": "#0"},
				"east": {"uv": [0, 0, 1, 0.075], "rotation": 180, "texture": "#0"},
				"south": {"uv": [0, 0, 0.15, 0.075], "rotation": 180, "texture": "#0"},
				"west": {"uv": [0, 0, 1, 0.075], "rotation": 180, "texture": "#0"},
				"up": {"uv": [0, 0, 0.15, 1], "rotation": 180, "texture": "#0"},
				"down": {"uv": [0, 0, 0.15, 1], "rotation": 180, "texture": "#0"}
			}
		},
		{
			"from": [8.40969, 2.47986, 2.5],
			"to": [8.55969, 2.55486, 3.5],
			"rotation": {"angle": 45, "axis": "z", "origin": [8.48469, 1.49236, 3]},
			"faces": {
				"north": {"uv": [0, 0, 0.15, 0.075], "rotation": 180, "texture": "#0"},
				"east": {"uv": [0, 0, 1, 0.075], "rotation": 180, "texture": "#0"},
				"south": {"uv": [0, 0, 0.15, 0.075], "rotation": 180, "texture": "#0"},
				"west": {"uv": [0, 0, 1, 0.075], "rotation": 180, "texture": "#0"},
				"up": {"uv": [0, 0, 0.15, 1], "rotation": 180, "texture": "#0"},
				"down": {"uv": [0, 0, 0.15, 1], "rotation": 180, "texture": "#0"}
			}
		},
		{
			"from": [7.57077, 1.63974, 2.5],
			"to": [7.64577, 1.78974, 3.5],
			"rotation": {"angle": -22.5, "axis": "z", "origin": [8.63327, 1.71474, 3]},
			"faces": {
				"north": {"uv": [0, 0, 0.15, 0.075], "rotation": 270, "texture": "#0"},
				"east": {"uv": [0, 0, 0.15, 1], "rotation": 90, "texture": "#0"},
				"south": {"uv": [0, 0, 0.15, 0.075], "rotation": 90, "texture": "#0"},
				"west": {"uv": [0, 0, 0.15, 1], "rotation": 90, "texture": "#0"},
				"up": {"uv": [0, 0, 1, 0.075], "rotation": 90, "texture": "#0"},
				"down": {"uv": [0, 0, 1, 0.075], "rotation": 90, "texture": "#0"}
			}
		},
		{
			"from": [7.62295, 1.90205, 2.5],
			"to": [7.69795, 2.05205, 3.5],
			"rotation": {"angle": 0, "axis": "z", "origin": [8.68545, 1.97705, 3]},
			"faces": {
				"north": {"uv": [0, 0, 0.15, 0.075], "rotation": 270, "texture": "#0"},
				"east": {"uv": [0, 0, 0.15, 1], "rotation": 90, "texture": "#0"},
				"south": {"uv": [0, 0, 0.15, 0.075], "rotation": 90, "texture": "#0"},
				"west": {"uv": [0, 0, 0.15, 1], "rotation": 90, "texture": "#0"},
				"up": {"uv": [0, 0, 1, 0.075], "rotation": 90, "texture": "#0"},
				"down": {"uv": [0, 0, 1, 0.075], "rotation": 90, "texture": "#0"}
			}
		},
		{
			"from": [7.57077, 2.16436, 2.5],
			"to": [7.64577, 2.31436, 3.5],
			"rotation": {"angle": 22.5, "axis": "z", "origin": [8.63327, 2.23936, 3]},
			"faces": {
				"north": {"uv": [0, 0, 0.15, 0.075], "rotation": 270, "texture": "#0"},
				"east": {"uv": [0, 0, 0.15, 1], "rotation": 90, "texture": "#0"},
				"south": {"uv": [0, 0, 0.15, 0.075], "rotation": 90, "texture": "#0"},
				"west": {"uv": [0, 0, 0.15, 1], "rotation": 90, "texture": "#0"},
				"up": {"uv": [0, 0, 1, 0.075], "rotation": 90, "texture": "#0"},
				"down": {"uv": [0, 0, 1, 0.075], "rotation": 90, "texture": "#0"}
			}
		},
		{
			"from": [7.42219, 2.38674, 2.5],
			"to": [7.49719, 2.53674, 3.5],
			"rotation": {"angle": 45, "axis": "z", "origin": [8.48469, 2.46174, 3]},
			"faces": {
				"north": {"uv": [0, 0, 0.15, 0.075], "rotation": 270, "texture": "#0"},
				"east": {"uv": [0, 0, 0.15, 1], "rotation": 90, "texture": "#0"},
				"south": {"uv": [0, 0, 0.15, 0.075], "rotation": 90, "texture": "#0"},
				"west": {"uv": [0, 0, 0.15, 1], "rotation": 90, "texture": "#0"},
				"up": {"uv": [0, 0, 1, 0.075], "rotation": 90, "texture": "#0"},
				"down": {"uv": [0, 0, 1, 0.075], "rotation": 90, "texture": "#0"}
			}
		},
		{
			"from": [8.18731, 1.54782, 2.5],
			"to": [8.33731, 1.62282, 3.5],
			"rotation": {"angle": -22.5, "axis": "z", "origin": [8.26231, 2.61032, 3]},
			"faces": {
				"north": {"uv": [0, 0, 0.15, 0.075], "texture": "#0"},
				"east": {"uv": [0, 0, 1, 0.075], "texture": "#0"},
				"south": {"uv": [0, 0, 0.15, 0.075], "texture": "#0"},
				"west": {"uv": [0, 0, 1, 0.075], "texture": "#0"},
				"up": {"uv": [0, 0, 0.15, 1], "texture": "#0"},
				"down": {"uv": [0, 0, 0.15, 1], "texture": "#0"}
			}
		}
	],
	"display": {
		"firstperson_righthand": {
			"rotation": [0, 0.5, 0],
			"translation": [-9.03, 14.35, 3.5]
		}
	},
	"groups": [
		0,
		{
			"name": "group",
			"origin": [8.29289, 0.79289, 15],
			"color": 0,
			"children": [1, 2, 3, 4]
		},
		{
			"name": "group",
			"origin": [7.79289, 1.04289, 6],
			"color": 0,
			"children": [
				5,
				6,
				7,
				8,
				9,
				{
					"name": "group",
					"origin": [8, 2.6625, 3],
					"color": 0,
					"children": [10, 11, 12, 13, 14, 15, 16, 17, 18, 19, 20, 21, 22, 23, 24, 25]
				}
			]
		}
	]
}