{
	"credit": "Made with Blockbench",
	"parent": "blastmotor",
	"textures": {
		"0": "item/blastmotor_black",
		"1": "item/blastmotor_darkgray",
		"2": "item/blastmotor_lightgray",
		"particle": "item/blastmotor_black"
	},
	"elements": [
		{
			"from": [8.2, 6.25, 0.75],
			"to": [9.8, 8.25, 9.25],
			"rotation": {"angle": 0, "axis": "y", "origin": [9, 6.75, 5]},
			"faces": {
				"north": {"uv": [0, 0, 4, 4], "texture": "#1"},
				"east": {"uv": [0, 0, 16, 4], "texture": "#1"},
				"south": {"uv": [0, 0, 4, 4], "texture": "#1"},
				"west": {"uv": [0, 0, 16, 4], "texture": "#1"},
				"up": {"uv": [0, 0, 4, 16], "texture": "#1"},
				"down": {"uv": [0, 0, 4, 16], "texture": "#1"}
			}
		},
		{
			"from": [8.2, 6.25, 1],
			"to": [9.8, 8.25, 9],
			"rotation": {"angle": 22.5, "axis": "y", "origin": [9, 6.75, 5]},
			"faces": {
				"north": {"uv": [0, 0, 4, 4], "texture": "#1"},
				"east": {"uv": [0, 0, 16, 4], "texture": "#1"},
				"south": {"uv": [0, 0, 4, 4], "texture": "#1"},
				"west": {"uv": [0, 0, 16, 4], "texture": "#1"},
				"up": {"uv": [0, 0, 4, 16], "texture": "#1"},
				"down": {"uv": [0, 0, 4, 16], "texture": "#1"}
			}
		},
		{
			"from": [8.2, 6.25, 0.75],
			"to": [9.8, 8.25, 9.25],
			"rotation": {"angle": 45, "axis": "y", "origin": [9, 6.75, 5]},
			"faces": {
				"north": {"uv": [0, 0, 4, 4], "texture": "#1"},
				"east": {"uv": [0, 0, 16, 4], "texture": "#1"},
				"south": {"uv": [0, 0, 4, 4], "texture": "#1"},
				"west": {"uv": [0, 0, 16, 4], "texture": "#1"},
				"up": {"uv": [0, 0, 4, 16], "texture": "#1"},
				"down": {"uv": [0, 0, 4, 16], "texture": "#1"}
			}
		},
		{
			"from": [5, 6.25, 4.2],
			"to": [13, 8.25, 5.8],
			"rotation": {"angle": -22.5, "axis": "y", "origin": [9, 6.75, 5]},
			"faces": {
				"north": {"uv": [0, 0, 4, 4], "texture": "#1"},
				"east": {"uv": [0, 0, 16, 4], "texture": "#1"},
				"south": {"uv": [0, 0, 4, 4], "texture": "#1"},
				"west": {"uv": [0, 0, 16, 4], "texture": "#1"},
				"up": {"uv": [0, 0, 4, 16], "rotation": 270, "texture": "#1"},
				"down": {"uv": [0, 0, 4, 16], "rotation": 90, "texture": "#1"}
			}
		},
		{
			"from": [4.75, 6.25, 4.2],
			"to": [13.25, 8.25, 5.8],
			"rotation": {"angle": 0, "axis": "y", "origin": [9, 6.75, 5]},
			"faces": {
				"north": {"uv": [0, 0, 4, 4], "texture": "#1"},
				"east": {"uv": [0, 0, 16, 4], "texture": "#1"},
				"south": {"uv": [0, 0, 4, 4], "texture": "#1"},
				"west": {"uv": [0, 0, 16, 4], "texture": "#1"},
				"up": {"uv": [0, 0, 4, 16], "rotation": 270, "texture": "#1"},
				"down": {"uv": [0, 0, 4, 16], "rotation": 90, "texture": "#1"}
			}
		},
		{
			"from": [5, 6.25, 4.2],
			"to": [13, 8.25, 5.8],
			"rotation": {"angle": 22.5, "axis": "y", "origin": [9, 6.75, 5]},
			"faces": {
				"north": {"uv": [0, 0, 4, 4], "texture": "#1"},
				"east": {"uv": [0, 0, 16, 4], "texture": "#1"},
				"south": {"uv": [0, 0, 4, 4], "texture": "#1"},
				"west": {"uv": [0, 0, 16, 4], "texture": "#1"},
				"up": {"uv": [0, 0, 4, 16], "rotation": 270, "texture": "#1"},
				"down": {"uv": [0, 0, 4, 16], "rotation": 90, "texture": "#1"}
			}
		},
		{
			"from": [4.75, 6.25, 4.2],
			"to": [13.25, 8.25, 5.8],
			"rotation": {"angle": 45, "axis": "y", "origin": [9, 6.75, 5]},
			"faces": {
				"north": {"uv": [0, 0, 4, 4], "texture": "#1"},
				"east": {"uv": [0, 0, 16, 4], "texture": "#1"},
				"south": {"uv": [0, 0, 4, 4], "texture": "#1"},
				"west": {"uv": [0, 0, 16, 4], "texture": "#1"},
				"up": {"uv": [0, 0, 4, 16], "rotation": 270, "texture": "#1"},
				"down": {"uv": [0, 0, 4, 16], "rotation": 90, "texture": "#1"}
			}
		},
		{
			"from": [8.2, 6.25, 1],
			"to": [9.8, 8.25, 9],
			"rotation": {"angle": -22.5, "axis": "y", "origin": [9, 6.75, 5]},
			"faces": {
				"north": {"uv": [0, 0, 4, 4], "texture": "#1"},
				"east": {"uv": [0, 0, 16, 4], "texture": "#1"},
				"south": {"uv": [0, 0, 4, 4], "texture": "#1"},
				"west": {"uv": [0, 0, 16, 4], "texture": "#1"},
				"up": {"uv": [0, 0, 4, 16], "rotation": 180, "texture": "#1"},
				"down": {"uv": [0, 0, 4, 16], "rotation": 180, "texture": "#1"}
			}
		},
		{
			"from": [1, 4.75, 6.85],
			"to": [10, 5, 7.25],
			"rotation": {"angle": 22.5, "axis": "x", "origin": [3, 5.625, 7]},
			"faces": {
				"north": {"uv": [0, 0, 9, 1], "texture": "#0"},
				"east": {"uv": [0, 0, 1, 1], "texture": "#0"},
				"south": {"uv": [0, 0, 9, 1], "texture": "#0"},
				"west": {"uv": [0, 0, 0.4, 0.25], "texture": "#0"},
				"up": {"uv": [0, 0, 9, 1], "texture": "#0"},
				"down": {"uv": [0, 0, 9, 1], "texture": "#0"}
			}
		},
		{
			"from": [1, 4.75, 6.85],
			"to": [10, 5, 7.25],
			"rotation": {"angle": 0, "axis": "y", "origin": [3, 5.625, 7]},
			"faces": {
				"north": {"uv": [0, 0, 9, 1], "texture": "#0"},
				"east": {"uv": [0, 0, 1, 1], "texture": "#0"},
				"south": {"uv": [0, 0, 9, 1], "texture": "#0"},
				"west": {"uv": [0, 0, 0.4, 0.25], "texture": "#0"},
				"up": {"uv": [0, 0, 9, 1], "texture": "#0"},
				"down": {"uv": [0, 0, 9, 1], "texture": "#0"}
			}
		},
		{
			"from": [1, 4.75, 6.85],
			"to": [10, 5, 7.25],
			"rotation": {"angle": -22.5, "axis": "x", "origin": [3, 5.625, 7]},
			"faces": {
				"north": {"uv": [0, 0, 9, 1], "texture": "#0"},
				"east": {"uv": [0, 0, 1, 1], "texture": "#0"},
				"south": {"uv": [0, 0, 9, 1], "texture": "#0"},
				"west": {"uv": [0, 0, 0.4, 0.25], "texture": "#0"},
				"up": {"uv": [0, 0, 9, 1], "texture": "#0"},
				"down": {"uv": [0, 0, 9, 1], "texture": "#0"}
			}
		},
		{
			"from": [1, 4.75, 6.85],
			"to": [10, 5, 7.25],
			"rotation": {"angle": -45, "axis": "x", "origin": [3, 5.625, 7]},
			"faces": {
				"north": {"uv": [0, 0, 9, 1], "texture": "#0"},
				"east": {"uv": [0, 0, 1, 1], "texture": "#0"},
				"south": {"uv": [0, 0, 9, 1], "texture": "#0"},
				"west": {"uv": [0, 0, 0.4, 0.25], "texture": "#0"},
				"up": {"uv": [0, 0, 9, 1], "texture": "#0"},
				"down": {"uv": [0, 0, 9, 1], "texture": "#0"}
			}
		},
		{
			"from": [1, 5.475, 7.625],
			"to": [10, 5.875, 7.875],
			"rotation": {"angle": 22.5, "axis": "x", "origin": [3, 5.625, 7]},
			"faces": {
				"north": {"uv": [0, 0, 9, 1], "rotation": 180, "texture": "#0"},
				"east": {"uv": [0, 0, 1, 1], "rotation": 90, "texture": "#0"},
				"south": {"uv": [0, 0, 9, 1], "texture": "#0"},
				"west": {"uv": [0, 0, 0.4, 0.25], "rotation": 270, "texture": "#0"},
				"up": {"uv": [0, 0, 9, 1], "texture": "#0"},
				"down": {"uv": [0, 0, 9, 1], "rotation": 180, "texture": "#0"}
			}
		},
		{
			"from": [0.7, 5.475, 7.625],
			"to": [10, 5.875, 7.875],
			"rotation": {"angle": 0, "axis": "x", "origin": [3, 5.625, 7]},
			"faces": {
				"north": {"uv": [0, 0, 9.3, 1], "rotation": 180, "texture": "#0"},
				"east": {"uv": [0, 0, 1, 1], "rotation": 90, "texture": "#0"},
				"south": {"uv": [0, 0, 9.3, 1], "texture": "#0"},
				"west": {"uv": [0, 0, 0.4, 0.25], "rotation": 270, "texture": "#0"},
				"up": {"uv": [0, 0, 9.3, 1], "texture": "#0"},
				"down": {"uv": [0, 0, 9.3, 1], "rotation": 180, "texture": "#0"}
			}
		},
		{
			"from": [1, 5.475, 7.625],
			"to": [10, 5.875, 7.875],
			"rotation": {"angle": -22.5, "axis": "x", "origin": [3, 5.625, 7]},
			"faces": {
				"north": {"uv": [0, 0, 9, 1], "rotation": 180, "texture": "#0"},
				"east": {"uv": [0, 0, 1, 1], "rotation": 90, "texture": "#0"},
				"south": {"uv": [0, 0, 9, 1], "texture": "#0"},
				"west": {"uv": [0, 0, 0.4, 0.25], "rotation": 270, "texture": "#0"},
				"up": {"uv": [0, 0, 9, 1], "texture": "#0"},
				"down": {"uv": [0, 0, 9, 1], "rotation": 180, "texture": "#0"}
			}
		},
		{
			"from": [1, 5.475, 7.625],
			"to": [10, 5.875, 7.875],
			"rotation": {"angle": -45, "axis": "x", "origin": [3, 5.625, 7]},
			"faces": {
				"north": {"uv": [0, 0, 9, 1], "rotation": 180, "texture": "#0"},
				"east": {"uv": [0, 0, 1, 1], "rotation": 90, "texture": "#0"},
				"south": {"uv": [0, 0, 9, 1], "texture": "#0"},
				"west": {"uv": [0, 0, 0.4, 0.25], "rotation": 270, "texture": "#0"},
				"up": {"uv": [0, 0, 9, 1], "texture": "#0"},
				"down": {"uv": [0, 0, 9, 1], "rotation": 180, "texture": "#0"}
			}
		},
		{
			"from": [1, 6.25, 6.75],
			"to": [10, 6.5, 7.15],
			"rotation": {"angle": 22.5, "axis": "x", "origin": [3, 5.625, 7]},
			"faces": {
				"north": {"uv": [0, 0, 9, 1], "rotation": 180, "texture": "#0"},
				"east": {"uv": [0, 0, 1, 1], "rotation": 180, "texture": "#0"},
				"south": {"uv": [0, 0, 9, 1], "rotation": 180, "texture": "#0"},
				"west": {"uv": [0, 0, 0.4, 0.25], "rotation": 180, "texture": "#0"},
				"up": {"uv": [0, 0, 9, 1], "texture": "#0"},
				"down": {"uv": [0, 0, 9, 1], "texture": "#0"}
			}
		},
		{
			"from": [1, 6.25, 6.75],
			"to": [10, 6.5, 7.15],
			"rotation": {"angle": 0, "axis": "x", "origin": [3, 5.625, 7]},
			"faces": {
				"north": {"uv": [0, 0, 9, 1], "rotation": 180, "texture": "#0"},
				"east": {"uv": [0, 0, 1, 1], "rotation": 180, "texture": "#0"},
				"south": {"uv": [0, 0, 9, 1], "rotation": 180, "texture": "#0"},
				"west": {"uv": [0, 0, 0.4, 0.25], "rotation": 180, "texture": "#0"},
				"up": {"uv": [0, 0, 9, 1], "texture": "#0"},
				"down": {"uv": [0, 0, 9, 1], "texture": "#0"}
			}
		},
		{
			"from": [1, 6.25, 6.75],
			"to": [10, 6.5, 7.15],
			"rotation": {"angle": -22.5, "axis": "x", "origin": [3, 5.625, 7]},
			"faces": {
				"north": {"uv": [0, 0, 9, 1], "rotation": 180, "texture": "#0"},
				"east": {"uv": [0, 0, 1, 1], "rotation": 180, "texture": "#0"},
				"south": {"uv": [0, 0, 9, 1], "rotation": 180, "texture": "#0"},
				"west": {"uv": [0, 0, 0.4, 0.25], "rotation": 180, "texture": "#0"},
				"up": {"uv": [0, 0, 9, 1], "texture": "#0"},
				"down": {"uv": [0, 0, 9, 1], "texture": "#0"}
			}
		},
		{
			"from": [1, 6.25, 6.75],
			"to": [10, 6.5, 7.15],
			"rotation": {"angle": -45, "axis": "x", "origin": [3, 5.625, 7]},
			"faces": {
				"north": {"uv": [0, 0, 9, 1], "rotation": 180, "texture": "#0"},
				"east": {"uv": [0, 0, 1, 1], "rotation": 180, "texture": "#0"},
				"south": {"uv": [0, 0, 9, 1], "rotation": 180, "texture": "#0"},
				"west": {"uv": [0, 0, 0.4, 0.25], "rotation": 180, "texture": "#0"},
				"up": {"uv": [0, 0, 9, 1], "texture": "#0"},
				"down": {"uv": [0, 0, 9, 1], "texture": "#0"}
			}
		},
		{
			"from": [1, 5.375, 6.125],
			"to": [10, 5.775, 6.375],
			"rotation": {"angle": 22.5, "axis": "x", "origin": [3, 5.625, 7]},
			"faces": {
				"north": {"uv": [0, 0, 9, 1], "rotation": 180, "texture": "#0"},
				"east": {"uv": [0, 0, 1, 1], "rotation": 270, "texture": "#0"},
				"south": {"uv": [0, 0, 9, 1], "texture": "#0"},
				"west": {"uv": [0, 0, 0.4, 0.25], "rotation": 90, "texture": "#0"},
				"up": {"uv": [0, 0, 9, 1], "rotation": 180, "texture": "#0"},
				"down": {"uv": [0, 0, 9, 1], "texture": "#0"}
			}
		},
		{
			"from": [1, 5.375, 6.125],
			"to": [10, 5.775, 6.375],
			"rotation": {"angle": 0, "axis": "x", "origin": [3, 5.625, 7]},
			"faces": {
				"north": {"uv": [0, 0, 9, 1], "rotation": 180, "texture": "#0"},
				"east": {"uv": [0, 0, 1, 1], "rotation": 270, "texture": "#0"},
				"south": {"uv": [0, 0, 9, 1], "texture": "#0"},
				"west": {"uv": [0, 0, 0.4, 0.25], "rotation": 90, "texture": "#0"},
				"up": {"uv": [0, 0, 9, 1], "rotation": 180, "texture": "#0"},
				"down": {"uv": [0, 0, 9, 1], "texture": "#0"}
			}
		},
		{
			"from": [1, 5.375, 6.125],
			"to": [10, 5.775, 6.375],
			"rotation": {"angle": -22.5, "axis": "x", "origin": [3, 5.625, 7]},
			"faces": {
				"north": {"uv": [0, 0, 9, 1], "rotation": 180, "texture": "#0"},
				"east": {"uv": [0, 0, 1, 1], "rotation": 270, "texture": "#0"},
				"south": {"uv": [0, 0, 9, 1], "texture": "#0"},
				"west": {"uv": [0, 0, 0.4, 0.25], "rotation": 90, "texture": "#0"},
				"up": {"uv": [0, 0, 9, 1], "rotation": 180, "texture": "#0"},
				"down": {"uv": [0, 0, 9, 1], "texture": "#0"}
			}
		},
		{
			"from": [1, 5.375, 6.125],
			"to": [10, 5.775, 6.375],
			"rotation": {"angle": -45, "axis": "x", "origin": [3, 5.625, 7]},
			"faces": {
				"north": {"uv": [0, 0, 9, 1], "rotation": 180, "texture": "#0"},
				"east": {"uv": [0, 0, 1, 1], "rotation": 270, "texture": "#0"},
				"south": {"uv": [0, 0, 9, 1], "texture": "#0"},
				"west": {"uv": [0, 0, 0.4, 0.25], "rotation": 90, "texture": "#0"},
				"up": {"uv": [0, 0, 9, 1], "rotation": 180, "texture": "#0"},
				"down": {"uv": [0, 0, 9, 1], "texture": "#0"}
			}
		},
		{
			"from": [-1, 4.75, 6.85],
			"to": [0, 5, 7.25],
			"rotation": {"angle": 22.5, "axis": "x", "origin": [-4, 5.625, 7]},
			"faces": {
				"north": {"uv": [0, 0, 1, 0.25], "texture": "#0"},
				"east": {"uv": [0, 0, 0.4, 0.25], "texture": "#0"},
				"south": {"uv": [0, 0, 1, 0.25], "texture": "#0"},
				"west": {"uv": [0, 0, 0.4, 0.25], "texture": "#0"},
				"up": {"uv": [0, 0, 1, 0.4], "texture": "#0"},
				"down": {"uv": [0, 0, 1, 0.4], "texture": "#0"}
			}
		},
		{
			"from": [-1, 4.75, 6.85],
			"to": [0, 5, 7.25],
			"rotation": {"angle": 0, "axis": "y", "origin": [-4, 5.625, 7]},
			"faces": {
				"north": {"uv": [0, 0, 1, 0.25], "texture": "#0"},
				"east": {"uv": [0, 0, 0.4, 0.25], "texture": "#0"},
				"south": {"uv": [0, 0, 1, 0.25], "texture": "#0"},
				"west": {"uv": [0, 0, 0.4, 0.25], "texture": "#0"},
				"up": {"uv": [0, 0, 1, 0.4], "texture": "#0"},
				"down": {"uv": [0, 0, 1, 0.4], "texture": "#0"}
			}
		},
		{
			"from": [-1, 4.75, 6.85],
			"to": [0, 5, 7.25],
			"rotation": {"angle": -22.5, "axis": "x", "origin": [-4, 5.625, 7]},
			"faces": {
				"north": {"uv": [0, 0, 1, 0.25], "texture": "#0"},
				"east": {"uv": [0, 0, 0.4, 0.25], "texture": "#0"},
				"south": {"uv": [0, 0, 1, 0.25], "texture": "#0"},
				"west": {"uv": [0, 0, 0.4, 0.25], "texture": "#0"},
				"up": {"uv": [0, 0, 1, 0.4], "texture": "#0"},
				"down": {"uv": [0, 0, 1, 0.4], "texture": "#0"}
			}
		},
		{
			"from": [-1, 4.75, 6.85],
			"to": [0, 5, 7.25],
			"rotation": {"angle": -45, "axis": "x", "origin": [-4, 5.625, 7]},
			"faces": {
				"north": {"uv": [0, 0, 1, 0.25], "texture": "#0"},
				"east": {"uv": [0, 0, 0.4, 0.25], "texture": "#0"},
				"south": {"uv": [0, 0, 1, 0.25], "texture": "#0"},
				"west": {"uv": [0, 0, 0.4, 0.25], "texture": "#0"},
				"up": {"uv": [0, 0, 1, 0.4], "texture": "#0"},
				"down": {"uv": [0, 0, 1, 0.4], "texture": "#0"}
			}
		},
		{
			"from": [-1, 5.475, 7.625],
			"to": [0, 5.875, 7.875],
			"rotation": {"angle": 22.5, "axis": "x", "origin": [-4, 5.625, 7]},
			"faces": {
				"north": {"uv": [0, 0, 1, 0.4], "rotation": 180, "texture": "#0"},
				"east": {"uv": [0, 0, 0.4, 0.25], "rotation": 90, "texture": "#0"},
				"south": {"uv": [0, 0, 1, 0.4], "texture": "#0"},
				"west": {"uv": [0, 0, 0.4, 0.25], "rotation": 270, "texture": "#0"},
				"up": {"uv": [0, 0, 1, 0.25], "texture": "#0"},
				"down": {"uv": [0, 0, 1, 0.25], "rotation": 180, "texture": "#0"}
			}
		},
		{
			"from": [-1, 5.475, 7.625],
			"to": [0, 5.875, 7.875],
			"rotation": {"angle": 0, "axis": "x", "origin": [-4, 5.625, 7]},
			"faces": {
				"north": {"uv": [0, 0, 1, 0.4], "rotation": 180, "texture": "#0"},
				"east": {"uv": [0, 0, 0.4, 0.25], "rotation": 90, "texture": "#0"},
				"south": {"uv": [0, 0, 1, 0.4], "texture": "#0"},
				"west": {"uv": [0, 0, 0.4, 0.25], "rotation": 270, "texture": "#0"},
				"up": {"uv": [0, 0, 1, 0.25], "texture": "#0"},
				"down": {"uv": [0, 0, 1, 0.25], "rotation": 180, "texture": "#0"}
			}
		},
		{
			"from": [-1, 5.475, 7.625],
			"to": [0, 5.875, 7.875],
			"rotation": {"angle": -22.5, "axis": "x", "origin": [-4, 5.625, 7]},
			"faces": {
				"north": {"uv": [0, 0, 1, 0.4], "rotation": 180, "texture": "#0"},
				"east": {"uv": [0, 0, 0.4, 0.25], "rotation": 90, "texture": "#0"},
				"south": {"uv": [0, 0, 1, 0.4], "texture": "#0"},
				"west": {"uv": [0, 0, 0.4, 0.25], "rotation": 270, "texture": "#0"},
				"up": {"uv": [0, 0, 1, 0.25], "texture": "#0"},
				"down": {"uv": [0, 0, 1, 0.25], "rotation": 180, "texture": "#0"}
			}
		},
		{
			"from": [-1, 5.475, 7.625],
			"to": [0, 5.875, 7.875],
			"rotation": {"angle": -45, "axis": "x", "origin": [-4, 5.625, 7]},
			"faces": {
				"north": {"uv": [0, 0, 1, 0.4], "rotation": 180, "texture": "#0"},
				"east": {"uv": [0, 0, 0.4, 0.25], "rotation": 90, "texture": "#0"},
				"south": {"uv": [0, 0, 1, 0.4], "texture": "#0"},
				"west": {"uv": [0, 0, 0.4, 0.25], "rotation": 270, "texture": "#0"},
				"up": {"uv": [0, 0, 1, 0.25], "texture": "#0"},
				"down": {"uv": [0, 0, 1, 0.25], "rotation": 180, "texture": "#0"}
			}
		},
		{
			"from": [-1, 6.25, 6.75],
			"to": [0, 6.5, 7.15],
			"rotation": {"angle": 22.5, "axis": "x", "origin": [-4, 5.625, 7]},
			"faces": {
				"north": {"uv": [0, 0, 1, 0.25], "rotation": 180, "texture": "#0"},
				"east": {"uv": [0, 0, 0.4, 0.25], "rotation": 180, "texture": "#0"},
				"south": {"uv": [0, 0, 1, 0.25], "rotation": 180, "texture": "#0"},
				"west": {"uv": [0, 0, 0.4, 0.25], "rotation": 180, "texture": "#0"},
				"up": {"uv": [0, 0, 1, 0.4], "texture": "#0"},
				"down": {"uv": [0, 0, 1, 0.4], "texture": "#0"}
			}
		},
		{
			"from": [-1, 6.25, 6.75],
			"to": [0, 6.5, 7.15],
			"rotation": {"angle": 0, "axis": "x", "origin": [-4, 5.625, 7]},
			"faces": {
				"north": {"uv": [0, 0, 1, 0.25], "rotation": 180, "texture": "#0"},
				"east": {"uv": [0, 0, 0.4, 0.25], "rotation": 180, "texture": "#0"},
				"south": {"uv": [0, 0, 1, 0.25], "rotation": 180, "texture": "#0"},
				"west": {"uv": [0, 0, 0.4, 0.25], "rotation": 180, "texture": "#0"},
				"up": {"uv": [0, 0, 1, 0.4], "texture": "#0"},
				"down": {"uv": [0, 0, 1, 0.4], "texture": "#0"}
			}
		},
		{
			"from": [-1, 6.25, 6.75],
			"to": [0, 6.5, 7.15],
			"rotation": {"angle": -22.5, "axis": "x", "origin": [-4, 5.625, 7]},
			"faces": {
				"north": {"uv": [0, 0, 1, 0.25], "rotation": 180, "texture": "#0"},
				"east": {"uv": [0, 0, 0.4, 0.25], "rotation": 180, "texture": "#0"},
				"south": {"uv": [0, 0, 1, 0.25], "rotation": 180, "texture": "#0"},
				"west": {"uv": [0, 0, 0.4, 0.25], "rotation": 180, "texture": "#0"},
				"up": {"uv": [0, 0, 1, 0.4], "texture": "#0"},
				"down": {"uv": [0, 0, 1, 0.4], "texture": "#0"}
			}
		},
		{
			"from": [-1, 6.25, 6.75],
			"to": [0, 6.5, 7.15],
			"rotation": {"angle": -45, "axis": "x", "origin": [-4, 5.625, 7]},
			"faces": {
				"north": {"uv": [0, 0, 1, 0.25], "rotation": 180, "texture": "#0"},
				"east": {"uv": [0, 0, 0.4, 0.25], "rotation": 180, "texture": "#0"},
				"south": {"uv": [0, 0, 1, 0.25], "rotation": 180, "texture": "#0"},
				"west": {"uv": [0, 0, 0.4, 0.25], "rotation": 180, "texture": "#0"},
				"up": {"uv": [0, 0, 1, 0.4], "texture": "#0"},
				"down": {"uv": [0, 0, 1, 0.4], "texture": "#0"}
			}
		},
		{
			"from": [-1, 5.375, 6.125],
			"to": [0, 5.775, 6.375],
			"rotation": {"angle": 22.5, "axis": "x", "origin": [-4, 5.625, 7]},
			"faces": {
				"north": {"uv": [0, 0, 1, 0.4], "rotation": 180, "texture": "#0"},
				"east": {"uv": [0, 0, 0.4, 0.25], "rotation": 270, "texture": "#0"},
				"south": {"uv": [0, 0, 1, 0.4], "texture": "#0"},
				"west": {"uv": [0, 0, 0.4, 0.25], "rotation": 90, "texture": "#0"},
				"up": {"uv": [0, 0, 1, 0.25], "rotation": 180, "texture": "#0"},
				"down": {"uv": [0, 0, 1, 0.25], "texture": "#0"}
			}
		},
		{
			"from": [-1, 5.375, 6.125],
			"to": [0, 5.775, 6.375],
			"rotation": {"angle": 0, "axis": "x", "origin": [-4, 5.625, 7]},
			"faces": {
				"north": {"uv": [0, 0, 1, 0.4], "rotation": 180, "texture": "#0"},
				"east": {"uv": [0, 0, 0.4, 0.25], "rotation": 270, "texture": "#0"},
				"south": {"uv": [0, 0, 1, 0.4], "texture": "#0"},
				"west": {"uv": [0, 0, 0.4, 0.25], "rotation": 90, "texture": "#0"},
				"up": {"uv": [0, 0, 1, 0.25], "rotation": 180, "texture": "#0"},
				"down": {"uv": [0, 0, 1, 0.25], "texture": "#0"}
			}
		},
		{
			"from": [-1, 5.375, 6.125],
			"to": [0, 5.775, 6.375],
			"rotation": {"angle": -22.5, "axis": "x", "origin": [-4, 5.625, 7]},
			"faces": {
				"north": {"uv": [0, 0, 1, 0.4], "rotation": 180, "texture": "#0"},
				"east": {"uv": [0, 0, 0.4, 0.25], "rotation": 270, "texture": "#0"},
				"south": {"uv": [0, 0, 1, 0.4], "texture": "#0"},
				"west": {"uv": [0, 0, 0.4, 0.25], "rotation": 90, "texture": "#0"},
				"up": {"uv": [0, 0, 1, 0.25], "rotation": 180, "texture": "#0"},
				"down": {"uv": [0, 0, 1, 0.25], "texture": "#0"}
			}
		},
		{
			"from": [-1, 5.375, 6.125],
			"to": [0, 5.775, 6.375],
			"rotation": {"angle": -45, "axis": "x", "origin": [-4, 5.625, 7]},
			"faces": {
				"north": {"uv": [0, 0, 1, 0.4], "rotation": 180, "texture": "#0"},
				"east": {"uv": [0, 0, 0.4, 0.25], "rotation": 270, "texture": "#0"},
				"south": {"uv": [0, 0, 1, 0.4], "texture": "#0"},
				"west": {"uv": [0, 0, 0.4, 0.25], "rotation": 90, "texture": "#0"},
				"up": {"uv": [0, 0, 1, 0.25], "rotation": 180, "texture": "#0"},
				"down": {"uv": [0, 0, 1, 0.25], "texture": "#0"}
			}
		},
		{
			"from": [-5, 5, 6.95],
			"to": [1, 5.25, 7.25],
			"rotation": {"angle": 0, "axis": "y", "origin": [0.5, 5.625, 7.05]},
			"faces": {
				"north": {"uv": [0, 0, 6, 0.25], "texture": "#1"},
				"east": {"uv": [0, 0, 0.3, 0.25], "texture": "#1"},
				"south": {"uv": [0, 0, 6, 0.25], "texture": "#1"},
				"west": {"uv": [0, 0, 0.3, 0.25], "texture": "#1"},
				"up": {"uv": [0, 0, 6, 0.3], "texture": "#1"},
				"down": {"uv": [0, 0, 6, 0.3], "texture": "#1"}
			}
		},
		{
			"from": [-5, 5, 6.95],
			"to": [1, 5.25, 7.25],
			"rotation": {"angle": 22.5, "axis": "x", "origin": [0.5, 5.625, 7.05]},
			"faces": {
				"north": {"uv": [0, 0, 6, 0.25], "texture": "#1"},
				"east": {"uv": [0, 0, 0.3, 0.25], "texture": "#1"},
				"south": {"uv": [0, 0, 6, 0.25], "texture": "#1"},
				"west": {"uv": [0, 0, 0.3, 0.25], "texture": "#1"},
				"up": {"uv": [0, 0, 6, 0.3], "texture": "#1"},
				"down": {"uv": [0, 0, 6, 0.3], "texture": "#1"}
			}
		},
		{
			"from": [-5, 5, 6.95],
			"to": [1, 5.25, 7.25],
			"rotation": {"angle": 45, "axis": "x", "origin": [0.5, 5.625, 7.05]},
			"faces": {
				"north": {"uv": [0, 0, 6, 0.25], "texture": "#1"},
				"east": {"uv": [0, 0, 0.3, 0.25], "texture": "#1"},
				"south": {"uv": [0, 0, 6, 0.25], "texture": "#1"},
				"west": {"uv": [0, 0, 0.3, 0.25], "texture": "#1"},
				"up": {"uv": [0, 0, 6, 0.3], "texture": "#1"},
				"down": {"uv": [0, 0, 6, 0.3], "texture": "#1"}
			}
		},
		{
			"from": [-5, 5.425, 6.425],
			"to": [1, 5.725, 6.675],
			"rotation": {"angle": -22.5, "axis": "x", "origin": [0.5, 5.625, 7.05]},
			"faces": {
				"north": {"uv": [0, 0, 6, 0.3], "rotation": 180, "texture": "#1"},
				"east": {"uv": [0, 0, 0.3, 0.25], "rotation": 270, "texture": "#1"},
				"south": {"uv": [0, 0, 6, 0.3], "texture": "#1"},
				"west": {"uv": [0, 0, 0.3, 0.25], "rotation": 90, "texture": "#1"},
				"up": {"uv": [0, 0, 6, 0.25], "rotation": 180, "texture": "#1"},
				"down": {"uv": [0, 0, 6, 0.25], "texture": "#1"}
			}
		},
		{
			"from": [-5, 5.425, 6.425],
			"to": [1, 5.725, 6.675],
			"rotation": {"angle": 0, "axis": "x", "origin": [0.5, 5.625, 7.05]},
			"faces": {
				"north": {"uv": [0, 0, 6, 0.3], "rotation": 180, "texture": "#1"},
				"east": {"uv": [0, 0, 0.3, 0.25], "rotation": 270, "texture": "#1"},
				"south": {"uv": [0, 0, 6, 0.3], "texture": "#1"},
				"west": {"uv": [0, 0, 0.3, 0.25], "rotation": 90, "texture": "#1"},
				"up": {"uv": [0, 0, 6, 0.25], "rotation": 180, "texture": "#1"},
				"down": {"uv": [0, 0, 6, 0.25], "texture": "#1"}
			}
		},
		{
			"from": [-5, 5.425, 6.425],
			"to": [1, 5.725, 6.675],
			"rotation": {"angle": 22.5, "axis": "x", "origin": [0.5, 5.625, 7.05]},
			"faces": {
				"north": {"uv": [0, 0, 6, 0.3], "rotation": 180, "texture": "#1"},
				"east": {"uv": [0, 0, 0.3, 0.25], "rotation": 270, "texture": "#1"},
				"south": {"uv": [0, 0, 6, 0.3], "texture": "#1"},
				"west": {"uv": [0, 0, 0.3, 0.25], "rotation": 90, "texture": "#1"},
				"up": {"uv": [0, 0, 6, 0.25], "rotation": 180, "texture": "#1"},
				"down": {"uv": [0, 0, 6, 0.25], "texture": "#1"}
			}
		},
		{
			"from": [-5, 5.425, 6.425],
			"to": [1, 5.725, 6.675],
			"rotation": {"angle": 45, "axis": "x", "origin": [0.5, 5.625, 7.05]},
			"faces": {
				"north": {"uv": [0, 0, 6, 0.3], "rotation": 180, "texture": "#1"},
				"east": {"uv": [0, 0, 0.3, 0.25], "rotation": 270, "texture": "#1"},
				"south": {"uv": [0, 0, 6, 0.3], "texture": "#1"},
				"west": {"uv": [0, 0, 0.3, 0.25], "rotation": 90, "texture": "#1"},
				"up": {"uv": [0, 0, 6, 0.25], "rotation": 180, "texture": "#1"},
				"down": {"uv": [0, 0, 6, 0.25], "texture": "#1"}
			}
		},
		{
			"from": [-5, 6, 6.85],
			"to": [1, 6.25, 7.15],
			"rotation": {"angle": -22.5, "axis": "x", "origin": [0.5, 5.625, 7.05]},
			"faces": {
				"north": {"uv": [0, 0, 6, 0.25], "rotation": 180, "texture": "#1"},
				"east": {"uv": [0, 0, 0.3, 0.25], "rotation": 180, "texture": "#1"},
				"south": {"uv": [0, 0, 6, 0.25], "rotation": 180, "texture": "#1"},
				"west": {"uv": [0, 0, 0.3, 0.25], "rotation": 180, "texture": "#1"},
				"up": {"uv": [0, 0, 6, 0.3], "texture": "#1"},
				"down": {"uv": [0, 0, 6, 0.3], "texture": "#1"}
			}
		},
		{
			"from": [-5, 6, 6.85],
			"to": [1, 6.25, 7.15],
			"rotation": {"angle": 0, "axis": "x", "origin": [0.5, 5.625, 7.05]},
			"faces": {
				"north": {"uv": [0, 0, 6, 0.25], "rotation": 180, "texture": "#1"},
				"east": {"uv": [0, 0, 0.3, 0.25], "rotation": 180, "texture": "#1"},
				"south": {"uv": [0, 0, 6, 0.25], "rotation": 180, "texture": "#1"},
				"west": {"uv": [0, 0, 0.3, 0.25], "rotation": 180, "texture": "#1"},
				"up": {"uv": [0, 0, 6, 0.3], "texture": "#1"},
				"down": {"uv": [0, 0, 6, 0.3], "texture": "#1"}
			}
		},
		{
			"from": [-5, 6, 6.85],
			"to": [1, 6.25, 7.15],
			"rotation": {"angle": 22.5, "axis": "x", "origin": [0.5, 5.625, 7.05]},
			"faces": {
				"north": {"uv": [0, 0, 6, 0.25], "rotation": 180, "texture": "#1"},
				"east": {"uv": [0, 0, 0.3, 0.25], "rotation": 180, "texture": "#1"},
				"south": {"uv": [0, 0, 6, 0.25], "rotation": 180, "texture": "#1"},
				"west": {"uv": [0, 0, 0.3, 0.25], "rotation": 180, "texture": "#1"},
				"up": {"uv": [0, 0, 6, 0.3], "texture": "#1"},
				"down": {"uv": [0, 0, 6, 0.3], "texture": "#1"}
			}
		},
		{
			"from": [-5, 6, 6.85],
			"to": [1, 6.25, 7.15],
			"rotation": {"angle": 45, "axis": "x", "origin": [0.5, 5.625, 7.05]},
			"faces": {
				"north": {"uv": [0, 0, 6, 0.25], "rotation": 180, "texture": "#1"},
				"east": {"uv": [0, 0, 0.3, 0.25], "rotation": 180, "texture": "#1"},
				"south": {"uv": [0, 0, 6, 0.25], "rotation": 180, "texture": "#1"},
				"west": {"uv": [0, 0, 0.3, 0.25], "rotation": 180, "texture": "#1"},
				"up": {"uv": [0, 0, 6, 0.3], "texture": "#1"},
				"down": {"uv": [0, 0, 6, 0.3], "texture": "#1"}
			}
		},
		{
			"from": [-5, 5.525, 7.425],
			"to": [1, 5.825, 7.675],
			"rotation": {"angle": -22.5, "axis": "x", "origin": [0.5, 5.625, 7.05]},
			"faces": {
				"north": {"uv": [0, 0, 6, 0.3], "rotation": 180, "texture": "#1"},
				"east": {"uv": [0, 0, 0.3, 0.25], "rotation": 90, "texture": "#1"},
				"south": {"uv": [0, 0, 6, 0.3], "texture": "#1"},
				"west": {"uv": [0, 0, 0.3, 0.25], "rotation": 270, "texture": "#1"},
				"up": {"uv": [0, 0, 6, 0.25], "texture": "#1"},
				"down": {"uv": [0, 0, 6, 0.25], "rotation": 180, "texture": "#1"}
			}
		},
		{
			"from": [-5, 5.525, 7.425],
			"to": [1, 5.825, 7.675],
			"rotation": {"angle": 0, "axis": "x", "origin": [0.5, 5.625, 7.05]},
			"faces": {
				"north": {"uv": [0, 0, 6, 0.3], "rotation": 180, "texture": "#1"},
				"east": {"uv": [0, 0, 0.3, 0.25], "rotation": 90, "texture": "#1"},
				"south": {"uv": [0, 0, 6, 0.3], "texture": "#1"},
				"west": {"uv": [0, 0, 0.3, 0.25], "rotation": 270, "texture": "#1"},
				"up": {"uv": [0, 0, 6, 0.25], "texture": "#1"},
				"down": {"uv": [0, 0, 6, 0.25], "rotation": 180, "texture": "#1"}
			}
		},
		{
			"from": [-5, 5.525, 7.425],
			"to": [1, 5.825, 7.675],
			"rotation": {"angle": 22.5, "axis": "x", "origin": [0.5, 5.625, 7.05]},
			"faces": {
				"north": {"uv": [0, 0, 6, 0.3], "rotation": 180, "texture": "#1"},
				"east": {"uv": [0, 0, 0.3, 0.25], "rotation": 90, "texture": "#1"},
				"south": {"uv": [0, 0, 6, 0.3], "texture": "#1"},
				"west": {"uv": [0, 0, 0.3, 0.25], "rotation": 270, "texture": "#1"},
				"up": {"uv": [0, 0, 6, 0.25], "texture": "#1"},
				"down": {"uv": [0, 0, 6, 0.25], "rotation": 180, "texture": "#1"}
			}
		},
		{
			"from": [-5, 5.525, 7.425],
			"to": [1, 5.825, 7.675],
			"rotation": {"angle": 45, "axis": "x", "origin": [0.5, 5.625, 7.05]},
			"faces": {
				"north": {"uv": [0, 0, 6, 0.3], "rotation": 180, "texture": "#1"},
				"east": {"uv": [0, 0, 0.3, 0.25], "rotation": 90, "texture": "#1"},
				"south": {"uv": [0, 0, 6, 0.3], "texture": "#1"},
				"west": {"uv": [0, 0, 0.3, 0.25], "rotation": 270, "texture": "#1"},
				"up": {"uv": [0, 0, 6, 0.25], "texture": "#1"},
				"down": {"uv": [0, 0, 6, 0.25], "rotation": 180, "texture": "#1"}
			}
		},
		{
			"from": [-5, 5, 6.95],
			"to": [1, 5.25, 7.25],
			"rotation": {"angle": -22.5, "axis": "x", "origin": [0.5, 5.625, 7.05]},
			"faces": {
				"north": {"uv": [0, 0, 6, 0.25], "texture": "#1"},
				"east": {"uv": [0, 0, 0.3, 0.25], "texture": "#1"},
				"south": {"uv": [0, 0, 6, 0.25], "texture": "#1"},
				"west": {"uv": [0, 0, 0.3, 0.25], "texture": "#1"},
				"up": {"uv": [0, 0, 6, 0.3], "texture": "#1"},
				"down": {"uv": [0, 0, 6, 0.3], "texture": "#1"}
			}
		},
		{
			"from": [13.65533, 4.40533, 6.25],
			"to": [14.65533, 4.65533, 7.75],
			"rotation": {"angle": -22.5, "axis": "z", "origin": [14.125, 4, 7]},
			"faces": {
				"north": {"uv": [0, 0, 0.25, 1], "rotation": 90, "texture": "#2"},
				"east": {"uv": [0, 0, 0.25, 1.5], "rotation": 270, "texture": "#2"},
				"south": {"uv": [0, 0, 0.25, 1], "rotation": 270, "texture": "#2"},
				"west": {"uv": [0, 0, 0.25, 1.5], "rotation": 270, "texture": "#2"},
				"up": {"uv": [0, 0, 1.5, 1], "rotation": 270, "texture": "#2"},
				"down": {"uv": [0, 0, 1.5, 1], "rotation": 270, "texture": "#2"}
			}
		},
		{
			"from": [14.53033, 2.46967, 6.25],
			"to": [15.28033, 4.46967, 7.75],
			"rotation": {"angle": 22.5, "axis": "z", "origin": [14.125, 4, 7]},
			"faces": {
				"north": {"uv": [0, 0, 0.75, 2], "texture": "#2"},
				"east": {"uv": [0, 0, 1.5, 2], "texture": "#2"},
				"south": {"uv": [0, 0, 0.75, 2], "texture": "#2"},
				"west": {"uv": [0, 0, 1.5, 2], "texture": "#2"},
				"up": {"uv": [0, 0, 0.75, 1.5], "texture": "#2"},
				"down": {"uv": [0, 0, 0.75, 1.5], "texture": "#2"}
			}
		},
		{
			"from": [7, 4.5, 6.25],
			"to": [19, 6.5, 7.75],
			"rotation": {"angle": 0, "axis": "y", "origin": [0, 2, 0]},
			"faces": {
				"north": {"uv": [0, 0, 15, 4], "texture": "#2"},
				"east": {"uv": [0, 0, 6, 4], "texture": "#2"},
				"south": {"uv": [0, 0, 15, 4], "texture": "#2"},
				"west": {"uv": [0, 0, 1.5, 2], "texture": "#2"},
				"up": {"uv": [0, 0, 12, 4], "texture": "#2"},
				"down": {"uv": [0, 0, 12, 4], "texture": "#2"}
			}
		},
		{
			"from": [9, 5.25, 2.5],
			"to": [11, 6.75, 6.5],
			"rotation": {"angle": 22.5, "axis": "x", "origin": [10, 5.5, 5.5]},
			"faces": {
				"north": {"uv": [0, 0, 2, 1.5], "rotation": 180, "texture": "#2"},
				"east": {"uv": [0, 0, 1.5, 4], "rotation": 90, "texture": "#2"},
				"south": {"uv": [0, 0, 2, 1.5], "texture": "#2"},
				"west": {"uv": [0, 0, 1.5, 4], "rotation": 270, "texture": "#2"},
				"up": {"uv": [0, 0, 2, 4], "texture": "#2"},
				"down": {"uv": [0, 0, 2, 4], "rotation": 180, "texture": "#2"}
			}
		},
		{
			"from": [21.00627, 3.50419, 6.25],
			"to": [24.25627, 5.50419, 7.75],
			"rotation": {"angle": 0, "axis": "y", "origin": [23.13127, 4.50419, 7]},
			"faces": {
				"north": {"uv": [0, 0, 6, 4], "texture": "#2"},
				"east": {"uv": [0, 0, 4, 6], "texture": "#2"},
				"south": {"uv": [0, 0, 6, 4], "texture": "#2"},
				"west": {"uv": [0, 0, 4, 4], "texture": "#2"},
				"up": {"uv": [0, 0, 4, 4], "texture": "#2"},
				"down": {"uv": [0, 0, 7, 4], "texture": "#2"}
			}
		},
		{
			"from": [24.17038, 3.50419, 7.31817],
			"to": [25.17038, 5.50419, 7.56817],
			"rotation": {"angle": 22.5, "axis": "y", "origin": [24.67038, 4.50419, 7.44317]},
			"faces": {
				"north": {"uv": [0, 0, 1, 2], "texture": "#2"},
				"east": {"uv": [0, 0, 0.25, 2], "texture": "#2"},
				"south": {"uv": [0, 0, 2, 4], "texture": "#2"},
				"west": {"uv": [0, 0, 0.25, 2], "texture": "#2"},
				"up": {"uv": [0, 0, 1, 0.25], "texture": "#2"},
				"down": {"uv": [0, 0, 1, 0.25], "texture": "#2"}
			}
		},
		{
			"from": [24.17038, 3.50419, 6.43183],
			"to": [25.17038, 5.50419, 6.68183],
			"rotation": {"angle": -22.5, "axis": "y", "origin": [24.67038, 4.50419, 6.55683]},
			"faces": {
				"north": {"uv": [0, 0, 2, 4], "texture": "#2"},
				"east": {"uv": [0, 0, 0.25, 2], "texture": "#2"},
				"south": {"uv": [0, 0, 1, 2], "texture": "#2"},
				"west": {"uv": [0, 0, 0.25, 2], "texture": "#2"},
				"up": {"uv": [0, 0, 1, 0.25], "texture": "#2"},
				"down": {"uv": [0, 0, 1, 0.25], "texture": "#2"}
			}
		},
		{
			"from": [18.42702, 3.61941, 6.25],
			"to": [21.42702, 5.61941, 7.75],
			"rotation": {"angle": -22.5, "axis": "z", "origin": [20.92702, 4.61941, 7]},
			"faces": {
				"north": {"uv": [2, 6, 5, 10], "texture": "#2"},
				"east": {"uv": [4, 4, 10, 6], "texture": "#2"},
				"south": {"uv": [7, 12, 13, 16], "texture": "#2"},
				"west": {"uv": [2, 6, 14, 8], "texture": "#2"},
				"up": {"uv": [8, 7, 16, 11], "texture": "#2"},
				"down": {"uv": [5, 2, 13, 3.5], "texture": "#2"}
			}
		},
		{
			"from": [15, -0.5, 6.25],
			"to": [16, 4.5, 7.75],
			"rotation": {"angle": 0, "axis": "y", "origin": [0, 2, 0]},
			"faces": {
				"north": {"uv": [4, 4, 8, 14], "texture": "#2"},
				"east": {"uv": [7, 6, 11, 16], "texture": "#2"},
				"south": {"uv": [7, 2, 10, 12], "texture": "#2"},
				"west": {"uv": [10, 2, 14, 12], "texture": "#2"},
				"up": {"uv": [1, 3, 2, 4.5], "texture": "#2"},
				"down": {"uv": [3, 8, 5, 11], "texture": "#2"}
			}
		},
		{
			"from": [13, 3, 6.75],
			"to": [15, 3.25, 7.25],
			"rotation": {"angle": 0, "axis": "y", "origin": [0, 2.5, 0]},
			"faces": {
				"north": {"uv": [0, 0, 2, 0.25], "texture": "#2"},
				"east": {"uv": [0, 0, 0.5, 0.25], "texture": "#2"},
				"south": {"uv": [0, 0, 2, 0.25], "texture": "#2"},
				"west": {"uv": [0, 0, 0.5, 0.25], "texture": "#2"},
				"up": {"uv": [0, 0, 2, 0.5], "texture": "#2"},
				"down": {"uv": [0, 0, 2, 0.5], "texture": "#2"}
			}
		},
		{
			"from": [12.25, 0.25, 6.75],
			"to": [15.25, 0.75, 7.25],
			"rotation": {"angle": 0, "axis": "z", "origin": [14, 0.75, 7]},
			"faces": {
				"north": {"uv": [0, 0, 3, 0.5], "texture": "#2"},
				"east": {"uv": [0, 0, 0.5, 0.5], "texture": "#2"},
				"south": {"uv": [0, 0, 3, 0.5], "texture": "#2"},
				"west": {"uv": [0, 0, 0.5, 0.5], "texture": "#2"},
				"up": {"uv": [0, 0, 3, 0.5], "texture": "#2"},
				"down": {"uv": [0, 0, 3, 0.5], "texture": "#2"}
			}
		},
		{
			"from": [7.42179, 0.61365, 6.75],
			"to": [12.42179, 1.11365, 7.25],
			"rotation": {"angle": -22.5, "axis": "z", "origin": [11.42179, 0.86365, 7]},
			"faces": {
				"north": {"uv": [0, 0, 5, 0.5], "texture": "#2"},
				"east": {"uv": [0, 0, 0.5, 0.5], "texture": "#2"},
				"south": {"uv": [0, 0, 5, 0.5], "texture": "#2"},
				"west": {"uv": [0, 0, 0.5, 0.5], "texture": "#2"},
				"up": {"uv": [0, 0, 5, 0.5], "texture": "#2"},
				"down": {"uv": [0, 0, 5, 0.5], "texture": "#2"}
			}
		},
		{
			"from": [7.6306, 2.16342, 6.75],
			"to": [8.1306, 4.66342, 7.25],
			"rotation": {"angle": 0, "axis": "z", "origin": [11.8806, 3.16342, 7]},
			"faces": {
				"north": {"uv": [0, 0, 2.5, 0.5], "rotation": 270, "texture": "#2"},
				"east": {"uv": [0, 0, 2.5, 0.5], "rotation": 90, "texture": "#2"},
				"south": {"uv": [0, 0, 2.5, 0.5], "rotation": 90, "texture": "#2"},
				"west": {"uv": [0, 0, 2.5, 0.5], "rotation": 90, "texture": "#2"},
				"up": {"uv": [0, 0, 0.5, 0.5], "rotation": 90, "texture": "#2"},
				"down": {"uv": [0, 0, 0.5, 0.5], "rotation": 90, "texture": "#2"}
			}
		},
		{
			"from": [7.5306, 2.36342, 6.85],
			"to": [7.6306, 4.66342, 7.15],
			"rotation": {"angle": 0, "axis": "z", "origin": [11.8806, 3.16342, 7]},
			"faces": {
				"north": {"uv": [0, 0, 2.3, 0.1], "rotation": 270, "texture": "#2"},
				"east": {"uv": [0, 0, 2.3, 0.3], "rotation": 90, "texture": "#2"},
				"south": {"uv": [0, 0, 2.3, 0.1], "rotation": 90, "texture": "#2"},
				"west": {"uv": [0, 0, 2.3, 0.3], "rotation": 90, "texture": "#2"},
				"up": {"uv": [0, 0, 0.3, 0.1], "rotation": 90, "texture": "#2"},
				"down": {"uv": [0, 0, 0.3, 0.1], "rotation": 90, "texture": "#2"}
			}
		},
		{
			"from": [7.58667, 2.22806, 6.85],
			"to": [7.68667, 2.42806, 7.15],
			"rotation": {"angle": 45, "axis": "z", "origin": [7.63667, 2.32806, 7]},
			"faces": {
				"north": {"uv": [0, 0, 0.2, 0.1], "rotation": 270, "texture": "#2"},
				"east": {"uv": [0, 0, 0.2, 0.3], "rotation": 90, "texture": "#2"},
				"south": {"uv": [0, 0, 0.2, 0.1], "rotation": 90, "texture": "#2"},
				"west": {"uv": [0, 0, 0.2, 0.3], "rotation": 90, "texture": "#2"},
				"up": {"uv": [0, 0, 0.3, 0.1], "rotation": 90, "texture": "#2"},
				"down": {"uv": [0, 0, 0.3, 0.1], "rotation": 90, "texture": "#2"}
			}
		},
		{
			"from": [7.62202, 2.36342, 7.07071],
			"to": [7.72202, 4.66342, 7.27071],
			"rotation": {"angle": 45, "axis": "y", "origin": [7.67202, 3.51342, 7.22071]},
			"faces": {
				"north": {"uv": [0, 0, 2.3, 0.1], "rotation": 270, "texture": "#2"},
				"east": {"uv": [0, 0, 2.3, 0.2], "rotation": 90, "texture": "#2"},
				"south": {"uv": [0, 0, 2.3, 0.1], "rotation": 90, "texture": "#2"},
				"west": {"uv": [0, 0, 2.3, 0.2], "rotation": 90, "texture": "#2"},
				"up": {"uv": [0, 0, 0.2, 0.1], "rotation": 90, "texture": "#2"},
				"down": {"uv": [0, 0, 0.2, 0.1], "rotation": 90, "texture": "#2"}
			}
		},
		{
			"from": [7.55131, 2.36342, 6.7],
			"to": [7.65131, 4.66342, 6.9],
			"rotation": {"angle": -45, "axis": "y", "origin": [7.60131, 3.51342, 6.85]},
			"faces": {
				"north": {"uv": [0, 0, 2.3, 0.1], "rotation": 270, "texture": "#2"},
				"east": {"uv": [0, 0, 2.3, 0.2], "rotation": 90, "texture": "#2"},
				"south": {"uv": [0, 0, 2.3, 0.1], "rotation": 90, "texture": "#2"},
				"west": {"uv": [0, 0, 2.3, 0.2], "rotation": 90, "texture": "#2"},
				"up": {"uv": [0, 0, 0.2, 0.1], "rotation": 90, "texture": "#2"},
				"down": {"uv": [0, 0, 0.2, 0.1], "rotation": 90, "texture": "#2"}
			}
		},
		{
			"from": [8.0306, 3.66342, 6.75],
			"to": [8.2806, 4.66342, 7.25],
			"rotation": {"angle": -45, "axis": "z", "origin": [8.7556, 4.16342, 7]},
			"faces": {
				"north": {"uv": [0, 0, 1, 0.25], "rotation": 270, "texture": "#2"},
				"east": {"uv": [0, 0, 1, 0.5], "rotation": 90, "texture": "#2"},
				"south": {"uv": [0, 0, 1, 0.25], "rotation": 90, "texture": "#2"},
				"west": {"uv": [0, 0, 1, 0.5], "rotation": 90, "texture": "#2"},
				"up": {"uv": [0, 0, 0.5, 0.25], "rotation": 90, "texture": "#2"},
				"down": {"uv": [0, 0, 0.5, 0.25], "rotation": 90, "texture": "#2"}
			}
		},
		{
			"from": [7.0306, 2.91342, 6.75],
			"to": [7.2806, 3.66342, 7.25],
			"rotation": {"angle": 45, "axis": "z", "origin": [8.7556, 4.16342, 7]},
			"faces": {
				"north": {"uv": [0, 0, 0.75, 0.25], "rotation": 270, "texture": "#2"},
				"east": {"uv": [0, 0, 0.75, 0.5], "rotation": 90, "texture": "#2"},
				"south": {"uv": [0, 0, 0.75, 0.25], "rotation": 90, "texture": "#2"},
				"west": {"uv": [0, 0, 0.75, 0.5], "rotation": 90, "texture": "#2"},
				"up": {"uv": [0, 0, 0.5, 0.25], "rotation": 90, "texture": "#2"},
				"down": {"uv": [0, 0, 0.5, 0.25], "rotation": 90, "texture": "#2"}
			}
		},
		{
			"from": [13.75, 3.95, 6.85],
			"to": [14, 4.5, 7.15],
			"rotation": {"angle": 0, "axis": "y", "origin": [0.5, 2, 0]},
			"faces": {
				"north": {"uv": [0, 0, 0.25, 0.55], "texture": "#2"},
				"east": {"uv": [0, 0, 0.3, 0.55], "texture": "#2"},
				"south": {"uv": [0, 0, 0.25, 0.55], "texture": "#2"},
				"west": {"uv": [0, 0, 0.3, 0.55], "texture": "#2"},
				"up": {"uv": [0, 0, 0.25, 0.3], "texture": "#2"},
				"down": {"uv": [0, 0, 0.25, 0.3], "texture": "#2"}
			}
		},
		{
			"from": [13.61601, 3.42638, 6.85],
			"to": [13.86601, 4.02638, 7.15],
			"rotation": {"angle": -22.5, "axis": "z", "origin": [13.74101, 3.65138, 7]},
			"faces": {
				"north": {"uv": [0, 0, 0.25, 0.6], "texture": "#2"},
				"east": {"uv": [0, 0, 0.3, 0.6], "texture": "#2"},
				"south": {"uv": [0, 0, 0.25, 0.6], "texture": "#2"},
				"west": {"uv": [0, 0, 0.3, 0.6], "texture": "#2"},
				"up": {"uv": [0, 0, 0.25, 0.3], "texture": "#2"},
				"down": {"uv": [0, 0, 0.25, 0.3], "texture": "#2"}
			}
		},
		{
			"from": [12.5, 3, 6.75],
			"to": [13, 3.25, 7.25],
			"rotation": {"angle": 0, "axis": "y", "origin": [12.875, 3.875, 7]},
			"faces": {
				"north": {"uv": [0, 0, 0.5, 0.25], "texture": "#2"},
				"east": {"uv": [0, 0, 0.5, 0.25], "texture": "#2"},
				"south": {"uv": [0, 0, 0.5, 0.25], "texture": "#2"},
				"west": {"uv": [0, 0, 0.5, 0.25], "texture": "#2"},
				"up": {"uv": [0, 0, 0.5, 0.5], "texture": "#2"},
				"down": {"uv": [0, 0, 0.5, 0.5], "texture": "#2"}
			}
		},
		{
			"from": [12.33675, 2.94296, 6.75],
			"to": [12.83675, 3.19296, 7.25],
			"rotation": {"angle": -22.5, "axis": "z", "origin": [12.81175, 3.81796, 7]},
			"faces": {
				"north": {"uv": [0, 0, 0.5, 0.25], "texture": "#2"},
				"east": {"uv": [0, 0, 0.5, 0.25], "texture": "#2"},
				"south": {"uv": [0, 0, 0.5, 0.25], "texture": "#2"},
				"west": {"uv": [0, 0, 0.5, 0.25], "texture": "#2"},
				"up": {"uv": [0, 0, 0.5, 0.5], "texture": "#2"},
				"down": {"uv": [0, 0, 0.5, 0.5], "texture": "#2"}
			}
		},
		{
			"from": [12.19339, 3.02345, 6.75],
			"to": [12.69339, 3.27345, 7.25],
			"rotation": {"angle": -45, "axis": "z", "origin": [12.56839, 3.89845, 7]},
			"faces": {
				"north": {"uv": [0, 0, 0.5, 0.25], "texture": "#2"},
				"east": {"uv": [0, 0, 0.5, 0.25], "texture": "#2"},
				"south": {"uv": [0, 0, 0.5, 0.25], "texture": "#2"},
				"west": {"uv": [0, 0, 0.5, 0.25], "texture": "#2"},
				"up": {"uv": [0, 0, 0.5, 0.5], "texture": "#2"},
				"down": {"uv": [0, 0, 0.5, 0.5], "texture": "#2"}
			}
		},
		{
			"from": [11.57007, 3.87023, 6.75],
			"to": [11.82007, 4.37023, 7.25],
			"rotation": {"angle": 22.5, "axis": "z", "origin": [12.44507, 3.99523, 7]},
			"faces": {
				"north": {"uv": [0, 0, 0.5, 0.25], "rotation": 270, "texture": "#2"},
				"east": {"uv": [0, 0, 0.5, 0.5], "rotation": 90, "texture": "#2"},
				"south": {"uv": [0, 0, 0.5, 0.25], "rotation": 90, "texture": "#2"},
				"west": {"uv": [0, 0, 0.5, 0.5], "rotation": 90, "texture": "#2"},
				"up": {"uv": [0, 0, 0.5, 0.25], "rotation": 90, "texture": "#2"},
				"down": {"uv": [0, 0, 0.5, 0.25], "rotation": 90, "texture": "#2"}
			}
		},
		{
			"from": [11.49317, 4.00683, 6.75],
			"to": [11.74317, 4.50683, 7.25],
			"rotation": {"angle": 0, "axis": "z", "origin": [12.36817, 4.13183, 7]},
			"faces": {
				"north": {"uv": [0, 0, 0.5, 0.25], "rotation": 270, "texture": "#2"},
				"east": {"uv": [0, 0, 0.5, 0.5], "rotation": 90, "texture": "#2"},
				"south": {"uv": [0, 0, 0.5, 0.25], "rotation": 90, "texture": "#2"},
				"west": {"uv": [0, 0, 0.5, 0.5], "rotation": 90, "texture": "#2"},
				"up": {"uv": [0, 0, 0.5, 0.25], "rotation": 90, "texture": "#2"},
				"down": {"uv": [0, 0, 0.5, 0.25], "rotation": 90, "texture": "#2"}
			}
		},
		{
			"from": [16, 0.5, 6.5],
			"to": [16.25, 4.5, 7.5],
			"rotation": {"angle": 0, "axis": "y", "origin": [0, 2, 0]},
			"faces": {
				"north": {"uv": [0, 0, 2, 8], "texture": "#1"},
				"east": {"uv": [0, 0, 2, 8], "texture": "#1"},
				"south": {"uv": [0, 0, 2, 8], "texture": "#1"},
				"west": {"uv": [0, 0, 2, 8], "texture": "#1"},
				"up": {"uv": [0, 0, 0.25, 1], "texture": "#1"},
				"down": {"uv": [0, 0, 0.25, 1], "texture": "#1"}
			}
		},
		{
			"from": [25.3424, 2.73388, 6.5],
			"to": [26.0924, 8.73388, 7.5],
			"rotation": {"angle": -22.5, "axis": "z", "origin": [26.9674, 4.73388, 7]},
			"faces": {
				"north": {"uv": [0, 0, 0.75, 6], "texture": "#1"},
				"east": {"uv": [0, 0, 1, 6], "texture": "#1"},
				"south": {"uv": [0, 0, 0.75, 6], "texture": "#1"},
				"west": {"uv": [0, 0, 1, 6], "texture": "#1"},
				"up": {"uv": [0, 0, 0.75, 1], "texture": "#1"},
				"down": {"uv": [0, 0, 0.75, 1], "texture": "#1"}
			}
		},
		{
			"from": [23.85503, 3.3171, 6.5],
			"to": [24.60503, 9.3171, 7.5],
			"rotation": {"angle": -45, "axis": "z", "origin": [25.48003, 5.3171, 7]},
			"faces": {
				"north": {"uv": [0, 0, 0.75, 6], "texture": "#1"},
				"east": {"uv": [0, 0, 1, 6], "texture": "#1"},
				"south": {"uv": [0, 0, 0.75, 6], "texture": "#1"},
				"west": {"uv": [0, 0, 1, 6], "texture": "#1"},
				"up": {"uv": [0, 0, 0.75, 1], "texture": "#1"},
				"down": {"uv": [0, 0, 0.75, 1], "texture": "#1"}
			}
		},
		{
			"from": [25.2204, 1.64352, 6.5],
			"to": [25.9704, 5.64352, 7.5],
			"rotation": {"angle": 22.5, "axis": "z", "origin": [26.8454, 0.64352, 7]},
			"faces": {
				"north": {"uv": [0, 0, 0.75, 4], "texture": "#1"},
				"east": {"uv": [0, 0, 1, 4], "texture": "#1"},
				"south": {"uv": [0, 0, 0.75, 4], "texture": "#1"},
				"west": {"uv": [0, 0, 1, 4], "texture": "#1"},
				"up": {"uv": [0, 0, 0.75, 1], "texture": "#1"},
				"down": {"uv": [0, 0, 0.75, 1], "texture": "#1"}
			}
		},
		{
			"from": [24.90432, 1.23255, 6.5],
			"to": [25.65432, 5.23255, 7.5],
			"rotation": {"angle": 0, "axis": "z", "origin": [26.52932, 0.23255, 7]},
			"faces": {
				"north": {"uv": [0, 0, 0.75, 4], "texture": "#1"},
				"east": {"uv": [0, 0, 1, 4], "texture": "#1"},
				"south": {"uv": [0, 0, 0.75, 4], "texture": "#1"},
				"west": {"uv": [0, 0, 1, 4], "texture": "#1"},
				"up": {"uv": [0, 0, 0.75, 1], "texture": "#1"},
				"down": {"uv": [0, 0, 0.75, 1], "texture": "#1"}
			}
		},
		{
			"from": [24.50432, 2.73255, 6.5],
			"to": [25.65432, 6.53255, 7.5],
			"rotation": {"angle": 0, "axis": "z", "origin": [26.52932, 1.73255, 7]},
			"faces": {
				"north": {"uv": [0, 0, 1.15, 3.8], "texture": "#1"},
				"east": {"uv": [0, 0, 1, 3.8], "texture": "#1"},
				"south": {"uv": [0, 0, 1.15, 3.8], "texture": "#1"},
				"west": {"uv": [0, 0, 1, 3.8], "texture": "#1"},
				"up": {"uv": [0, 0, 1.15, 1], "texture": "#1"},
				"down": {"uv": [0, 0, 1.15, 1], "texture": "#1"}
			}
		},
		{
			"from": [24.75432, 5.03255, 6.5],
			"to": [25.65432, 7.43255, 7.5],
			"rotation": {"angle": -22.5, "axis": "z", "origin": [26.52932, 4.53255, 7]},
			"faces": {
				"north": {"uv": [0, 0, 0.9, 2.4], "texture": "#1"},
				"east": {"uv": [0, 0, 1, 2.4], "texture": "#1"},
				"south": {"uv": [0, 0, 0.9, 2.4], "texture": "#1"},
				"west": {"uv": [0, 0, 1, 2.4], "texture": "#1"},
				"up": {"uv": [0, 0, 0.9, 1], "texture": "#1"},
				"down": {"uv": [0, 0, 0.9, 1], "texture": "#1"}
			}
		},
		{
			"from": [23.60432, 3.73255, 6.5],
			"to": [24.75432, 5.63255, 7.5],
			"rotation": {"angle": 0, "axis": "z", "origin": [25.62932, 1.73255, 7]},
			"faces": {
				"north": {"uv": [0, 0, 1.15, 1.9], "texture": "#1"},
				"east": {"uv": [0, 0, 1, 1.9], "texture": "#1"},
				"south": {"uv": [0, 0, 1.15, 1.9], "texture": "#1"},
				"west": {"uv": [0, 0, 1, 1.9], "texture": "#1"},
				"up": {"uv": [0, 0, 1.15, 1], "texture": "#1"},
				"down": {"uv": [0, 0, 1.15, 1], "texture": "#1"}
			}
		},
		{
			"from": [-1.15, 7, 11.7],
			"to": [0.1, 7.25, 12.05],
			"rotation": {"angle": 0, "axis": "x", "origin": [-0.025, 7.875, 11.875]},
			"faces": {
				"north": {"uv": [0, 0, 2, 0.25], "texture": "#2"},
				"east": {"uv": [0, 0, 1, 1], "texture": "#2"},
				"south": {"uv": [0, 0, 1.25, 2], "texture": "#2"},
				"west": {"uv": [0, 0, 2, 0.25], "texture": "#2"},
				"up": {"uv": [0, 0, 1.25, 1], "texture": "#2"},
				"down": {"uv": [0, 0, 2, 1], "texture": "#2"}
			}
		},
		{
			"from": [-1.15, 7, 11.7],
			"to": [0.1, 7.25, 12.05],
			"rotation": {"angle": -22.5, "axis": "x", "origin": [-0.025, 7.875, 11.875]},
			"faces": {
				"north": {"uv": [0, 0, 2, 0.25], "texture": "#2"},
				"east": {"uv": [0, 0, 1, 1], "texture": "#2"},
				"south": {"uv": [0, 0, 1.25, 2], "texture": "#2"},
				"west": {"uv": [0, 0, 2, 0.25], "texture": "#2"},
				"up": {"uv": [0, 0, 1.25, 1], "texture": "#2"},
				"down": {"uv": [0, 0, 2, 1], "texture": "#2"}
			}
		},
		{
			"from": [-1.15, 7, 11.7],
			"to": [0.1, 7.25, 12.05],
			"rotation": {"angle": -45, "axis": "x", "origin": [-0.025, 7.875, 11.875]},
			"faces": {
				"north": {"uv": [0, 0, 2, 0.25], "texture": "#2"},
				"east": {"uv": [0, 0, 1, 1], "texture": "#2"},
				"south": {"uv": [0, 0, 1.25, 2], "texture": "#2"},
				"west": {"uv": [0, 0, 2, 0.25], "texture": "#2"},
				"up": {"uv": [0, 0, 1.25, 1], "texture": "#2"},
				"down": {"uv": [0, 0, 2, 1], "texture": "#2"}
			}
		},
		{
			"from": [-1.15, 7.7, 12.5],
			"to": [0.1, 8.05, 12.75],
			"rotation": {"angle": 22.5, "axis": "x", "origin": [-0.025, 7.875, 11.875]},
			"faces": {
				"north": {"uv": [0, 0, 2, 0.35], "rotation": 180, "texture": "#2"},
				"east": {"uv": [0, 0, 1, 1], "rotation": 90, "texture": "#2"},
				"south": {"uv": [0, 0, 1.25, 2], "texture": "#2"},
				"west": {"uv": [0, 0, 2, 0.25], "rotation": 270, "texture": "#2"},
				"up": {"uv": [0, 0, 1.25, 1], "texture": "#2"},
				"down": {"uv": [0, 0, 2, 1], "rotation": 180, "texture": "#2"}
			}
		},
		{
			"from": [-1.15, 7.7, 12.5],
			"to": [0.1, 8.05, 12.75],
			"rotation": {"angle": 0, "axis": "x", "origin": [-0.025, 7.875, 11.875]},
			"faces": {
				"north": {"uv": [0, 0, 2, 0.35], "rotation": 180, "texture": "#2"},
				"east": {"uv": [0, 0, 1, 1], "rotation": 90, "texture": "#2"},
				"south": {"uv": [0, 0, 1.25, 2], "texture": "#2"},
				"west": {"uv": [0, 0, 2, 0.25], "rotation": 270, "texture": "#2"},
				"up": {"uv": [0, 0, 1.25, 1], "texture": "#2"},
				"down": {"uv": [0, 0, 2, 1], "rotation": 180, "texture": "#2"}
			}
		},
		{
			"from": [-1.15, 7.7, 12.5],
			"to": [0.1, 8.05, 12.75],
			"rotation": {"angle": -22.5, "axis": "x", "origin": [-0.025, 7.875, 11.875]},
			"faces": {
				"north": {"uv": [0, 0, 2, 0.35], "rotation": 180, "texture": "#2"},
				"east": {"uv": [0, 0, 1, 1], "rotation": 90, "texture": "#2"},
				"south": {"uv": [0, 0, 1.25, 2], "texture": "#2"},
				"west": {"uv": [0, 0, 2, 0.25], "rotation": 270, "texture": "#2"},
				"up": {"uv": [0, 0, 1.25, 1], "texture": "#2"},
				"down": {"uv": [0, 0, 2, 1], "rotation": 180, "texture": "#2"}
			}
		},
		{
			"from": [-1.15, 7.7, 12.5],
			"to": [0.1, 8.05, 12.75],
			"rotation": {"angle": -45, "axis": "x", "origin": [-0.025, 7.875, 11.875]},
			"faces": {
				"north": {"uv": [0, 0, 2, 0.35], "rotation": 180, "texture": "#2"},
				"east": {"uv": [0, 0, 1, 1], "rotation": 90, "texture": "#2"},
				"south": {"uv": [0, 0, 1.25, 2], "texture": "#2"},
				"west": {"uv": [0, 0, 2, 0.25], "rotation": 270, "texture": "#2"},
				"up": {"uv": [0, 0, 1.25, 1], "texture": "#2"},
				"down": {"uv": [0, 0, 2, 1], "rotation": 180, "texture": "#2"}
			}
		},
		{
			"from": [-1.15, 8.5, 11.7],
			"to": [0.1, 8.75, 12.05],
			"rotation": {"angle": 22.5, "axis": "x", "origin": [-0.025, 7.875, 11.875]},
			"faces": {
				"north": {"uv": [0, 0, 2, 0.25], "rotation": 180, "texture": "#2"},
				"east": {"uv": [0, 0, 1, 1], "rotation": 180, "texture": "#2"},
				"south": {"uv": [0, 0, 1.25, 2], "rotation": 180, "texture": "#2"},
				"west": {"uv": [0, 0, 2, 0.25], "rotation": 180, "texture": "#2"},
				"up": {"uv": [0, 0, 1.25, 1], "texture": "#2"},
				"down": {"uv": [0, 0, 2, 1], "texture": "#2"}
			}
		},
		{
			"from": [-1.15, 8.5, 11.7],
			"to": [0.1, 8.75, 12.05],
			"rotation": {"angle": 0, "axis": "x", "origin": [-0.025, 7.875, 11.875]},
			"faces": {
				"north": {"uv": [0, 0, 2, 0.25], "rotation": 180, "texture": "#2"},
				"east": {"uv": [0, 0, 1, 1], "rotation": 180, "texture": "#2"},
				"south": {"uv": [0, 0, 1.25, 2], "rotation": 180, "texture": "#2"},
				"west": {"uv": [0, 0, 2, 0.25], "rotation": 180, "texture": "#2"},
				"up": {"uv": [0, 0, 1.25, 1], "texture": "#2"},
				"down": {"uv": [0, 0, 2, 1], "texture": "#2"}
			}
		},
		{
			"from": [-0.55, 7.25, 11.8],
			"to": [-0.25, 8.5, 11.95],
			"rotation": {"angle": 0, "axis": "x", "origin": [0.725, 7.875, 11.875]},
			"faces": {
				"north": {"uv": [0, 0, 2, 1.25], "rotation": 180, "texture": "#2"},
				"east": {"uv": [0, 0, 1, 1], "rotation": 180, "texture": "#2"},
				"south": {"uv": [0, 0, 0.3, 2], "rotation": 180, "texture": "#2"},
				"west": {"uv": [0, 0, 2, 1.25], "rotation": 180, "texture": "#2"},
				"up": {"uv": [0, 0, 0.3, 1], "texture": "#2"},
				"down": {"uv": [0, 0, 2, 1], "texture": "#2"}
			}
		},
		{
			"from": [-0.55, 7.8, 11.25],
			"to": [-0.25, 7.95, 12.5],
			"rotation": {"angle": 0, "axis": "x", "origin": [0.725, 7.875, 11.875]},
			"faces": {
				"north": {"uv": [0, 0, 2, 0.15], "rotation": 180, "texture": "#2"},
				"east": {"uv": [0, 0, 1, 1], "rotation": 90, "texture": "#2"},
				"south": {"uv": [0, 0, 0.3, 2], "texture": "#2"},
				"west": {"uv": [0, 0, 2, 1.25], "rotation": 270, "texture": "#2"},
				"up": {"uv": [0, 0, 0.3, 1], "texture": "#2"},
				"down": {"uv": [0, 0, 2, 1], "rotation": 180, "texture": "#2"}
			}
		},
		{
			"from": [-1.15, 8.5, 11.7],
			"to": [0.1, 8.75, 12.05],
			"rotation": {"angle": -22.5, "axis": "x", "origin": [-0.025, 7.875, 11.875]},
			"faces": {
				"north": {"uv": [0, 0, 2, 0.25], "rotation": 180, "texture": "#2"},
				"east": {"uv": [0, 0, 1, 1], "rotation": 180, "texture": "#2"},
				"south": {"uv": [0, 0, 1.25, 2], "rotation": 180, "texture": "#2"},
				"west": {"uv": [0, 0, 2, 0.25], "rotation": 180, "texture": "#2"},
				"up": {"uv": [0, 0, 1.25, 1], "texture": "#2"},
				"down": {"uv": [0, 0, 2, 1], "texture": "#2"}
			}
		},
		{
			"from": [-1.15, 8.5, 11.7],
			"to": [0.1, 8.75, 12.05],
			"rotation": {"angle": -45, "axis": "x", "origin": [-0.025, 7.875, 11.875]},
			"faces": {
				"north": {"uv": [0, 0, 2, 0.25], "rotation": 180, "texture": "#2"},
				"east": {"uv": [0, 0, 1, 1], "rotation": 180, "texture": "#2"},
				"south": {"uv": [0, 0, 1.25, 2], "rotation": 180, "texture": "#2"},
				"west": {"uv": [0, 0, 2, 0.25], "rotation": 180, "texture": "#2"},
				"up": {"uv": [0, 0, 1.25, 1], "texture": "#2"},
				"down": {"uv": [0, 0, 2, 1], "texture": "#2"}
			}
		},
		{
			"from": [-1.15, 7.7, 11],
			"to": [0.1, 8.05, 11.25],
			"rotation": {"angle": 22.5, "axis": "x", "origin": [-0.025, 7.875, 11.875]},
			"faces": {
				"north": {"uv": [0, 0, 2, 0.35], "rotation": 180, "texture": "#2"},
				"east": {"uv": [0, 0, 1, 1], "rotation": 270, "texture": "#2"},
				"south": {"uv": [0, 0, 1.25, 2], "texture": "#2"},
				"west": {"uv": [0, 0, 2, 0.25], "rotation": 90, "texture": "#2"},
				"up": {"uv": [0, 0, 1.25, 1], "rotation": 180, "texture": "#2"},
				"down": {"uv": [0, 0, 2, 1], "texture": "#2"}
			}
		},
		{
			"from": [-1.15, 7.7, 11],
			"to": [0.1, 8.05, 11.25],
			"rotation": {"angle": 0, "axis": "x", "origin": [-0.025, 7.875, 11.875]},
			"faces": {
				"north": {"uv": [0, 0, 2, 0.35], "rotation": 180, "texture": "#2"},
				"east": {"uv": [0, 0, 1, 1], "rotation": 270, "texture": "#2"},
				"south": {"uv": [0, 0, 1.25, 2], "texture": "#2"},
				"west": {"uv": [0, 0, 2, 0.25], "rotation": 90, "texture": "#2"},
				"up": {"uv": [0, 0, 1.25, 1], "rotation": 180, "texture": "#2"},
				"down": {"uv": [0, 0, 2, 1], "texture": "#2"}
			}
		},
		{
			"from": [-1.15, 7.7, 11],
			"to": [0.1, 8.05, 11.25],
			"rotation": {"angle": -22.5, "axis": "x", "origin": [-0.025, 7.875, 11.875]},
			"faces": {
				"north": {"uv": [0, 0, 2, 0.35], "rotation": 180, "texture": "#2"},
				"east": {"uv": [0, 0, 1, 1], "rotation": 270, "texture": "#2"},
				"south": {"uv": [0, 0, 1.25, 2], "texture": "#2"},
				"west": {"uv": [0, 0, 2, 0.25], "rotation": 90, "texture": "#2"},
				"up": {"uv": [0, 0, 1.25, 1], "rotation": 180, "texture": "#2"},
				"down": {"uv": [0, 0, 2, 1], "texture": "#2"}
			}
		},
		{
			"from": [-1.15, 7.7, 11],
			"to": [0.1, 8.05, 11.25],
			"rotation": {"angle": -45, "axis": "x", "origin": [-0.025, 7.875, 11.875]},
			"faces": {
				"north": {"uv": [0, 0, 2, 0.35], "rotation": 180, "texture": "#2"},
				"east": {"uv": [0, 0, 1, 1], "rotation": 270, "texture": "#2"},
				"south": {"uv": [0, 0, 1.25, 2], "texture": "#2"},
				"west": {"uv": [0, 0, 2, 0.25], "rotation": 90, "texture": "#2"},
				"up": {"uv": [0, 0, 1.25, 1], "rotation": 180, "texture": "#2"},
				"down": {"uv": [0, 0, 2, 1], "texture": "#2"}
			}
		},
		{
			"from": [-1.15, 7, 11.7],
			"to": [0.1, 7.25, 12.05],
			"rotation": {"angle": 22.5, "axis": "x", "origin": [-0.025, 7.875, 11.875]},
			"faces": {
				"north": {"uv": [0, 0, 2, 0.25], "texture": "#2"},
				"east": {"uv": [0, 0, 1, 1], "texture": "#2"},
				"south": {"uv": [0, 0, 1.25, 2], "texture": "#2"},
				"west": {"uv": [0, 0, 2, 0.25], "texture": "#2"},
				"up": {"uv": [0, 0, 1.25, 1], "texture": "#2"},
				"down": {"uv": [0, 0, 2, 1], "texture": "#2"}
			}
		},
		{
			"from": [-0.9, 6.25, 7.5],
			"to": [-0.15, 6.5, 11.5],
			"rotation": {"angle": -22.5, "axis": "x", "origin": [0.1, 6.375, 8.5]},
			"faces": {
				"north": {"uv": [0, 0, 7.75, 9.25], "texture": "#2"},
				"east": {"uv": [0, 0, 8, 6.25], "texture": "#2"},
				"south": {"uv": [0, 0, 8.75, 10.25], "texture": "#2"},
				"west": {"uv": [0, 0, 8, 10.25], "texture": "#2"},
				"up": {"uv": [0, 0, 8.75, 11], "texture": "#2"},
				"down": {"uv": [0, 0, 9.75, 10], "texture": "#2"}
			}
		},
		{
			"from": [-0.9, 6, 7.5],
			"to": [-0.15, 6.25, 9.1],
			"rotation": {"angle": -45, "axis": "x", "origin": [0.1, 6.125, 8.5]},
			"faces": {
				"north": {"uv": [0, 0, 5.75, 6.25], "texture": "#2"},
				"east": {"uv": [0, 0, 4.6, 5.25], "texture": "#2"},
				"south": {"uv": [0, 0, 6.75, 6.25], "texture": "#2"},
				"west": {"uv": [0, 0, 5.6, 6.25], "texture": "#2"},
				"up": {"uv": [0, 0, 5.75, 5.6], "texture": "#2"},
				"down": {"uv": [0, 0, 6.75, 7.6], "texture": "#2"}
			}
		}
	],
	"display": {
		"thirdperson_righthand": {
			"rotation": [0, -90, 0],
			"translation": [-1, 2.5, -3],
			"scale": [0.7, 0.7, 0.7]
		},
		"firstperson_righthand": {
			"rotation": [0, -90, 0],
			"translation": [-2, 5.5, 0]
		},
		"gui": {
			"rotation": [0, 180, -44],
			"translation": [0.75, 2.5, 0],
			"scale": [0.59, 0.59, 0.59]
		},
		"fixed": {
			"rotation": [0, 0, -44],
			"translation": [-1, 3.5, 0],
			"scale": [0.72, 0.72, 0.72]
		}
	},
	"groups": [
		{
			"name": "group",
			"origin": [9, 3.5, 11],
			"color": 0,
			"children": [0, 1, 2, 3, 4, 5, 6, 7]
		},
		{
			"name": "group",
			"origin": [3, 0.875, 6.25],
			"color": 0,
			"children": [8, 9, 10, 11, 12, 13, 14, 15, 16, 17, 18, 19, 20, 21, 22, 23]
		},
		{
			"name": "group",
			"origin": [3, 0.875, 6.25],
			"color": 0,
			"children": [24, 25, 26, 27, 28, 29, 30, 31, 32, 33, 34, 35, 36, 37, 38, 39]
		},
		{
			"name": "group",
			"origin": [3, 0.875, 6.25],
			"color": 0,
			"children": [40, 41, 42, 43, 44, 45, 46, 47, 48, 49, 50, 51, 52, 53, 54, 55]
		},
		{
			"name": "group",
			"origin": [0, 2, 0],
			"color": 0,
			"children": [56, 57, 58, 59, 60, 61, 62, 63, 64, 65, 66, 67, 68, 69, 70, 71, 72, 73, 74, 75, 76, 77, 78, 79, 80, 81, 82]
		},
		{
			"name": "group",
			"origin": [25.83003, 5.0171, 7],
			"color": 0,
			"children": [83, 84, 85, 86, 87, 88, 89]
		},
		{
			"name": "group",
			"origin": [3, 6.375, 8.5],
			"color": 0,
			"children": [
				{
					"name": "group",
					"origin": [-0.525, 7.625, 12.625],
					"color": 0,
					"children": [90, 91, 92, 93, 94, 95, 96, 97, 98, 99, 100, 101, 102, 103, 104, 105, 106, 107]
				},
				108,
				109
			]
		}
	]
}