{
	"credit": "Made with Blockbench",
	"textures": {
		"0": "item/b_bow_yellow",
		"1": "item/b_bow_darkgrey",
		"2": "item/b_bow_silver",
		"3": "item/b_bow_red",
		"4": "item/b_bow_black",
		"5": "item/b_bow_arrow",
		"6": "item/b_bow_sight",
		"particle": "item/b_bow_yellow"
	},
	"elements": [
		{
			"from": [7.84306, 0.98149, 8],
			"to": [8.59306, 1.73149, 9],
			"rotation": {"angle": -22.5, "axis": "z", "origin": [8.34306, 2.48149, 8.5]},
			"faces": {
				"north": {"uv": [0, 0, 0.75, 0.75], "texture": "#2"},
				"east": {"uv": [0, 0, 1, 0.75], "texture": "#2"},
				"south": {"uv": [0, 0, 0.75, 0.75], "texture": "#2"},
				"west": {"uv": [0, 0, 1, 0.75], "texture": "#2"},
				"up": {"uv": [0, 0, 0.75, 1], "texture": "#2"},
				"down": {"uv": [0, 0, 0.75, 1], "texture": "#2"}
			}
		},
		{
			"from": [8, 1, 8],
			"to": [8.75, 4.78, 9],
			"rotation": {"angle": 0, "axis": "y", "origin": [8.5, 2.5, 8.5]},
			"faces": {
				"north": {"uv": [0, 0, 0.75, 3.78], "texture": "#2"},
				"east": {"uv": [0, 0, 1, 3.78], "texture": "#2"},
				"south": {"uv": [0, 0, 0.75, 3.78], "texture": "#2"},
				"west": {"uv": [0, 0, 1, 3.78], "texture": "#2"},
				"up": {"uv": [0, 0, 0.75, 1], "texture": "#2"},
				"down": {"uv": [0, 0, 0.75, 1], "texture": "#2"}
			}
		},
		{
			"from": [8.13791, 1.07716, 8],
			"to": [8.88791, 2.82716, 9],
			"rotation": {"angle": 22.5, "axis": "z", "origin": [8.63791, 2.57716, 8.5]},
			"faces": {
				"north": {"uv": [0, 0, 0.75, 1.75], "texture": "#2"},
				"east": {"uv": [0, 0, 1, 1.75], "texture": "#2"},
				"south": {"uv": [0, 0, 0.75, 1.75], "texture": "#2"},
				"west": {"uv": [0, 0, 1, 1.75], "texture": "#2"},
				"up": {"uv": [0, 0, 0.75, 1], "texture": "#2"},
				"down": {"uv": [0, 0, 0.75, 1], "texture": "#2"}
			}
		},
		{
			"from": [8.2358, 1.20123, 8],
			"to": [8.9858, 2.95123, 9],
			"rotation": {"angle": 45, "axis": "z", "origin": [8.7358, 2.70123, 8.5]},
			"faces": {
				"north": {"uv": [0, 0, 0.75, 1.75], "texture": "#2"},
				"east": {"uv": [0, 0, 1, 1.75], "texture": "#2"},
				"south": {"uv": [0, 0, 0.75, 1.75], "texture": "#2"},
				"west": {"uv": [0, 0, 1, 1.75], "texture": "#2"},
				"up": {"uv": [0, 0, 0.75, 1], "texture": "#2"},
				"down": {"uv": [0, 0, 0.75, 1], "texture": "#2"}
			}
		},
		{
			"from": [8.52876, 2.35331, 8],
			"to": [10.27876, 3.10331, 9],
			"rotation": {"angle": -22.5, "axis": "z", "origin": [8.77876, 2.85331, 8.5]},
			"faces": {
				"north": {"uv": [0, 0, 0.75, 1.75], "rotation": 90, "texture": "#2"},
				"east": {"uv": [0, 0, 0.75, 1], "rotation": 270, "texture": "#2"},
				"south": {"uv": [0, 0, 0.75, 1.75], "rotation": 270, "texture": "#2"},
				"west": {"uv": [0, 0, 0.75, 1], "rotation": 270, "texture": "#2"},
				"up": {"uv": [0, 0, 1, 1.75], "rotation": 270, "texture": "#2"},
				"down": {"uv": [0, 0, 1, 1.75], "rotation": 270, "texture": "#2"}
			}
		},
		{
			"from": [8.51025, 2.51025, 8],
			"to": [10.26025, 3.26025, 9],
			"rotation": {"angle": 0, "axis": "z", "origin": [8.76025, 3.01025, 8.5]},
			"faces": {
				"north": {"uv": [0, 0, 0.75, 1.75], "rotation": 90, "texture": "#2"},
				"east": {"uv": [0, 0, 0.75, 1], "rotation": 270, "texture": "#2"},
				"south": {"uv": [0, 0, 0.75, 1.75], "rotation": 270, "texture": "#2"},
				"west": {"uv": [0, 0, 0.75, 1], "rotation": 270, "texture": "#2"},
				"up": {"uv": [0, 0, 1, 1.75], "rotation": 270, "texture": "#2"},
				"down": {"uv": [0, 0, 1, 1.75], "rotation": 270, "texture": "#2"}
			}
		},
		{
			"from": [8.43309, 2.64817, 8],
			"to": [10.18309, 3.39817, 9],
			"rotation": {"angle": 22.5, "axis": "z", "origin": [8.68309, 3.14817, 8.5]},
			"faces": {
				"north": {"uv": [0, 0, 0.75, 1.75], "rotation": 90, "texture": "#2"},
				"east": {"uv": [0, 0, 0.75, 1], "rotation": 270, "texture": "#2"},
				"south": {"uv": [0, 0, 0.75, 1.75], "rotation": 270, "texture": "#2"},
				"west": {"uv": [0, 0, 0.75, 1], "rotation": 270, "texture": "#2"},
				"up": {"uv": [0, 0, 1, 1.75], "rotation": 270, "texture": "#2"},
				"down": {"uv": [0, 0, 1, 1.75], "rotation": 270, "texture": "#2"}
			}
		},
		{
			"from": [8.30903, 2.74606, 8],
			"to": [10.05903, 3.49606, 9],
			"rotation": {"angle": 45, "axis": "z", "origin": [8.55903, 3.24606, 8.5]},
			"faces": {
				"north": {"uv": [0, 0, 0.75, 1.75], "rotation": 90, "texture": "#2"},
				"east": {"uv": [0, 0, 0.75, 1], "rotation": 270, "texture": "#2"},
				"south": {"uv": [0, 0, 0.75, 1.75], "rotation": 270, "texture": "#2"},
				"west": {"uv": [0, 0, 0.75, 1], "rotation": 270, "texture": "#2"},
				"up": {"uv": [0, 0, 1, 1.75], "rotation": 270, "texture": "#2"},
				"down": {"uv": [0, 0, 1, 1.75], "rotation": 270, "texture": "#2"}
			}
		},
		{
			"from": [8.15694, 3.03901, 8],
			"to": [8.90694, 4.78901, 9],
			"rotation": {"angle": -22.5, "axis": "z", "origin": [8.40694, 3.28901, 8.5]},
			"faces": {
				"north": {"uv": [0, 0, 0.75, 1.75], "rotation": 180, "texture": "#2"},
				"east": {"uv": [0, 0, 1, 1.75], "rotation": 180, "texture": "#2"},
				"south": {"uv": [0, 0, 0.75, 1.75], "rotation": 180, "texture": "#2"},
				"west": {"uv": [0, 0, 1, 1.75], "rotation": 180, "texture": "#2"},
				"up": {"uv": [0, 0, 0.75, 1], "rotation": 180, "texture": "#2"},
				"down": {"uv": [0, 0, 0.75, 1], "rotation": 180, "texture": "#2"}
			}
		},
		{
			"from": [7.86209, 3.94334, 8],
			"to": [8.61209, 4.69334, 9],
			"rotation": {"angle": 22.5, "axis": "z", "origin": [8.11209, 3.19334, 8.5]},
			"faces": {
				"north": {"uv": [0, 0, 0.75, 0.75], "rotation": 180, "texture": "#2"},
				"east": {"uv": [0, 0, 1, 0.75], "rotation": 180, "texture": "#2"},
				"south": {"uv": [0, 0, 0.75, 0.75], "rotation": 180, "texture": "#2"},
				"west": {"uv": [0, 0, 1, 0.75], "rotation": 180, "texture": "#2"},
				"up": {"uv": [0, 0, 0.75, 1], "rotation": 180, "texture": "#2"},
				"down": {"uv": [0, 0, 0.75, 1], "rotation": 180, "texture": "#2"}
			}
		},
		{
			"from": [7.7642, 3.81928, 8],
			"to": [8.5142, 4.56928, 9],
			"rotation": {"angle": 45, "axis": "z", "origin": [8.0142, 3.06928, 8.5]},
			"faces": {
				"north": {"uv": [0, 0, 0.75, 0.75], "rotation": 180, "texture": "#2"},
				"east": {"uv": [0, 0, 1, 0.75], "rotation": 180, "texture": "#2"},
				"south": {"uv": [0, 0, 0.75, 0.75], "rotation": 180, "texture": "#2"},
				"west": {"uv": [0, 0, 1, 0.75], "rotation": 180, "texture": "#2"},
				"up": {"uv": [0, 0, 0.75, 1], "rotation": 180, "texture": "#2"},
				"down": {"uv": [0, 0, 0.75, 1], "rotation": 180, "texture": "#2"}
			}
		},
		{
			"from": [6.47124, 2.6672, 8],
			"to": [7.22124, 3.4172, 9],
			"rotation": {"angle": -22.5, "axis": "z", "origin": [7.97124, 2.9172, 8.5]},
			"faces": {
				"north": {"uv": [0, 0, 0.75, 0.75], "rotation": 270, "texture": "#2"},
				"east": {"uv": [0, 0, 0.75, 1], "rotation": 90, "texture": "#2"},
				"south": {"uv": [0, 0, 0.75, 0.75], "rotation": 90, "texture": "#2"},
				"west": {"uv": [0, 0, 0.75, 1], "rotation": 90, "texture": "#2"},
				"up": {"uv": [0, 0, 1, 0.75], "rotation": 90, "texture": "#2"},
				"down": {"uv": [0, 0, 1, 0.75], "rotation": 90, "texture": "#2"}
			}
		},
		{
			"from": [6.48975, 2.51025, 8],
			"to": [7.23975, 3.26025, 9],
			"rotation": {"angle": 0, "axis": "z", "origin": [7.98975, 2.76025, 8.5]},
			"faces": {
				"north": {"uv": [0, 0, 0.75, 0.75], "rotation": 270, "texture": "#2"},
				"east": {"uv": [0, 0, 0.75, 1], "rotation": 90, "texture": "#2"},
				"south": {"uv": [0, 0, 0.75, 0.75], "rotation": 90, "texture": "#2"},
				"west": {"uv": [0, 0, 0.75, 1], "rotation": 90, "texture": "#2"},
				"up": {"uv": [0, 0, 1, 0.75], "rotation": 90, "texture": "#2"},
				"down": {"uv": [0, 0, 1, 0.75], "rotation": 90, "texture": "#2"}
			}
		},
		{
			"from": [6.56691, 2.37234, 8],
			"to": [7.31691, 3.12234, 9],
			"rotation": {"angle": 22.5, "axis": "z", "origin": [8.06691, 2.62234, 8.5]},
			"faces": {
				"north": {"uv": [0, 0, 0.75, 0.75], "rotation": 270, "texture": "#2"},
				"east": {"uv": [0, 0, 0.75, 1], "rotation": 90, "texture": "#2"},
				"south": {"uv": [0, 0, 0.75, 0.75], "rotation": 90, "texture": "#2"},
				"west": {"uv": [0, 0, 0.75, 1], "rotation": 90, "texture": "#2"},
				"up": {"uv": [0, 0, 1, 0.75], "rotation": 90, "texture": "#2"},
				"down": {"uv": [0, 0, 1, 0.75], "rotation": 90, "texture": "#2"}
			}
		},
		{
			"from": [6.69097, 2.27445, 8],
			"to": [7.44097, 3.02445, 9],
			"rotation": {"angle": 45, "axis": "z", "origin": [8.19097, 2.52445, 8.5]},
			"faces": {
				"north": {"uv": [0, 0, 0.75, 0.75], "rotation": 270, "texture": "#2"},
				"east": {"uv": [0, 0, 0.75, 1], "rotation": 90, "texture": "#2"},
				"south": {"uv": [0, 0, 0.75, 0.75], "rotation": 90, "texture": "#2"},
				"west": {"uv": [0, 0, 0.75, 1], "rotation": 90, "texture": "#2"},
				"up": {"uv": [0, 0, 1, 0.75], "rotation": 90, "texture": "#2"},
				"down": {"uv": [0, 0, 1, 0.75], "rotation": 90, "texture": "#2"}
			}
		},
		{
			"from": [6.69097, 17.27445, 8],
			"to": [7.44097, 18.02445, 9],
			"rotation": {"angle": 45, "axis": "z", "origin": [8.19097, 17.52445, 8.5]},
			"faces": {
				"north": {"uv": [7, 5, 8, 6], "texture": "#2"},
				"east": {"uv": [1, 8, 2, 9], "texture": "#2"},
				"south": {"uv": [2, 8, 3, 9], "texture": "#2"},
				"west": {"uv": [3, 8, 4, 9], "texture": "#2"},
				"up": {"uv": [5, 9, 4, 8], "texture": "#2"},
				"down": {"uv": [6, 8, 5, 9], "texture": "#2"}
			}
		},
		{
			"from": [7.84306, 15.98149, 8],
			"to": [8.59306, 16.73149, 9],
			"rotation": {"angle": -22.5, "axis": "z", "origin": [8.34306, 17.48149, 8.5]},
			"faces": {
				"north": {"uv": [8, 5, 9, 6], "texture": "#2"},
				"east": {"uv": [8, 6, 9, 7], "texture": "#2"},
				"south": {"uv": [8, 7, 9, 8], "texture": "#2"},
				"west": {"uv": [8, 8, 9, 9], "texture": "#2"},
				"up": {"uv": [10, 1, 9, 0], "texture": "#2"},
				"down": {"uv": [2, 9, 1, 10], "texture": "#2"}
			}
		},
		{
			"from": [8, 16, 8],
			"to": [8.75, 19.78, 9],
			"rotation": {"angle": 0, "axis": "y", "origin": [8.5, 17.5, 8.5]},
			"faces": {
				"north": {"uv": [0, 0, 1, 4], "texture": "#2"},
				"east": {"uv": [1, 0, 2, 4], "texture": "#2"},
				"south": {"uv": [2, 0, 3, 4], "texture": "#2"},
				"west": {"uv": [3, 0, 4, 4], "texture": "#2"},
				"up": {"uv": [10, 2, 9, 1], "texture": "#2"},
				"down": {"uv": [3, 9, 2, 10], "texture": "#2"}
			}
		},
		{
			"from": [8.13791, 16.07716, 8],
			"to": [8.88791, 17.82716, 9],
			"rotation": {"angle": 22.5, "axis": "z", "origin": [8.63791, 17.57716, 8.5]},
			"faces": {
				"north": {"uv": [0, 4, 1, 6], "texture": "#2"},
				"east": {"uv": [4, 0, 5, 2], "texture": "#2"},
				"south": {"uv": [1, 4, 2, 6], "texture": "#2"},
				"west": {"uv": [2, 4, 3, 6], "texture": "#2"},
				"up": {"uv": [10, 3, 9, 2], "texture": "#2"},
				"down": {"uv": [4, 9, 3, 10], "texture": "#2"}
			}
		},
		{
			"from": [8.2358, 16.20123, 8],
			"to": [8.9858, 17.95123, 9],
			"rotation": {"angle": 45, "axis": "z", "origin": [8.7358, 17.70123, 8.5]},
			"faces": {
				"north": {"uv": [4, 2, 5, 4], "texture": "#2"},
				"east": {"uv": [3, 4, 4, 6], "texture": "#2"},
				"south": {"uv": [4, 4, 5, 6], "texture": "#2"},
				"west": {"uv": [5, 0, 6, 2], "texture": "#2"},
				"up": {"uv": [10, 4, 9, 3], "texture": "#2"},
				"down": {"uv": [5, 9, 4, 10], "texture": "#2"}
			}
		},
		{
			"from": [8.52876, 17.35331, 8],
			"to": [10.27876, 18.10331, 9],
			"rotation": {"angle": -22.5, "axis": "z", "origin": [8.77876, 17.85331, 8.5]},
			"faces": {
				"north": {"uv": [5, 2, 7, 3], "texture": "#2"},
				"east": {"uv": [9, 4, 10, 5], "texture": "#2"},
				"south": {"uv": [5, 3, 7, 4], "texture": "#2"},
				"west": {"uv": [5, 9, 6, 10], "texture": "#2"},
				"up": {"uv": [7, 5, 5, 4], "texture": "#2"},
				"down": {"uv": [7, 5, 5, 6], "texture": "#2"}
			}
		},
		{
			"from": [8.51025, 17.51025, 8],
			"to": [10.26025, 18.26025, 9],
			"rotation": {"angle": 0, "axis": "z", "origin": [8.76025, 18.01025, 8.5]},
			"faces": {
				"north": {"uv": [0, 6, 2, 7], "texture": "#2"},
				"east": {"uv": [9, 5, 10, 6], "texture": "#2"},
				"south": {"uv": [6, 0, 8, 1], "texture": "#2"},
				"west": {"uv": [6, 9, 7, 10], "texture": "#2"},
				"up": {"uv": [8, 2, 6, 1], "texture": "#2"},
				"down": {"uv": [4, 6, 2, 7], "texture": "#2"}
			}
		},
		{
			"from": [8.43309, 17.64817, 8],
			"to": [10.18309, 18.39817, 9],
			"rotation": {"angle": 22.5, "axis": "z", "origin": [8.68309, 18.14817, 8.5]},
			"faces": {
				"north": {"uv": [4, 6, 6, 7], "texture": "#2"},
				"east": {"uv": [9, 6, 10, 7], "texture": "#2"},
				"south": {"uv": [6, 6, 8, 7], "texture": "#2"},
				"west": {"uv": [7, 9, 8, 10], "texture": "#2"},
				"up": {"uv": [2, 8, 0, 7], "texture": "#2"},
				"down": {"uv": [4, 7, 2, 8], "texture": "#2"}
			}
		},
		{
			"from": [8.30903, 17.74606, 8],
			"to": [10.05903, 18.49606, 9],
			"rotation": {"angle": 45, "axis": "z", "origin": [8.55903, 18.24606, 8.5]},
			"faces": {
				"north": {"uv": [7, 2, 9, 3], "texture": "#2"},
				"east": {"uv": [9, 7, 10, 8], "texture": "#2"},
				"south": {"uv": [7, 3, 9, 4], "texture": "#2"},
				"west": {"uv": [8, 9, 9, 10], "texture": "#2"},
				"up": {"uv": [6, 8, 4, 7], "texture": "#2"},
				"down": {"uv": [9, 4, 7, 5], "texture": "#2"}
			}
		},
		{
			"from": [8.15694, 18.03901, 8],
			"to": [8.90694, 19.78901, 9],
			"rotation": {"angle": -22.5, "axis": "z", "origin": [8.40694, 18.28901, 8.5]},
			"faces": {
				"north": {"uv": [6, 7, 7, 9], "texture": "#2"},
				"east": {"uv": [7, 7, 8, 9], "texture": "#2"},
				"south": {"uv": [0, 8, 1, 10], "texture": "#2"},
				"west": {"uv": [8, 0, 9, 2], "texture": "#2"},
				"up": {"uv": [10, 9, 9, 8], "texture": "#2"},
				"down": {"uv": [10, 9, 9, 10], "texture": "#2"}
			}
		},
		{
			"from": [7.86209, 18.94334, 8],
			"to": [8.61209, 19.69334, 9],
			"rotation": {"angle": 22.5, "axis": "z", "origin": [8.11209, 18.19334, 8.5]},
			"faces": {
				"north": {"uv": [0, 10, 1, 11], "texture": "#2"},
				"east": {"uv": [10, 0, 11, 1], "texture": "#2"},
				"south": {"uv": [1, 10, 2, 11], "texture": "#2"},
				"west": {"uv": [10, 1, 11, 2], "texture": "#2"},
				"up": {"uv": [3, 11, 2, 10], "texture": "#2"},
				"down": {"uv": [11, 2, 10, 3], "texture": "#2"}
			}
		},
		{
			"from": [7.7642, 18.81928, 8],
			"to": [8.5142, 19.56928, 9],
			"rotation": {"angle": 45, "axis": "z", "origin": [8.0142, 18.06928, 8.5]},
			"faces": {
				"north": {"uv": [3, 10, 4, 11], "texture": "#2"},
				"east": {"uv": [10, 3, 11, 4], "texture": "#2"},
				"south": {"uv": [4, 10, 5, 11], "texture": "#2"},
				"west": {"uv": [10, 4, 11, 5], "texture": "#2"},
				"up": {"uv": [6, 11, 5, 10], "texture": "#2"},
				"down": {"uv": [11, 5, 10, 6], "texture": "#2"}
			}
		},
		{
			"from": [6.47124, 17.6672, 8],
			"to": [7.22124, 18.4172, 9],
			"rotation": {"angle": -22.5, "axis": "z", "origin": [7.97124, 17.9172, 8.5]},
			"faces": {
				"north": {"uv": [6, 10, 7, 11], "texture": "#2"},
				"east": {"uv": [10, 6, 11, 7], "texture": "#2"},
				"south": {"uv": [7, 10, 8, 11], "texture": "#2"},
				"west": {"uv": [10, 7, 11, 8], "texture": "#2"},
				"up": {"uv": [9, 11, 8, 10], "texture": "#2"},
				"down": {"uv": [11, 8, 10, 9], "texture": "#2"}
			}
		},
		{
			"from": [6.48975, 17.51025, 8],
			"to": [7.23975, 18.26025, 9],
			"rotation": {"angle": 0, "axis": "z", "origin": [7.98975, 17.76025, 8.5]},
			"faces": {
				"north": {"uv": [9, 10, 10, 11], "texture": "#2"},
				"east": {"uv": [10, 9, 11, 10], "texture": "#2"},
				"south": {"uv": [10, 10, 11, 11], "texture": "#2"},
				"west": {"uv": [0, 11, 1, 12], "texture": "#2"},
				"up": {"uv": [12, 1, 11, 0], "texture": "#2"},
				"down": {"uv": [2, 11, 1, 12], "texture": "#2"}
			}
		},
		{
			"from": [6.56691, 17.37234, 8],
			"to": [7.31691, 18.12234, 9],
			"rotation": {"angle": 22.5, "axis": "z", "origin": [8.06691, 17.62234, 8.5]},
			"faces": {
				"north": {"uv": [11, 1, 12, 2], "texture": "#2"},
				"east": {"uv": [2, 11, 3, 12], "texture": "#2"},
				"south": {"uv": [11, 2, 12, 3], "texture": "#2"},
				"west": {"uv": [3, 11, 4, 12], "texture": "#2"},
				"up": {"uv": [12, 4, 11, 3], "texture": "#2"},
				"down": {"uv": [5, 11, 4, 12], "texture": "#2"}
			}
		},
		{
			"from": [6.6, 3.03901, 8.4],
			"to": [6.8, 18.03901, 8.6],
			"rotation": {"angle": 0, "axis": "z", "origin": [8.40694, 3.28901, 8.5]},
			"faces": {
				"north": {"uv": [0, 0, 1, 15], "texture": "#4"},
				"east": {"uv": [1, 0, 2, 15], "texture": "#4"},
				"south": {"uv": [2, 0, 3, 15], "texture": "#4"},
				"west": {"uv": [3, 0, 4, 15], "texture": "#4"},
				"up": {"uv": [5, 1, 4, 0], "texture": "#4"},
				"down": {"uv": [5, 1, 4, 2], "texture": "#4"}
			}
		},
		{
			"from": [9.95, 3.03901, 8.4],
			"to": [10.15, 18.03901, 8.6],
			"rotation": {"angle": 0, "axis": "z", "origin": [8.40694, 3.28901, 8.5]},
			"faces": {
				"north": {"uv": [0, 0, 0.2, 15], "rotation": 180, "texture": "#4"},
				"east": {"uv": [0, 0, 0.2, 15], "rotation": 180, "texture": "#4"},
				"south": {"uv": [0, 0, 0.2, 15], "rotation": 180, "texture": "#4"},
				"west": {"uv": [0, 0, 0.2, 15], "rotation": 180, "texture": "#4"},
				"up": {"uv": [0, 0, 0.2, 0.2], "rotation": 180, "texture": "#4"},
				"down": {"uv": [0, 0, 0.2, 0.2], "rotation": 180, "texture": "#4"}
			}
		},
		{
			"from": [9, 11.5, 8.65],
			"to": [10.2, 11.5, 9.15],
			"rotation": {"angle": 0, "axis": "z", "origin": [3.41282, 11.49664, 8.50191]},
			"faces": {
				"north": {"uv": [0, 0, 1.2, 0], "rotation": 180, "texture": "#5"},
				"east": {"uv": [0, 0, 0.5, 0], "rotation": 180, "texture": "#5"},
				"south": {"uv": [0, 0, 1.2, 0], "rotation": 180, "texture": "#5"},
				"west": {"uv": [0, 0, 0.5, 0], "rotation": 180, "texture": "#5"},
				"up": {"uv": [5, 7, 12, 10], "rotation": 180, "texture": "#5"},
				"down": {"uv": [5, 4, 12, 6.9], "rotation": 180, "texture": "#5"}
			}
		},
		{
			"from": [-0.3, 11.33901, 8.35],
			"to": [10, 11.63901, 8.65],
			"rotation": {"angle": 0, "axis": "z", "origin": [3.41282, 11.49664, 8.50191]},
			"faces": {
				"north": {"uv": [0, 0, 10.3, 0.3], "rotation": 180, "texture": "#2"},
				"east": {"uv": [0, 0, 0.3, 0.3], "rotation": 180, "texture": "#2"},
				"south": {"uv": [0, 0, 10.3, 0.3], "rotation": 180, "texture": "#2"},
				"west": {"uv": [0, 0, 0.3, 0.3], "rotation": 180, "texture": "#2"},
				"up": {"uv": [0, 0, 10.3, 0.3], "rotation": 180, "texture": "#2"},
				"down": {"uv": [0, 0, 10.3, 0.3], "rotation": 180, "texture": "#2"}
			}
		},
		{
			"from": [9, 11.63901, 8.5],
			"to": [10.2, 12.13901, 8.5],
			"rotation": {"angle": 0, "axis": "z", "origin": [3.41282, 11.49664, 8.50191]},
			"faces": {
				"north": {"uv": [5, 7.1, 12, 10.1], "rotation": 180, "texture": "#5"},
				"east": {"uv": [0, 0, 0, 0.5], "rotation": 180, "texture": "#5"},
				"south": {"uv": [5, 4, 12, 7], "rotation": 180, "texture": "#5"},
				"west": {"uv": [0, 0, 0, 0.5], "rotation": 180, "texture": "#5"},
				"up": {"uv": [0, 0, 1.2, 0], "rotation": 180, "texture": "#5"},
				"down": {"uv": [0, 0, 1.2, 0], "rotation": 180, "texture": "#5"}
			}
		},
		{
			"from": [9, 10.83901, 8.5],
			"to": [10.2, 11.33901, 8.5],
			"rotation": {"angle": 0, "axis": "z", "origin": [3.41282, 11.49664, 8.50191]},
			"faces": {
				"north": {"uv": [5, 4, 12, 7], "rotation": 180, "texture": "#5"},
				"east": {"uv": [0, 0, 0, 0.5], "rotation": 180, "texture": "#5"},
				"south": {"uv": [5, 7, 12, 4], "rotation": 180, "texture": "#5"},
				"west": {"uv": [0, 0, 0, 0.5], "rotation": 180, "texture": "#5"},
				"up": {"uv": [0, 0, 1.2, 0], "rotation": 180, "texture": "#5"},
				"down": {"uv": [0, 0, 1.2, 0], "rotation": 180, "texture": "#5"}
			}
		},
		{
			"from": [9, 11.5, 7.85],
			"to": [10.2, 11.5, 8.35],
			"rotation": {"angle": 0, "axis": "z", "origin": [3.41282, 11.49664, 8.50191]},
			"faces": {
				"north": {"uv": [4, 2, 5, 2], "texture": "#5"},
				"east": {"uv": [0, 0, 1, 0], "texture": "#5"},
				"south": {"uv": [0, 0, 1, 0], "texture": "#5"},
				"west": {"uv": [0, 0, 1, 0], "texture": "#5"},
				"up": {"uv": [12, 7, 5, 4], "texture": "#5"},
				"down": {"uv": [12, 4, 5, 7], "texture": "#5"}
			}
		},
		{
			"from": [-0.9, 11.23901, 8.25],
			"to": [-0.3, 11.73901, 8.75],
			"rotation": {"angle": 0, "axis": "z", "origin": [3.41282, 11.49664, 8.50191]},
			"faces": {
				"north": {"uv": [0, 0, 0.6, 0.5], "rotation": 180, "texture": "#1"},
				"east": {"uv": [0, 0, 0.5, 0.5], "rotation": 180, "texture": "#1"},
				"south": {"uv": [0, 0, 0.6, 0.5], "rotation": 180, "texture": "#1"},
				"west": {"uv": [0, 0, 0.5, 0.5], "rotation": 180, "texture": "#1"},
				"up": {"uv": [0, 0, 0.6, 0.5], "rotation": 180, "texture": "#1"},
				"down": {"uv": [0, 0, 0.6, 0.5], "rotation": 180, "texture": "#1"}
			}
		},
		{
			"from": [-2.8, 11.23901, 8.25],
			"to": [-0.9, 11.73901, 8.75],
			"rotation": {"angle": 0, "axis": "z", "origin": [3.41282, 11.49664, 8.50191]},
			"faces": {
				"north": {"uv": [0, 0, 1.9, 0.5], "rotation": 180, "texture": "#3"},
				"east": {"uv": [0, 0, 0.5, 0.5], "rotation": 180, "texture": "#3"},
				"south": {"uv": [0, 0, 1.9, 0.5], "rotation": 180, "texture": "#3"},
				"west": {"uv": [0, 0, 0.5, 0.5], "rotation": 180, "texture": "#3"},
				"up": {"uv": [0, 0, 1.9, 0.5], "rotation": 180, "texture": "#3"},
				"down": {"uv": [0, 0, 1.9, 0.5], "rotation": 180, "texture": "#3"}
			}
		},
		{
			"from": [-2.6, 11.23901, 8.15],
			"to": [-1.1, 11.73901, 8.85],
			"rotation": {"angle": 0, "axis": "z", "origin": [3.41282, 11.49664, 8.50191]},
			"faces": {
				"north": {"uv": [0, 0, 1.5, 0.5], "rotation": 180, "texture": "#3"},
				"east": {"uv": [0, 0, 0.7, 0.5], "rotation": 180, "texture": "#3"},
				"south": {"uv": [0, 0, 1.5, 0.5], "rotation": 180, "texture": "#3"},
				"west": {"uv": [0, 0, 0.7, 0.5], "rotation": 180, "texture": "#3"},
				"up": {"uv": [0, 0, 1.5, 0.7], "rotation": 180, "texture": "#3"},
				"down": {"uv": [0, 0, 1.5, 0.7], "rotation": 180, "texture": "#3"}
			}
		},
		{
			"from": [-2.4, 11.23901, 8.05],
			"to": [-1.3, 11.73901, 8.95],
			"rotation": {"angle": 0, "axis": "z", "origin": [3.41282, 11.49664, 8.50191]},
			"faces": {
				"north": {"uv": [0, 0, 1.1, 0.5], "rotation": 180, "texture": "#3"},
				"east": {"uv": [0, 0, 0.9, 0.5], "rotation": 180, "texture": "#3"},
				"south": {"uv": [0, 0, 1.1, 0.5], "rotation": 180, "texture": "#3"},
				"west": {"uv": [0, 0, 0.9, 0.5], "rotation": 180, "texture": "#3"},
				"up": {"uv": [0, 0, 1.1, 0.9], "rotation": 180, "texture": "#3"},
				"down": {"uv": [0, 0, 1.1, 0.9], "rotation": 180, "texture": "#3"}
			}
		},
		{
			"from": [-2.2, 11.23901, 7.95],
			"to": [-1.5, 11.73901, 9.05],
			"rotation": {"angle": 0, "axis": "z", "origin": [3.41282, 11.49664, 8.50191]},
			"faces": {
				"north": {"uv": [0, 0, 0.7, 0.5], "rotation": 180, "texture": "#3"},
				"east": {"uv": [0, 0, 1.1, 0.5], "rotation": 180, "texture": "#3"},
				"south": {"uv": [0, 0, 0.7, 0.5], "rotation": 180, "texture": "#3"},
				"west": {"uv": [0, 0, 1.1, 0.5], "rotation": 180, "texture": "#3"},
				"up": {"uv": [0, 0, 0.7, 1.1], "rotation": 180, "texture": "#3"},
				"down": {"uv": [0, 0, 0.7, 1.1], "rotation": 180, "texture": "#3"}
			}
		},
		{
			"from": [-2.6, 11.13901, 8.25],
			"to": [-1.1, 11.83901, 8.75],
			"rotation": {"angle": 0, "axis": "z", "origin": [3.41282, 11.49664, 8.50191]},
			"faces": {
				"north": {"uv": [0, 0, 1.5, 0.7], "rotation": 180, "texture": "#3"},
				"east": {"uv": [0, 0, 0.5, 0.7], "rotation": 180, "texture": "#3"},
				"south": {"uv": [0, 0, 1.5, 0.7], "rotation": 180, "texture": "#3"},
				"west": {"uv": [0, 0, 0.5, 0.7], "rotation": 180, "texture": "#3"},
				"up": {"uv": [0, 0, 1.5, 0.5], "rotation": 180, "texture": "#3"},
				"down": {"uv": [0, 0, 1.5, 0.5], "rotation": 180, "texture": "#3"}
			}
		},
		{
			"from": [-2.4, 11.03901, 8.25],
			"to": [-1.3, 11.93901, 8.75],
			"rotation": {"angle": 0, "axis": "z", "origin": [3.41282, 11.49664, 8.50191]},
			"faces": {
				"north": {"uv": [0, 0, 1.1, 0.9], "rotation": 180, "texture": "#3"},
				"east": {"uv": [0, 0, 0.5, 0.9], "rotation": 180, "texture": "#3"},
				"south": {"uv": [0, 0, 1.1, 0.9], "rotation": 180, "texture": "#3"},
				"west": {"uv": [0, 0, 0.5, 0.9], "rotation": 180, "texture": "#3"},
				"up": {"uv": [0, 0, 1.1, 0.5], "rotation": 180, "texture": "#3"},
				"down": {"uv": [0, 0, 1.1, 0.5], "rotation": 180, "texture": "#3"}
			}
		},
		{
			"from": [-2.2, 11.13901, 8.05],
			"to": [-1.5, 11.83901, 8.95],
			"rotation": {"angle": 0, "axis": "z", "origin": [3.41282, 11.49664, 8.50191]},
			"faces": {
				"north": {"uv": [0, 0, 0.7, 0.7], "rotation": 180, "texture": "#3"},
				"east": {"uv": [0, 0, 0.9, 0.7], "rotation": 180, "texture": "#3"},
				"south": {"uv": [0, 0, 0.7, 0.7], "rotation": 180, "texture": "#3"},
				"west": {"uv": [0, 0, 0.9, 0.7], "rotation": 180, "texture": "#3"},
				"up": {"uv": [0, 0, 0.7, 0.9], "rotation": 180, "texture": "#3"},
				"down": {"uv": [0, 0, 0.7, 0.9], "rotation": 180, "texture": "#3"}
			}
		},
		{
			"from": [-2, 11.03901, 8.15],
			"to": [-1.7, 11.93901, 8.85],
			"rotation": {"angle": 0, "axis": "z", "origin": [3.41282, 11.49664, 8.50191]},
			"faces": {
				"north": {"uv": [0, 0, 0.3, 0.9], "rotation": 180, "texture": "#3"},
				"east": {"uv": [0, 0, 0.7, 0.9], "rotation": 180, "texture": "#3"},
				"south": {"uv": [0, 0, 0.3, 0.9], "rotation": 180, "texture": "#3"},
				"west": {"uv": [0, 0, 0.7, 0.9], "rotation": 180, "texture": "#3"},
				"up": {"uv": [0, 0, 0.3, 0.7], "rotation": 180, "texture": "#3"},
				"down": {"uv": [0, 0, 0.3, 0.7], "rotation": 180, "texture": "#3"}
			}
		},
		{
			"from": [-2.2, 10.93901, 8.25],
			"to": [-1.5, 12.03901, 8.75],
			"rotation": {"angle": 0, "axis": "z", "origin": [3.41282, 11.49664, 8.50191]},
			"faces": {
				"north": {"uv": [0, 0, 0.7, 1.1], "rotation": 180, "texture": "#3"},
				"east": {"uv": [0, 0, 0.5, 1.1], "rotation": 180, "texture": "#3"},
				"south": {"uv": [0, 0, 0.7, 1.1], "rotation": 180, "texture": "#3"},
				"west": {"uv": [0, 0, 0.5, 1.1], "rotation": 180, "texture": "#3"},
				"up": {"uv": [0, 0, 0.7, 0.5], "rotation": 180, "texture": "#3"},
				"down": {"uv": [0, 0, 0.7, 0.5], "rotation": 180, "texture": "#3"}
			}
		},
		{
			"from": [-1.70316, 12.77768, 8.35],
			"to": [-0.20316, 12.97768, 8.65],
			"rotation": {"angle": 22.5, "axis": "z", "origin": [3.41282, 11.49664, 8.50191]},
			"faces": {
				"north": {"uv": [0, 0, 1.5, 0.2], "rotation": 180, "texture": "#3"},
				"east": {"uv": [0, 0, 0.3, 0.2], "rotation": 180, "texture": "#3"},
				"south": {"uv": [0, 0, 1.5, 0.2], "rotation": 180, "texture": "#3"},
				"west": {"uv": [0, 0, 0.3, 0.2], "rotation": 180, "texture": "#3"},
				"up": {"uv": [0, 0, 1.5, 0.3], "rotation": 180, "texture": "#3"},
				"down": {"uv": [0, 0, 1.5, 0.3], "rotation": 180, "texture": "#3"}
			}
		},
		{
			"from": [-1.73482, 10.0163, 8.35],
			"to": [-0.23482, 10.2163, 8.65],
			"rotation": {"angle": -22.5, "axis": "z", "origin": [3.41282, 11.49664, 8.50191]},
			"faces": {
				"north": {"uv": [0, 0, 1.5, 0.2], "rotation": 180, "texture": "#3"},
				"east": {"uv": [0, 0, 0.3, 0.2], "rotation": 180, "texture": "#3"},
				"south": {"uv": [0, 0, 1.5, 0.2], "rotation": 180, "texture": "#3"},
				"west": {"uv": [0, 0, 0.3, 0.2], "rotation": 180, "texture": "#3"},
				"up": {"uv": [0, 0, 1.5, 0.3], "rotation": 180, "texture": "#3"},
				"down": {"uv": [0, 0, 1.5, 0.3], "rotation": 180, "texture": "#3"}
			}
		},
		{
			"from": [-2.81056, 8.78493, 8.35],
			"to": [-1.11056, 8.98493, 8.65],
			"rotation": {"angle": -22.5, "axis": "z", "origin": [3.41282, 11.49664, 8.50191]},
			"faces": {
				"north": {"uv": [0, 0, 1.7, 0.2], "rotation": 180, "texture": "#3"},
				"east": {"uv": [0, 0, 0.3, 0.2], "rotation": 180, "texture": "#3"},
				"south": {"uv": [0, 0, 1.7, 0.2], "rotation": 180, "texture": "#3"},
				"west": {"uv": [0, 0, 0.3, 0.2], "rotation": 180, "texture": "#3"},
				"up": {"uv": [0, 0, 1.7, 0.3], "rotation": 180, "texture": "#3"},
				"down": {"uv": [0, 0, 1.7, 0.3], "rotation": 180, "texture": "#3"}
			}
		},
		{
			"from": [-2.83245, 14.03124, 8.35],
			"to": [-1.13245, 14.23124, 8.65],
			"rotation": {"angle": 22.5, "axis": "z", "origin": [3.41282, 11.49664, 8.50191]},
			"faces": {
				"north": {"uv": [0, 0, 1.7, 0.2], "rotation": 180, "texture": "#3"},
				"east": {"uv": [0, 0, 0.3, 0.2], "rotation": 180, "texture": "#3"},
				"south": {"uv": [0, 0, 1.7, 0.2], "rotation": 180, "texture": "#3"},
				"west": {"uv": [0, 0, 0.3, 0.2], "rotation": 180, "texture": "#3"},
				"up": {"uv": [0, 0, 1.7, 0.3], "rotation": 180, "texture": "#3"},
				"down": {"uv": [0, 0, 1.7, 0.3], "rotation": 180, "texture": "#3"}
			}
		},
		{
			"from": [-1.7157, 11.35, 7.03345],
			"to": [-0.3157, 11.65, 7.23345],
			"rotation": {"angle": 22.5, "axis": "y", "origin": [3.41282, 11.49664, 8.50191]},
			"faces": {
				"north": {"uv": [0, 0, 1.4, 0.3], "texture": "#3"},
				"east": {"uv": [0, 0, 0.3, 0.2], "rotation": 270, "texture": "#3"},
				"south": {"uv": [0, 0, 1.4, 0.3], "rotation": 180, "texture": "#3"},
				"west": {"uv": [0, 0, 0.3, 0.2], "rotation": 90, "texture": "#3"},
				"up": {"uv": [0, 0, 1.4, 0.2], "rotation": 180, "texture": "#3"},
				"down": {"uv": [0, 0, 1.4, 0.2], "texture": "#3"}
			}
		},
		{
			"from": [-1.75179, 11.35, 9.7646],
			"to": [-0.25179, 11.65, 9.9646],
			"rotation": {"angle": -22.5, "axis": "y", "origin": [3.41282, 11.49664, 8.50191]},
			"faces": {
				"north": {"uv": [0, 0, 1.5, 0.3], "texture": "#3"},
				"east": {"uv": [0, 0, 0.3, 0.2], "rotation": 270, "texture": "#3"},
				"south": {"uv": [0, 0, 1.5, 0.3], "rotation": 180, "texture": "#3"},
				"west": {"uv": [0, 0, 0.3, 0.2], "rotation": 90, "texture": "#3"},
				"up": {"uv": [0, 0, 1.5, 0.2], "rotation": 180, "texture": "#3"},
				"down": {"uv": [0, 0, 1.5, 0.2], "texture": "#3"}
			}
		},
		{
			"from": [-2.96052, 11.35, 11.03139],
			"to": [-1.11052, 11.65, 11.23139],
			"rotation": {"angle": -22.5, "axis": "y", "origin": [3.41282, 11.49664, 8.50191]},
			"faces": {
				"north": {"uv": [0, 0, 1.85, 0.3], "texture": "#3"},
				"east": {"uv": [0, 0, 0.3, 0.2], "rotation": 270, "texture": "#3"},
				"south": {"uv": [0, 0, 1.85, 0.3], "rotation": 180, "texture": "#3"},
				"west": {"uv": [0, 0, 0.3, 0.2], "rotation": 90, "texture": "#3"},
				"up": {"uv": [0, 0, 1.85, 0.2], "rotation": 180, "texture": "#3"},
				"down": {"uv": [0, 0, 1.85, 0.2], "texture": "#3"}
			}
		},
		{
			"from": [-3.01697, 11.35, 5.74283],
			"to": [-1.13197, 11.65, 5.94283],
			"rotation": {"angle": 22.5, "axis": "y", "origin": [3.41282, 11.49664, 8.50191]},
			"faces": {
				"north": {"uv": [0, 0, 1.885, 0.3], "texture": "#3"},
				"east": {"uv": [0, 0, 0.3, 0.2], "rotation": 270, "texture": "#3"},
				"south": {"uv": [0, 0, 1.885, 0.3], "rotation": 180, "texture": "#3"},
				"west": {"uv": [0, 0, 0.3, 0.2], "rotation": 90, "texture": "#3"},
				"up": {"uv": [0, 0, 1.885, 0.2], "rotation": 180, "texture": "#3"},
				"down": {"uv": [0, 0, 1.885, 0.2], "texture": "#3"}
			}
		},
		{
			"from": [1.32797, 13.92, 8],
			"to": [2.32797, 18.12, 9],
			"rotation": {"angle": 22.5, "axis": "z", "origin": [4.67797, 17.83301, 7.75]},
			"faces": {
				"north": {"uv": [15, 7.5, 16, 11.9], "rotation": 180, "texture": "#2"},
				"east": {"uv": [15, 2.8, 16, 5.9], "rotation": 180, "texture": "#2"},
				"south": {"uv": [14, 0, 15, 3.8], "rotation": 180, "texture": "#2"},
				"west": {"uv": [15, 12.2, 16, 16], "rotation": 180, "texture": "#2"},
				"up": {"uv": [15, 0, 16, 1], "rotation": 180, "texture": "#2"},
				"down": {"uv": [0, 0, 1, 1], "rotation": 180, "texture": "#2"}
			}
		},
		{
			"from": [2.49924, 8.44721, 8.2],
			"to": [3.49924, 10.64721, 8.8],
			"rotation": {"angle": 22.5, "axis": "z", "origin": [2.77406, 11.11124, 8.1]},
			"faces": {
				"north": {"uv": [0, 0, 1, 2.2], "rotation": 180, "texture": "#3"},
				"east": {"uv": [0, 0, 0.6, 2.2], "rotation": 180, "texture": "#3"},
				"south": {"uv": [0, 0, 1, 2.2], "rotation": 180, "texture": "#3"},
				"west": {"uv": [0, 0, 0.6, 2.2], "rotation": 180, "texture": "#3"},
				"up": {"uv": [0, 0, 1, 0.6], "rotation": 180, "texture": "#3"},
				"down": {"uv": [0, 0, 1, 0.6], "rotation": 180, "texture": "#3"}
			}
		},
		{
			"from": [2.85102, 10.34796, 8.2],
			"to": [3.85102, 11.34796, 8.8],
			"rotation": {"angle": -22.5, "axis": "z", "origin": [3.35102, 10.84796, 8.5]},
			"faces": {
				"north": {"uv": [0, 0, 1, 1], "rotation": 180, "texture": "#3"},
				"east": {"uv": [0, 0, 0.6, 1], "rotation": 180, "texture": "#3"},
				"south": {"uv": [0, 0, 1, 1], "rotation": 180, "texture": "#3"},
				"west": {"uv": [0, 0, 0.6, 1], "rotation": 180, "texture": "#3"},
				"up": {"uv": [0, 0, 1, 0.6], "rotation": 180, "texture": "#3"},
				"down": {"uv": [0, 0, 1, 0.6], "rotation": 180, "texture": "#3"}
			}
		},
		{
			"from": [5.34201, 3.95, 8],
			"to": [6.14201, 9.75, 9],
			"rotation": {"angle": -22.5, "axis": "z", "origin": [3.34201, 13.67191, 7.75]},
			"faces": {
				"north": {"uv": [13, 0, 13.8, 5.9], "rotation": 180, "texture": "#2"},
				"east": {"uv": [13, 6, 14, 10.7], "rotation": 180, "texture": "#2"},
				"south": {"uv": [12, 6, 12.8, 11.9], "rotation": 180, "texture": "#2"},
				"west": {"uv": [12, 0, 13, 5.9], "rotation": 180, "texture": "#2"},
				"up": {"uv": [13, 10, 13.8, 11], "rotation": 180, "texture": "#2"},
				"down": {"uv": [13, 12, 13.8, 13], "rotation": 180, "texture": "#2"}
			}
		},
		{
			"from": [3.0043, 11.11855, 8.5],
			"to": [4.0043, 13.31855, 9],
			"rotation": {"angle": 0, "axis": "z", "origin": [3.5043, 11.21855, 8.5]},
			"faces": {
				"north": {"uv": [0, 0, 1, 2.2], "rotation": 180, "texture": "#1"},
				"east": {"uv": [0, 0, 0.5, 2.2], "rotation": 180, "texture": "#1"},
				"south": {"uv": [0, 0, 1, 2.2], "rotation": 180, "texture": "#1"},
				"west": {"uv": [0, 0, 0.5, 2.2], "rotation": 180, "texture": "#1"},
				"up": {"uv": [0, 0, 1, 0.5], "rotation": 180, "texture": "#1"},
				"down": {"uv": [0, 0, 1, 0.5], "rotation": 180, "texture": "#1"}
			}
		},
		{
			"from": [3.0043, 12.01855, 9],
			"to": [4.0043, 13.11855, 10.2],
			"rotation": {"angle": 0, "axis": "z", "origin": [3.5043, 11.21855, 8.5]},
			"faces": {
				"north": {"uv": [0, 0, 1, 1], "texture": "#6"},
				"east": {"uv": [2, 9, 9, 16], "texture": "#6"},
				"south": {"uv": [1, 0, 2, 1], "texture": "#4"},
				"west": {"uv": [9, 9, 16, 16], "texture": "#6"},
				"up": {"uv": [1, 3, 0, 2], "texture": "#4"},
				"down": {"uv": [3, 0, 2, 1], "texture": "#4"}
			}
		},
		{
			"from": [5.75, 17.5, 7.5],
			"to": [10.25, 18.25, 8],
			"rotation": {"angle": 0, "axis": "z", "origin": [8.40694, 3.28901, 8.5]},
			"faces": {
				"north": {"uv": [0, 0, 5, 1], "texture": "#0"},
				"east": {"uv": [0, 4, 1, 5], "texture": "#0"},
				"south": {"uv": [0, 1, 5, 2], "texture": "#0"},
				"west": {"uv": [1, 4, 2, 5], "texture": "#0"},
				"up": {"uv": [5, 3, 0, 2], "texture": "#0"},
				"down": {"uv": [5, 3, 0, 4], "texture": "#0"}
			}
		},
		{
			"from": [5.75, 17.5, 9],
			"to": [10.25, 18.25, 9.5],
			"rotation": {"angle": 0, "axis": "z", "origin": [8.40694, 3.28901, 8.5]},
			"faces": {
				"north": {"uv": [0, 0, 4.5, 0.75], "rotation": 180, "texture": "#0"},
				"east": {"uv": [0, 0, 0.5, 0.75], "rotation": 180, "texture": "#0"},
				"south": {"uv": [0, 0, 4.5, 0.75], "rotation": 180, "texture": "#0"},
				"west": {"uv": [0, 0, 0.5, 0.75], "rotation": 180, "texture": "#0"},
				"up": {"uv": [0, 0, 4.5, 0.5], "rotation": 180, "texture": "#0"},
				"down": {"uv": [0, 0, 4.5, 0.5], "rotation": 180, "texture": "#0"}
			}
		},
		{
			"from": [2.32797, 17.05801, 7.5],
			"to": [5.82797, 17.80801, 8],
			"rotation": {"angle": 22.5, "axis": "z", "origin": [4.67797, 17.83301, 7.75]},
			"faces": {
				"north": {"uv": [12.5, 0, 14.3, 0.75], "rotation": 180, "texture": "#0"},
				"east": {"uv": [0, 0, 0.5, 0.75], "rotation": 180, "texture": "#0"},
				"south": {"uv": [12.5, 1, 16, 1.75], "rotation": 180, "texture": "#0"},
				"west": {"uv": [0, 0, 0.5, 0.75], "rotation": 180, "texture": "#0"},
				"up": {"uv": [12.5, 3, 16, 3.5], "rotation": 180, "texture": "#0"},
				"down": {"uv": [12.5, 2, 16, 2.5], "rotation": 180, "texture": "#0"}
			}
		},
		{
			"from": [2.32797, 17.05801, 9],
			"to": [5.82797, 17.80801, 9.5],
			"rotation": {"angle": 22.5, "axis": "z", "origin": [4.67797, 17.83301, 7.75]},
			"faces": {
				"north": {"uv": [12.5, 0, 14.3, 0.75], "rotation": 180, "texture": "#0"},
				"east": {"uv": [0, 0, 0.5, 0.75], "rotation": 180, "texture": "#0"},
				"south": {"uv": [12.5, 1, 16, 1.75], "rotation": 180, "texture": "#0"},
				"west": {"uv": [0, 0, 0.5, 0.75], "rotation": 180, "texture": "#0"},
				"up": {"uv": [12.5, 3, 16, 3.5], "rotation": 180, "texture": "#0"},
				"down": {"uv": [12.5, 2, 16, 2.5], "rotation": 180, "texture": "#0"}
			}
		},
		{
			"from": [1.32797, 16.92, 7.5],
			"to": [2.32797, 17.92, 8],
			"rotation": {"angle": 22.5, "axis": "z", "origin": [4.67797, 17.83301, 7.75]},
			"faces": {
				"north": {"uv": [0, 0, 1, 1], "texture": "#1"},
				"east": {"uv": [0, 1, 1, 2], "texture": "#1"},
				"south": {"uv": [1, 0, 2, 1], "texture": "#1"},
				"west": {"uv": [1, 1, 2, 2], "texture": "#1"},
				"up": {"uv": [1, 3, 0, 2], "texture": "#1"},
				"down": {"uv": [3, 0, 2, 1], "texture": "#1"}
			}
		},
		{
			"from": [1.32797, 16.92, 9],
			"to": [2.32797, 17.92, 9.5],
			"rotation": {"angle": 22.5, "axis": "z", "origin": [4.67797, 17.83301, 7.75]},
			"faces": {
				"north": {"uv": [0, 0, 1, 1], "rotation": 180, "texture": "#1"},
				"east": {"uv": [0, 0, 0.5, 1], "rotation": 180, "texture": "#1"},
				"south": {"uv": [0, 0, 1, 1], "rotation": 180, "texture": "#1"},
				"west": {"uv": [0, 0, 0.5, 1], "rotation": 180, "texture": "#1"},
				"up": {"uv": [0, 0, 1, 0.5], "rotation": 180, "texture": "#1"},
				"down": {"uv": [0, 0, 1, 0.5], "rotation": 180, "texture": "#1"}
			}
		},
		{
			"from": [-0.67538, 15.72622, 8],
			"to": [1.92462, 15.92622, 9],
			"rotation": {"angle": 45, "axis": "z", "origin": [0.62462, 15.82622, 8.5]},
			"faces": {
				"north": {"uv": [0, 0, 3, 1], "texture": "#3"},
				"east": {"uv": [3, 0, 4, 1], "texture": "#3"},
				"south": {"uv": [0, 1, 3, 2], "texture": "#3"},
				"west": {"uv": [3, 1, 4, 2], "texture": "#3"},
				"up": {"uv": [3, 3, 0, 2], "texture": "#3"},
				"down": {"uv": [3, 3, 0, 4], "texture": "#3"}
			}
		},
		{
			"from": [-0.41455, 15.24068, 8],
			"to": [1.98545, 15.44068, 9],
			"rotation": {"angle": 22.5, "axis": "z", "origin": [0.78545, 15.34068, 8.5]},
			"faces": {
				"north": {"uv": [0, 0, 2.4, 0.2], "rotation": 180, "texture": "#3"},
				"east": {"uv": [0, 0, 1, 0.2], "rotation": 180, "texture": "#3"},
				"south": {"uv": [0, 0, 2.4, 0.2], "rotation": 180, "texture": "#3"},
				"west": {"uv": [0, 0, 1, 0.2], "rotation": 180, "texture": "#3"},
				"up": {"uv": [0, 0, 2.4, 1], "rotation": 180, "texture": "#3"},
				"down": {"uv": [0, 0, 2.4, 1], "rotation": 180, "texture": "#3"}
			}
		},
		{
			"from": [5.75, 2.5, 7.5],
			"to": [10.25, 3.25, 8],
			"rotation": {"angle": 0, "axis": "z", "origin": [8.40694, 3.28901, 8.5]},
			"faces": {
				"north": {"uv": [0, 0, 4.5, 0.75], "rotation": 180, "texture": "#0"},
				"east": {"uv": [0, 0, 0.5, 0.75], "rotation": 180, "texture": "#0"},
				"south": {"uv": [0, 0, 4.5, 0.75], "rotation": 180, "texture": "#0"},
				"west": {"uv": [0, 0, 0.5, 0.75], "rotation": 180, "texture": "#0"},
				"up": {"uv": [0, 0, 4.5, 0.5], "rotation": 180, "texture": "#0"},
				"down": {"uv": [0, 0, 4.5, 0.5], "rotation": 180, "texture": "#0"}
			}
		},
		{
			"from": [5.75, 2.5, 9],
			"to": [10.25, 3.25, 9.5],
			"rotation": {"angle": 0, "axis": "z", "origin": [8.40694, 3.28901, 8.5]},
			"faces": {
				"north": {"uv": [0, 0, 4.5, 0.75], "rotation": 180, "texture": "#0"},
				"east": {"uv": [0, 0, 0.5, 0.75], "rotation": 180, "texture": "#0"},
				"south": {"uv": [0, 0, 4.5, 0.75], "rotation": 180, "texture": "#0"},
				"west": {"uv": [0, 0, 0.5, 0.75], "rotation": 180, "texture": "#0"},
				"up": {"uv": [0, 0, 4.5, 0.5], "rotation": 180, "texture": "#0"},
				"down": {"uv": [0, 0, 4.5, 0.5], "rotation": 180, "texture": "#0"}
			}
		},
		{
			"from": [2.52672, 3.14115, 7.5],
			"to": [6.02672, 3.89115, 8],
			"rotation": {"angle": -22.5, "axis": "z", "origin": [4.27672, 3.51615, 7.75]},
			"faces": {
				"north": {"uv": [12.5, 0, 14.3, 0.75], "rotation": 180, "texture": "#0"},
				"east": {"uv": [0, 0, 0.5, 0.75], "rotation": 180, "texture": "#0"},
				"south": {"uv": [12.5, 2, 16, 2.75], "rotation": 180, "texture": "#0"},
				"west": {"uv": [0, 0, 0.5, 0.75], "rotation": 180, "texture": "#0"},
				"up": {"uv": [12.5, 1.6, 16, 1.1], "rotation": 180, "texture": "#0"},
				"down": {"uv": [12.5, 3, 16, 3.5], "rotation": 180, "texture": "#0"}
			}
		},
		{
			"from": [2.52672, 3.14115, 9],
			"to": [6.02672, 3.89115, 9.5],
			"rotation": {"angle": -22.5, "axis": "z", "origin": [4.27672, 3.51615, 7.75]},
			"faces": {
				"north": {"uv": [12.5, 0, 14.3, 0.75], "rotation": 180, "texture": "#0"},
				"east": {"uv": [0, 0, 0.5, 0.75], "rotation": 180, "texture": "#0"},
				"south": {"uv": [12.5, 3, 16, 3.75], "rotation": 180, "texture": "#0"},
				"west": {"uv": [0, 0, 0.5, 0.75], "rotation": 180, "texture": "#0"},
				"up": {"uv": [12.5, 1, 16, 1.5], "rotation": 180, "texture": "#0"},
				"down": {"uv": [12.5, 2, 16, 2.5], "rotation": 180, "texture": "#0"}
			}
		},
		{
			"from": [5.34201, 4.15, 7.5],
			"to": [6.34201, 5.15, 8],
			"rotation": {"angle": -22.5, "axis": "z", "origin": [3.34201, 13.67191, 7.75]},
			"faces": {
				"north": {"uv": [0, 0, 1, 1], "rotation": 180, "texture": "#1"},
				"east": {"uv": [0, 0, 0.5, 1], "rotation": 180, "texture": "#1"},
				"south": {"uv": [0, 0, 1, 1], "rotation": 180, "texture": "#1"},
				"west": {"uv": [0, 0, 0.5, 1], "rotation": 180, "texture": "#1"},
				"up": {"uv": [0, 0, 1, 0.5], "rotation": 180, "texture": "#1"},
				"down": {"uv": [0, 0, 1, 0.5], "rotation": 180, "texture": "#1"}
			}
		},
		{
			"from": [5.34201, 4.15, 9],
			"to": [6.34201, 5.15, 9.5],
			"rotation": {"angle": -22.5, "axis": "z", "origin": [3.34201, 13.67191, 7.75]},
			"faces": {
				"north": {"uv": [0, 0, 1, 1], "rotation": 180, "texture": "#1"},
				"east": {"uv": [0, 0, 0.5, 1], "rotation": 180, "texture": "#1"},
				"south": {"uv": [0, 0, 1, 1], "rotation": 180, "texture": "#1"},
				"west": {"uv": [0, 0, 0.5, 1], "rotation": 180, "texture": "#1"},
				"up": {"uv": [0, 0, 1, 0.5], "rotation": 180, "texture": "#1"},
				"down": {"uv": [0, 0, 1, 0.5], "rotation": 180, "texture": "#1"}
			}
		},
		{
			"from": [2.92678, 4.87346, 8],
			"to": [5.32678, 5.07346, 9],
			"rotation": {"angle": -22.5, "axis": "z", "origin": [3.52678, 13.59537, 7.75]},
			"faces": {
				"north": {"uv": [0, 0, 2.4, 0.2], "rotation": 180, "texture": "#3"},
				"east": {"uv": [0, 0, 1, 0.2], "rotation": 180, "texture": "#3"},
				"south": {"uv": [0, 0, 2.4, 0.2], "rotation": 180, "texture": "#3"},
				"west": {"uv": [0, 0, 1, 0.2], "rotation": 180, "texture": "#3"},
				"up": {"uv": [0, 0, 2.4, 1], "rotation": 180, "texture": "#3"},
				"down": {"uv": [0, 0, 2.4, 1], "rotation": 180, "texture": "#3"}
			}
		},
		{
			"from": [0.92793, 4.03178, 8],
			"to": [1.12793, 6.63178, 9],
			"rotation": {"angle": 45, "axis": "z", "origin": [1.32793, 4.63178, 8.5]},
			"faces": {
				"north": {"uv": [0, 0, 0.2, 2.6], "rotation": 180, "texture": "#3"},
				"east": {"uv": [0, 0, 1, 2.6], "rotation": 180, "texture": "#3"},
				"south": {"uv": [0, 0, 0.2, 2.6], "rotation": 180, "texture": "#3"},
				"west": {"uv": [0, 0, 1, 2.6], "rotation": 180, "texture": "#3"},
				"up": {"uv": [0, 0, 0.2, 1], "rotation": 180, "texture": "#3"},
				"down": {"uv": [0, 0, 0.2, 1], "rotation": 180, "texture": "#3"}
			}
		}
	],
	"display": {
		"thirdperson_righthand": {
			"rotation": [0, -90, 0],
			"translation": [0, -1.75, 4.75]
		},
		"firstperson_righthand": {
			"rotation": [0, -90, 0],
			"translation": [0, 0, 7.25]
		},
		"ground": {
			"rotation": [0, 0, -45],
			"translation": [0, 2, 0],
			"scale": [0.75, 0.75, 0.75]
		},
		"gui": {
			"rotation": [180, 0, 135],
			"translation": [0, -3, 0]
		},
		"fixed": {
			"rotation": [0, 0, -45],
			"translation": [0, -3, 0]
		}
	},
	"groups": [
		{
			"name": "group",
			"origin": [8.34306, 2.48149, 8.5],
			"color": 0,
			"children": [0, 1, 2, 3, 4, 5, 6, 7, 8, 9, 10, 11, 12, 13, 14]
		},
		{
			"name": "group",
			"origin": [8.06691, 17.62234, 8.5],
			"color": 0,
			"children": [15, 16, 17, 18, 19, 20, 21, 22, 23, 24, 25, 26, 27, 28, 29]
		},
		{
			"name": "group",
			"origin": [8.40694, 3.28901, 8.5],
			"color": 0,
			"children": [30, 31]
		},
		{
			"name": "group",
			"origin": [8.40694, 3.28901, 8.5],
			"color": 0,
			"children": [32, 33, 34, 35, 36, 37, 38, 39, 40, 41, 42, 43, 44, 45, 46, 47, 48, 49, 50, 51, 52, 53, 54]
		},
		{
			"name": "group",
			"origin": [4.67797, 17.83301, 7.75],
			"color": 0,
			"children": [55, 56, 57, 58, 59, 60]
		},
		{
			"name": "group",
			"origin": [8.40694, 3.28901, 8.5],
			"color": 0,
			"children": [61, 62, 63, 64, 65, 66, 67, 68]
		},
		{
			"name": "group",
			"origin": [8.40694, 3.28901, 8.5],
			"color": 0,
			"children": [69, 70, 71, 72, 73, 74, 75, 76]
		}
	]
}