{
	"credit": "Made with Blockbench",
	"parent": "club",
	"textures": {
		"1": "item/club_gurd",
		"2": "item/club_grip",
		"3": "item/homerun_bat",
		"4": "item/club_nail",
		"particle": "item/club_grip"
	},
	"elements": [
		{
			"from": [7, 0, 8],
			"to": [8, 7, 9],
			"faces": {
				"north": {"uv": [0.25, 0.25, 0.75, 0.75], "texture": "#2"},
				"east": {"uv": [1.25, 0.25, 1.75, 0.75], "texture": "#2"},
				"south": {"uv": [2.25, 0.25, 2.75, 0.75], "texture": "#2"},
				"west": {"uv": [3.25, 0.25, 3.75, 0.75], "texture": "#2"},
				"up": {"uv": [4.25, 0.25, 4.75, 0.75], "texture": "#2"},
				"down": {"uv": [5.25, 0.25, 5.75, 0.75], "texture": "#2"}
			}
		},
		{
			"from": [6.8, 0.4, 7.8],
			"to": [8.2, 0.6, 9.2],
			"faces": {
				"north": {"uv": [0.25, 0.25, 0.75, 0.75], "texture": "#1"},
				"east": {"uv": [1.25, 0.25, 1.75, 0.75], "texture": "#1"},
				"south": {"uv": [2.25, 0.25, 2.75, 0.75], "texture": "#1"},
				"west": {"uv": [3.25, 0.25, 3.75, 0.75], "texture": "#1"},
				"up": {"uv": [4.25, 0.25, 4.75, 0.75], "texture": "#1"},
				"down": {"uv": [5.25, 0.25, 5.75, 0.75], "texture": "#1"}
			}
		},
		{
			"from": [6.5, 7, 7.5],
			"to": [8.5, 9, 9.5],
			"faces": {
				"north": {"uv": [0.25, 0.25, 0.75, 0.75], "texture": "#3"},
				"east": {"uv": [1.25, 0.25, 1.75, 0.75], "texture": "#3"},
				"south": {"uv": [2.25, 0.25, 2.75, 0.75], "texture": "#3"},
				"west": {"uv": [3.25, 0.25, 3.75, 0.75], "texture": "#3"},
				"up": {"uv": [4.25, 0.25, 4.75, 0.75], "texture": "#3"},
				"down": {"uv": [5.25, 0.25, 5.75, 0.75], "texture": "#3"}
			}
		},
		{
			"from": [6, 8, 7],
			"to": [9, 16, 10],
			"faces": {
				"north": {"uv": [0.25, 0.25, 0.75, 0.75], "texture": "#3"},
				"east": {"uv": [1.25, 0.25, 1.75, 0.75], "texture": "#3"},
				"south": {"uv": [2.25, 0.25, 2.75, 0.75], "texture": "#3"},
				"west": {"uv": [3.25, 0.25, 3.75, 0.75], "texture": "#3"},
				"up": {"uv": [4.25, 0.25, 4.75, 0.75], "texture": "#3"},
				"down": {"uv": [5.25, 0.25, 5.75, 0.75], "texture": "#3"}
			}
		},
		{
			"from": [5.4, 9, 7.6],
			"to": [6.1, 9.3, 7.9],
			"faces": {
				"north": {"uv": [0, 0, 0.7, 0.3], "texture": "#4"},
				"east": {"uv": [0, 0, 0.3, 0.3], "texture": "#4"},
				"south": {"uv": [0, 0, 0.7, 0.3], "texture": "#4"},
				"west": {"uv": [0, 0, 0.3, 0.3], "texture": "#4"},
				"up": {"uv": [0, 0, 0.7, 0.3], "texture": "#4"},
				"down": {"uv": [0, 0, 0.7, 0.3], "texture": "#4"}
			}
		},
		{
			"from": [8.6, 9, 7.6],
			"to": [9.3, 9.3, 7.9],
			"faces": {
				"north": {"uv": [0, 0, 0.7, 0.3], "texture": "#4"},
				"east": {"uv": [0, 0, 0.3, 0.3], "texture": "#4"},
				"south": {"uv": [0, 0, 0.7, 0.3], "texture": "#4"},
				"west": {"uv": [0, 0, 0.3, 0.3], "texture": "#4"},
				"up": {"uv": [0, 0, 0.7, 0.3], "texture": "#4"},
				"down": {"uv": [0, 0, 0.7, 0.3], "texture": "#4"}
			}
		},
		{
			"from": [5.7, 9.7, 8.3],
			"to": [6.4, 10, 8.6],
			"faces": {
				"north": {"uv": [0, 0, 0.7, 0.3], "texture": "#4"},
				"east": {"uv": [0, 0, 0.3, 0.3], "texture": "#4"},
				"south": {"uv": [0, 0, 0.7, 0.3], "texture": "#4"},
				"west": {"uv": [0, 0, 0.3, 0.3], "texture": "#4"},
				"up": {"uv": [0, 0, 0.7, 0.3], "texture": "#4"},
				"down": {"uv": [0, 0, 0.7, 0.3], "texture": "#4"}
			}
		},
		{
			"from": [8.5, 9.7, 8.3],
			"to": [9.2, 10, 8.6],
			"faces": {
				"north": {"uv": [0, 0, 0.7, 0.3], "texture": "#4"},
				"east": {"uv": [0, 0, 0.3, 0.3], "texture": "#4"},
				"south": {"uv": [0, 0, 0.7, 0.3], "texture": "#4"},
				"west": {"uv": [0, 0, 0.3, 0.3], "texture": "#4"},
				"up": {"uv": [0, 0, 0.7, 0.3], "texture": "#4"},
				"down": {"uv": [0, 0, 0.7, 0.3], "texture": "#4"}
			}
		},
		{
			"from": [5.4, 10.3, 7.3],
			"to": [6.1, 10.6, 7.6],
			"faces": {
				"north": {"uv": [0, 0, 0.7, 0.3], "texture": "#4"},
				"east": {"uv": [0, 0, 0.3, 0.3], "texture": "#4"},
				"south": {"uv": [0, 0, 0.7, 0.3], "texture": "#4"},
				"west": {"uv": [0, 0, 0.3, 0.3], "texture": "#4"},
				"up": {"uv": [0, 0, 0.7, 0.3], "texture": "#4"},
				"down": {"uv": [0, 0, 0.7, 0.3], "texture": "#4"}
			}
		},
		{
			"from": [8.8, 10.3, 7.3],
			"to": [9.5, 10.6, 7.6],
			"faces": {
				"north": {"uv": [0, 0, 0.7, 0.3], "texture": "#4"},
				"east": {"uv": [0, 0, 0.3, 0.3], "texture": "#4"},
				"south": {"uv": [0, 0, 0.7, 0.3], "texture": "#4"},
				"west": {"uv": [0, 0, 0.3, 0.3], "texture": "#4"},
				"up": {"uv": [0, 0, 0.7, 0.3], "texture": "#4"},
				"down": {"uv": [0, 0, 0.7, 0.3], "texture": "#4"}
			}
		},
		{
			"from": [5.7, 10.3, 9.2],
			"to": [6.4, 10.6, 9.5],
			"faces": {
				"north": {"uv": [0, 0, 0.7, 0.3], "texture": "#4"},
				"east": {"uv": [0, 0, 0.3, 0.3], "texture": "#4"},
				"south": {"uv": [0, 0, 0.7, 0.3], "texture": "#4"},
				"west": {"uv": [0, 0, 0.3, 0.3], "texture": "#4"},
				"up": {"uv": [0, 0, 0.7, 0.3], "texture": "#4"},
				"down": {"uv": [0, 0, 0.7, 0.3], "texture": "#4"}
			}
		},
		{
			"from": [8.7, 10.3, 9.2],
			"to": [9.4, 10.6, 9.5],
			"faces": {
				"north": {"uv": [0, 0, 0.7, 0.3], "texture": "#4"},
				"east": {"uv": [0, 0, 0.3, 0.3], "texture": "#4"},
				"south": {"uv": [0, 0, 0.7, 0.3], "texture": "#4"},
				"west": {"uv": [0, 0, 0.3, 0.3], "texture": "#4"},
				"up": {"uv": [0, 0, 0.7, 0.3], "texture": "#4"},
				"down": {"uv": [0, 0, 0.7, 0.3], "texture": "#4"}
			}
		},
		{
			"from": [5.4, 11.1, 8.2],
			"to": [6.1, 11.4, 8.5],
			"faces": {
				"north": {"uv": [0, 0, 0.7, 0.3], "texture": "#4"},
				"east": {"uv": [0, 0, 0.3, 0.3], "texture": "#4"},
				"south": {"uv": [0, 0, 0.7, 0.3], "texture": "#4"},
				"west": {"uv": [0, 0, 0.3, 0.3], "texture": "#4"},
				"up": {"uv": [0, 0, 0.7, 0.3], "texture": "#4"},
				"down": {"uv": [0, 0, 0.7, 0.3], "texture": "#4"}
			}
		},
		{
			"from": [8.9, 11.1, 8.2],
			"to": [9.6, 11.4, 8.5],
			"faces": {
				"north": {"uv": [0, 0, 0.7, 0.3], "texture": "#4"},
				"east": {"uv": [0, 0, 0.3, 0.3], "texture": "#4"},
				"south": {"uv": [0, 0, 0.7, 0.3], "texture": "#4"},
				"west": {"uv": [0, 0, 0.3, 0.3], "texture": "#4"},
				"up": {"uv": [0, 0, 0.7, 0.3], "texture": "#4"},
				"down": {"uv": [0, 0, 0.7, 0.3], "texture": "#4"}
			}
		},
		{
			"from": [5.7, 12, 7.5],
			"to": [6.4, 12.3, 7.8],
			"faces": {
				"north": {"uv": [0, 0, 0.7, 0.3], "texture": "#4"},
				"east": {"uv": [0, 0, 0.3, 0.3], "texture": "#4"},
				"south": {"uv": [0, 0, 0.7, 0.3], "texture": "#4"},
				"west": {"uv": [0, 0, 0.3, 0.3], "texture": "#4"},
				"up": {"uv": [0, 0, 0.7, 0.3], "texture": "#4"},
				"down": {"uv": [0, 0, 0.7, 0.3], "texture": "#4"}
			}
		},
		{
			"from": [8.6, 12, 7.5],
			"to": [9.3, 12.3, 7.8],
			"faces": {
				"north": {"uv": [0, 0, 0.7, 0.3], "texture": "#4"},
				"east": {"uv": [0, 0, 0.3, 0.3], "texture": "#4"},
				"south": {"uv": [0, 0, 0.7, 0.3], "texture": "#4"},
				"west": {"uv": [0, 0, 0.3, 0.3], "texture": "#4"},
				"up": {"uv": [0, 0, 0.7, 0.3], "texture": "#4"},
				"down": {"uv": [0, 0, 0.7, 0.3], "texture": "#4"}
			}
		},
		{
			"from": [5.8, 12, 9.1],
			"to": [6.5, 12.3, 9.4],
			"faces": {
				"north": {"uv": [0, 0, 0.7, 0.3], "texture": "#4"},
				"east": {"uv": [0, 0, 0.3, 0.3], "texture": "#4"},
				"south": {"uv": [0, 0, 0.7, 0.3], "texture": "#4"},
				"west": {"uv": [0, 0, 0.3, 0.3], "texture": "#4"},
				"up": {"uv": [0, 0, 0.7, 0.3], "texture": "#4"},
				"down": {"uv": [0, 0, 0.7, 0.3], "texture": "#4"}
			}
		},
		{
			"from": [8.5, 12, 9.1],
			"to": [9.2, 12.3, 9.4],
			"faces": {
				"north": {"uv": [0, 0, 0.7, 0.3], "texture": "#4"},
				"east": {"uv": [0, 0, 0.3, 0.3], "texture": "#4"},
				"south": {"uv": [0, 0, 0.7, 0.3], "texture": "#4"},
				"west": {"uv": [0, 0, 0.3, 0.3], "texture": "#4"},
				"up": {"uv": [0, 0, 0.7, 0.3], "texture": "#4"},
				"down": {"uv": [0, 0, 0.7, 0.3], "texture": "#4"}
			}
		},
		{
			"from": [5.4, 13, 8.2],
			"to": [6.1, 13.3, 8.5],
			"faces": {
				"north": {"uv": [0, 0, 0.7, 0.3], "texture": "#4"},
				"east": {"uv": [0, 0, 0.3, 0.3], "texture": "#4"},
				"south": {"uv": [0, 0, 0.7, 0.3], "texture": "#4"},
				"west": {"uv": [0, 0, 0.3, 0.3], "texture": "#4"},
				"up": {"uv": [0, 0, 0.7, 0.3], "texture": "#4"},
				"down": {"uv": [0, 0, 0.7, 0.3], "texture": "#4"}
			}
		},
		{
			"from": [8.9, 13, 8.2],
			"to": [9.6, 13.3, 8.5],
			"faces": {
				"north": {"uv": [0, 0, 0.7, 0.3], "texture": "#4"},
				"east": {"uv": [0, 0, 0.3, 0.3], "texture": "#4"},
				"south": {"uv": [0, 0, 0.7, 0.3], "texture": "#4"},
				"west": {"uv": [0, 0, 0.3, 0.3], "texture": "#4"},
				"up": {"uv": [0, 0, 0.7, 0.3], "texture": "#4"},
				"down": {"uv": [0, 0, 0.7, 0.3], "texture": "#4"}
			}
		},
		{
			"from": [5.6, 13.6, 9.1],
			"to": [6.3, 13.9, 9.4],
			"faces": {
				"north": {"uv": [0, 0, 0.7, 0.3], "texture": "#4"},
				"east": {"uv": [0, 0, 0.3, 0.3], "texture": "#4"},
				"south": {"uv": [0, 0, 0.7, 0.3], "texture": "#4"},
				"west": {"uv": [0, 0, 0.3, 0.3], "texture": "#4"},
				"up": {"uv": [0, 0, 0.7, 0.3], "texture": "#4"},
				"down": {"uv": [0, 0, 0.7, 0.3], "texture": "#4"}
			}
		},
		{
			"from": [9, 13.6, 9.1],
			"to": [9.7, 13.9, 9.4],
			"faces": {
				"north": {"uv": [0, 0, 0.7, 0.3], "texture": "#4"},
				"east": {"uv": [0, 0, 0.3, 0.3], "texture": "#4"},
				"south": {"uv": [0, 0, 0.7, 0.3], "texture": "#4"},
				"west": {"uv": [0, 0, 0.3, 0.3], "texture": "#4"},
				"up": {"uv": [0, 0, 0.7, 0.3], "texture": "#4"},
				"down": {"uv": [0, 0, 0.7, 0.3], "texture": "#4"}
			}
		},
		{
			"from": [6.5, 8.9, 9.7],
			"to": [6.8, 9.2, 10.4],
			"faces": {
				"north": {"uv": [0, 0, 0.3, 0.3], "texture": "#4"},
				"east": {"uv": [0, 0, 0.7, 0.3], "texture": "#4"},
				"south": {"uv": [0, 0, 0.3, 0.3], "texture": "#4"},
				"west": {"uv": [0, 0, 0.7, 0.3], "texture": "#4"},
				"up": {"uv": [0, 0, 0.3, 0.7], "texture": "#4"},
				"down": {"uv": [0, 0, 0.3, 0.7], "texture": "#4"}
			}
		},
		{
			"from": [6.5, 8.9, 6.7],
			"to": [6.8, 9.2, 7.4],
			"faces": {
				"north": {"uv": [0, 0, 0.3, 0.3], "texture": "#4"},
				"east": {"uv": [0, 0, 0.7, 0.3], "texture": "#4"},
				"south": {"uv": [0, 0, 0.3, 0.3], "texture": "#4"},
				"west": {"uv": [0, 0, 0.7, 0.3], "texture": "#4"},
				"up": {"uv": [0, 0, 0.3, 0.7], "texture": "#4"},
				"down": {"uv": [0, 0, 0.3, 0.7], "texture": "#4"}
			}
		},
		{
			"from": [8.1, 9.9, 9.8],
			"to": [8.4, 10.2, 10.5],
			"faces": {
				"north": {"uv": [0, 0, 0.3, 0.3], "texture": "#4"},
				"east": {"uv": [0, 0, 0.7, 0.3], "texture": "#4"},
				"south": {"uv": [0, 0, 0.3, 0.3], "texture": "#4"},
				"west": {"uv": [0, 0, 0.7, 0.3], "texture": "#4"},
				"up": {"uv": [0, 0, 0.3, 0.7], "texture": "#4"},
				"down": {"uv": [0, 0, 0.3, 0.7], "texture": "#4"}
			}
		},
		{
			"from": [8.1, 9.9, 6.5],
			"to": [8.4, 10.2, 7.2],
			"faces": {
				"north": {"uv": [0, 0, 0.3, 0.3], "texture": "#4"},
				"east": {"uv": [0, 0, 0.7, 0.3], "texture": "#4"},
				"south": {"uv": [0, 0, 0.3, 0.3], "texture": "#4"},
				"west": {"uv": [0, 0, 0.7, 0.3], "texture": "#4"},
				"up": {"uv": [0, 0, 0.3, 0.7], "texture": "#4"},
				"down": {"uv": [0, 0, 0.3, 0.7], "texture": "#4"}
			}
		},
		{
			"from": [6.5, 10.6, 9.5],
			"to": [6.8, 10.9, 10.2],
			"faces": {
				"north": {"uv": [0, 0, 0.3, 0.3], "texture": "#4"},
				"east": {"uv": [0, 0, 0.7, 0.3], "texture": "#4"},
				"south": {"uv": [0, 0, 0.3, 0.3], "texture": "#4"},
				"west": {"uv": [0, 0, 0.7, 0.3], "texture": "#4"},
				"up": {"uv": [0, 0, 0.3, 0.7], "texture": "#4"},
				"down": {"uv": [0, 0, 0.3, 0.7], "texture": "#4"}
			}
		},
		{
			"from": [6.5, 10.6, 6.7],
			"to": [6.8, 10.9, 7.4],
			"faces": {
				"north": {"uv": [0, 0, 0.3, 0.3], "texture": "#4"},
				"east": {"uv": [0, 0, 0.7, 0.3], "texture": "#4"},
				"south": {"uv": [0, 0, 0.3, 0.3], "texture": "#4"},
				"west": {"uv": [0, 0, 0.7, 0.3], "texture": "#4"},
				"up": {"uv": [0, 0, 0.3, 0.7], "texture": "#4"},
				"down": {"uv": [0, 0, 0.3, 0.7], "texture": "#4"}
			}
		},
		{
			"from": [7.4, 11.2, 9.6],
			"to": [7.7, 11.5, 10.3],
			"faces": {
				"north": {"uv": [0, 0, 0.3, 0.3], "texture": "#4"},
				"east": {"uv": [0, 0, 0.7, 0.3], "texture": "#4"},
				"south": {"uv": [0, 0, 0.3, 0.3], "texture": "#4"},
				"west": {"uv": [0, 0, 0.7, 0.3], "texture": "#4"},
				"up": {"uv": [0, 0, 0.3, 0.7], "texture": "#4"},
				"down": {"uv": [0, 0, 0.3, 0.7], "texture": "#4"}
			}
		},
		{
			"from": [7.4, 11.2, 6.7],
			"to": [7.7, 11.5, 7.4],
			"faces": {
				"north": {"uv": [0, 0, 0.3, 0.3], "texture": "#4"},
				"east": {"uv": [0, 0, 0.7, 0.3], "texture": "#4"},
				"south": {"uv": [0, 0, 0.3, 0.3], "texture": "#4"},
				"west": {"uv": [0, 0, 0.7, 0.3], "texture": "#4"},
				"up": {"uv": [0, 0, 0.3, 0.7], "texture": "#4"},
				"down": {"uv": [0, 0, 0.3, 0.7], "texture": "#4"}
			}
		},
		{
			"from": [6.4, 12.1, 9.7],
			"to": [6.7, 12.4, 10.4],
			"faces": {
				"north": {"uv": [0, 0, 0.3, 0.3], "texture": "#4"},
				"east": {"uv": [0, 0, 0.7, 0.3], "texture": "#4"},
				"south": {"uv": [0, 0, 0.3, 0.3], "texture": "#4"},
				"west": {"uv": [0, 0, 0.7, 0.3], "texture": "#4"},
				"up": {"uv": [0, 0, 0.3, 0.7], "texture": "#4"},
				"down": {"uv": [0, 0, 0.3, 0.7], "texture": "#4"}
			}
		},
		{
			"from": [6.4, 12.1, 6.8],
			"to": [6.7, 12.4, 7.5],
			"faces": {
				"north": {"uv": [0, 0, 0.3, 0.3], "texture": "#4"},
				"east": {"uv": [0, 0, 0.7, 0.3], "texture": "#4"},
				"south": {"uv": [0, 0, 0.3, 0.3], "texture": "#4"},
				"west": {"uv": [0, 0, 0.7, 0.3], "texture": "#4"},
				"up": {"uv": [0, 0, 0.3, 0.7], "texture": "#4"},
				"down": {"uv": [0, 0, 0.3, 0.7], "texture": "#4"}
			}
		},
		{
			"from": [8.1, 14, 9.7],
			"to": [8.4, 14.3, 10.4],
			"faces": {
				"north": {"uv": [0, 0, 0.3, 0.3], "texture": "#4"},
				"east": {"uv": [0, 0, 0.7, 0.3], "texture": "#4"},
				"south": {"uv": [0, 0, 0.3, 0.3], "texture": "#4"},
				"west": {"uv": [0, 0, 0.7, 0.3], "texture": "#4"},
				"up": {"uv": [0, 0, 0.3, 0.7], "texture": "#4"},
				"down": {"uv": [0, 0, 0.3, 0.7], "texture": "#4"}
			}
		},
		{
			"from": [8.1, 14, 6.8],
			"to": [8.4, 14.3, 7.5],
			"faces": {
				"north": {"uv": [0, 0, 0.3, 0.3], "texture": "#4"},
				"east": {"uv": [0, 0, 0.7, 0.3], "texture": "#4"},
				"south": {"uv": [0, 0, 0.3, 0.3], "texture": "#4"},
				"west": {"uv": [0, 0, 0.7, 0.3], "texture": "#4"},
				"up": {"uv": [0, 0, 0.3, 0.7], "texture": "#4"},
				"down": {"uv": [0, 0, 0.3, 0.7], "texture": "#4"}
			}
		},
		{
			"from": [7.6, 14.9, 9.5],
			"to": [7.9, 15.2, 10.2],
			"faces": {
				"north": {"uv": [0, 0, 0.3, 0.3], "texture": "#4"},
				"east": {"uv": [0, 0, 0.7, 0.3], "texture": "#4"},
				"south": {"uv": [0, 0, 0.3, 0.3], "texture": "#4"},
				"west": {"uv": [0, 0, 0.7, 0.3], "texture": "#4"},
				"up": {"uv": [0, 0, 0.3, 0.7], "texture": "#4"},
				"down": {"uv": [0, 0, 0.3, 0.7], "texture": "#4"}
			}
		},
		{
			"from": [7.6, 14.9, 6.8],
			"to": [7.9, 15.2, 7.5],
			"faces": {
				"north": {"uv": [0, 0, 0.3, 0.3], "texture": "#4"},
				"east": {"uv": [0, 0, 0.7, 0.3], "texture": "#4"},
				"south": {"uv": [0, 0, 0.3, 0.3], "texture": "#4"},
				"west": {"uv": [0, 0, 0.7, 0.3], "texture": "#4"},
				"up": {"uv": [0, 0, 0.3, 0.7], "texture": "#4"},
				"down": {"uv": [0, 0, 0.3, 0.7], "texture": "#4"}
			}
		},
		{
			"from": [6.8, 13.6, 9.5],
			"to": [7.1, 13.9, 10.2],
			"faces": {
				"north": {"uv": [0, 0, 0.3, 0.3], "texture": "#4"},
				"east": {"uv": [0, 0, 0.7, 0.3], "texture": "#4"},
				"south": {"uv": [0, 0, 0.3, 0.3], "texture": "#4"},
				"west": {"uv": [0, 0, 0.7, 0.3], "texture": "#4"},
				"up": {"uv": [0, 0, 0.3, 0.7], "texture": "#4"},
				"down": {"uv": [0, 0, 0.3, 0.7], "texture": "#4"}
			}
		},
		{
			"from": [6.8, 13.6, 6.5],
			"to": [7.1, 13.9, 7.2],
			"faces": {
				"north": {"uv": [0, 0, 0.3, 0.3], "texture": "#4"},
				"east": {"uv": [0, 0, 0.7, 0.3], "texture": "#4"},
				"south": {"uv": [0, 0, 0.3, 0.3], "texture": "#4"},
				"west": {"uv": [0, 0, 0.7, 0.3], "texture": "#4"},
				"up": {"uv": [0, 0, 0.3, 0.7], "texture": "#4"},
				"down": {"uv": [0, 0, 0.3, 0.7], "texture": "#4"}
			}
		},
		{
			"from": [6.5, 14.6, 9.7],
			"to": [6.8, 14.9, 10.4],
			"faces": {
				"north": {"uv": [0, 0, 0.3, 0.3], "texture": "#4"},
				"east": {"uv": [0, 0, 0.7, 0.3], "texture": "#4"},
				"south": {"uv": [0, 0, 0.3, 0.3], "texture": "#4"},
				"west": {"uv": [0, 0, 0.7, 0.3], "texture": "#4"},
				"up": {"uv": [0, 0, 0.3, 0.7], "texture": "#4"},
				"down": {"uv": [0, 0, 0.3, 0.7], "texture": "#4"}
			}
		},
		{
			"from": [6.5, 14.6, 6.6],
			"to": [6.8, 14.9, 7.3],
			"faces": {
				"north": {"uv": [0, 0, 0.3, 0.3], "texture": "#4"},
				"east": {"uv": [0, 0, 0.7, 0.3], "texture": "#4"},
				"south": {"uv": [0, 0, 0.3, 0.3], "texture": "#4"},
				"west": {"uv": [0, 0, 0.7, 0.3], "texture": "#4"},
				"up": {"uv": [0, 0, 0.3, 0.7], "texture": "#4"},
				"down": {"uv": [0, 0, 0.3, 0.7], "texture": "#4"}
			}
		},
		{
			"from": [7.4, 12.7, 9.5],
			"to": [7.7, 13, 10.2],
			"faces": {
				"north": {"uv": [0, 0, 0.3, 0.3], "texture": "#4"},
				"east": {"uv": [0, 0, 0.7, 0.3], "texture": "#4"},
				"south": {"uv": [0, 0, 0.3, 0.3], "texture": "#4"},
				"west": {"uv": [0, 0, 0.7, 0.3], "texture": "#4"},
				"up": {"uv": [0, 0, 0.3, 0.7], "texture": "#4"},
				"down": {"uv": [0, 0, 0.3, 0.7], "texture": "#4"}
			}
		},
		{
			"from": [7.4, 12.7, 6.9],
			"to": [7.7, 13, 7.6],
			"faces": {
				"north": {"uv": [0, 0, 0.3, 0.3], "texture": "#4"},
				"east": {"uv": [0, 0, 0.7, 0.3], "texture": "#4"},
				"south": {"uv": [0, 0, 0.3, 0.3], "texture": "#4"},
				"west": {"uv": [0, 0, 0.7, 0.3], "texture": "#4"},
				"up": {"uv": [0, 0, 0.3, 0.7], "texture": "#4"},
				"down": {"uv": [0, 0, 0.3, 0.7], "texture": "#4"}
			}
		},
		{
			"from": [8.3, 11.7, 9.6],
			"to": [8.6, 12, 10.3],
			"faces": {
				"north": {"uv": [0, 0, 0.3, 0.3], "texture": "#4"},
				"east": {"uv": [0, 0, 0.7, 0.3], "texture": "#4"},
				"south": {"uv": [0, 0, 0.3, 0.3], "texture": "#4"},
				"west": {"uv": [0, 0, 0.7, 0.3], "texture": "#4"},
				"up": {"uv": [0, 0, 0.3, 0.7], "texture": "#4"},
				"down": {"uv": [0, 0, 0.3, 0.7], "texture": "#4"}
			}
		},
		{
			"from": [8.3, 11.7, 6.5],
			"to": [8.6, 12, 7.2],
			"faces": {
				"north": {"uv": [0, 0, 0.3, 0.3], "texture": "#4"},
				"east": {"uv": [0, 0, 0.7, 0.3], "texture": "#4"},
				"south": {"uv": [0, 0, 0.3, 0.3], "texture": "#4"},
				"west": {"uv": [0, 0, 0.7, 0.3], "texture": "#4"},
				"up": {"uv": [0, 0, 0.3, 0.7], "texture": "#4"},
				"down": {"uv": [0, 0, 0.3, 0.7], "texture": "#4"}
			}
		},
		{
			"from": [7.1, 9.6, 9.5],
			"to": [7.4, 9.9, 10.2],
			"faces": {
				"north": {"uv": [0, 0, 0.3, 0.3], "texture": "#4"},
				"east": {"uv": [0, 0, 0.7, 0.3], "texture": "#4"},
				"south": {"uv": [0, 0, 0.3, 0.3], "texture": "#4"},
				"west": {"uv": [0, 0, 0.7, 0.3], "texture": "#4"},
				"up": {"uv": [0, 0, 0.3, 0.7], "texture": "#4"},
				"down": {"uv": [0, 0, 0.3, 0.7], "texture": "#4"}
			}
		},
		{
			"from": [7.1, 9.6, 6.7],
			"to": [7.4, 9.9, 7.4],
			"faces": {
				"north": {"uv": [0, 0, 0.3, 0.3], "texture": "#4"},
				"east": {"uv": [0, 0, 0.7, 0.3], "texture": "#4"},
				"south": {"uv": [0, 0, 0.3, 0.3], "texture": "#4"},
				"west": {"uv": [0, 0, 0.7, 0.3], "texture": "#4"},
				"up": {"uv": [0, 0, 0.3, 0.7], "texture": "#4"},
				"down": {"uv": [0, 0, 0.3, 0.7], "texture": "#4"}
			}
		},
		{
			"from": [8, 8.6, 9.5],
			"to": [8.3, 8.9, 10.2],
			"faces": {
				"north": {"uv": [0, 0, 0.3, 0.3], "texture": "#4"},
				"east": {"uv": [0, 0, 0.7, 0.3], "texture": "#4"},
				"south": {"uv": [0, 0, 0.3, 0.3], "texture": "#4"},
				"west": {"uv": [0, 0, 0.7, 0.3], "texture": "#4"},
				"up": {"uv": [0, 0, 0.3, 0.7], "texture": "#4"},
				"down": {"uv": [0, 0, 0.3, 0.7], "texture": "#4"}
			}
		},
		{
			"from": [8, 8.6, 6.5],
			"to": [8.3, 8.9, 7.2],
			"faces": {
				"north": {"uv": [0, 0, 0.3, 0.3], "texture": "#4"},
				"east": {"uv": [0, 0, 0.7, 0.3], "texture": "#4"},
				"south": {"uv": [0, 0, 0.3, 0.3], "texture": "#4"},
				"west": {"uv": [0, 0, 0.7, 0.3], "texture": "#4"},
				"up": {"uv": [0, 0, 0.3, 0.7], "texture": "#4"},
				"down": {"uv": [0, 0, 0.3, 0.7], "texture": "#4"}
			}
		},
		{
			"from": [5.6, 13.6, 7.4],
			"to": [6.3, 13.9, 7.7],
			"faces": {
				"north": {"uv": [0, 0, 0.7, 0.3], "texture": "#4"},
				"east": {"uv": [0, 0, 0.3, 0.3], "texture": "#4"},
				"south": {"uv": [0, 0, 0.7, 0.3], "texture": "#4"},
				"west": {"uv": [0, 0, 0.3, 0.3], "texture": "#4"},
				"up": {"uv": [0, 0, 0.7, 0.3], "texture": "#4"},
				"down": {"uv": [0, 0, 0.7, 0.3], "texture": "#4"}
			}
		},
		{
			"from": [8.6, 13.6, 7.4],
			"to": [9.3, 13.9, 7.7],
			"faces": {
				"north": {"uv": [0, 0, 0.7, 0.3], "texture": "#4"},
				"east": {"uv": [0, 0, 0.3, 0.3], "texture": "#4"},
				"south": {"uv": [0, 0, 0.7, 0.3], "texture": "#4"},
				"west": {"uv": [0, 0, 0.3, 0.3], "texture": "#4"},
				"up": {"uv": [0, 0, 0.7, 0.3], "texture": "#4"},
				"down": {"uv": [0, 0, 0.7, 0.3], "texture": "#4"}
			}
		},
		{
			"from": [5.6, 14.6, 8.1],
			"to": [6.3, 14.9, 8.4],
			"faces": {
				"north": {"uv": [0, 0, 0.7, 0.3], "texture": "#4"},
				"east": {"uv": [0, 0, 0.3, 0.3], "texture": "#4"},
				"south": {"uv": [0, 0, 0.7, 0.3], "texture": "#4"},
				"west": {"uv": [0, 0, 0.3, 0.3], "texture": "#4"},
				"up": {"uv": [0, 0, 0.7, 0.3], "texture": "#4"},
				"down": {"uv": [0, 0, 0.7, 0.3], "texture": "#4"}
			}
		},
		{
			"from": [8.8, 14.6, 8.1],
			"to": [9.5, 14.9, 8.4],
			"faces": {
				"north": {"uv": [0, 0, 0.7, 0.3], "texture": "#4"},
				"east": {"uv": [0, 0, 0.3, 0.3], "texture": "#4"},
				"south": {"uv": [0, 0, 0.7, 0.3], "texture": "#4"},
				"west": {"uv": [0, 0, 0.3, 0.3], "texture": "#4"},
				"up": {"uv": [0, 0, 0.7, 0.3], "texture": "#4"},
				"down": {"uv": [0, 0, 0.7, 0.3], "texture": "#4"}
			}
		},
		{
			"from": [5.4, 15.1, 9.1],
			"to": [6.1, 15.4, 9.4],
			"faces": {
				"north": {"uv": [0, 0, 0.7, 0.3], "texture": "#4"},
				"east": {"uv": [0, 0, 0.3, 0.3], "texture": "#4"},
				"south": {"uv": [0, 0, 0.7, 0.3], "texture": "#4"},
				"west": {"uv": [0, 0, 0.3, 0.3], "texture": "#4"},
				"up": {"uv": [0, 0, 0.7, 0.3], "texture": "#4"},
				"down": {"uv": [0, 0, 0.7, 0.3], "texture": "#4"}
			}
		},
		{
			"from": [8.5, 15.1, 9.1],
			"to": [9.2, 15.4, 9.4],
			"faces": {
				"north": {"uv": [0, 0, 0.7, 0.3], "texture": "#4"},
				"east": {"uv": [0, 0, 0.3, 0.3], "texture": "#4"},
				"south": {"uv": [0, 0, 0.7, 0.3], "texture": "#4"},
				"west": {"uv": [0, 0, 0.3, 0.3], "texture": "#4"},
				"up": {"uv": [0, 0, 0.7, 0.3], "texture": "#4"},
				"down": {"uv": [0, 0, 0.7, 0.3], "texture": "#4"}
			}
		},
		{
			"from": [5.7, 15.3, 7.3],
			"to": [6.4, 15.6, 7.6],
			"faces": {
				"north": {"uv": [0.25, 0.25, 0.75, 0.75], "texture": "#4"},
				"east": {"uv": [1.25, 0.25, 1.75, 0.75], "texture": "#4"},
				"south": {"uv": [2.25, 0.25, 2.75, 0.75], "texture": "#4"},
				"west": {"uv": [3.25, 0.25, 3.75, 0.75], "texture": "#4"},
				"up": {"uv": [4.25, 0.25, 4.75, 0.75], "texture": "#4"},
				"down": {"uv": [5.25, 0.25, 5.75, 0.75], "texture": "#4"}
			}
		},
		{
			"from": [8.7, 15.3, 7.3],
			"to": [9.4, 15.6, 7.6],
			"faces": {
				"north": {"uv": [0, 0, 0.7, 0.3], "texture": "#4"},
				"east": {"uv": [0, 0, 0.3, 0.3], "texture": "#4"},
				"south": {"uv": [0, 0, 0.7, 0.3], "texture": "#4"},
				"west": {"uv": [0, 0, 0.3, 0.3], "texture": "#4"},
				"up": {"uv": [0, 0, 0.7, 0.3], "texture": "#4"},
				"down": {"uv": [0, 0, 0.7, 0.3], "texture": "#4"}
			}
		},
		{
			"from": [5.7, 8.6, 9],
			"to": [6.4, 8.9, 9.3],
			"faces": {
				"north": {"uv": [0, 0, 0.7, 0.3], "texture": "#4"},
				"east": {"uv": [0, 0, 0.3, 0.3], "texture": "#4"},
				"south": {"uv": [0, 0, 0.7, 0.3], "texture": "#4"},
				"west": {"uv": [0, 0, 0.3, 0.3], "texture": "#4"},
				"up": {"uv": [0, 0, 0.7, 0.3], "texture": "#4"},
				"down": {"uv": [0, 0, 0.7, 0.3], "texture": "#4"}
			}
		},
		{
			"from": [8.7, 8.6, 9],
			"to": [9.4, 8.9, 9.3],
			"faces": {
				"north": {"uv": [0, 0, 0.7, 0.3], "texture": "#4"},
				"east": {"uv": [0, 0, 0.3, 0.3], "texture": "#4"},
				"south": {"uv": [0, 0, 0.7, 0.3], "texture": "#4"},
				"west": {"uv": [0, 0, 0.3, 0.3], "texture": "#4"},
				"up": {"uv": [0, 0, 0.7, 0.3], "texture": "#4"},
				"down": {"uv": [0, 0, 0.7, 0.3], "texture": "#4"}
			}
		},
		{
			"from": [6.5, 15.4, 7.5],
			"to": [8.5, 16.4, 9.5],
			"faces": {
				"north": {"uv": [0, 0, 2, 1], "texture": "#3"},
				"east": {"uv": [0, 0, 2, 1], "texture": "#3"},
				"south": {"uv": [0, 0, 2, 1], "texture": "#3"},
				"west": {"uv": [0, 0, 2, 1], "texture": "#3"},
				"up": {"uv": [0, 0, 2, 2], "texture": "#3"},
				"down": {"uv": [0, 0, 2, 2], "texture": "#3"}
			}
		}
	],
	"display": {
		"thirdperson_righthand": {
			"translation": [0.75, 2.75, 0]
		},
		"firstperson_righthand": {
			"rotation": [8, 22, 0],
			"translation": [-1.5, 4, 1.75]
		},
		"firstperson_lefthand": {
			"rotation": [0, 18, 2],
			"translation": [-1.75, 4, 2.25]
		},
		"gui": {
			"rotation": [0, 0, -45]
		}
	}
}