{
	"credit": "Made with Blockbench",
	"textures": {
		"0": "item/double_barrel",
		"1": "item/double_flame",
		"2": "item/double_pad",
		"3": "item/double_holder",
		"4": "item/double_shell",
		"particle": "item/double_barrel"
	},
	"elements": [
		{
			"from": [15.55376, 0.65931, 6.4],
			"to": [16.05376, 4.25931, 7.6],
			"rotation": {"angle": 0, "axis": "z", "origin": [14.30376, 3.05931, 6.95]},
			"faces": {
				"north": {"uv": [0, 0, 3.6, 0.5], "rotation": 90, "texture": "#1"},
				"east": {"uv": [0, 0, 3.6, 1.2], "rotation": 270, "texture": "#1"},
				"south": {"uv": [0, 0, 3.6, 0.5], "rotation": 270, "texture": "#1"},
				"west": {"uv": [0, 0, 3.6, 1.2], "rotation": 270, "texture": "#1"},
				"up": {"uv": [0, 0, 1.2, 0.5], "rotation": 270, "texture": "#1"},
				"down": {"uv": [0, 0, 1.2, 0.5], "rotation": 270, "texture": "#1"}
			}
		},
		{
			"from": [13.52122, 0.70122, 6.4],
			"to": [16.02122, 1.20122, 7.6],
			"rotation": {"angle": 0, "axis": "z", "origin": [11.32122, 0.95122, 7]},
			"faces": {
				"north": {"uv": [0, 0, 2.5, 0.5], "texture": "#1"},
				"east": {"uv": [0, 0, 1.2, 0.5], "texture": "#1"},
				"south": {"uv": [0, 0, 2.5, 0.5], "texture": "#1"},
				"west": {"uv": [0, 0, 1.2, 0.5], "texture": "#1"},
				"up": {"uv": [0, 0, 2.5, 1.2], "texture": "#1"},
				"down": {"uv": [0, 0, 2.5, 1.2], "texture": "#1"}
			}
		},
		{
			"from": [9.9, 1.7, 6.4],
			"to": [13.7, 2.2, 7.6],
			"rotation": {"angle": -22.5, "axis": "z", "origin": [11.1, 1.65, 7]},
			"faces": {
				"north": {"uv": [0, 0, 3.8, 0.5], "texture": "#1"},
				"east": {"uv": [0, 0, 1.2, 0.5], "texture": "#1"},
				"south": {"uv": [0, 0, 3.8, 0.5], "texture": "#1"},
				"west": {"uv": [0, 0, 1.2, 0.5], "texture": "#1"},
				"up": {"uv": [0, 0, 3.8, 1.2], "texture": "#1"},
				"down": {"uv": [0, 0, 3.8, 1.2], "texture": "#1"}
			}
		},
		{
			"from": [8.82584, 3.75997, 6.4],
			"to": [15.72584, 4.25997, 7.6],
			"rotation": {"angle": 0, "axis": "z", "origin": [14.02584, 4.00997, 7]},
			"faces": {
				"north": {"uv": [0, 0, 6.9, 0.5], "texture": "#1"},
				"east": {"uv": [0, 0, 1.2, 0.5], "texture": "#1"},
				"south": {"uv": [0, 0, 6.9, 0.5], "texture": "#1"},
				"west": {"uv": [0, 0, 1.2, 0.5], "texture": "#1"},
				"up": {"uv": [0, 0, 6.9, 1.2], "texture": "#1"},
				"down": {"uv": [0, 0, 6.9, 1.2], "texture": "#1"}
			}
		},
		{
			"from": [10.4, 1.2, 6.35],
			"to": [13.6, 3.1, 7.65],
			"rotation": {"angle": -22.5, "axis": "z", "origin": [13.25, 1.35, 7]},
			"faces": {
				"north": {"uv": [0, 0, 3.2, 1.9], "texture": "#1"},
				"east": {"uv": [0, 0, 1.3, 1.9], "texture": "#1"},
				"south": {"uv": [0, 0, 3.2, 1.9], "texture": "#1"},
				"west": {"uv": [0, 0, 1.3, 1.9], "texture": "#1"},
				"up": {"uv": [0, 0, 3.2, 1.3], "texture": "#1"},
				"down": {"uv": [0, 0, 3.2, 1.3], "texture": "#1"}
			}
		},
		{
			"from": [9.4, 2.3, 6.35],
			"to": [15.6, 4, 7.65],
			"faces": {
				"north": {"uv": [0, 0, 6.2, 1.7], "texture": "#1"},
				"east": {"uv": [0, 0, 1.3, 1.7], "texture": "#1"},
				"south": {"uv": [0, 0, 6.2, 1.7], "texture": "#1"},
				"west": {"uv": [0, 0, 1.3, 1.7], "texture": "#1"},
				"up": {"uv": [0, 0, 6.2, 1.3], "texture": "#1"},
				"down": {"uv": [0, 0, 6.2, 1.3], "texture": "#1"}
			}
		},
		{
			"from": [13.5, 1.1, 6.35],
			"to": [15.6, 4.2, 7.65],
			"rotation": {"angle": 0, "axis": "z", "origin": [13.55, 3.15, 7]},
			"faces": {
				"north": {"uv": [0, 0, 3.1, 2.1], "rotation": 270, "texture": "#1"},
				"east": {"uv": [0, 0, 3.1, 1.3], "rotation": 90, "texture": "#1"},
				"south": {"uv": [0, 0, 3.1, 2.1], "rotation": 90, "texture": "#1"},
				"west": {"uv": [0, 0, 3.1, 1.3], "rotation": 90, "texture": "#1"},
				"up": {"uv": [0, 0, 1.3, 2.1], "rotation": 90, "texture": "#1"},
				"down": {"uv": [0, 0, 1.3, 2.1], "rotation": 90, "texture": "#1"}
			}
		},
		{
			"from": [13.95641, 1.77541, 6.3],
			"to": [15.05641, 4.39541, 7.7],
			"rotation": {"angle": 0, "axis": "z", "origin": [13.05641, 3.69541, 7]},
			"faces": {
				"north": {"uv": [0.25, 0.25, 0.75, 0.75], "rotation": 270, "texture": "#2"},
				"east": {"uv": [1.25, 0.25, 1.75, 0.75], "rotation": 90, "texture": "#2"},
				"south": {"uv": [2.25, 0.25, 2.75, 0.75], "rotation": 90, "texture": "#2"},
				"west": {"uv": [3.25, 0.25, 3.75, 0.75], "rotation": 90, "texture": "#2"},
				"up": {"uv": [4.25, 0.25, 4.75, 0.75], "rotation": 90, "texture": "#2"},
				"down": {"uv": [5.25, 0.25, 5.75, 0.75], "rotation": 90, "texture": "#2"}
			}
		},
		{
			"from": [11.45223, 2.27353, 6.3],
			"to": [14.65223, 3.67353, 7.7],
			"rotation": {"angle": -22.5, "axis": "z", "origin": [13.05223, 3.77353, 7]},
			"faces": {
				"north": {"uv": [6.25, 0.25, 6.75, 0.75], "texture": "#2"},
				"east": {"uv": [7.25, 0.25, 7.75, 0.75], "texture": "#2"},
				"south": {"uv": [8.25, 0.25, 8.75, 0.75], "texture": "#2"},
				"west": {"uv": [9.25, 0.25, 9.75, 0.75], "texture": "#2"},
				"up": {"uv": [10.25, 0.25, 10.75, 0.75], "texture": "#2"},
				"down": {"uv": [11.25, 0.25, 11.75, 0.75], "texture": "#2"}
			}
		},
		{
			"from": [11, 3, 6.3],
			"to": [15, 4.4, 7.7],
			"faces": {
				"north": {"uv": [12.25, 0.25, 12.75, 0.75], "texture": "#2"},
				"east": {"uv": [13.25, 0.25, 13.75, 0.75], "texture": "#2"},
				"south": {"uv": [14.25, 0.25, 14.75, 0.75], "texture": "#2"},
				"west": {"uv": [15.25, 0.25, 15.75, 0.75], "texture": "#2"},
				"up": {"uv": [0.25, 1.25, 0.75, 1.75], "texture": "#2"},
				"down": {"uv": [1.25, 1.25, 1.75, 1.75], "texture": "#2"}
			}
		},
		{
			"from": [14.9, 2.8, 5.8],
			"to": [14.95, 3.8, 6.3],
			"rotation": {"angle": 0, "axis": "y", "origin": [12.725, 0.5, 6]},
			"faces": {
				"north": {"uv": [0.25, 0.25, 0.75, 0.75], "texture": "#3"},
				"east": {"uv": [1.25, 0.25, 1.75, 0.75], "texture": "#3"},
				"south": {"uv": [2.25, 0.25, 2.75, 0.75], "texture": "#3"},
				"west": {"uv": [3.25, 0.25, 3.75, 0.75], "texture": "#3"},
				"up": {"uv": [4.25, 0.25, 4.75, 0.75], "rotation": 90, "texture": "#3"},
				"down": {"uv": [5.25, 0.25, 5.75, 0.75], "rotation": 270, "texture": "#3"}
			}
		},
		{
			"from": [14.4, 2.8, 5.8],
			"to": [14.45, 3.8, 6.3],
			"rotation": {"angle": 0, "axis": "y", "origin": [12.725, 0.5, 6]},
			"faces": {
				"north": {"uv": [6.25, 0.25, 6.75, 0.75], "texture": "#3"},
				"east": {"uv": [7.25, 0.25, 7.75, 0.75], "texture": "#3"},
				"south": {"uv": [8.25, 0.25, 8.75, 0.75], "texture": "#3"},
				"west": {"uv": [9.25, 0.25, 9.75, 0.75], "texture": "#3"},
				"up": {"uv": [10.25, 0.25, 10.75, 0.75], "rotation": 90, "texture": "#3"},
				"down": {"uv": [11.25, 0.25, 11.75, 0.75], "rotation": 270, "texture": "#3"}
			}
		},
		{
			"from": [13.9, 2.8, 5.8],
			"to": [13.95, 3.8, 6.3],
			"rotation": {"angle": 0, "axis": "y", "origin": [12.725, 0.5, 6]},
			"faces": {
				"north": {"uv": [12.25, 0.25, 12.75, 0.75], "texture": "#3"},
				"east": {"uv": [13.25, 0.25, 13.75, 0.75], "texture": "#3"},
				"south": {"uv": [14.25, 0.25, 14.75, 0.75], "texture": "#3"},
				"west": {"uv": [15.25, 0.25, 15.75, 0.75], "texture": "#3"},
				"up": {"uv": [0.25, 1.25, 0.75, 1.75], "rotation": 90, "texture": "#3"},
				"down": {"uv": [1.25, 1.25, 1.75, 1.75], "rotation": 270, "texture": "#3"}
			}
		},
		{
			"from": [13.4, 2.8, 5.8],
			"to": [13.45, 3.8, 6.3],
			"rotation": {"angle": 0, "axis": "y", "origin": [12.725, 0.5, 6]},
			"faces": {
				"north": {"uv": [2.25, 1.25, 2.75, 1.75], "texture": "#3"},
				"east": {"uv": [3.25, 1.25, 3.75, 1.75], "texture": "#3"},
				"south": {"uv": [4.25, 1.25, 4.75, 1.75], "texture": "#3"},
				"west": {"uv": [5.25, 1.25, 5.75, 1.75], "texture": "#3"},
				"up": {"uv": [6.25, 1.25, 6.75, 1.75], "rotation": 90, "texture": "#3"},
				"down": {"uv": [7.25, 1.25, 7.75, 1.75], "rotation": 270, "texture": "#3"}
			}
		},
		{
			"from": [12.9, 2.8, 5.8],
			"to": [12.95, 3.8, 6.3],
			"rotation": {"angle": 0, "axis": "y", "origin": [12.725, 0.5, 6]},
			"faces": {
				"north": {"uv": [8.25, 1.25, 8.75, 1.75], "texture": "#3"},
				"east": {"uv": [9.25, 1.25, 9.75, 1.75], "texture": "#3"},
				"south": {"uv": [10.25, 1.25, 10.75, 1.75], "texture": "#3"},
				"west": {"uv": [11.25, 1.25, 11.75, 1.75], "texture": "#3"},
				"up": {"uv": [12.25, 1.25, 12.75, 1.75], "rotation": 90, "texture": "#3"},
				"down": {"uv": [13.25, 1.25, 13.75, 1.75], "rotation": 270, "texture": "#3"}
			}
		},
		{
			"from": [12.4, 2.8, 5.8],
			"to": [12.45, 3.8, 6.3],
			"rotation": {"angle": 0, "axis": "y", "origin": [12.725, 0.5, 6]},
			"faces": {
				"north": {"uv": [14.25, 1.25, 14.75, 1.75], "texture": "#3"},
				"east": {"uv": [15.25, 1.25, 15.75, 1.75], "texture": "#3"},
				"south": {"uv": [0.25, 2.25, 0.75, 2.75], "texture": "#3"},
				"west": {"uv": [1.25, 2.25, 1.75, 2.75], "texture": "#3"},
				"up": {"uv": [2.25, 2.25, 2.75, 2.75], "rotation": 90, "texture": "#3"},
				"down": {"uv": [3.25, 2.25, 3.75, 2.75], "rotation": 270, "texture": "#3"}
			}
		},
		{
			"from": [11.9, 2.8, 5.8],
			"to": [11.95, 3.8, 6.3],
			"rotation": {"angle": 0, "axis": "y", "origin": [12.725, 0.5, 6]},
			"faces": {
				"north": {"uv": [4.25, 2.25, 4.75, 2.75], "texture": "#3"},
				"east": {"uv": [5.25, 2.25, 5.75, 2.75], "texture": "#3"},
				"south": {"uv": [6.25, 2.25, 6.75, 2.75], "texture": "#3"},
				"west": {"uv": [7.25, 2.25, 7.75, 2.75], "texture": "#3"},
				"up": {"uv": [8.25, 2.25, 8.75, 2.75], "rotation": 90, "texture": "#3"},
				"down": {"uv": [9.25, 2.25, 9.75, 2.75], "rotation": 270, "texture": "#3"}
			}
		},
		{
			"from": [11.9, 2.8, 6.25],
			"to": [14.9, 3.8, 6.3],
			"faces": {
				"north": {"uv": [10.25, 2.25, 10.75, 2.75], "texture": "#3"},
				"east": {"uv": [11.25, 2.25, 11.75, 2.75], "texture": "#3"},
				"south": {"uv": [12.25, 2.25, 12.75, 2.75], "texture": "#3"},
				"west": {"uv": [13.25, 2.25, 13.75, 2.75], "texture": "#3"},
				"up": {"uv": [14.25, 2.25, 14.75, 2.75], "texture": "#3"},
				"down": {"uv": [15.25, 2.25, 15.75, 2.75], "texture": "#3"}
			}
		},
		{
			"from": [7.5719, 2.47982, 6.35],
			"to": [10.5719, 3.47982, 7.65],
			"rotation": {"angle": -45, "axis": "z", "origin": [9.2719, 2.57982, 7.05]},
			"faces": {
				"north": {"uv": [0.25, 0.25, 0.75, 0.75], "texture": "#1"},
				"east": {"uv": [1.25, 0.25, 1.75, 0.75], "texture": "#1"},
				"south": {"uv": [2.25, 0.25, 2.75, 0.75], "texture": "#1"},
				"west": {"uv": [3.25, 0.25, 3.75, 0.75], "texture": "#1"},
				"up": {"uv": [4.25, 0.25, 4.75, 0.75], "texture": "#1"},
				"down": {"uv": [5.25, 0.25, 5.75, 0.75], "texture": "#1"}
			}
		},
		{
			"from": [4.63645, 3.67032, 6.35],
			"to": [8.73645, 4.77032, 7.65],
			"rotation": {"angle": -22.5, "axis": "z", "origin": [7.83645, 4.67032, 7]},
			"faces": {
				"north": {"uv": [6.25, 0.25, 6.75, 0.75], "texture": "#1"},
				"east": {"uv": [7.25, 0.25, 7.75, 0.75], "texture": "#1"},
				"south": {"uv": [8.25, 0.25, 8.75, 0.75], "texture": "#1"},
				"west": {"uv": [9.25, 0.25, 9.75, 0.75], "texture": "#1"},
				"up": {"uv": [10.25, 0.25, 10.75, 0.75], "texture": "#1"},
				"down": {"uv": [11.25, 0.25, 11.75, 0.75], "texture": "#1"}
			}
		},
		{
			"from": [5.35178, 4.14466, 6.4],
			"to": [6.65178, 5.24466, 7.6],
			"rotation": {"angle": -45, "axis": "z", "origin": [6.60178, 4.69466, 7]},
			"faces": {
				"north": {"uv": [12.25, 0.25, 12.75, 0.75], "texture": "#1"},
				"east": {"uv": [13.25, 0.25, 13.75, 0.75], "texture": "#1"},
				"south": {"uv": [14.25, 0.25, 14.75, 0.75], "texture": "#1"},
				"west": {"uv": [15.25, 0.25, 15.75, 0.75], "texture": "#1"},
				"up": {"uv": [0.25, 1.25, 0.75, 1.75], "texture": "#1"},
				"down": {"uv": [1.25, 1.25, 1.75, 1.75], "texture": "#1"}
			}
		},
		{
			"from": [0.4, 4.3, 6.3],
			"to": [6.1, 5.05, 7.7],
			"faces": {
				"north": {"uv": [2.25, 1.25, 2.75, 1.75], "texture": "#1"},
				"east": {"uv": [3.25, 1.25, 3.75, 1.75], "texture": "#1"},
				"south": {"uv": [4.25, 1.25, 4.75, 1.75], "texture": "#1"},
				"west": {"uv": [5.25, 1.25, 5.75, 1.75], "texture": "#1"},
				"up": {"uv": [6.25, 1.25, 6.75, 1.75], "texture": "#1"},
				"down": {"uv": [7.25, 1.25, 7.75, 1.75], "texture": "#1"}
			}
		},
		{
			"from": [3.8, 4.3, 6.3],
			"to": [6.1, 6, 7.7],
			"faces": {
				"north": {"uv": [2.25, 1.25, 2.75, 1.75], "texture": "#1"},
				"east": {"uv": [3.25, 1.25, 3.75, 1.75], "texture": "#1"},
				"south": {"uv": [4.25, 1.25, 4.75, 1.75], "texture": "#1"},
				"west": {"uv": [5.25, 1.25, 5.75, 1.75], "texture": "#1"},
				"up": {"uv": [6.25, 1.25, 6.75, 1.75], "texture": "#1"},
				"down": {"uv": [7.25, 1.25, 7.75, 1.75], "texture": "#1"}
			}
		},
		{
			"from": [3.8, 4.25, 6.2],
			"to": [5.8, 6.05, 7.8],
			"faces": {
				"north": {"uv": [8.25, 1.25, 8.75, 1.75], "texture": "#1"},
				"east": {"uv": [9.25, 1.25, 9.75, 1.75], "texture": "#1"},
				"south": {"uv": [10.25, 1.25, 10.75, 1.75], "texture": "#1"},
				"west": {"uv": [11.25, 1.25, 11.75, 1.75], "texture": "#1"},
				"up": {"uv": [12.25, 1.25, 12.75, 1.75], "texture": "#1"},
				"down": {"uv": [13.25, 1.25, 13.75, 1.75], "texture": "#1"}
			}
		},
		{
			"from": [3.79, 5.05, 6.1],
			"to": [4.191, 6.051, 7.9],
			"faces": {
				"north": {"uv": [6, 8, 7, 9], "texture": "#0"},
				"east": {"uv": [0, 8, 2, 9], "texture": "#0"},
				"south": {"uv": [7, 8, 8, 9], "texture": "#0"},
				"west": {"uv": [2, 8, 4, 9], "texture": "#0"},
				"up": {"uv": [5, 10, 4, 8], "texture": "#0"},
				"down": {"uv": [6, 8, 5, 10], "texture": "#0"}
			}
		},
		{
			"from": [-9, 6, 6.85],
			"to": [-8.8, 6.3, 7.15],
			"rotation": {"angle": 0, "axis": "z", "origin": [0.3, 5.05, 7]},
			"faces": {
				"north": {"uv": [0, 0, 0.2, 0.3], "texture": "#3"},
				"east": {"uv": [0, 0, 0.3, 0.3], "texture": "#3"},
				"south": {"uv": [0, 0, 0.2, 0.3], "texture": "#3"},
				"west": {"uv": [0, 0, 0.3, 0.3], "texture": "#3"},
				"up": {"uv": [0, 0, 0.2, 0.3], "texture": "#3"},
				"down": {"uv": [0, 0, 0.2, 0.3], "texture": "#3"}
			}
		},
		{
			"from": [-9.2, 5.05, 7],
			"to": [3.8, 6.05, 8],
			"rotation": {"angle": 0, "axis": "z", "origin": [0.3, 5.05, 7]},
			"faces": {
				"north": {"uv": [0, 4, 13, 5], "texture": "#0"},
				"east": {"uv": [0, 10, 5, 15], "texture": "#0"},
				"south": {"uv": [0, 5, 13, 6], "texture": "#0"},
				"west": {"uv": [2, 9, 3, 10], "texture": "#0"},
				"up": {"uv": [13, 7, 0, 6], "texture": "#0"},
				"down": {"uv": [13, 7, 0, 8], "texture": "#0"}
			}
		},
		{
			"from": [-9.2, 5.05, 6],
			"to": [3.8, 6.05, 7],
			"rotation": {"angle": 0, "axis": "z", "origin": [0.3, 5.05, 7]},
			"faces": {
				"north": {"uv": [0, 0, 13, 1], "texture": "#0"},
				"east": {"uv": [0, 10, 5, 15], "texture": "#0"},
				"south": {"uv": [0, 1, 13, 2], "texture": "#0"},
				"west": {"uv": [0, 9, 1, 10], "texture": "#0"},
				"up": {"uv": [13, 3, 0, 2], "texture": "#0"},
				"down": {"uv": [13, 3, 0, 4], "texture": "#0"}
			}
		},
		{
			"from": [4.1, 6, 6.95],
			"to": [6.1, 6.1, 7.05],
			"rotation": {"angle": 0, "axis": "z", "origin": [5.1, 6.05, 7]},
			"faces": {
				"north": {"uv": [0, 0, 2, 0.1], "texture": "#3"},
				"east": {"uv": [0, 0, 0.1, 0.1], "texture": "#3"},
				"south": {"uv": [0, 0, 2, 0.1], "texture": "#3"},
				"west": {"uv": [0, 0, 0.1, 0.1], "texture": "#3"},
				"up": {"uv": [0, 0, 2, 0.1], "texture": "#3"},
				"down": {"uv": [0, 0, 2, 0.1], "texture": "#3"}
			}
		},
		{
			"from": [5.9, 6.1, 6.95],
			"to": [6.1, 6.2, 7.05],
			"rotation": {"angle": 0, "axis": "z", "origin": [5.1, 6.05, 7]},
			"faces": {
				"north": {"uv": [0, 0, 0.2, 0.1], "texture": "#3"},
				"east": {"uv": [0, 0, 0.1, 0.1], "texture": "#3"},
				"south": {"uv": [0, 0, 0.2, 0.1], "texture": "#3"},
				"west": {"uv": [0, 0, 0.1, 0.1], "texture": "#3"},
				"up": {"uv": [0, 0, 0.2, 0.1], "texture": "#3"},
				"down": {"uv": [0, 0, 0.2, 0.1], "texture": "#3"}
			}
		},
		{
			"from": [14.475, 2.9, 5.8],
			"to": [14.875, 3.7, 6.2],
			"faces": {
				"north": {"uv": [0, 0, 1, 4], "texture": "#4"},
				"east": {"uv": [0, 0, 1, 4], "texture": "#4"},
				"south": {"uv": [0, 0, 1, 4], "texture": "#4"},
				"west": {"uv": [0, 0, 1, 4], "texture": "#4"},
				"up": {"uv": [2, 1, 1, 0], "texture": "#4"},
				"down": {"uv": [3, 0, 2, 1], "texture": "#4"}
			}
		},
		{
			"from": [13.975, 2.9, 5.8],
			"to": [14.375, 3.7, 6.2],
			"faces": {
				"north": {"uv": [0, 0, 1, 4], "texture": "#4"},
				"east": {"uv": [0, 0, 1, 4], "texture": "#4"},
				"south": {"uv": [0, 0, 1, 4], "texture": "#4"},
				"west": {"uv": [0, 0, 1, 4], "texture": "#4"},
				"up": {"uv": [2, 1, 1, 0], "texture": "#4"},
				"down": {"uv": [3, 0, 2, 1], "texture": "#4"}
			}
		},
		{
			"from": [13.475, 2.9, 5.8],
			"to": [13.875, 3.7, 6.2],
			"faces": {
				"north": {"uv": [0, 0, 1, 4], "texture": "#4"},
				"east": {"uv": [0, 0, 1, 4], "texture": "#4"},
				"south": {"uv": [0, 0, 1, 4], "texture": "#4"},
				"west": {"uv": [0, 0, 1, 4], "texture": "#4"},
				"up": {"uv": [2, 1, 1, 0], "texture": "#4"},
				"down": {"uv": [3, 0, 2, 1], "texture": "#4"}
			}
		},
		{
			"from": [12.975, 2.9, 5.8],
			"to": [13.375, 3.7, 6.2],
			"faces": {
				"north": {"uv": [0, 0, 1, 4], "texture": "#4"},
				"east": {"uv": [0, 0, 1, 4], "texture": "#4"},
				"south": {"uv": [0, 0, 1, 4], "texture": "#4"},
				"west": {"uv": [0, 0, 1, 4], "texture": "#4"},
				"up": {"uv": [2, 1, 1, 0], "texture": "#4"},
				"down": {"uv": [3, 0, 2, 1], "texture": "#4"}
			}
		},
		{
			"from": [12.475, 2.9, 5.8],
			"to": [12.875, 3.7, 6.2],
			"faces": {
				"north": {"uv": [0, 0, 1, 4], "texture": "#4"},
				"east": {"uv": [0, 0, 1, 4], "texture": "#4"},
				"south": {"uv": [0, 0, 1, 4], "texture": "#4"},
				"west": {"uv": [0, 0, 1, 4], "texture": "#4"},
				"up": {"uv": [2, 1, 1, 0], "texture": "#4"},
				"down": {"uv": [3, 0, 2, 1], "texture": "#4"}
			}
		},
		{
			"from": [11.975, 2.9, 5.8],
			"to": [12.375, 3.7, 6.2],
			"rotation": {"angle": 0, "axis": "y", "origin": [0, 4, 8]},
			"faces": {
				"north": {"uv": [0, 0, 1, 4], "texture": "#4"},
				"east": {"uv": [0, 0, 1, 4], "texture": "#4"},
				"south": {"uv": [0, 0, 1, 4], "texture": "#4"},
				"west": {"uv": [0, 0, 1, 4], "texture": "#4"},
				"up": {"uv": [2, 1, 1, 0], "texture": "#4"},
				"down": {"uv": [3, 0, 2, 1], "texture": "#4"}
			}
		},
		{
			"from": [4.4, 4.2, 6.8],
			"to": [5.4, 4.3, 7.2],
			"faces": {
				"north": {"uv": [0, 0, 1, 0.1], "texture": "#0"},
				"east": {"uv": [0, 0, 0.4, 0.1], "texture": "#0"},
				"south": {"uv": [0, 0, 1, 0.1], "texture": "#0"},
				"west": {"uv": [0, 0, 0.4, 0.1], "texture": "#0"},
				"up": {"uv": [0, 0, 1, 0.4], "texture": "#0"},
				"down": {"uv": [0, 0, 1, 0.4], "texture": "#0"}
			}
		},
		{
			"from": [5.44749, 4.01464, 6.8],
			"to": [5.84749, 4.11464, 7.2],
			"rotation": {"angle": -45, "axis": "z", "origin": [5.64749, 4.26464, 7]},
			"faces": {
				"north": {"uv": [0, 0, 0.4, 0.1], "texture": "#0"},
				"east": {"uv": [0, 0, 0.4, 0.1], "texture": "#0"},
				"south": {"uv": [0, 0, 0.4, 0.1], "texture": "#0"},
				"west": {"uv": [0, 0, 0.4, 0.1], "texture": "#0"},
				"up": {"uv": [0, 0, 0.4, 0.4], "texture": "#0"},
				"down": {"uv": [0, 0, 0.4, 0.4], "texture": "#0"}
			}
		},
		{
			"from": [5.58284, 3.75858, 6.8],
			"to": [5.68284, 4.01858, 7.2],
			"rotation": {"angle": 0, "axis": "z", "origin": [3.83284, 4.05858, 7]},
			"faces": {
				"north": {"uv": [0, 0, 0.26, 0.1], "rotation": 90, "texture": "#0"},
				"east": {"uv": [0, 0, 0.26, 0.4], "rotation": 270, "texture": "#0"},
				"south": {"uv": [0, 0, 0.26, 0.1], "rotation": 270, "texture": "#0"},
				"west": {"uv": [0, 0, 0.26, 0.4], "rotation": 270, "texture": "#0"},
				"up": {"uv": [0, 0, 0.4, 0.1], "rotation": 270, "texture": "#0"},
				"down": {"uv": [0, 0, 0.4, 0.1], "rotation": 270, "texture": "#0"}
			}
		},
		{
			"from": [4.26759, 2.4682, 6.8],
			"to": [4.76759, 2.5682, 7.2],
			"rotation": {"angle": 45, "axis": "z", "origin": [3.66759, 4.2182, 7]},
			"faces": {
				"north": {"uv": [0, 0, 0.5, 0.1], "texture": "#0"},
				"east": {"uv": [0, 0, 0.4, 0.1], "texture": "#0"},
				"south": {"uv": [0, 0, 0.5, 0.1], "texture": "#0"},
				"west": {"uv": [0, 0, 0.4, 0.1], "texture": "#0"},
				"up": {"uv": [0, 0, 0.5, 0.4], "texture": "#0"},
				"down": {"uv": [0, 0, 0.5, 0.4], "texture": "#0"}
			}
		},
		{
			"from": [4.32929, 3.40503, 6.8],
			"to": [5.32929, 3.50503, 7.2],
			"rotation": {"angle": 0, "axis": "y", "origin": [-0.27071, 0.00503, 0]},
			"faces": {
				"north": {"uv": [0, 0, 1, 0.1], "texture": "#0"},
				"east": {"uv": [0, 0, 0.4, 0.1], "texture": "#0"},
				"south": {"uv": [0, 0, 1, 0.1], "texture": "#0"},
				"west": {"uv": [0, 0, 0.4, 0.1], "texture": "#0"},
				"up": {"uv": [0, 0, 1, 0.4], "texture": "#0"},
				"down": {"uv": [0, 0, 1, 0.4], "texture": "#0"}
			}
		},
		{
			"from": [5.06673, 2.80962, 6.8],
			"to": [5.36673, 2.90962, 7.2],
			"rotation": {"angle": -45, "axis": "z", "origin": [5.56673, 4.35962, 7]},
			"faces": {
				"north": {"uv": [0, 0, 0.3, 0.1], "texture": "#0"},
				"east": {"uv": [0, 0, 0.4, 0.1], "texture": "#0"},
				"south": {"uv": [0, 0, 0.3, 0.1], "texture": "#0"},
				"west": {"uv": [0, 0, 0.4, 0.1], "texture": "#0"},
				"up": {"uv": [0, 0, 0.3, 0.4], "texture": "#0"},
				"down": {"uv": [0, 0, 0.3, 0.4], "texture": "#0"}
			}
		},
		{
			"from": [5.38232, 3.79164, 6.85],
			"to": [5.48232, 3.99164, 6.95],
			"rotation": {"angle": -22.5, "axis": "z", "origin": [5.13912, 4.22448, 6.9]},
			"faces": {
				"north": {"uv": [0, 0, 0.2, 0.1], "rotation": 90, "texture": "#0"},
				"east": {"uv": [0, 0, 0.2, 0.1], "rotation": 270, "texture": "#0"},
				"south": {"uv": [0, 0, 0.2, 0.1], "rotation": 270, "texture": "#0"},
				"west": {"uv": [0, 0, 0.2, 0.1], "rotation": 270, "texture": "#0"},
				"up": {"uv": [0, 0, 0.1, 0.1], "rotation": 270, "texture": "#0"},
				"down": {"uv": [0, 0, 0.1, 0.1], "rotation": 270, "texture": "#0"}
			}
		},
		{
			"from": [5.11716, 3.81716, 6.85],
			"to": [5.21716, 4.31716, 6.95],
			"rotation": {"angle": 22.5, "axis": "z", "origin": [5.13912, 4.22448, 6.9]},
			"faces": {
				"north": {"uv": [0, 0, 0.5, 0.1], "rotation": 90, "texture": "#0"},
				"east": {"uv": [0, 0, 0.5, 0.1], "rotation": 270, "texture": "#0"},
				"south": {"uv": [0, 0, 0.5, 0.1], "rotation": 270, "texture": "#0"},
				"west": {"uv": [0, 0, 0.5, 0.1], "rotation": 270, "texture": "#0"},
				"up": {"uv": [0, 0, 0.1, 0.1], "rotation": 270, "texture": "#0"},
				"down": {"uv": [0, 0, 0.1, 0.1], "rotation": 270, "texture": "#0"}
			}
		},
		{
			"from": [4.70628, 3.88128, 7.05],
			"to": [4.90628, 3.98128, 7.15],
			"rotation": {"angle": 22.5, "axis": "z", "origin": [5.13912, 4.22448, 7.1]},
			"faces": {
				"north": {"uv": [0, 0, 0.2, 0.1], "texture": "#0"},
				"east": {"uv": [0, 0, 0.1, 0.1], "texture": "#0"},
				"south": {"uv": [0, 0, 0.2, 0.1], "texture": "#0"},
				"west": {"uv": [0, 0, 0.1, 0.1], "texture": "#0"},
				"up": {"uv": [0, 0, 0.2, 0.1], "texture": "#0"},
				"down": {"uv": [0, 0, 0.2, 0.1], "texture": "#0"}
			}
		},
		{
			"from": [5.11716, 3.81716, 7.05],
			"to": [5.21716, 4.31716, 7.15],
			"rotation": {"angle": -22.5, "axis": "z", "origin": [5.13912, 4.22448, 7.1]},
			"faces": {
				"north": {"uv": [0, 0, 0.5, 0.1], "rotation": 90, "texture": "#0"},
				"east": {"uv": [0, 0, 0.5, 0.1], "rotation": 270, "texture": "#0"},
				"south": {"uv": [0, 0, 0.5, 0.1], "rotation": 270, "texture": "#0"},
				"west": {"uv": [0, 0, 0.5, 0.1], "rotation": 270, "texture": "#0"},
				"up": {"uv": [0, 0, 0.1, 0.1], "rotation": 270, "texture": "#0"},
				"down": {"uv": [0, 0, 0.1, 0.1], "rotation": 270, "texture": "#0"}
			}
		},
		{
			"from": [4.11716, 3.61716, 6.8],
			"to": [4.21716, 4.01716, 7.2],
			"rotation": {"angle": 0, "axis": "z", "origin": [3.86716, 3.71716, 7]},
			"faces": {
				"north": {"uv": [0, 0, 0.4, 0.1], "rotation": 90, "texture": "#0"},
				"east": {"uv": [0, 0, 0.4, 0.4], "rotation": 270, "texture": "#0"},
				"south": {"uv": [0, 0, 0.4, 0.1], "rotation": 270, "texture": "#0"},
				"west": {"uv": [0, 0, 0.4, 0.4], "rotation": 270, "texture": "#0"},
				"up": {"uv": [0, 0, 0.4, 0.1], "rotation": 270, "texture": "#0"},
				"down": {"uv": [0, 0, 0.4, 0.1], "rotation": 270, "texture": "#0"}
			}
		},
		{
			"from": [3.95251, 4.01464, 6.8],
			"to": [4.35251, 4.11464, 7.2],
			"rotation": {"angle": 45, "axis": "z", "origin": [4.15251, 4.26464, 7]},
			"faces": {
				"north": {"uv": [0, 0, 0.4, 0.1], "texture": "#0"},
				"east": {"uv": [0, 0, 0.4, 0.1], "texture": "#0"},
				"south": {"uv": [0, 0, 0.4, 0.1], "texture": "#0"},
				"west": {"uv": [0, 0, 0.4, 0.1], "texture": "#0"},
				"up": {"uv": [0, 0, 0.4, 0.4], "texture": "#0"},
				"down": {"uv": [0, 0, 0.4, 0.4], "texture": "#0"}
			}
		}
	],
	"display": {
		"thirdperson_righthand": {
			"rotation": [0, -90, 0],
			"translation": [0, 6, 0]
		},
		"firstperson_righthand": {
			"rotation": [0, -90, 0],
			"translation": [2, 5, 2.75],
			"scale": [1.5, 1.5, 1.5]
		},
		"ground": {
			"translation": [0, 3.75, 0]
		},
		"gui": {
			"rotation": [0, -180, -36],
			"translation": [-5, 1.25, 0],
			"scale": [0.8, 0.8, 0.8]
		},
		"fixed": {
			"rotation": [0, 0, -35],
			"translation": [5.25, 0.75, 2],
			"scale": [0.9, 0.9, 0.9]
		}
	},
	"groups": [
		{
			"name": "stock",
			"origin": [0, 0, 0],
			"color": 0,
			"children": [0, 1, 2, 3, 4, 5, 6]
		},
		{
			"name": "pad",
			"origin": [0, 0, 0],
			"color": 0,
			"children": [
				7,
				8,
				9,
				{
					"name": "shellholder",
					"origin": [0, 0, 0],
					"color": 0,
					"children": [10, 11, 12, 13, 14, 15, 16, 17]
				}
			]
		},
		{
			"name": "flame",
			"origin": [0, 0, 0],
			"color": 0,
			"children": [18, 19, 20, 21, 22, 23]
		},
		{
			"name": "barrel",
			"origin": [0, 0, 0],
			"color": 0,
			"children": [
				24,
				{
					"name": "turn",
					"origin": [0.3, 5.05, 7],
					"color": 0,
					"children": [25, 26, 27]
				},
				{
					"name": "sight",
					"origin": [5.1, 6.05, 7],
					"color": 0,
					"children": [28, 29]
				}
			]
		},
		{
			"name": "shell",
			"origin": [8, 8, 8],
			"color": 0,
			"children": [30, 31, 32, 33, 34, 35]
		},
		{
			"name": "trigger",
			"origin": [8, 8, 8],
			"color": 0,
			"children": [36, 37, 38, 39, 40, 41, 42, 43, 44, 45, 46, 47]
		}
	]
}