{
	"credit": "Made with Blockbench",
	"textures": {
		"0": "item/d_red",
		"1": "item/d_white",
		"2": "item/d_darkred",
		"3": "item/d_darkyellow",
		"4": "item/d_orange",
		"5": "item/d_black",
		"6": "item/d_magenta",
		"particle": "item/d_red"
	},
	"elements": [
		{
			"from": [6, 0, 2.9],
			"to": [8, 1, 3.9],
			"rotation": {"angle": 0, "axis": "y", "origin": [-4, 0, 1]},
			"faces": {
				"north": {"uv": [0, 0, 2, 1], "texture": "#6"},
				"east": {"uv": [0, 0, 1, 1], "texture": "#6"},
				"south": {"uv": [0, 0, 2, 1], "texture": "#6"},
				"west": {"uv": [0, 0, 1, 1], "texture": "#6"},
				"up": {"uv": [0, 0, 2, 1], "texture": "#6"},
				"down": {"uv": [0, 0, 2, 1], "texture": "#6"}
			}
		},
		{
			"from": [6, 0, 4],
			"to": [8, 1, 5],
			"rotation": {"angle": 0, "axis": "y", "origin": [-4, 0, 1]},
			"faces": {
				"north": {"uv": [0, 0, 2, 1], "texture": "#6"},
				"east": {"uv": [0, 0, 1, 1], "texture": "#6"},
				"south": {"uv": [0, 0, 2, 1], "texture": "#6"},
				"west": {"uv": [0, 0, 1, 1], "texture": "#6"},
				"up": {"uv": [0, 0, 2, 1], "texture": "#6"},
				"down": {"uv": [0, 0, 2, 1], "texture": "#6"}
			}
		},
		{
			"from": [6, 0, 5.1],
			"to": [8, 1, 6.1],
			"rotation": {"angle": 0, "axis": "y", "origin": [7, 0.5, 5.5]},
			"faces": {
				"north": {"uv": [0, 0, 2, 1], "texture": "#6"},
				"east": {"uv": [0, 0, 1, 1], "texture": "#6"},
				"south": {"uv": [0, 0, 2, 1], "texture": "#6"},
				"west": {"uv": [0, 0, 1, 1], "texture": "#6"},
				"up": {"uv": [0, 0, 2, 1], "texture": "#6"},
				"down": {"uv": [0, 0, 2, 1], "texture": "#6"}
			}
		},
		{
			"from": [10, 0, 4],
			"to": [12, 1, 5],
			"rotation": {"angle": 0, "axis": "y", "origin": [-4, 0, 1]},
			"faces": {
				"north": {"uv": [0, 0, 2, 1], "texture": "#6"},
				"east": {"uv": [0, 0, 1, 1], "texture": "#6"},
				"south": {"uv": [0, 0, 2, 1], "texture": "#6"},
				"west": {"uv": [0, 0, 1, 1], "texture": "#6"},
				"up": {"uv": [0, 0, 2, 1], "texture": "#6"},
				"down": {"uv": [0, 0, 2, 1], "texture": "#6"}
			}
		},
		{
			"from": [8, 0, 4],
			"to": [10, 1, 5],
			"rotation": {"angle": 0, "axis": "y", "origin": [-4, 0, 1]},
			"faces": {
				"north": {"uv": [0, 0, 2, 1], "texture": "#2"},
				"east": {"uv": [0, 0, 1, 1], "texture": "#2"},
				"south": {"uv": [0, 0, 2, 1], "texture": "#2"},
				"west": {"uv": [0, 0, 1, 1], "texture": "#2"},
				"up": {"uv": [0, 0, 2, 1], "texture": "#2"},
				"down": {"uv": [0, 0, 2, 1], "texture": "#2"}
			}
		},
		{
			"from": [7.7, 0, 3.4],
			"to": [9.7, 1, 4.4],
			"rotation": {"angle": -22.5, "axis": "y", "origin": [9, 0.5, 3.5]},
			"faces": {
				"north": {"uv": [0, 0, 2, 1], "texture": "#2"},
				"east": {"uv": [0, 0, 1, 1], "texture": "#2"},
				"south": {"uv": [0, 0, 2, 1], "texture": "#2"},
				"west": {"uv": [0, 0, 1, 1], "texture": "#2"},
				"up": {"uv": [0, 0, 2, 1], "texture": "#2"},
				"down": {"uv": [0, 0, 2, 1], "texture": "#2"}
			}
		},
		{
			"from": [7.6, 0, 4.6],
			"to": [9.6, 1, 5.6],
			"rotation": {"angle": 22.5, "axis": "y", "origin": [9, 0.5, 5.5]},
			"faces": {
				"north": {"uv": [0, 0, 2, 1], "texture": "#2"},
				"east": {"uv": [0, 0, 1, 1], "texture": "#2"},
				"south": {"uv": [0, 0, 2, 1], "texture": "#2"},
				"west": {"uv": [0, 0, 1, 1], "texture": "#2"},
				"up": {"uv": [0, 0, 2, 1], "texture": "#2"},
				"down": {"uv": [0, 0, 2, 1], "texture": "#2"}
			}
		},
		{
			"from": [8.4, 1, 4],
			"to": [9.4, 4, 5],
			"rotation": {"angle": 22.5, "axis": "z", "origin": [9.5, 2, 4.5]},
			"faces": {
				"north": {"uv": [0, 0, 1, 3], "texture": "#2"},
				"east": {"uv": [0, 0, 1, 3], "texture": "#2"},
				"south": {"uv": [0, 0, 1, 3], "texture": "#2"},
				"west": {"uv": [0, 0, 1, 3], "texture": "#2"},
				"up": {"uv": [0, 0, 1, 1], "texture": "#2"},
				"down": {"uv": [0, 0, 1, 1], "texture": "#2"}
			}
		},
		{
			"from": [7.7, 3, 3.5],
			"to": [11.7, 4, 5.5],
			"faces": {
				"north": {"uv": [0, 0, 4, 1], "texture": "#2"},
				"east": {"uv": [0, 0, 2, 1], "texture": "#2"},
				"south": {"uv": [0, 0, 4, 1], "texture": "#2"},
				"west": {"uv": [0, 0, 2, 1], "texture": "#2"},
				"up": {"uv": [0, 0, 4, 2], "texture": "#2"},
				"down": {"uv": [0, 0, 4, 2], "texture": "#2"}
			}
		},
		{
			"from": [6, 0, 9.9],
			"to": [8, 1, 10.9],
			"rotation": {"angle": 0, "axis": "y", "origin": [-4, 0, 8]},
			"faces": {
				"north": {"uv": [0, 0, 2, 1], "texture": "#6"},
				"east": {"uv": [0, 0, 1, 1], "texture": "#6"},
				"south": {"uv": [0, 0, 2, 1], "texture": "#6"},
				"west": {"uv": [0, 0, 1, 1], "texture": "#6"},
				"up": {"uv": [0, 0, 2, 1], "texture": "#6"},
				"down": {"uv": [0, 0, 2, 1], "texture": "#6"}
			}
		},
		{
			"from": [6, 0, 11],
			"to": [8, 1, 12],
			"rotation": {"angle": 0, "axis": "y", "origin": [-4, 0, 8]},
			"faces": {
				"north": {"uv": [0, 0, 2, 1], "texture": "#6"},
				"east": {"uv": [0, 0, 1, 1], "texture": "#6"},
				"south": {"uv": [0, 0, 2, 1], "texture": "#6"},
				"west": {"uv": [0, 0, 1, 1], "texture": "#6"},
				"up": {"uv": [0, 0, 2, 1], "texture": "#6"},
				"down": {"uv": [0, 0, 2, 1], "texture": "#6"}
			}
		},
		{
			"from": [6, 0, 12.1],
			"to": [8, 1, 13.1],
			"rotation": {"angle": 0, "axis": "y", "origin": [7, 0.5, 12.5]},
			"faces": {
				"north": {"uv": [0, 0, 2, 1], "texture": "#6"},
				"east": {"uv": [0, 0, 1, 1], "texture": "#6"},
				"south": {"uv": [0, 0, 2, 1], "texture": "#6"},
				"west": {"uv": [0, 0, 1, 1], "texture": "#6"},
				"up": {"uv": [0, 0, 2, 1], "texture": "#6"},
				"down": {"uv": [0, 0, 2, 1], "texture": "#6"}
			}
		},
		{
			"from": [10, 0, 11],
			"to": [12, 1, 12],
			"rotation": {"angle": 0, "axis": "y", "origin": [-4, 0, 8]},
			"faces": {
				"north": {"uv": [0, 0, 2, 1], "texture": "#6"},
				"east": {"uv": [0, 0, 1, 1], "texture": "#6"},
				"south": {"uv": [0, 0, 2, 1], "texture": "#6"},
				"west": {"uv": [0, 0, 1, 1], "texture": "#6"},
				"up": {"uv": [0, 0, 2, 1], "texture": "#6"},
				"down": {"uv": [0, 0, 2, 1], "texture": "#6"}
			}
		},
		{
			"from": [8, 0, 11],
			"to": [10, 1, 12],
			"rotation": {"angle": 0, "axis": "y", "origin": [-4, 0, 8]},
			"faces": {
				"north": {"uv": [0, 0, 2, 1], "texture": "#2"},
				"east": {"uv": [0, 0, 1, 1], "texture": "#2"},
				"south": {"uv": [0, 0, 2, 1], "texture": "#2"},
				"west": {"uv": [0, 0, 1, 1], "texture": "#2"},
				"up": {"uv": [0, 0, 2, 1], "texture": "#2"},
				"down": {"uv": [0, 0, 2, 1], "texture": "#2"}
			}
		},
		{
			"from": [7.7, 0, 10.4],
			"to": [9.7, 1, 11.4],
			"rotation": {"angle": -22.5, "axis": "y", "origin": [9, 0.5, 10.5]},
			"faces": {
				"north": {"uv": [0, 0, 2, 1], "texture": "#2"},
				"east": {"uv": [0, 0, 1, 1], "texture": "#2"},
				"south": {"uv": [0, 0, 2, 1], "texture": "#2"},
				"west": {"uv": [0, 0, 1, 1], "texture": "#2"},
				"up": {"uv": [0, 0, 2, 1], "texture": "#2"},
				"down": {"uv": [0, 0, 2, 1], "texture": "#2"}
			}
		},
		{
			"from": [7.6, 0, 11.6],
			"to": [9.6, 1, 12.6],
			"rotation": {"angle": 22.5, "axis": "y", "origin": [9, 0.5, 12.5]},
			"faces": {
				"north": {"uv": [0, 0, 2, 1], "texture": "#2"},
				"east": {"uv": [0, 0, 1, 1], "texture": "#2"},
				"south": {"uv": [0, 0, 2, 1], "texture": "#2"},
				"west": {"uv": [0, 0, 1, 1], "texture": "#2"},
				"up": {"uv": [0, 0, 2, 1], "texture": "#2"},
				"down": {"uv": [0, 0, 2, 1], "texture": "#2"}
			}
		},
		{
			"from": [8.4, 1, 11],
			"to": [9.4, 4, 12],
			"rotation": {"angle": 22.5, "axis": "z", "origin": [9.5, 2, 4.5]},
			"faces": {
				"north": {"uv": [0, 0, 1, 3], "texture": "#2"},
				"east": {"uv": [0, 0, 1, 3], "texture": "#2"},
				"south": {"uv": [0, 0, 1, 3], "texture": "#2"},
				"west": {"uv": [0, 0, 1, 3], "texture": "#2"},
				"up": {"uv": [0, 0, 1, 1], "texture": "#2"},
				"down": {"uv": [0, 0, 1, 1], "texture": "#2"}
			}
		},
		{
			"from": [7.7, 3, 10.5],
			"to": [11.7, 4, 12.5],
			"faces": {
				"north": {"uv": [0, 0, 4, 1], "texture": "#2"},
				"east": {"uv": [0, 0, 2, 1], "texture": "#2"},
				"south": {"uv": [0, 0, 4, 1], "texture": "#2"},
				"west": {"uv": [0, 0, 2, 1], "texture": "#2"},
				"up": {"uv": [0, 0, 4, 2], "texture": "#2"},
				"down": {"uv": [0, 0, 4, 2], "texture": "#2"}
			}
		},
		{
			"from": [7, 2, 5.5],
			"to": [12, 5, 10.5],
			"rotation": {"angle": 22.5, "axis": "z", "origin": [8.6, 9.7375, 8]},
			"faces": {
				"north": {"uv": [0, 0, 5, 3], "texture": "#2"},
				"east": {"uv": [0, 0, 5, 3], "texture": "#2"},
				"south": {"uv": [0, 0, 5, 3], "texture": "#2"},
				"west": {"uv": [0, 0, 16, 16], "texture": "#4"},
				"up": {"uv": [0, 0, 5, 5], "texture": "#2"},
				"down": {"uv": [0, 0, 5, 5], "texture": "#2"}
			}
		},
		{
			"from": [7.1, 5, 5.6],
			"to": [11.9, 7.6, 10.4],
			"rotation": {"angle": 22.5, "axis": "z", "origin": [8.6, 9.7375, 8]},
			"faces": {
				"north": {"uv": [5, 0, 10, 3], "texture": "#2"},
				"east": {"uv": [5, 3, 10, 6], "texture": "#2"},
				"south": {"uv": [5, 6, 10, 9], "texture": "#2"},
				"west": {"uv": [5, 9, 16, 16], "texture": "#4"},
				"up": {"uv": [5, 5, 0, 0], "texture": "#2"},
				"down": {"uv": [5, 5, 0, 10], "texture": "#2"}
			}
		},
		{
			"from": [7.2, 7.6, 5.7],
			"to": [11.8, 9.8, 10.3],
			"rotation": {"angle": 22.5, "axis": "z", "origin": [8.6, 9.7375, 8]},
			"faces": {
				"north": {"uv": [0, 0, 4.6, 2.2], "texture": "#2"},
				"east": {"uv": [0, 0, 4.6, 2.2], "texture": "#2"},
				"south": {"uv": [0, 0, 4.6, 2.2], "texture": "#2"},
				"west": {"uv": [0, 0, 16, 16], "texture": "#4"},
				"up": {"uv": [0, 0, 4.6, 4.6], "texture": "#2"},
				"down": {"uv": [0, 0, 4.6, 4.6], "texture": "#2"}
			}
		},
		{
			"from": [7.3, 9.8, 5.8],
			"to": [11.7, 11.6, 10.2],
			"rotation": {"angle": 22.5, "axis": "z", "origin": [8.6, 9.7375, 8]},
			"faces": {
				"north": {"uv": [0, 0, 4.4, 1.8], "texture": "#2"},
				"east": {"uv": [0, 0, 4.4, 1.8], "texture": "#2"},
				"south": {"uv": [0, 0, 4.4, 1.8], "texture": "#2"},
				"west": {"uv": [0, 0, 16, 16], "texture": "#4"},
				"up": {"uv": [0, 0, 4.4, 4.4], "texture": "#2"},
				"down": {"uv": [0, 0, 4.4, 4.4], "texture": "#2"}
			}
		},
		{
			"from": [7.4, 11.6, 5.9],
			"to": [11.6, 13, 10.1],
			"rotation": {"angle": 22.5, "axis": "z", "origin": [8.6, 9.7375, 8]},
			"faces": {
				"north": {"uv": [0, 0, 4.2, 1.4], "texture": "#2"},
				"east": {"uv": [0, 0, 4.2, 1.4], "texture": "#2"},
				"south": {"uv": [0, 0, 4.2, 1.4], "texture": "#2"},
				"west": {"uv": [0, 0, 16, 16], "texture": "#4"},
				"up": {"uv": [0, 0, 4.2, 4.2], "texture": "#2"},
				"down": {"uv": [0, 0, 4.2, 4.2], "texture": "#2"}
			}
		},
		{
			"from": [7.5, 13, 6],
			"to": [11.5, 14, 10],
			"rotation": {"angle": 22.5, "axis": "z", "origin": [8.6, 9.7375, 8]},
			"faces": {
				"north": {"uv": [0, 0, 4, 1], "texture": "#2"},
				"east": {"uv": [0, 0, 4, 1], "texture": "#2"},
				"south": {"uv": [0, 0, 4, 1], "texture": "#2"},
				"west": {"uv": [0, 0, 16, 16], "texture": "#4"},
				"up": {"uv": [0, 0, 4, 4], "texture": "#2"},
				"down": {"uv": [0, 0, 4, 4], "texture": "#2"}
			}
		},
		{
			"from": [8.5, 14, 7],
			"to": [10.5, 15, 9],
			"rotation": {"angle": 22.5, "axis": "z", "origin": [8.6, 9.7375, 8]},
			"faces": {
				"north": {"uv": [0, 0, 2, 1], "texture": "#2"},
				"east": {"uv": [0, 0, 2, 1], "texture": "#2"},
				"south": {"uv": [0, 0, 2, 1], "texture": "#2"},
				"west": {"uv": [0, 0, 2, 1], "texture": "#2"},
				"up": {"uv": [0, 0, 2, 2], "texture": "#2"},
				"down": {"uv": [0, 0, 2, 2], "texture": "#2"}
			}
		},
		{
			"from": [10.36073, 13.85276, 7],
			"to": [12.36073, 14.85276, 9],
			"rotation": {"angle": 45, "axis": "z", "origin": [8.6, 9.7375, 8]},
			"faces": {
				"north": {"uv": [0, 0, 2, 1], "texture": "#2"},
				"east": {"uv": [0, 0, 2, 1], "texture": "#2"},
				"south": {"uv": [0, 0, 2, 1], "texture": "#2"},
				"west": {"uv": [0, 0, 2, 1], "texture": "#2"},
				"up": {"uv": [0, 0, 2, 2], "texture": "#2"},
				"down": {"uv": [0, 0, 2, 2], "texture": "#2"}
			}
		},
		{
			"from": [4.29489, 13.16038, 7],
			"to": [5.29489, 15.16038, 9],
			"rotation": {"angle": -22.5, "axis": "z", "origin": [8.6, 9.7375, 8]},
			"faces": {
				"north": {"uv": [0, 0, 2, 1], "rotation": 90, "texture": "#2"},
				"east": {"uv": [0, 0, 2, 2], "rotation": 270, "texture": "#2"},
				"south": {"uv": [0, 0, 2, 1], "rotation": 270, "texture": "#2"},
				"west": {"uv": [0, 0, 2, 2], "rotation": 270, "texture": "#2"},
				"up": {"uv": [0, 0, 2, 1], "rotation": 270, "texture": "#2"},
				"down": {"uv": [0, 0, 2, 1], "rotation": 270, "texture": "#2"}
			}
		},
		{
			"from": [4.68674, 14.38925, 7],
			"to": [6.68674, 16.38925, 9],
			"rotation": {"angle": 0, "axis": "z", "origin": [8.6, 9.7375, 8]},
			"faces": {
				"north": {"uv": [0, 0, 2, 2], "rotation": 90, "texture": "#2"},
				"east": {"uv": [0, 0, 2, 2], "rotation": 270, "texture": "#2"},
				"south": {"uv": [0, 0, 2, 2], "rotation": 270, "texture": "#2"},
				"west": {"uv": [0, 0, 2, 2], "rotation": 270, "texture": "#2"},
				"up": {"uv": [0, 0, 2, 2], "rotation": 270, "texture": "#2"},
				"down": {"uv": [0, 0, 2, 2], "rotation": 270, "texture": "#2"}
			}
		},
		{
			"from": [11.4, 0.95, 5.75],
			"to": [15.9, 3.55, 10.25],
			"rotation": {"angle": 45, "axis": "z", "origin": [12.73556, 1.45191, 7.75]},
			"faces": {
				"north": {"uv": [0, 0, 4.5, 2.6], "texture": "#2"},
				"east": {"uv": [0, 0, 4.5, 2.6], "texture": "#2"},
				"south": {"uv": [0, 0, 4.5, 2.6], "texture": "#2"},
				"west": {"uv": [0, 0, 4.5, 2.6], "texture": "#4"},
				"up": {"uv": [0, 0, 4.5, 4.5], "texture": "#2"},
				"down": {"uv": [0, 0, 4.5, 4.5], "texture": "#2"}
			}
		},
		{
			"from": [12.8, 0.2, 6],
			"to": [15.4, 4.2, 10],
			"rotation": {"angle": -22.5, "axis": "z", "origin": [12.73556, 1.45191, 7.75]},
			"faces": {
				"north": {"uv": [0, 0, 4, 2.6], "rotation": 90, "texture": "#2"},
				"east": {"uv": [0, 0, 4, 4], "rotation": 270, "texture": "#2"},
				"south": {"uv": [0, 0, 4, 2.6], "rotation": 270, "texture": "#2"},
				"west": {"uv": [0, 0, 4, 4], "rotation": 270, "texture": "#2"},
				"up": {"uv": [0, 0, 4, 2.6], "rotation": 270, "texture": "#2"},
				"down": {"uv": [0, 0, 4, 2.6], "rotation": 270, "texture": "#4"}
			}
		},
		{
			"from": [14.8, -0.6, 6.25],
			"to": [17, 2.9, 9.75],
			"rotation": {"angle": 0, "axis": "z", "origin": [12.73556, 1.45191, 7.75]},
			"faces": {
				"north": {"uv": [0, 0, 3.5, 2.2], "rotation": 90, "texture": "#2"},
				"east": {"uv": [0, 0, 3.5, 3.5], "rotation": 270, "texture": "#2"},
				"south": {"uv": [0, 0, 3.5, 2.2], "rotation": 270, "texture": "#2"},
				"west": {"uv": [0, 0, 3.5, 3.5], "rotation": 270, "texture": "#2"},
				"up": {"uv": [0, 0, 3.5, 2.2], "rotation": 270, "texture": "#2"},
				"down": {"uv": [0, 0, 3.5, 2.2], "rotation": 270, "texture": "#4"}
			}
		},
		{
			"from": [17, -0.35, 6.5],
			"to": [18.8, 2.65, 9.5],
			"rotation": {"angle": 0, "axis": "z", "origin": [12.73556, 1.45191, 7.75]},
			"faces": {
				"north": {"uv": [0, 0, 3, 1.8], "rotation": 90, "texture": "#2"},
				"east": {"uv": [0, 0, 3, 3], "rotation": 270, "texture": "#2"},
				"south": {"uv": [0, 0, 3, 1.8], "rotation": 270, "texture": "#2"},
				"west": {"uv": [0, 0, 3, 3], "rotation": 270, "texture": "#2"},
				"up": {"uv": [0, 0, 3, 1.8], "rotation": 270, "texture": "#2"},
				"down": {"uv": [0, 0, 3, 1.8], "rotation": 270, "texture": "#4"}
			}
		},
		{
			"from": [18.8, -0.1, 6.75],
			"to": [20.2, 2.4, 9.25],
			"rotation": {"angle": 0, "axis": "z", "origin": [12.73556, 1.45191, 7.75]},
			"faces": {
				"north": {"uv": [0, 0, 2.5, 1.4], "rotation": 90, "texture": "#2"},
				"east": {"uv": [0, 0, 2.5, 2.5], "rotation": 270, "texture": "#2"},
				"south": {"uv": [0, 0, 2.5, 1.4], "rotation": 270, "texture": "#2"},
				"west": {"uv": [0, 0, 2.5, 2.5], "rotation": 270, "texture": "#2"},
				"up": {"uv": [0, 0, 2.5, 1.4], "rotation": 270, "texture": "#2"},
				"down": {"uv": [0, 0, 2.5, 1.4], "rotation": 270, "texture": "#4"}
			}
		},
		{
			"from": [19.9, 0.5, 6.87],
			"to": [21.1, 2.75, 9.12],
			"rotation": {"angle": 22.5, "axis": "z", "origin": [21.4, 1.025, 7.875]},
			"faces": {
				"north": {"uv": [0, 0, 2.25, 1.2], "rotation": 90, "texture": "#2"},
				"east": {"uv": [0, 0, 2.25, 2.25], "rotation": 270, "texture": "#2"},
				"south": {"uv": [0, 0, 2.25, 1.2], "rotation": 270, "texture": "#2"},
				"west": {"uv": [0, 0, 2.25, 2.25], "rotation": 270, "texture": "#2"},
				"up": {"uv": [0, 0, 2.25, 1.2], "rotation": 270, "texture": "#2"},
				"down": {"uv": [0, 0, 2.25, 1.2], "rotation": 270, "texture": "#4"}
			}
		},
		{
			"from": [20.45, 0.9, 6.99],
			"to": [21.45, 2.9, 8.99],
			"rotation": {"angle": 45, "axis": "z", "origin": [21.45712, 1.67104, 7.975]},
			"faces": {
				"north": {"uv": [0, 0, 2, 1], "rotation": 90, "texture": "#2"},
				"east": {"uv": [0, 0, 2, 2], "rotation": 270, "texture": "#2"},
				"south": {"uv": [0, 0, 2, 1], "rotation": 270, "texture": "#2"},
				"west": {"uv": [0, 0, 2, 2], "rotation": 270, "texture": "#2"},
				"up": {"uv": [0, 0, 2, 1], "rotation": 270, "texture": "#2"},
				"down": {"uv": [0, 0, 2, 1], "rotation": 270, "texture": "#4"}
			}
		},
		{
			"from": [20.4, 1.4, 7.12],
			"to": [22.15, 2.2, 8.87],
			"rotation": {"angle": -22.5, "axis": "z", "origin": [21.45712, 1.67104, 7.975]},
			"faces": {
				"north": {"uv": [0, 0, 1.75, 0.8], "rotation": 180, "texture": "#2"},
				"east": {"uv": [0, 0, 1.75, 0.8], "rotation": 180, "texture": "#4"},
				"south": {"uv": [0, 0, 1.75, 0.8], "rotation": 180, "texture": "#2"},
				"west": {"uv": [0, 0, 1.75, 0.8], "rotation": 180, "texture": "#2"},
				"up": {"uv": [0, 0, 1.75, 1.75], "rotation": 180, "texture": "#2"},
				"down": {"uv": [0, 0, 1.75, 1.75], "rotation": 180, "texture": "#2"}
			}
		},
		{
			"from": [20.75, 1.9, 7.25],
			"to": [22.25, 2.5, 8.75],
			"rotation": {"angle": 0, "axis": "z", "origin": [21.45712, 1.67104, 7.975]},
			"faces": {
				"north": {"uv": [0, 0, 1.5, 0.6], "rotation": 180, "texture": "#2"},
				"east": {"uv": [0, 0, 1.5, 0.6], "rotation": 180, "texture": "#4"},
				"south": {"uv": [0, 0, 1.5, 0.6], "rotation": 180, "texture": "#2"},
				"west": {"uv": [0, 0, 1.5, 0.6], "rotation": 180, "texture": "#2"},
				"up": {"uv": [0, 0, 1.5, 1.5], "rotation": 180, "texture": "#2"},
				"down": {"uv": [0, 0, 1.5, 1.5], "rotation": 180, "texture": "#2"}
			}
		},
		{
			"from": [20.9, 2.5, 7.35],
			"to": [22.2, 3, 8.65],
			"rotation": {"angle": 0, "axis": "z", "origin": [21.45712, 1.67104, 7.975]},
			"faces": {
				"north": {"uv": [0, 0, 1.3, 0.5], "rotation": 180, "texture": "#2"},
				"east": {"uv": [0, 0, 1.3, 0.5], "rotation": 180, "texture": "#4"},
				"south": {"uv": [0, 0, 1.3, 0.5], "rotation": 180, "texture": "#2"},
				"west": {"uv": [0, 0, 1.3, 0.5], "rotation": 180, "texture": "#2"},
				"up": {"uv": [0, 0, 1.3, 1.3], "rotation": 180, "texture": "#2"},
				"down": {"uv": [0, 0, 1.3, 1.3], "rotation": 180, "texture": "#2"}
			}
		},
		{
			"from": [21, 3, 7.45],
			"to": [22.1, 3.5, 8.55],
			"rotation": {"angle": 0, "axis": "z", "origin": [21.45712, 1.67104, 7.975]},
			"faces": {
				"north": {"uv": [0, 0, 1.1, 0.5], "rotation": 180, "texture": "#2"},
				"east": {"uv": [0, 0, 1.1, 0.5], "rotation": 180, "texture": "#4"},
				"south": {"uv": [0, 0, 1.1, 0.5], "rotation": 180, "texture": "#2"},
				"west": {"uv": [0, 0, 1.1, 0.5], "rotation": 180, "texture": "#2"},
				"up": {"uv": [0, 0, 1.1, 1.1], "rotation": 180, "texture": "#2"},
				"down": {"uv": [0, 0, 1.1, 1.1], "rotation": 180, "texture": "#2"}
			}
		},
		{
			"from": [21.1, 3.5, 7.55],
			"to": [22, 3.9, 8.45],
			"rotation": {"angle": 0, "axis": "z", "origin": [21.45712, 1.67104, 7.975]},
			"faces": {
				"north": {"uv": [0, 0, 0.9, 0.4], "rotation": 180, "texture": "#2"},
				"east": {"uv": [0, 0, 0.9, 0.4], "rotation": 180, "texture": "#4"},
				"south": {"uv": [0, 0, 0.9, 0.4], "rotation": 180, "texture": "#2"},
				"west": {"uv": [0, 0, 0.9, 0.4], "rotation": 180, "texture": "#2"},
				"up": {"uv": [0, 0, 0.9, 0.9], "rotation": 180, "texture": "#2"},
				"down": {"uv": [0, 0, 0.9, 0.9], "rotation": 180, "texture": "#2"}
			}
		},
		{
			"from": [21.2, 3.9, 7.65],
			"to": [21.9, 4.3, 8.35],
			"rotation": {"angle": 0, "axis": "z", "origin": [21.45712, 1.67104, 7.975]},
			"faces": {
				"north": {"uv": [0, 0, 0.7, 0.4], "rotation": 180, "texture": "#2"},
				"east": {"uv": [0, 0, 0.7, 0.4], "rotation": 180, "texture": "#4"},
				"south": {"uv": [0, 0, 0.7, 0.4], "rotation": 180, "texture": "#2"},
				"west": {"uv": [0, 0, 0.7, 0.4], "rotation": 180, "texture": "#2"},
				"up": {"uv": [0, 0, 0.7, 0.7], "rotation": 180, "texture": "#2"},
				"down": {"uv": [0, 0, 0.7, 0.7], "rotation": 180, "texture": "#2"}
			}
		},
		{
			"from": [21.3, 4.3, 7.75],
			"to": [21.8, 4.6, 8.25],
			"rotation": {"angle": 0, "axis": "z", "origin": [21.45712, 1.67104, 7.975]},
			"faces": {
				"north": {"uv": [0, 0, 0.5, 0.3], "rotation": 180, "texture": "#2"},
				"east": {"uv": [0, 0, 0.5, 0.3], "rotation": 180, "texture": "#4"},
				"south": {"uv": [0, 0, 0.5, 0.3], "rotation": 180, "texture": "#2"},
				"west": {"uv": [0, 0, 0.5, 0.3], "rotation": 180, "texture": "#2"},
				"up": {"uv": [0, 0, 0.5, 0.5], "rotation": 180, "texture": "#2"},
				"down": {"uv": [0, 0, 0.5, 0.5], "rotation": 180, "texture": "#2"}
			}
		},
		{
			"from": [7.2, 10.1, 10.2],
			"to": [7.95, 10.85, 10.55],
			"rotation": {"angle": 0, "axis": "y", "origin": [-0.7, 0, 7.9]},
			"faces": {
				"north": {"uv": [0, 0, 0.75, 0.75], "texture": "#2"},
				"east": {"uv": [0, 0, 0.35, 0.75], "texture": "#2"},
				"south": {"uv": [0, 0, 0.75, 0.75], "texture": "#2"},
				"west": {"uv": [0, 0, 0.35, 0.75], "texture": "#2"},
				"up": {"uv": [0, 0, 0.75, 0.35], "texture": "#2"},
				"down": {"uv": [0, 0, 0.75, 0.35], "texture": "#2"}
			}
		},
		{
			"from": [6.5, 10, 10.55],
			"to": [8, 11, 11.55],
			"rotation": {"angle": 0, "axis": "y", "origin": [-0.2, 0.1, 8.75]},
			"faces": {
				"north": {"uv": [0, 0, 1.5, 1], "texture": "#2"},
				"east": {"uv": [0, 0, 1, 1], "texture": "#2"},
				"south": {"uv": [0, 0, 1.5, 1], "texture": "#2"},
				"west": {"uv": [0, 0, 1, 1], "texture": "#2"},
				"up": {"uv": [0, 0, 1.5, 1], "texture": "#2"},
				"down": {"uv": [0, 0, 1.5, 1], "texture": "#2"}
			}
		},
		{
			"from": [6, 10.9, 10.55],
			"to": [7, 11.4, 10.85],
			"rotation": {"angle": -22.5, "axis": "z", "origin": [6, 11.25, 10.5]},
			"faces": {
				"north": {"uv": [0, 0, 1, 0.5], "texture": "#2"},
				"east": {"uv": [0, 0, 0.3, 0.5], "texture": "#2"},
				"south": {"uv": [0, 0, 1, 0.5], "texture": "#2"},
				"west": {"uv": [0, 0, 0.3, 0.5], "texture": "#2"},
				"up": {"uv": [0, 0, 1, 0.3], "texture": "#2"},
				"down": {"uv": [0, 0, 1, 0.3], "texture": "#2"}
			}
		},
		{
			"from": [5.6, 11.05, 10.6],
			"to": [6.1, 11.3, 10.8],
			"rotation": {"angle": 22.5, "axis": "z", "origin": [6, 11.25, 10.5]},
			"faces": {
				"north": {"uv": [0, 0, 0.5, 0.25], "texture": "#6"},
				"east": {"uv": [0, 0, 0.2, 0.25], "texture": "#6"},
				"south": {"uv": [0, 0, 0.5, 0.25], "texture": "#6"},
				"west": {"uv": [0, 0, 0.2, 0.25], "texture": "#6"},
				"up": {"uv": [0, 0, 0.5, 0.2], "texture": "#6"},
				"down": {"uv": [0, 0, 0.5, 0.2], "texture": "#6"}
			}
		},
		{
			"from": [6, 10.9, 10.9],
			"to": [7, 11.4, 11.2],
			"rotation": {"angle": -22.5, "axis": "z", "origin": [6, 11.25, 10.9]},
			"faces": {
				"north": {"uv": [0, 0, 1, 0.5], "texture": "#2"},
				"east": {"uv": [0, 0, 0.3, 0.5], "texture": "#2"},
				"south": {"uv": [0, 0, 1, 0.5], "texture": "#2"},
				"west": {"uv": [0, 0, 0.3, 0.5], "texture": "#2"},
				"up": {"uv": [0, 0, 1, 0.3], "texture": "#2"},
				"down": {"uv": [0, 0, 1, 0.3], "texture": "#2"}
			}
		},
		{
			"from": [5.6, 11.05, 10.95],
			"to": [6.1, 11.3, 11.15],
			"rotation": {"angle": 22.5, "axis": "z", "origin": [6, 11.25, 10.9]},
			"faces": {
				"north": {"uv": [0, 0, 0.5, 0.25], "texture": "#6"},
				"east": {"uv": [0, 0, 0.2, 0.25], "texture": "#6"},
				"south": {"uv": [0, 0, 0.5, 0.25], "texture": "#6"},
				"west": {"uv": [0, 0, 0.2, 0.25], "texture": "#6"},
				"up": {"uv": [0, 0, 0.5, 0.2], "texture": "#6"},
				"down": {"uv": [0, 0, 0.5, 0.2], "texture": "#6"}
			}
		},
		{
			"from": [6, 10.9, 11.25],
			"to": [7, 11.4, 11.55],
			"rotation": {"angle": -22.5, "axis": "z", "origin": [6, 11.25, 11.2]},
			"faces": {
				"north": {"uv": [0, 0, 1, 0.5], "texture": "#2"},
				"east": {"uv": [0, 0, 0.3, 0.5], "texture": "#2"},
				"south": {"uv": [0, 0, 1, 0.5], "texture": "#2"},
				"west": {"uv": [0, 0, 0.3, 0.5], "texture": "#2"},
				"up": {"uv": [0, 0, 1, 0.3], "texture": "#2"},
				"down": {"uv": [0, 0, 1, 0.3], "texture": "#2"}
			}
		},
		{
			"from": [5.6, 11.05, 11.3],
			"to": [6.1, 11.3, 11.5],
			"rotation": {"angle": 22.5, "axis": "z", "origin": [6, 11.25, 11.2]},
			"faces": {
				"north": {"uv": [0, 0, 0.5, 0.25], "texture": "#6"},
				"east": {"uv": [0, 0, 0.2, 0.25], "texture": "#6"},
				"south": {"uv": [0, 0, 0.5, 0.25], "texture": "#6"},
				"west": {"uv": [0, 0, 0.2, 0.25], "texture": "#6"},
				"up": {"uv": [0, 0, 0.5, 0.2], "texture": "#6"},
				"down": {"uv": [0, 0, 0.5, 0.2], "texture": "#6"}
			}
		},
		{
			"from": [5.5, 9.9, 10.9],
			"to": [6.5, 10.4, 11.2],
			"rotation": {"angle": 22.5, "axis": "z", "origin": [6, 11.25, 10.5]},
			"faces": {
				"north": {"uv": [0, 0, 1, 0.5], "texture": "#2"},
				"east": {"uv": [0, 0, 0.3, 0.5], "texture": "#2"},
				"south": {"uv": [0, 0, 1, 0.5], "texture": "#2"},
				"west": {"uv": [0, 0, 0.3, 0.5], "texture": "#2"},
				"up": {"uv": [0, 0, 1, 0.3], "texture": "#2"},
				"down": {"uv": [0, 0, 1, 0.3], "texture": "#2"}
			}
		},
		{
			"from": [6.1, 10, 10.95],
			"to": [6.6, 10.25, 11.15],
			"rotation": {"angle": -22.5, "axis": "z", "origin": [6, 11.25, 10.9]},
			"faces": {
				"north": {"uv": [0, 0, 0.5, 0.25], "texture": "#6"},
				"east": {"uv": [0, 0, 0.2, 0.25], "texture": "#6"},
				"south": {"uv": [0, 0, 0.5, 0.25], "texture": "#6"},
				"west": {"uv": [0, 0, 0.2, 0.25], "texture": "#6"},
				"up": {"uv": [0, 0, 0.5, 0.2], "texture": "#6"},
				"down": {"uv": [0, 0, 0.5, 0.2], "texture": "#6"}
			}
		},
		{
			"from": [7.2, 10.1, 5.5],
			"to": [7.95, 10.85, 5.85],
			"rotation": {"angle": 0, "axis": "y", "origin": [-0.7, 0, 1.8]},
			"faces": {
				"north": {"uv": [0, 0, 0.75, 0.75], "texture": "#2"},
				"east": {"uv": [0, 0, 0.35, 0.75], "texture": "#2"},
				"south": {"uv": [0, 0, 0.75, 0.75], "texture": "#2"},
				"west": {"uv": [0, 0, 0.35, 0.75], "texture": "#2"},
				"up": {"uv": [0, 0, 0.75, 0.35], "texture": "#2"},
				"down": {"uv": [0, 0, 0.75, 0.35], "texture": "#2"}
			}
		},
		{
			"from": [6.5, 10, 4.55],
			"to": [8, 11, 5.55],
			"rotation": {"angle": 0, "axis": "y", "origin": [-0.2, 0.1, 2.75]},
			"faces": {
				"north": {"uv": [0, 0, 1.5, 1], "texture": "#2"},
				"east": {"uv": [0, 0, 1, 1], "texture": "#2"},
				"south": {"uv": [0, 0, 1.5, 1], "texture": "#2"},
				"west": {"uv": [0, 0, 1, 1], "texture": "#2"},
				"up": {"uv": [0, 0, 1.5, 1], "texture": "#2"},
				"down": {"uv": [0, 0, 1.5, 1], "texture": "#2"}
			}
		},
		{
			"from": [6, 10.9, 4.55],
			"to": [7, 11.4, 4.85],
			"rotation": {"angle": -22.5, "axis": "z", "origin": [6, 11.25, 4.5]},
			"faces": {
				"north": {"uv": [0, 0, 1, 0.5], "texture": "#2"},
				"east": {"uv": [0, 0, 0.3, 0.5], "texture": "#2"},
				"south": {"uv": [0, 0, 1, 0.5], "texture": "#2"},
				"west": {"uv": [0, 0, 0.3, 0.5], "texture": "#2"},
				"up": {"uv": [0, 0, 1, 0.3], "texture": "#2"},
				"down": {"uv": [0, 0, 1, 0.3], "texture": "#2"}
			}
		},
		{
			"from": [5.6, 11.05, 4.6],
			"to": [6.1, 11.3, 4.8],
			"rotation": {"angle": 22.5, "axis": "z", "origin": [6, 11.25, 4.5]},
			"faces": {
				"north": {"uv": [0, 0, 0.5, 0.25], "texture": "#6"},
				"east": {"uv": [0, 0, 0.2, 0.25], "texture": "#6"},
				"south": {"uv": [0, 0, 0.5, 0.25], "texture": "#6"},
				"west": {"uv": [0, 0, 0.2, 0.25], "texture": "#6"},
				"up": {"uv": [0, 0, 0.5, 0.2], "texture": "#6"},
				"down": {"uv": [0, 0, 0.5, 0.2], "texture": "#6"}
			}
		},
		{
			"from": [6, 10.9, 4.9],
			"to": [7, 11.4, 5.2],
			"rotation": {"angle": -22.5, "axis": "z", "origin": [6, 11.25, 4.9]},
			"faces": {
				"north": {"uv": [0, 0, 1, 0.5], "texture": "#2"},
				"east": {"uv": [0, 0, 0.3, 0.5], "texture": "#2"},
				"south": {"uv": [0, 0, 1, 0.5], "texture": "#2"},
				"west": {"uv": [0, 0, 0.3, 0.5], "texture": "#2"},
				"up": {"uv": [0, 0, 1, 0.3], "texture": "#2"},
				"down": {"uv": [0, 0, 1, 0.3], "texture": "#2"}
			}
		},
		{
			"from": [5.6, 11.05, 4.95],
			"to": [6.1, 11.3, 5.15],
			"rotation": {"angle": 22.5, "axis": "z", "origin": [6, 11.25, 4.9]},
			"faces": {
				"north": {"uv": [0, 0, 0.5, 0.25], "texture": "#6"},
				"east": {"uv": [0, 0, 0.2, 0.25], "texture": "#6"},
				"south": {"uv": [0, 0, 0.5, 0.25], "texture": "#6"},
				"west": {"uv": [0, 0, 0.2, 0.25], "texture": "#6"},
				"up": {"uv": [0, 0, 0.5, 0.2], "texture": "#6"},
				"down": {"uv": [0, 0, 0.5, 0.2], "texture": "#6"}
			}
		},
		{
			"from": [6, 10.9, 5.25],
			"to": [7, 11.4, 5.55],
			"rotation": {"angle": -22.5, "axis": "z", "origin": [6, 11.25, 5.2]},
			"faces": {
				"north": {"uv": [0, 0, 1, 0.5], "texture": "#2"},
				"east": {"uv": [0, 0, 0.3, 0.5], "texture": "#2"},
				"south": {"uv": [0, 0, 1, 0.5], "texture": "#2"},
				"west": {"uv": [0, 0, 0.3, 0.5], "texture": "#2"},
				"up": {"uv": [0, 0, 1, 0.3], "texture": "#2"},
				"down": {"uv": [0, 0, 1, 0.3], "texture": "#2"}
			}
		},
		{
			"from": [5.6, 11.05, 5.3],
			"to": [6.1, 11.3, 5.5],
			"rotation": {"angle": 22.5, "axis": "z", "origin": [6, 11.25, 5.2]},
			"faces": {
				"north": {"uv": [0, 0, 0.5, 0.25], "texture": "#6"},
				"east": {"uv": [0, 0, 0.2, 0.25], "texture": "#6"},
				"south": {"uv": [0, 0, 0.5, 0.25], "texture": "#6"},
				"west": {"uv": [0, 0, 0.2, 0.25], "texture": "#6"},
				"up": {"uv": [0, 0, 0.5, 0.2], "texture": "#6"},
				"down": {"uv": [0, 0, 0.5, 0.2], "texture": "#6"}
			}
		},
		{
			"from": [5.5, 9.9, 4.9],
			"to": [6.5, 10.4, 5.2],
			"rotation": {"angle": 22.5, "axis": "z", "origin": [6, 11.25, 4.5]},
			"faces": {
				"north": {"uv": [0, 0, 1, 0.5], "texture": "#2"},
				"east": {"uv": [0, 0, 0.3, 0.5], "texture": "#2"},
				"south": {"uv": [0, 0, 1, 0.5], "texture": "#2"},
				"west": {"uv": [0, 0, 0.3, 0.5], "texture": "#2"},
				"up": {"uv": [0, 0, 1, 0.3], "texture": "#2"},
				"down": {"uv": [0, 0, 1, 0.3], "texture": "#2"}
			}
		},
		{
			"from": [6.1, 10, 4.95],
			"to": [6.6, 10.25, 5.15],
			"rotation": {"angle": -22.5, "axis": "z", "origin": [6, 11.25, 4.9]},
			"faces": {
				"north": {"uv": [0, 0, 0.5, 0.25], "texture": "#6"},
				"east": {"uv": [0, 0, 0.2, 0.25], "texture": "#6"},
				"south": {"uv": [0, 0, 0.5, 0.25], "texture": "#6"},
				"west": {"uv": [0, 0, 0.2, 0.25], "texture": "#6"},
				"up": {"uv": [0, 0, 0.5, 0.2], "texture": "#6"},
				"down": {"uv": [0, 0, 0.5, 0.2], "texture": "#6"}
			}
		},
		{
			"from": [11, 10.1, 9.5],
			"to": [11.5, 12.1, 10],
			"rotation": {"angle": -45, "axis": "z", "origin": [12.5, 11, 9.5]},
			"faces": {
				"north": {"uv": [0, 0, 0.5, 2], "texture": "#6"},
				"east": {"uv": [0, 0, 0.5, 2], "texture": "#6"},
				"south": {"uv": [0, 0, 0.5, 2], "texture": "#6"},
				"west": {"uv": [0, 0, 0.5, 2], "texture": "#6"},
				"up": {"uv": [0, 0, 0.5, 0.5], "texture": "#6"},
				"down": {"uv": [0, 0, 0.5, 0.5], "texture": "#6"}
			}
		},
		{
			"from": [12.1, 12.4, 8.9],
			"to": [12.6, 17.4, 9.4],
			"rotation": {"angle": 22.5, "axis": "x", "origin": [12.5, 11, 9.5]},
			"faces": {
				"north": {"uv": [0, 0, 0.5, 5], "texture": "#6"},
				"east": {"uv": [0, 0, 0.5, 5], "texture": "#6"},
				"south": {"uv": [0, 0, 0.5, 5], "texture": "#6"},
				"west": {"uv": [0, 0, 0.5, 5], "texture": "#6"},
				"up": {"uv": [0, 0, 0.5, 0.5], "texture": "#6"},
				"down": {"uv": [0, 0, 0.5, 0.5], "texture": "#6"}
			}
		},
		{
			"from": [12.1, 16.6, 6.45],
			"to": [12.6, 17.1, 16.45],
			"rotation": {"angle": 45, "axis": "x", "origin": [12.5, 11, 9.5]},
			"faces": {
				"north": {"uv": [2, 2, 3, 3], "texture": "#6"},
				"east": {"uv": [0, 0, 10, 1], "texture": "#6"},
				"south": {"uv": [2, 3, 3, 4], "texture": "#6"},
				"west": {"uv": [0, 1, 10, 2], "texture": "#6"},
				"up": {"uv": [1, 12, 0, 2], "texture": "#6"},
				"down": {"uv": [2, 2, 1, 12], "texture": "#6"}
			}
		},
		{
			"from": [12.1, 6, 14.1],
			"to": [12.6, 14.5, 14.6],
			"rotation": {"angle": -22.5, "axis": "x", "origin": [12.5, 11, 9.5]},
			"faces": {
				"north": {"uv": [0, 0, 0.5, 8.5], "texture": "#6"},
				"east": {"uv": [0, 0, 0.5, 8.5], "texture": "#6"},
				"south": {"uv": [0, 0, 0.5, 8.5], "texture": "#6"},
				"west": {"uv": [0, 0, 0.5, 8.5], "texture": "#6"},
				"up": {"uv": [0, 0, 0.5, 0.5], "rotation": 90, "texture": "#6"},
				"down": {"uv": [0, 0, 0.5, 0.5], "rotation": 270, "texture": "#6"}
			}
		},
		{
			"from": [12.1, 8, 12.1],
			"to": [12.6, 16.5, 12.6],
			"rotation": {"angle": 0, "axis": "x", "origin": [12.5, 11, 9.5]},
			"faces": {
				"north": {"uv": [0, 0, 0.5, 8.5], "texture": "#6"},
				"east": {"uv": [0, 0, 0.5, 8.5], "texture": "#6"},
				"south": {"uv": [0, 0, 0.5, 8.5], "texture": "#6"},
				"west": {"uv": [0, 0, 0.5, 8.5], "texture": "#6"},
				"up": {"uv": [0, 0, 0.5, 0.5], "rotation": 90, "texture": "#6"},
				"down": {"uv": [0, 0, 0.5, 0.5], "rotation": 270, "texture": "#6"}
			}
		},
		{
			"from": [11, 10.1, 6],
			"to": [11.5, 12.1, 6.5],
			"rotation": {"angle": -45, "axis": "z", "origin": [12.5, 11, 6]},
			"faces": {
				"north": {"uv": [0, 0, 0.5, 2], "texture": "#6"},
				"east": {"uv": [0, 0, 0.5, 2], "texture": "#6"},
				"south": {"uv": [0, 0, 0.5, 2], "texture": "#6"},
				"west": {"uv": [0, 0, 0.5, 2], "texture": "#6"},
				"up": {"uv": [0, 0, 0.5, 0.5], "texture": "#6"},
				"down": {"uv": [0, 0, 0.5, 0.5], "texture": "#6"}
			}
		},
		{
			"from": [12.1, 12.3, 6.6],
			"to": [12.6, 17.3, 7.1],
			"rotation": {"angle": -22.5, "axis": "x", "origin": [12.5, 11, 6]},
			"faces": {
				"north": {"uv": [0, 0, 0.5, 5], "texture": "#6"},
				"east": {"uv": [0, 0, 0.5, 5], "texture": "#6"},
				"south": {"uv": [0, 0, 0.5, 5], "texture": "#6"},
				"west": {"uv": [0, 0, 0.5, 5], "texture": "#6"},
				"up": {"uv": [0, 0, 0.5, 0.5], "texture": "#6"},
				"down": {"uv": [0, 0, 0.5, 0.5], "texture": "#6"}
			}
		},
		{
			"from": [12.1, 4.5, 0.1],
			"to": [12.6, 14.5, 0.6],
			"rotation": {"angle": 45, "axis": "x", "origin": [12.5, 11, 6]},
			"faces": {
				"north": {"uv": [0, 0, 0.5, 10], "texture": "#6"},
				"east": {"uv": [0, 0, 0.5, 10], "texture": "#6"},
				"south": {"uv": [0, 0, 0.5, 10], "texture": "#6"},
				"west": {"uv": [0, 0, 0.5, 10], "texture": "#6"},
				"up": {"uv": [0, 0, 0.5, 0.5], "rotation": 90, "texture": "#6"},
				"down": {"uv": [0, 0, 0.5, 0.5], "rotation": 270, "texture": "#6"}
			}
		},
		{
			"from": [12.1, 6.4, 1.4],
			"to": [12.6, 14.9, 1.9],
			"rotation": {"angle": 22.5, "axis": "x", "origin": [12.5, 11, 6]},
			"faces": {
				"north": {"uv": [0, 0, 0.5, 8.5], "texture": "#6"},
				"east": {"uv": [0, 0, 0.5, 8.5], "texture": "#6"},
				"south": {"uv": [0, 0, 0.5, 8.5], "texture": "#6"},
				"west": {"uv": [0, 0, 0.5, 8.5], "texture": "#6"},
				"up": {"uv": [0, 0, 0.5, 0.5], "rotation": 90, "texture": "#6"},
				"down": {"uv": [0, 0, 0.5, 0.5], "rotation": 270, "texture": "#6"}
			}
		},
		{
			"from": [12.1, 8.1, 3.2],
			"to": [12.6, 16.6, 3.7],
			"rotation": {"angle": 0, "axis": "x", "origin": [12.5, 11, 6]},
			"faces": {
				"north": {"uv": [0, 0, 0.5, 8.5], "texture": "#6"},
				"east": {"uv": [0, 0, 0.5, 8.5], "texture": "#6"},
				"south": {"uv": [0, 0, 0.5, 8.5], "texture": "#6"},
				"west": {"uv": [0, 0, 0.5, 8.5], "texture": "#6"},
				"up": {"uv": [0, 0, 0.5, 0.5], "rotation": 90, "texture": "#6"},
				"down": {"uv": [0, 0, 0.5, 0.5], "rotation": 270, "texture": "#6"}
			}
		},
		{
			"from": [-0.05, 15.5, 6.5],
			"to": [4.45, 16.5, 9.5],
			"rotation": {"angle": 22.5, "axis": "z", "origin": [2.5, 16.8, 8.05]},
			"faces": {
				"north": {"uv": [4, 0, 8, 1], "texture": "#2"},
				"east": {"uv": [4, 2, 7, 3], "texture": "#2"},
				"south": {"uv": [4, 1, 8, 2], "texture": "#2"},
				"west": {"uv": [4, 3, 7, 4], "texture": "#2"},
				"up": {"uv": [4, 3, 0, 0], "texture": "#2"},
				"down": {"uv": [4, 3, 0, 6], "texture": "#2"}
			}
		},
		{
			"from": [-0.05, 12.7, 6.5],
			"to": [4.25, 13.7, 9.5],
			"rotation": {"angle": 22.5, "axis": "z", "origin": [2.5, 16.8, 8.05]},
			"faces": {
				"north": {"uv": [0, 0, 4.3, 1], "texture": "#2"},
				"east": {"uv": [0, 0, 3, 1], "texture": "#2"},
				"south": {"uv": [0, 0, 4.3, 1], "texture": "#2"},
				"west": {"uv": [0, 0, 3, 1], "texture": "#2"},
				"up": {"uv": [0, 0, 4.3, 3], "texture": "#2"},
				"down": {"uv": [0, 0, 4.3, 3], "texture": "#2"}
			}
		},
		{
			"from": [3.6, 14.2, 6.5],
			"to": [4.6, 16.2, 9.5],
			"rotation": {"angle": 22.5, "axis": "z", "origin": [4.1, 15.3, 8]},
			"faces": {
				"north": {"uv": [0, 0, 1, 2], "texture": "#3"},
				"east": {"uv": [0, 0, 3, 2], "texture": "#3"},
				"south": {"uv": [0, 0, 1, 2], "texture": "#3"},
				"west": {"uv": [0, 0, 3, 2], "texture": "#3"},
				"up": {"uv": [0, 0, 1, 3], "texture": "#3"},
				"down": {"uv": [0, 0, 1, 3], "texture": "#3"}
			}
		},
		{
			"from": [4.2, 14.1, 6.5],
			"to": [5.2, 16.35, 9.5],
			"rotation": {"angle": -22.5, "axis": "z", "origin": [4.1, 15.3, 8]},
			"faces": {
				"north": {"uv": [0, 0, 1, 2.25], "rotation": 180, "texture": "#3"},
				"east": {"uv": [0, 0, 3, 2.25], "rotation": 180, "texture": "#3"},
				"south": {"uv": [0, 0, 1, 2.25], "rotation": 180, "texture": "#3"},
				"west": {"uv": [0, 0, 3, 2.25], "rotation": 180, "texture": "#3"},
				"up": {"uv": [0, 0, 1, 3], "rotation": 180, "texture": "#3"},
				"down": {"uv": [0, 0, 1, 3], "rotation": 180, "texture": "#3"}
			}
		},
		{
			"from": [3.2, 15.4, 6.5],
			"to": [5.2, 16.4, 9.5],
			"rotation": {"angle": -22.5, "axis": "z", "origin": [4.1, 15.3, 8]},
			"faces": {
				"north": {"uv": [0, 4, 2, 5], "texture": "#3"},
				"east": {"uv": [0, 3, 3, 4], "texture": "#3"},
				"south": {"uv": [4, 0, 6, 1], "texture": "#3"},
				"west": {"uv": [3, 3, 6, 4], "texture": "#3"},
				"up": {"uv": [2, 3, 0, 0], "texture": "#3"},
				"down": {"uv": [4, 0, 2, 3], "texture": "#3"}
			}
		},
		{
			"from": [2.45, 14.2, 8.8],
			"to": [2.95, 14.7, 9.3],
			"rotation": {"angle": 22.5, "axis": "z", "origin": [4.1, 15.3, 8]},
			"faces": {
				"north": {"uv": [0, 0, 0.5, 0.5], "texture": "#1"},
				"east": {"uv": [0, 0, 0.5, 0.5], "texture": "#1"},
				"south": {"uv": [0, 0, 0.5, 0.5], "texture": "#1"},
				"west": {"uv": [0, 0, 0.5, 0.5], "texture": "#1"},
				"up": {"uv": [0, 0, 0.5, 0.5], "texture": "#1"},
				"down": {"uv": [0, 0, 0.5, 0.5], "texture": "#1"}
			}
		},
		{
			"from": [1.65, 14.2, 8.8],
			"to": [2.15, 14.7, 9.3],
			"rotation": {"angle": 22.5, "axis": "z", "origin": [4.1, 15.3, 8]},
			"faces": {
				"north": {"uv": [0, 0, 0.5, 0.5], "texture": "#1"},
				"east": {"uv": [0, 0, 0.5, 0.5], "texture": "#1"},
				"south": {"uv": [0, 0, 0.5, 0.5], "texture": "#1"},
				"west": {"uv": [0, 0, 0.5, 0.5], "texture": "#1"},
				"up": {"uv": [0, 0, 0.5, 0.5], "texture": "#1"},
				"down": {"uv": [0, 0, 0.5, 0.5], "texture": "#1"}
			}
		},
		{
			"from": [0.85, 14.2, 8.8],
			"to": [1.35, 14.7, 9.3],
			"rotation": {"angle": 22.5, "axis": "z", "origin": [4.1, 15.3, 8]},
			"faces": {
				"north": {"uv": [0, 0, 0.5, 0.5], "texture": "#1"},
				"east": {"uv": [0, 0, 0.5, 0.5], "texture": "#1"},
				"south": {"uv": [0, 0, 0.5, 0.5], "texture": "#1"},
				"west": {"uv": [0, 0, 0.5, 0.5], "texture": "#1"},
				"up": {"uv": [0, 0, 0.5, 0.5], "texture": "#1"},
				"down": {"uv": [0, 0, 0.5, 0.5], "texture": "#1"}
			}
		},
		{
			"from": [0.85, 14.2, 8.1],
			"to": [1.35, 14.7, 8.6],
			"rotation": {"angle": 22.5, "axis": "z", "origin": [4.1, 15.3, 8]},
			"faces": {
				"north": {"uv": [0, 0, 0.5, 0.5], "texture": "#1"},
				"east": {"uv": [0, 0, 0.5, 0.5], "texture": "#1"},
				"south": {"uv": [0, 0, 0.5, 0.5], "texture": "#1"},
				"west": {"uv": [0, 0, 0.5, 0.5], "texture": "#1"},
				"up": {"uv": [0, 0, 0.5, 0.5], "texture": "#1"},
				"down": {"uv": [0, 0, 0.5, 0.5], "texture": "#1"}
			}
		},
		{
			"from": [0.85, 14.2, 7.4],
			"to": [1.35, 14.7, 7.9],
			"rotation": {"angle": 22.5, "axis": "z", "origin": [4.1, 15.3, 8]},
			"faces": {
				"north": {"uv": [0, 0, 0.5, 0.5], "texture": "#1"},
				"east": {"uv": [0, 0, 0.5, 0.5], "texture": "#1"},
				"south": {"uv": [0, 0, 0.5, 0.5], "texture": "#1"},
				"west": {"uv": [0, 0, 0.5, 0.5], "texture": "#1"},
				"up": {"uv": [0, 0, 0.5, 0.5], "texture": "#1"},
				"down": {"uv": [0, 0, 0.5, 0.5], "texture": "#1"}
			}
		},
		{
			"from": [0.85, 14.2, 6.7],
			"to": [1.35, 14.7, 7.2],
			"rotation": {"angle": 22.5, "axis": "z", "origin": [4.1, 15.3, 8]},
			"faces": {
				"north": {"uv": [0, 0, 0.5, 0.5], "texture": "#1"},
				"east": {"uv": [0, 0, 0.5, 0.5], "texture": "#1"},
				"south": {"uv": [0, 0, 0.5, 0.5], "texture": "#1"},
				"west": {"uv": [0, 0, 0.5, 0.5], "texture": "#1"},
				"up": {"uv": [0, 0, 0.5, 0.5], "texture": "#1"},
				"down": {"uv": [0, 0, 0.5, 0.5], "texture": "#1"}
			}
		},
		{
			"from": [1.65, 14.2, 6.7],
			"to": [2.15, 14.7, 7.2],
			"rotation": {"angle": 22.5, "axis": "z", "origin": [4.1, 15.3, 8]},
			"faces": {
				"north": {"uv": [0, 0, 0.5, 0.5], "texture": "#1"},
				"east": {"uv": [0, 0, 0.5, 0.5], "texture": "#1"},
				"south": {"uv": [0, 0, 0.5, 0.5], "texture": "#1"},
				"west": {"uv": [0, 0, 0.5, 0.5], "texture": "#1"},
				"up": {"uv": [0, 0, 0.5, 0.5], "texture": "#1"},
				"down": {"uv": [0, 0, 0.5, 0.5], "texture": "#1"}
			}
		},
		{
			"from": [2.45, 14.2, 6.7],
			"to": [2.95, 14.7, 7.2],
			"rotation": {"angle": 22.5, "axis": "z", "origin": [4.1, 15.3, 8]},
			"faces": {
				"north": {"uv": [0, 0, 1, 1], "texture": "#1"},
				"east": {"uv": [0, 1, 1, 2], "texture": "#1"},
				"south": {"uv": [1, 0, 2, 1], "texture": "#1"},
				"west": {"uv": [1, 1, 2, 2], "texture": "#1"},
				"up": {"uv": [1, 3, 0, 2], "texture": "#1"},
				"down": {"uv": [3, 0, 2, 1], "texture": "#1"}
			}
		},
		{
			"from": [2.45, 15.5, 8.8],
			"to": [2.95, 16, 9.3],
			"rotation": {"angle": 22.5, "axis": "z", "origin": [4.1, 15.3, 8]},
			"faces": {
				"north": {"uv": [0, 0, 0.5, 0.5], "texture": "#1"},
				"east": {"uv": [0, 0, 0.5, 0.5], "texture": "#1"},
				"south": {"uv": [0, 0, 0.5, 0.5], "texture": "#1"},
				"west": {"uv": [0, 0, 0.5, 0.5], "texture": "#1"},
				"up": {"uv": [0, 0, 0.5, 0.5], "texture": "#1"},
				"down": {"uv": [0, 0, 0.5, 0.5], "texture": "#1"}
			}
		},
		{
			"from": [2.85, 16.3, 9.4],
			"to": [3.35, 16.8, 9.9],
			"rotation": {"angle": 22.5, "axis": "z", "origin": [4.1, 15.3, 8]},
			"faces": {
				"north": {"uv": [0, 0, 1, 1], "texture": "#5"},
				"east": {"uv": [0, 1, 1, 2], "texture": "#5"},
				"south": {"uv": [1, 0, 2, 1], "texture": "#5"},
				"west": {"uv": [1, 1, 2, 2], "texture": "#5"},
				"up": {"uv": [1, 3, 0, 2], "texture": "#5"},
				"down": {"uv": [3, 0, 2, 1], "texture": "#5"}
			}
		},
		{
			"from": [2.85, 16.3, 6],
			"to": [3.35, 16.8, 6.5],
			"rotation": {"angle": 22.5, "axis": "z", "origin": [4.1, 15.3, 8]},
			"faces": {
				"north": {"uv": [0, 0, 0.5, 0.5], "texture": "#5"},
				"east": {"uv": [0, 0, 0.5, 0.5], "texture": "#5"},
				"south": {"uv": [0, 0, 0.5, 0.5], "texture": "#5"},
				"west": {"uv": [0, 0, 0.5, 0.5], "texture": "#5"},
				"up": {"uv": [0, 0, 0.5, 0.5], "texture": "#5"},
				"down": {"uv": [0, 0, 0.5, 0.5], "texture": "#5"}
			}
		},
		{
			"from": [1.65, 15.5, 8.8],
			"to": [2.15, 16, 9.3],
			"rotation": {"angle": 22.5, "axis": "z", "origin": [4.1, 15.3, 8]},
			"faces": {
				"north": {"uv": [0, 0, 0.5, 0.5], "texture": "#1"},
				"east": {"uv": [0, 0, 0.5, 0.5], "texture": "#1"},
				"south": {"uv": [0, 0, 0.5, 0.5], "texture": "#1"},
				"west": {"uv": [0, 0, 0.5, 0.5], "texture": "#1"},
				"up": {"uv": [0, 0, 0.5, 0.5], "texture": "#1"},
				"down": {"uv": [0, 0, 0.5, 0.5], "texture": "#1"}
			}
		},
		{
			"from": [0.85, 15.5, 8.8],
			"to": [1.35, 16, 9.3],
			"rotation": {"angle": 22.5, "axis": "z", "origin": [4.1, 15.3, 8]},
			"faces": {
				"north": {"uv": [0, 0, 0.5, 0.5], "texture": "#1"},
				"east": {"uv": [0, 0, 0.5, 0.5], "texture": "#1"},
				"south": {"uv": [0, 0, 0.5, 0.5], "texture": "#1"},
				"west": {"uv": [0, 0, 0.5, 0.5], "texture": "#1"},
				"up": {"uv": [0, 0, 0.5, 0.5], "texture": "#1"},
				"down": {"uv": [0, 0, 0.5, 0.5], "texture": "#1"}
			}
		},
		{
			"from": [0.85, 15.5, 8.1],
			"to": [1.35, 16, 8.6],
			"rotation": {"angle": 22.5, "axis": "z", "origin": [4.1, 15.3, 8]},
			"faces": {
				"north": {"uv": [0, 0, 0.5, 0.5], "texture": "#1"},
				"east": {"uv": [0, 0, 0.5, 0.5], "texture": "#1"},
				"south": {"uv": [0, 0, 0.5, 0.5], "texture": "#1"},
				"west": {"uv": [0, 0, 0.5, 0.5], "texture": "#1"},
				"up": {"uv": [0, 0, 0.5, 0.5], "texture": "#1"},
				"down": {"uv": [0, 0, 0.5, 0.5], "texture": "#1"}
			}
		},
		{
			"from": [0.85, 15.5, 7.4],
			"to": [1.35, 16, 7.9],
			"rotation": {"angle": 22.5, "axis": "z", "origin": [4.1, 15.3, 8]},
			"faces": {
				"north": {"uv": [0, 0, 0.5, 0.5], "texture": "#1"},
				"east": {"uv": [0, 0, 0.5, 0.5], "texture": "#1"},
				"south": {"uv": [0, 0, 0.5, 0.5], "texture": "#1"},
				"west": {"uv": [0, 0, 0.5, 0.5], "texture": "#1"},
				"up": {"uv": [0, 0, 0.5, 0.5], "texture": "#1"},
				"down": {"uv": [0, 0, 0.5, 0.5], "texture": "#1"}
			}
		},
		{
			"from": [0.85, 15.5, 6.7],
			"to": [1.35, 16, 7.2],
			"rotation": {"angle": 22.5, "axis": "z", "origin": [4.1, 15.3, 8]},
			"faces": {
				"north": {"uv": [0, 0, 0.5, 0.5], "texture": "#1"},
				"east": {"uv": [0, 0, 0.5, 0.5], "texture": "#1"},
				"south": {"uv": [0, 0, 0.5, 0.5], "texture": "#1"},
				"west": {"uv": [0, 0, 0.5, 0.5], "texture": "#1"},
				"up": {"uv": [0, 0, 0.5, 0.5], "texture": "#1"},
				"down": {"uv": [0, 0, 0.5, 0.5], "texture": "#1"}
			}
		},
		{
			"from": [1.65, 15.5, 6.7],
			"to": [2.15, 16, 7.2],
			"rotation": {"angle": 22.5, "axis": "z", "origin": [4.1, 15.3, 8]},
			"faces": {
				"north": {"uv": [0, 0, 0.5, 0.5], "texture": "#1"},
				"east": {"uv": [0, 0, 0.5, 0.5], "texture": "#1"},
				"south": {"uv": [0, 0, 0.5, 0.5], "texture": "#1"},
				"west": {"uv": [0, 0, 0.5, 0.5], "texture": "#1"},
				"up": {"uv": [0, 0, 0.5, 0.5], "texture": "#1"},
				"down": {"uv": [0, 0, 0.5, 0.5], "texture": "#1"}
			}
		},
		{
			"from": [2.45, 15.5, 6.7],
			"to": [2.95, 16, 7.2],
			"rotation": {"angle": 22.5, "axis": "z", "origin": [4.1, 15.3, 8]},
			"faces": {
				"north": {"uv": [0, 0, 0.5, 0.5], "texture": "#1"},
				"east": {"uv": [0, 0, 0.5, 0.5], "texture": "#1"},
				"south": {"uv": [0, 0, 0.5, 0.5], "texture": "#1"},
				"west": {"uv": [0, 0, 0.5, 0.5], "texture": "#1"},
				"up": {"uv": [0, 0, 0.5, 0.5], "texture": "#1"},
				"down": {"uv": [0, 0, 0.5, 0.5], "texture": "#1"}
			}
		},
		{
			"from": [4.3, 17, 6.5],
			"to": [5.3, 19.5, 7.5],
			"rotation": {"angle": -22.5, "axis": "z", "origin": [4, 18, 6]},
			"faces": {
				"north": {"uv": [0, 0, 2.5, 1], "rotation": 90, "texture": "#0"},
				"east": {"uv": [0, 0, 2.5, 1], "rotation": 270, "texture": "#0"},
				"south": {"uv": [0, 0, 2.5, 1], "rotation": 270, "texture": "#0"},
				"west": {"uv": [0, 0, 2.5, 1], "rotation": 270, "texture": "#0"},
				"up": {"uv": [0, 0, 1, 1], "rotation": 270, "texture": "#0"},
				"down": {"uv": [0, 0, 1, 1], "rotation": 270, "texture": "#0"}
			}
		},
		{
			"from": [4.3, 17, 8.5],
			"to": [5.3, 19.5, 9.5],
			"rotation": {"angle": -22.5, "axis": "z", "origin": [4, 18, 6]},
			"faces": {
				"north": {"uv": [0, 0, 1, 3], "texture": "#0"},
				"east": {"uv": [1, 0, 2, 3], "texture": "#0"},
				"south": {"uv": [2, 0, 3, 3], "texture": "#0"},
				"west": {"uv": [0, 3, 1, 6], "texture": "#0"},
				"up": {"uv": [4, 1, 3, 0], "texture": "#0"},
				"down": {"uv": [2, 3, 1, 4], "texture": "#0"}
			}
		}
	],
	"display": {
		"thirdperson_righthand": {
			"rotation": [52, -90, -5],
			"translation": [0.5, 2.25, 15],
			"scale": [0.5, 0.5, 0.5]
		},
		"firstperson_righthand": {
			"rotation": [0, -75, -25],
			"translation": [0.75, -1.25, -2.75]
		},
		"ground": {
			"scale": [0.5, 0.5, 0.5]
		},
		"gui": {
			"rotation": [0, 180, 0],
			"translation": [2.5, 0, 0],
			"scale": [0.75, 0.75, 0.75]
		},
		"fixed": {
			"translation": [-2.5, 0, 0],
			"scale": [0.75, 0.75, 0.75]
		}
	},
	"groups": [
		{
			"name": "group",
			"origin": [13, 0.5, 4.5],
			"color": 0,
			"children": [0, 1, 2, 3, 4, 5, 6, 7, 8]
		},
		{
			"name": "group",
			"origin": [13, 0.5, 4.5],
			"color": 0,
			"children": [9, 10, 11, 12, 13, 14, 15, 16, 17]
		},
		{
			"name": "group",
			"origin": [8, 8, 8],
			"color": 0,
			"children": [18, 19, 20, 21, 22, 23, 24, 25, 26, 27]
		},
		{
			"name": "group",
			"origin": [8, 8, 8],
			"color": 0,
			"children": [28, 29, 30, 31, 32, 33, 34, 35, 36, 37, 38, 39, 40, 41]
		},
		{
			"name": "group",
			"origin": [8, 8, 8],
			"color": 0,
			"children": [42, 43, 44, 45, 46, 47, 48, 49, 50, 51]
		},
		{
			"name": "group",
			"origin": [8, 8, 8],
			"color": 0,
			"children": [52, 53, 54, 55, 56, 57, 58, 59, 60, 61]
		},
		{
			"name": "group",
			"origin": [8, 8, 8],
			"color": 0,
			"children": [62, 63, 64, 65, 66]
		},
		{
			"name": "group",
			"origin": [8, 8, 8],
			"color": 0,
			"children": [67, 68, 69, 70, 71]
		},
		{
			"name": "group",
			"origin": [8, 8, 8],
			"color": 0,
			"children": [72, 73, 74, 75, 76, 77, 78, 79, 80, 81, 82, 83, 84, 85, 86, 87, 88, 89, 90, 91, 92, 93, 94, 95, 96]
		}
	]
}