{
	"credit": "Made with Blockbench",
	"textures": {
		"0": "item/famas_silver",
		"1": "item/famas_black",
		"2": "item/famas_gray",
		"3": "item/famas_pearl_gray",
		"4": "item/famas_slate_gray",
		"particle": "item/famas_silver"
	},
	"elements": [
		{
			"from": [9.8, 11, 7.001],
			"to": [15, 13, 9.001],
			"faces": {
				"north": {"uv": [16, 14, 10.8, 16], "texture": "#2"},
				"east": {"uv": [0, 0, 2, 2], "texture": "#2"},
				"south": {"uv": [10.8, 14, 16, 16], "texture": "#2"},
				"west": {"uv": [0, 0, 2, 2], "texture": "#2"},
				"up": {"uv": [0, 0, 5.2, 2], "texture": "#2"},
				"down": {"uv": [0, 0, 5.2, 2], "texture": "#2"}
			}
		},
		{
			"from": [9.8, 11, 6.999],
			"to": [15, 13, 7],
			"faces": {
				"north": {"uv": [16, 14, 10.8, 16], "texture": "#2"},
				"east": {"uv": [0, 0, 2, 2], "texture": "#2"},
				"south": {"uv": [10.8, 14, 16, 16], "texture": "#2"},
				"west": {"uv": [0, 0, 2, 2], "texture": "#2"},
				"up": {"uv": [0, 0, 5.2, 2], "texture": "#2"},
				"down": {"uv": [0, 0, 5.2, 2], "texture": "#2"}
			}
		},
		{
			"from": [9, 12.2, 7],
			"to": [9.8, 13, 9],
			"faces": {
				"north": {"uv": [0, 0, 0.8, 0.8], "texture": "#2"},
				"east": {"uv": [0, 0, 2, 0.8], "texture": "#2"},
				"south": {"uv": [0, 0, 0.8, 0.8], "texture": "#2"},
				"west": {"uv": [0, 0, 2, 0.8], "texture": "#2"},
				"up": {"uv": [0, 0, 0.8, 2], "texture": "#2"},
				"down": {"uv": [0, 0, 0.8, 2], "texture": "#2"}
			}
		},
		{
			"from": [9.2, 13, 7],
			"to": [13.5, 13.5, 9],
			"faces": {
				"north": {"uv": [0, 0, 4.3, 0.5], "texture": "#2"},
				"east": {"uv": [0, 0, 2, 0.5], "texture": "#2"},
				"south": {"uv": [0, 0, 4.3, 0.5], "texture": "#2"},
				"west": {"uv": [0, 0, 2, 0.5], "texture": "#2"},
				"up": {"uv": [0, 0, 4.3, 2], "texture": "#2"},
				"down": {"uv": [0, 0, 4.3, 2], "texture": "#2"}
			}
		},
		{
			"from": [10, 7, 7.3],
			"to": [12.4, 11, 8.7],
			"faces": {
				"north": {"uv": [0, 0, 2, 4], "texture": "#4"},
				"east": {"uv": [0, 4, 1, 8], "texture": "#4"},
				"south": {"uv": [2, 0, 4, 4], "texture": "#4"},
				"west": {"uv": [4, 0, 5, 4], "texture": "#4"},
				"up": {"uv": [3, 5, 1, 4], "texture": "#4"},
				"down": {"uv": [5, 4, 3, 5], "texture": "#4"}
			}
		},
		{
			"from": [16, 10.2, 7],
			"to": [17, 13.7, 9],
			"faces": {
				"north": {"uv": [0, 0, 1, 3.5], "texture": "#2"},
				"east": {"uv": [0, 0, 2, 3.5], "texture": "#2"},
				"south": {"uv": [0, 0, 1, 3.5], "texture": "#2"},
				"west": {"uv": [0, 0, 2, 3.5], "texture": "#2"},
				"up": {"uv": [0, 0, 1, 2], "texture": "#2"},
				"down": {"uv": [0, 0, 1, 2], "texture": "#2"}
			}
		},
		{
			"from": [15, 11, 7],
			"to": [16, 13.7, 9],
			"faces": {
				"north": {"uv": [0, 0, 1, 2.7], "texture": "#2"},
				"east": {"uv": [0, 0, 2, 2.7], "texture": "#2"},
				"south": {"uv": [0, 0, 1, 2.7], "texture": "#2"},
				"west": {"uv": [0, 0, 2, 2.7], "texture": "#2"},
				"up": {"uv": [0, 0, 1, 2], "texture": "#2"},
				"down": {"uv": [0, 0, 1, 2], "texture": "#2"}
			}
		},
		{
			"from": [13.46967, 11.50546, 7],
			"to": [14.26967, 13.50546, 9],
			"rotation": {"angle": -45, "axis": "z", "origin": [14.46967, 11.75546, 8]},
			"faces": {
				"north": {"uv": [0, 0, 0.8, 2], "texture": "#2"},
				"east": {"uv": [0, 0, 2, 2], "texture": "#2"},
				"south": {"uv": [0, 0, 0.8, 2], "texture": "#2"},
				"west": {"uv": [0, 0, 2, 2], "texture": "#2"},
				"up": {"uv": [0, 0, 0.8, 2], "texture": "#2"},
				"down": {"uv": [0, 0, 0.8, 2], "texture": "#2"}
			}
		},
		{
			"from": [14.99456, 10.39999, 7],
			"to": [16.99456, 11.19999, 9],
			"rotation": {"angle": -22.5, "axis": "z", "origin": [15.99456, 12.79999, 8]},
			"faces": {
				"north": {"uv": [0, 0, 0.8, 2], "rotation": 90, "texture": "#2"},
				"east": {"uv": [0, 0, 0.8, 2], "rotation": 270, "texture": "#2"},
				"south": {"uv": [0, 0, 0.8, 2], "rotation": 270, "texture": "#2"},
				"west": {"uv": [0, 0, 0.8, 2], "rotation": 270, "texture": "#2"},
				"up": {"uv": [0, 0, 2, 2], "rotation": 270, "texture": "#2"},
				"down": {"uv": [0, 0, 2, 2], "rotation": 270, "texture": "#2"}
			}
		},
		{
			"from": [8.66585, 11.91903, 7],
			"to": [9.86585, 12.81903, 9],
			"rotation": {"angle": -22.5, "axis": "z", "origin": [9.16585, 12.16903, 8]},
			"faces": {
				"north": {"uv": [0, 0, 0.9, 1.2], "rotation": 90, "texture": "#2"},
				"east": {"uv": [0, 0, 0.9, 2], "rotation": 270, "texture": "#2"},
				"south": {"uv": [0, 0, 0.9, 1.2], "rotation": 270, "texture": "#2"},
				"west": {"uv": [0, 0, 0.9, 2], "rotation": 270, "texture": "#2"},
				"up": {"uv": [0, 0, 2, 1.2], "rotation": 270, "texture": "#2"},
				"down": {"uv": [0, 0, 2, 1.2], "rotation": 270, "texture": "#2"}
			}
		},
		{
			"from": [9.58963, 11.15761, 7],
			"to": [10.08963, 11.85761, 9],
			"rotation": {"angle": 22.5, "axis": "z", "origin": [9.83963, 11.65761, 11]},
			"faces": {
				"north": {"uv": [0, 0, 0.5, 0.7], "texture": "#2"},
				"east": {"uv": [0, 0, 2, 0.7], "texture": "#2"},
				"south": {"uv": [0, 0, 0.5, 0.7], "texture": "#2"},
				"west": {"uv": [0, 0, 2, 0.7], "texture": "#2"},
				"up": {"uv": [0, 0, 0.5, 2], "texture": "#2"},
				"down": {"uv": [0, 0, 0.5, 2], "texture": "#2"}
			}
		},
		{
			"from": [9.76184, 10.50814, 7.8],
			"to": [9.96184, 11.20814, 8.3],
			"rotation": {"angle": -22.5, "axis": "z", "origin": [10.01184, 10.85814, 8]},
			"faces": {
				"north": {"uv": [0, 0, 0.2, 0.7], "texture": "#3"},
				"east": {"uv": [0, 0, 0.5, 0.7], "texture": "#3"},
				"south": {"uv": [0, 0, 0.2, 0.7], "texture": "#3"},
				"west": {"uv": [0, 0, 0.5, 0.7], "texture": "#3"},
				"up": {"uv": [0, 0, 0.2, 0.5], "texture": "#3"},
				"down": {"uv": [0, 0, 0.2, 0.5], "texture": "#3"}
			}
		},
		{
			"from": [-1, 13, 7],
			"to": [1, 16, 7.5],
			"faces": {
				"north": {"uv": [0, 0, 2, 3], "texture": "#2"},
				"east": {"uv": [0, 0, 0.5, 3], "texture": "#2"},
				"south": {"uv": [0, 0, 2, 3], "texture": "#2"},
				"west": {"uv": [0, 0, 0.5, 3], "texture": "#2"},
				"up": {"uv": [0, 0, 2, 0.5], "texture": "#2"},
				"down": {"uv": [0, 0, 2, 0.5], "texture": "#2"}
			}
		},
		{
			"from": [1, 15, 7],
			"to": [7, 16, 7.5],
			"faces": {
				"north": {"uv": [0, 0, 6, 1], "texture": "#2"},
				"east": {"uv": [0, 0, 0.5, 1], "texture": "#2"},
				"south": {"uv": [0, 0, 6, 1], "texture": "#2"},
				"west": {"uv": [0, 0, 0.5, 1], "texture": "#2"},
				"up": {"uv": [0, 0, 6, 0.5], "texture": "#2"},
				"down": {"uv": [0, 0, 6, 0.5], "texture": "#2"}
			}
		},
		{
			"from": [7, 13, 7],
			"to": [9, 16, 7.5],
			"faces": {
				"north": {"uv": [0, 0, 2, 3], "texture": "#2"},
				"east": {"uv": [0, 0, 0.5, 3], "texture": "#2"},
				"south": {"uv": [0, 0, 2, 3], "texture": "#2"},
				"west": {"uv": [0, 0, 0.5, 3], "texture": "#2"},
				"up": {"uv": [0, 0, 2, 0.5], "texture": "#2"},
				"down": {"uv": [0, 0, 2, 0.5], "texture": "#2"}
			}
		},
		{
			"from": [-1, 13, 8.5],
			"to": [1, 16, 9],
			"faces": {
				"north": {"uv": [0, 0, 2, 3], "texture": "#2"},
				"east": {"uv": [0, 0, 0.5, 3], "texture": "#2"},
				"south": {"uv": [0, 0, 2, 3], "texture": "#2"},
				"west": {"uv": [0, 0, 0.5, 3], "texture": "#2"},
				"up": {"uv": [0, 0, 2, 0.5], "texture": "#2"},
				"down": {"uv": [0, 0, 2, 0.5], "texture": "#2"}
			}
		},
		{
			"from": [1, 15, 8.5],
			"to": [7, 16, 9],
			"faces": {
				"north": {"uv": [0, 0, 6, 1], "texture": "#2"},
				"east": {"uv": [0, 0, 0.5, 1], "texture": "#2"},
				"south": {"uv": [0, 0, 6, 1], "texture": "#2"},
				"west": {"uv": [0, 0, 0.5, 1], "texture": "#2"},
				"up": {"uv": [0, 0, 6, 0.5], "texture": "#2"},
				"down": {"uv": [0, 0, 6, 0.5], "texture": "#2"}
			}
		},
		{
			"from": [7, 13, 8.5],
			"to": [9, 16, 9],
			"faces": {
				"north": {"uv": [0, 0, 2, 3], "texture": "#2"},
				"east": {"uv": [0, 0, 0.5, 3], "texture": "#2"},
				"south": {"uv": [0, 0, 2, 3], "texture": "#2"},
				"west": {"uv": [0, 0, 0.5, 3], "texture": "#2"},
				"up": {"uv": [0, 0, 2, 0.5], "texture": "#2"},
				"down": {"uv": [0, 0, 2, 0.5], "texture": "#2"}
			}
		},
		{
			"from": [-0.5, 13, 7.5],
			"to": [1, 15.5, 8.5],
			"faces": {
				"north": {"uv": [0, 0, 1.5, 2.5], "texture": "#2"},
				"east": {"uv": [0, 0, 1, 2.5], "texture": "#2"},
				"south": {"uv": [0, 0, 1.5, 2.5], "texture": "#2"},
				"west": {"uv": [0, 0, 1, 2.5], "texture": "#2"},
				"up": {"uv": [0, 0, 1.5, 1], "texture": "#2"},
				"down": {"uv": [0, 0, 1.5, 1], "texture": "#2"}
			}
		},
		{
			"from": [1, 15, 7],
			"to": [7, 15.5, 8.5],
			"faces": {
				"north": {"uv": [0, 0, 6, 0.5], "texture": "#2"},
				"east": {"uv": [0, 0, 1.5, 0.5], "texture": "#2"},
				"south": {"uv": [0, 0, 6, 0.5], "texture": "#2"},
				"west": {"uv": [0, 0, 1.5, 0.5], "texture": "#2"},
				"up": {"uv": [0, 0, 6, 1.5], "texture": "#2"},
				"down": {"uv": [0, 0, 6, 1.5], "texture": "#2"}
			}
		},
		{
			"from": [7, 13, 7],
			"to": [8.5, 15.5, 8.5],
			"faces": {
				"north": {"uv": [0, 0, 1.5, 2.5], "texture": "#2"},
				"east": {"uv": [0, 0, 1.5, 2.5], "texture": "#2"},
				"south": {"uv": [0, 0, 1.5, 2.5], "texture": "#2"},
				"west": {"uv": [0, 0, 1.5, 2.5], "texture": "#2"},
				"up": {"uv": [0, 0, 1.5, 1.5], "texture": "#2"},
				"down": {"uv": [0, 0, 1.5, 1.5], "texture": "#2"}
			}
		},
		{
			"from": [-1, 12, 7],
			"to": [9, 13, 9],
			"faces": {
				"north": {"uv": [10, 15, 0, 16], "texture": "#2"},
				"east": {"uv": [0, 0, 2, 1], "texture": "#2"},
				"south": {"uv": [0, 15, 10, 16], "texture": "#2"},
				"west": {"uv": [0, 0, 2, 1], "texture": "#2"},
				"up": {"uv": [0, 15, 10, 16], "texture": "#2"},
				"down": {"uv": [0, 15, 10, 16], "texture": "#2"}
			}
		},
		{
			"from": [5.5, 11.4, 7.5],
			"to": [7, 12, 8.5],
			"faces": {
				"north": {"uv": [2, 4, 4, 5], "texture": "#1"},
				"east": {"uv": [5, 7, 6, 8], "texture": "#1"},
				"south": {"uv": [4, 2, 6, 3], "texture": "#1"},
				"west": {"uv": [7, 5, 8, 6], "texture": "#1"},
				"up": {"uv": [6, 4, 4, 3], "texture": "#1"},
				"down": {"uv": [6, 4, 4, 5], "texture": "#1"}
			}
		},
		{
			"from": [5.4, 9.9, 7.5],
			"to": [7, 11.4, 8.5],
			"faces": {
				"north": {"uv": [0, 0, 2, 2], "texture": "#1"},
				"east": {"uv": [2, 5, 3, 7], "texture": "#1"},
				"south": {"uv": [0, 2, 2, 4], "texture": "#1"},
				"west": {"uv": [3, 5, 4, 7], "texture": "#1"},
				"up": {"uv": [6, 6, 4, 5], "texture": "#1"},
				"down": {"uv": [2, 6, 0, 7], "texture": "#1"}
			}
		},
		{
			"from": [5.59124, 9.33858, 7.5],
			"to": [7.19124, 11.33858, 8.5],
			"rotation": {"angle": 22.5, "axis": "z", "origin": [6.94124, 10.88858, 8]},
			"faces": {
				"north": {"uv": [2, 0, 4, 2], "texture": "#1"},
				"east": {"uv": [6, 0, 7, 2], "texture": "#1"},
				"south": {"uv": [2, 2, 4, 4], "texture": "#1"},
				"west": {"uv": [6, 2, 7, 4], "texture": "#1"},
				"up": {"uv": [6, 7, 4, 6], "texture": "#1"},
				"down": {"uv": [8, 4, 6, 5], "texture": "#1"}
			}
		},
		{
			"from": [5.55318, 8.02992, 7.5],
			"to": [7.25318, 10.02992, 8.5],
			"rotation": {"angle": 22.5, "axis": "z", "origin": [5.80318, 9.57992, 8]},
			"faces": {
				"north": {"uv": [0, 4, 2, 6], "texture": "#1"},
				"east": {"uv": [6, 5, 7, 7], "texture": "#1"},
				"south": {"uv": [4, 0, 6, 2], "texture": "#1"},
				"west": {"uv": [0, 7, 1, 9], "texture": "#1"},
				"up": {"uv": [9, 1, 7, 0], "texture": "#1"},
				"down": {"uv": [3, 7, 1, 8], "texture": "#1"}
			}
		},
		{
			"from": [6.16537, 8.70224, 7.5],
			"to": [7.76537, 9.55224, 8.5],
			"rotation": {"angle": 0, "axis": "z", "origin": [7.01537, 9.15224, 8]},
			"faces": {
				"north": {"uv": [7, 1, 9, 2], "texture": "#1"},
				"east": {"uv": [6, 7, 7, 8], "texture": "#1"},
				"south": {"uv": [7, 2, 9, 3], "texture": "#1"},
				"west": {"uv": [7, 6, 8, 7], "texture": "#1"},
				"up": {"uv": [5, 8, 3, 7], "texture": "#1"},
				"down": {"uv": [9, 3, 7, 4], "texture": "#1"}
			}
		},
		{
			"from": [4.8, 11.7, 7.5],
			"to": [5.3, 12, 8.5],
			"faces": {
				"north": {"uv": [0, 0, 0.5, 0.3], "texture": "#0"},
				"east": {"uv": [0, 0, 1, 0.3], "texture": "#0"},
				"south": {"uv": [0, 0, 0.5, 0.3], "texture": "#0"},
				"west": {"uv": [0, 0, 1, 0.3], "texture": "#0"},
				"up": {"uv": [0, 0, 0.5, 1], "texture": "#0"},
				"down": {"uv": [0, 0, 0.5, 1], "texture": "#0"}
			}
		},
		{
			"from": [4, 11.5, 7.5],
			"to": [4.3, 12, 8.5],
			"faces": {
				"north": {"uv": [0, 0, 0.3, 0.5], "texture": "#4"},
				"east": {"uv": [0, 0, 1, 0.5], "texture": "#4"},
				"south": {"uv": [0, 0, 0.3, 0.5], "texture": "#4"},
				"west": {"uv": [0, 0, 1, 0.5], "texture": "#4"},
				"up": {"uv": [0, 0, 0.3, 1], "texture": "#4"},
				"down": {"uv": [0, 0, 0.3, 1], "texture": "#4"}
			}
		},
		{
			"from": [4.2, 11.1, 7.5],
			"to": [4.3, 11.5, 8.5],
			"faces": {
				"north": {"uv": [0, 0, 0.1, 0.4], "texture": "#4"},
				"east": {"uv": [0, 0, 1, 0.4], "texture": "#4"},
				"south": {"uv": [0, 0, 0.1, 0.4], "texture": "#4"},
				"west": {"uv": [0, 0, 1, 0.4], "texture": "#4"},
				"up": {"uv": [0, 0, 0.1, 1], "texture": "#4"},
				"down": {"uv": [0, 0, 0.1, 1], "texture": "#4"}
			}
		},
		{
			"from": [4.03066, 11.34588, 7.5],
			"to": [4.23066, 11.54588, 8.5],
			"rotation": {"angle": 22.5, "axis": "z", "origin": [4.13066, 11.44588, 8]},
			"faces": {
				"north": {"uv": [0, 0, 0.2, 0.2], "texture": "#4"},
				"east": {"uv": [0, 0, 1, 0.2], "texture": "#4"},
				"south": {"uv": [0, 0, 0.2, 0.2], "texture": "#4"},
				"west": {"uv": [0, 0, 1, 0.2], "texture": "#4"},
				"up": {"uv": [0, 0, 0.2, 1], "texture": "#4"},
				"down": {"uv": [0, 0, 0.2, 1], "texture": "#4"}
			}
		},
		{
			"from": [4.07654, 11.11522, 7.5],
			"to": [4.27654, 11.51522, 8.5],
			"rotation": {"angle": 0, "axis": "z", "origin": [4.17654, 11.21522, 8]},
			"faces": {
				"north": {"uv": [0, 0, 0.2, 0.4], "texture": "#4"},
				"east": {"uv": [0, 0, 1, 0.4], "texture": "#4"},
				"south": {"uv": [0, 0, 0.2, 0.4], "texture": "#4"},
				"west": {"uv": [0, 0, 1, 0.4], "texture": "#4"},
				"up": {"uv": [0, 0, 0.2, 1], "texture": "#4"},
				"down": {"uv": [0, 0, 0.2, 1], "texture": "#4"}
			}
		},
		{
			"from": [4.03066, 10.88457, 7.5],
			"to": [4.23066, 11.18457, 8.5],
			"rotation": {"angle": -22.5, "axis": "z", "origin": [4.13066, 10.98457, 8]},
			"faces": {
				"north": {"uv": [0, 0, 0.2, 0.3], "texture": "#4"},
				"east": {"uv": [0, 0, 1, 0.3], "texture": "#4"},
				"south": {"uv": [0, 0, 0.2, 0.3], "texture": "#4"},
				"west": {"uv": [0, 0, 1, 0.3], "texture": "#4"},
				"up": {"uv": [0, 0, 0.2, 1], "texture": "#4"},
				"down": {"uv": [0, 0, 0.2, 1], "texture": "#4"}
			}
		},
		{
			"from": [3.4, 11.3, 7.5],
			"to": [3.7, 11.6, 8.5],
			"faces": {
				"north": {"uv": [0, 0, 0.3, 0.3], "texture": "#2"},
				"east": {"uv": [0, 0, 1, 0.3], "texture": "#2"},
				"south": {"uv": [0, 0, 0.3, 0.3], "texture": "#2"},
				"west": {"uv": [0, 0, 1, 0.3], "texture": "#2"},
				"up": {"uv": [0, 0, 0.3, 1], "texture": "#2"},
				"down": {"uv": [0, 0, 0.3, 1], "texture": "#2"}
			}
		},
		{
			"from": [2.9, 11.6, 7.5],
			"to": [3.7, 11.8, 8.5],
			"faces": {
				"north": {"uv": [0, 0, 0.8, 0.2], "texture": "#2"},
				"east": {"uv": [0, 0, 1, 0.2], "texture": "#2"},
				"south": {"uv": [0, 0, 0.8, 0.2], "texture": "#2"},
				"west": {"uv": [0, 0, 1, 0.2], "texture": "#2"},
				"up": {"uv": [0, 0, 0.8, 1], "texture": "#2"},
				"down": {"uv": [0, 0, 0.8, 1], "texture": "#2"}
			}
		},
		{
			"from": [2.9, 11.8, 7.5],
			"to": [3.2, 12, 8.5],
			"faces": {
				"north": {"uv": [0, 0, 0.3, 0.2], "texture": "#2"},
				"east": {"uv": [0, 0, 1, 0.2], "texture": "#2"},
				"south": {"uv": [0, 0, 0.3, 0.2], "texture": "#2"},
				"west": {"uv": [0, 0, 1, 0.2], "texture": "#2"},
				"up": {"uv": [0, 0, 0.3, 1], "texture": "#2"},
				"down": {"uv": [0, 0, 0.3, 1], "texture": "#2"}
			}
		},
		{
			"from": [4.8, 10.9, 7.5],
			"to": [4.9, 11.7, 8.5],
			"rotation": {"angle": 0, "axis": "y", "origin": [0.1, 0, 0]},
			"faces": {
				"north": {"uv": [0, 0, 0.1, 0.8], "texture": "#4"},
				"east": {"uv": [0, 0, 1, 0.8], "texture": "#4"},
				"south": {"uv": [0, 0, 0.1, 0.8], "texture": "#4"},
				"west": {"uv": [0, 0, 1, 0.8], "texture": "#4"},
				"up": {"uv": [0, 0, 0.1, 1], "texture": "#4"},
				"down": {"uv": [0, 0, 0.1, 1], "texture": "#4"}
			}
		},
		{
			"from": [3.2037, 10.78139, 7.5],
			"to": [4.9037, 10.88139, 8.5],
			"rotation": {"angle": 22.5, "axis": "z", "origin": [4.6037, 10.83139, 8]},
			"faces": {
				"north": {"uv": [0, 0, 0.1, 1.7], "rotation": 270, "texture": "#4"},
				"east": {"uv": [0, 0, 0.1, 1], "rotation": 90, "texture": "#4"},
				"south": {"uv": [0, 0, 0.1, 1.7], "rotation": 90, "texture": "#4"},
				"west": {"uv": [0, 0, 0.1, 1], "rotation": 90, "texture": "#4"},
				"up": {"uv": [0, 0, 1, 1.7], "rotation": 90, "texture": "#4"},
				"down": {"uv": [0, 0, 1, 1.7], "rotation": 90, "texture": "#4"}
			}
		},
		{
			"from": [2.9294, 10.24944, 7.5],
			"to": [3.3294, 10.34944, 8.5],
			"rotation": {"angle": 0, "axis": "z", "origin": [2.4794, 10.29944, 8]},
			"faces": {
				"north": {"uv": [0, 0, 0.1, 0.4], "rotation": 270, "texture": "#4"},
				"east": {"uv": [0, 0, 0.1, 1], "rotation": 90, "texture": "#4"},
				"south": {"uv": [0, 0, 0.1, 0.4], "rotation": 90, "texture": "#4"},
				"west": {"uv": [0, 0, 0.1, 1], "rotation": 90, "texture": "#4"},
				"up": {"uv": [0, 0, 1, 0.4], "rotation": 90, "texture": "#4"},
				"down": {"uv": [0, 0, 1, 0.4], "rotation": 90, "texture": "#4"}
			}
		},
		{
			"from": [2.68279, 10.41784, 7.5],
			"to": [2.98279, 10.51784, 8.5],
			"rotation": {"angle": -22.5, "axis": "z", "origin": [2.53279, 10.46784, 8]},
			"faces": {
				"north": {"uv": [0, 0, 0.1, 0.3], "rotation": 270, "texture": "#4"},
				"east": {"uv": [0, 0, 0.1, 1], "rotation": 90, "texture": "#4"},
				"south": {"uv": [0, 0, 0.1, 0.3], "rotation": 90, "texture": "#4"},
				"west": {"uv": [0, 0, 0.1, 1], "rotation": 90, "texture": "#4"},
				"up": {"uv": [0, 0, 1, 0.3], "rotation": 90, "texture": "#4"},
				"down": {"uv": [0, 0, 1, 0.3], "rotation": 90, "texture": "#4"}
			}
		},
		{
			"from": [2.5194, 10.6678, 7.5],
			"to": [2.8194, 10.7678, 8.5],
			"rotation": {"angle": -45, "axis": "z", "origin": [2.3694, 10.7178, 8]},
			"faces": {
				"north": {"uv": [0, 0, 0.1, 0.3], "rotation": 270, "texture": "#4"},
				"east": {"uv": [0, 0, 0.1, 1], "rotation": 90, "texture": "#4"},
				"south": {"uv": [0, 0, 0.1, 0.3], "rotation": 90, "texture": "#4"},
				"west": {"uv": [0, 0, 0.1, 1], "rotation": 90, "texture": "#4"},
				"up": {"uv": [0, 0, 1, 0.3], "rotation": 90, "texture": "#4"},
				"down": {"uv": [0, 0, 1, 0.3], "rotation": 90, "texture": "#4"}
			}
		},
		{
			"from": [2.2641, 10.56125, 7.5],
			"to": [2.3641, 10.86125, 8.5],
			"rotation": {"angle": 22.5, "axis": "z", "origin": [2.3141, 11.01125, 8]},
			"faces": {
				"north": {"uv": [0, 0, 0.1, 0.3], "rotation": 180, "texture": "#4"},
				"east": {"uv": [0, 0, 1, 0.3], "rotation": 180, "texture": "#4"},
				"south": {"uv": [0, 0, 0.1, 0.3], "rotation": 180, "texture": "#4"},
				"west": {"uv": [0, 0, 1, 0.3], "rotation": 180, "texture": "#4"},
				"up": {"uv": [0, 0, 0.1, 1], "rotation": 180, "texture": "#4"},
				"down": {"uv": [0, 0, 0.1, 1], "rotation": 180, "texture": "#4"}
			}
		},
		{
			"from": [2.3253, 10.85354, 7.5],
			"to": [2.4253, 11.45354, 8.5],
			"rotation": {"angle": 0, "axis": "z", "origin": [2.3753, 11.30354, 8]},
			"faces": {
				"north": {"uv": [0, 0, 0.1, 0.6], "rotation": 180, "texture": "#4"},
				"east": {"uv": [0, 0, 1, 0.6], "rotation": 180, "texture": "#4"},
				"south": {"uv": [0, 0, 0.1, 0.6], "rotation": 180, "texture": "#4"},
				"west": {"uv": [0, 0, 1, 0.6], "rotation": 180, "texture": "#4"},
				"up": {"uv": [0, 0, 0.1, 1], "rotation": 180, "texture": "#4"},
				"down": {"uv": [0, 0, 0.1, 1], "rotation": 180, "texture": "#4"}
			}
		},
		{
			"from": [2.49371, 11.40015, 7.5],
			"to": [2.59371, 12.00015, 8.5],
			"rotation": {"angle": -22.5, "axis": "z", "origin": [2.54371, 11.85015, 8]},
			"faces": {
				"north": {"uv": [0, 0, 0.1, 0.6], "rotation": 180, "texture": "#4"},
				"east": {"uv": [0, 0, 1, 0.6], "rotation": 180, "texture": "#4"},
				"south": {"uv": [0, 0, 0.1, 0.6], "rotation": 180, "texture": "#4"},
				"west": {"uv": [0, 0, 1, 0.6], "rotation": 180, "texture": "#4"},
				"up": {"uv": [0, 0, 0.1, 1], "rotation": 180, "texture": "#4"},
				"down": {"uv": [0, 0, 0.1, 1], "rotation": 180, "texture": "#4"}
			}
		},
		{
			"from": [2.27415, 12.05322, 7.5],
			"to": [2.62415, 12.15322, 8.5],
			"rotation": {"angle": -22.5, "axis": "z", "origin": [2.17415, 12.00322, 8]},
			"faces": {
				"north": {"uv": [0, 0, 0.1, 0.35], "rotation": 270, "texture": "#4"},
				"east": {"uv": [0, 0, 0.1, 1], "rotation": 90, "texture": "#4"},
				"south": {"uv": [0, 0, 0.1, 0.35], "rotation": 90, "texture": "#4"},
				"west": {"uv": [0, 0, 0.1, 1], "rotation": 90, "texture": "#4"},
				"up": {"uv": [0, 0, 1, 0.35], "rotation": 90, "texture": "#4"},
				"down": {"uv": [0, 0, 1, 0.35], "rotation": 90, "texture": "#4"}
			}
		},
		{
			"from": [1.7, 11.7, 7.5],
			"to": [2.2, 12, 8.5],
			"faces": {
				"north": {"uv": [0, 0, 0.5, 0.3], "texture": "#0"},
				"east": {"uv": [0, 0, 1, 0.3], "texture": "#0"},
				"south": {"uv": [0, 0, 0.5, 0.3], "texture": "#0"},
				"west": {"uv": [0, 0, 1, 0.3], "texture": "#0"},
				"up": {"uv": [0, 0, 0.5, 1], "texture": "#0"},
				"down": {"uv": [0, 0, 0.5, 1], "texture": "#0"}
			}
		},
		{
			"from": [-3.5, 12.2, 7.9],
			"to": [-1, 12.7, 8],
			"rotation": {"angle": 0, "axis": "y", "origin": [0, -0.3, 0]},
			"faces": {
				"north": {"uv": [0, 0, 2.5, 0.5], "texture": "#0"},
				"east": {"uv": [0, 0, 0.1, 0.5], "texture": "#0"},
				"south": {"uv": [0, 0, 2.5, 0.5], "texture": "#0"},
				"west": {"uv": [0, 0, 0.1, 0.5], "texture": "#0"},
				"up": {"uv": [0, 0, 2.5, 0.1], "texture": "#0"},
				"down": {"uv": [0, 0, 2.5, 0.1], "texture": "#0"}
			}
		},
		{
			"from": [-3.5, 12.16934, 7.95412],
			"to": [-1, 12.66934, 8.05412],
			"rotation": {"angle": 22.5, "axis": "x", "origin": [-2.5, 12.56934, 8.05412]},
			"faces": {
				"north": {"uv": [0, 0, 2.5, 0.5], "texture": "#0"},
				"east": {"uv": [0, 0, 0.1, 0.5], "texture": "#0"},
				"south": {"uv": [0, 0, 2.5, 0.5], "texture": "#0"},
				"west": {"uv": [0, 0, 0.1, 0.5], "texture": "#0"},
				"up": {"uv": [0, 0, 2.5, 0.1], "texture": "#0"},
				"down": {"uv": [0, 0, 2.5, 0.1], "texture": "#0"}
			}
		},
		{
			"from": [-3.5, 12.12031, 7.99239],
			"to": [-1, 12.62031, 8.09239],
			"rotation": {"angle": 45, "axis": "x", "origin": [-2.5, 12.52031, 8.09239]},
			"faces": {
				"north": {"uv": [0, 0, 2.5, 0.5], "texture": "#0"},
				"east": {"uv": [0, 0, 0.1, 0.5], "texture": "#0"},
				"south": {"uv": [0, 0, 2.5, 0.5], "texture": "#0"},
				"west": {"uv": [0, 0, 0.1, 0.5], "texture": "#0"},
				"up": {"uv": [0, 0, 2.5, 0.1], "texture": "#0"},
				"down": {"uv": [0, 0, 2.5, 0.1], "texture": "#0"}
			}
		},
		{
			"from": [-3.5, 12.46036, 7.70898],
			"to": [-1, 12.56036, 8.20898],
			"rotation": {"angle": -22.5, "axis": "x", "origin": [-2.5, 12.46036, 8.10898]},
			"faces": {
				"north": {"uv": [0, 0, 2.5, 0.1], "rotation": 180, "texture": "#0"},
				"east": {"uv": [0, 0, 0.1, 0.5], "rotation": 270, "texture": "#0"},
				"south": {"uv": [0, 0, 2.5, 0.1], "texture": "#0"},
				"west": {"uv": [0, 0, 0.1, 0.5], "rotation": 90, "texture": "#0"},
				"up": {"uv": [0, 0, 2.5, 0.5], "rotation": 180, "texture": "#0"},
				"down": {"uv": [0, 0, 2.5, 0.5], "texture": "#0"}
			}
		},
		{
			"from": [-3.5, 12.39863, 7.70137],
			"to": [-1, 12.49863, 8.20137],
			"rotation": {"angle": 0, "axis": "x", "origin": [-2.5, 12.39863, 8.10137]},
			"faces": {
				"north": {"uv": [0, 0, 2.5, 0.1], "rotation": 180, "texture": "#0"},
				"east": {"uv": [0, 0, 0.1, 0.5], "rotation": 270, "texture": "#0"},
				"south": {"uv": [0, 0, 2.5, 0.1], "texture": "#0"},
				"west": {"uv": [0, 0, 0.1, 0.5], "rotation": 90, "texture": "#0"},
				"up": {"uv": [0, 0, 2.5, 0.5], "rotation": 180, "texture": "#0"},
				"down": {"uv": [0, 0, 2.5, 0.5], "texture": "#0"}
			}
		},
		{
			"from": [-3.5, 12.34451, 7.67071],
			"to": [-1, 12.44451, 8.17071],
			"rotation": {"angle": 22.5, "axis": "x", "origin": [-2.5, 12.34451, 8.07071]},
			"faces": {
				"north": {"uv": [0, 0, 2.5, 0.1], "rotation": 180, "texture": "#0"},
				"east": {"uv": [0, 0, 0.1, 0.5], "rotation": 270, "texture": "#0"},
				"south": {"uv": [0, 0, 2.5, 0.1], "texture": "#0"},
				"west": {"uv": [0, 0, 0.1, 0.5], "rotation": 90, "texture": "#0"},
				"up": {"uv": [0, 0, 2.5, 0.5], "rotation": 180, "texture": "#0"},
				"down": {"uv": [0, 0, 2.5, 0.5], "texture": "#0"}
			}
		},
		{
			"from": [-3.5, 12.30625, 7.62168],
			"to": [-1, 12.40625, 8.12168],
			"rotation": {"angle": 45, "axis": "x", "origin": [-2.5, 12.30625, 8.02168]},
			"faces": {
				"north": {"uv": [0, 0, 2.5, 0.1], "rotation": 180, "texture": "#0"},
				"east": {"uv": [0, 0, 0.1, 0.5], "rotation": 270, "texture": "#0"},
				"south": {"uv": [0, 0, 2.5, 0.1], "texture": "#0"},
				"west": {"uv": [0, 0, 0.1, 0.5], "rotation": 90, "texture": "#0"},
				"up": {"uv": [0, 0, 2.5, 0.5], "rotation": 180, "texture": "#0"},
				"down": {"uv": [0, 0, 2.5, 0.5], "texture": "#0"}
			}
		},
		{
			"from": [-3.5, 12.18965, 7.96173],
			"to": [-1, 12.68965, 8.06173],
			"rotation": {"angle": -22.5, "axis": "x", "origin": [-2.5, 12.28965, 7.96173]},
			"faces": {
				"north": {"uv": [0, 0, 2.5, 0.5], "rotation": 180, "texture": "#0"},
				"east": {"uv": [0, 0, 0.1, 0.5], "rotation": 180, "texture": "#0"},
				"south": {"uv": [0, 0, 2.5, 0.5], "rotation": 180, "texture": "#0"},
				"west": {"uv": [0, 0, 0.1, 0.5], "rotation": 180, "texture": "#0"},
				"up": {"uv": [0, 0, 2.5, 0.1], "texture": "#0"},
				"down": {"uv": [0, 0, 2.5, 0.1], "texture": "#0"}
			}
		},
		{
			"from": [-5, 11.95, 7.85],
			"to": [-3.5, 12.95, 8.05],
			"rotation": {"angle": 0, "axis": "y", "origin": [-2.5, 0, -0.1]},
			"faces": {
				"north": {"uv": [0, 0, 1, 1], "texture": "#0"},
				"east": {"uv": [0, 1, 1, 2], "texture": "#0"},
				"south": {"uv": [1, 0, 2, 1], "texture": "#0"},
				"west": {"uv": [1, 1, 2, 2], "texture": "#0"},
				"up": {"uv": [1, 3, 0, 2], "texture": "#0"},
				"down": {"uv": [3, 0, 2, 1], "texture": "#0"}
			}
		},
		{
			"from": [-5, 11.91934, 8.00412],
			"to": [-3.5, 12.91934, 8.20412],
			"rotation": {"angle": 22.5, "axis": "x", "origin": [-5, 12.81934, 8.10412]},
			"faces": {
				"north": {"uv": [1, 2, 2, 3], "texture": "#0"},
				"east": {"uv": [2, 1, 3, 2], "texture": "#0"},
				"south": {"uv": [2, 2, 3, 3], "texture": "#0"},
				"west": {"uv": [0, 3, 1, 4], "texture": "#0"},
				"up": {"uv": [4, 1, 3, 0], "texture": "#0"},
				"down": {"uv": [2, 3, 1, 4], "texture": "#0"}
			}
		},
		{
			"from": [-5, 11.83204, 8.13478],
			"to": [-3.5, 12.83204, 8.33478],
			"rotation": {"angle": 45, "axis": "x", "origin": [-5, 12.73204, 8.23478]},
			"faces": {
				"north": {"uv": [3, 1, 4, 2], "texture": "#0"},
				"east": {"uv": [2, 3, 3, 4], "texture": "#0"},
				"south": {"uv": [3, 2, 4, 3], "texture": "#0"},
				"west": {"uv": [3, 3, 4, 4], "texture": "#0"},
				"up": {"uv": [1, 5, 0, 4], "texture": "#0"},
				"down": {"uv": [5, 0, 4, 1], "texture": "#0"}
			}
		},
		{
			"from": [-5, 12.50139, 7.42208],
			"to": [-3.5, 12.70139, 8.42208],
			"rotation": {"angle": -22.5, "axis": "x", "origin": [-5, 12.60139, 8.32208]},
			"faces": {
				"north": {"uv": [1, 4, 2, 5], "texture": "#0"},
				"east": {"uv": [4, 1, 5, 2], "texture": "#0"},
				"south": {"uv": [2, 4, 3, 5], "texture": "#0"},
				"west": {"uv": [4, 2, 5, 3], "texture": "#0"},
				"up": {"uv": [4, 5, 3, 4], "texture": "#0"},
				"down": {"uv": [5, 3, 4, 4], "texture": "#0"}
			}
		},
		{
			"from": [-5, 12.34727, 7.45273],
			"to": [-3.5, 12.54727, 8.45273],
			"rotation": {"angle": 0, "axis": "x", "origin": [-7.5, 24.62245, 16.60685]},
			"faces": {
				"north": {"uv": [4, 4, 5, 5], "texture": "#0"},
				"east": {"uv": [0, 5, 1, 6], "texture": "#0"},
				"south": {"uv": [5, 0, 6, 1], "texture": "#0"},
				"west": {"uv": [1, 5, 2, 6], "texture": "#0"},
				"up": {"uv": [6, 2, 5, 1], "texture": "#0"},
				"down": {"uv": [3, 5, 2, 6], "texture": "#0"}
			}
		},
		{
			"from": [-5, 12.19315, 7.42208],
			"to": [-3.5, 12.39315, 8.42208],
			"rotation": {"angle": 22.5, "axis": "x", "origin": [-5, 12.29315, 8.32208]},
			"faces": {
				"north": {"uv": [5, 2, 6, 3], "texture": "#0"},
				"east": {"uv": [3, 5, 4, 6], "texture": "#0"},
				"south": {"uv": [5, 3, 6, 4], "texture": "#0"},
				"west": {"uv": [4, 5, 5, 6], "texture": "#0"},
				"up": {"uv": [6, 5, 5, 4], "texture": "#0"},
				"down": {"uv": [6, 5, 5, 6], "texture": "#0"}
			}
		},
		{
			"from": [-5, 12.06249, 7.33478],
			"to": [-3.5, 12.26249, 8.33478],
			"rotation": {"angle": 45, "axis": "x", "origin": [-5, 12.16249, 8.23478]},
			"faces": {
				"north": {"uv": [0, 6, 1, 7], "texture": "#0"},
				"east": {"uv": [6, 0, 7, 1], "texture": "#0"},
				"south": {"uv": [1, 6, 2, 7], "texture": "#0"},
				"west": {"uv": [6, 1, 7, 2], "texture": "#0"},
				"up": {"uv": [3, 7, 2, 6], "texture": "#0"},
				"down": {"uv": [7, 2, 6, 3], "texture": "#0"}
			}
		},
		{
			"from": [-5, 11.97519, 8.00412],
			"to": [-3.5, 12.97519, 8.20412],
			"rotation": {"angle": -22.5, "axis": "x", "origin": [-5, 12.07519, 8.10412]},
			"faces": {
				"north": {"uv": [3, 6, 4, 7], "texture": "#0"},
				"east": {"uv": [6, 3, 7, 4], "texture": "#0"},
				"south": {"uv": [4, 6, 5, 7], "texture": "#0"},
				"west": {"uv": [6, 4, 7, 5], "texture": "#0"},
				"up": {"uv": [6, 7, 5, 6], "texture": "#0"},
				"down": {"uv": [7, 5, 6, 6], "texture": "#0"}
			}
		},
		{
			"from": [1.6, 12.6, 6.7],
			"to": [6.9, 13.1, 6.8],
			"rotation": {"angle": 0, "axis": "y", "origin": [8.1, 0.1, -1.2]},
			"faces": {
				"north": {"uv": [0, 0, 5.3, 0.5], "texture": "#0"},
				"east": {"uv": [0, 0, 0.1, 0.5], "texture": "#0"},
				"south": {"uv": [0, 0, 5.3, 0.5], "texture": "#0"},
				"west": {"uv": [0, 0, 0.1, 0.5], "texture": "#0"},
				"up": {"uv": [0, 0, 5.3, 0.1], "texture": "#0"},
				"down": {"uv": [0, 0, 5.3, 0.1], "texture": "#0"}
			}
		},
		{
			"from": [1.6, 12.56934, 6.75412],
			"to": [6.9, 13.06934, 6.85412],
			"rotation": {"angle": 22.5, "axis": "x", "origin": [5.6, 12.96934, 6.85412]},
			"faces": {
				"north": {"uv": [0, 0, 5.3, 0.5], "texture": "#0"},
				"east": {"uv": [0, 0, 0.1, 0.5], "texture": "#0"},
				"south": {"uv": [0, 0, 5.3, 0.5], "texture": "#0"},
				"west": {"uv": [0, 0, 0.1, 0.5], "texture": "#0"},
				"up": {"uv": [0, 0, 5.3, 0.1], "texture": "#0"},
				"down": {"uv": [0, 0, 5.3, 0.1], "texture": "#0"}
			}
		},
		{
			"from": [1.6, 12.52031, 6.79239],
			"to": [6.9, 13.02031, 6.89239],
			"rotation": {"angle": 45, "axis": "x", "origin": [5.6, 12.92031, 6.89239]},
			"faces": {
				"north": {"uv": [0, 0, 5.3, 0.5], "texture": "#0"},
				"east": {"uv": [0, 0, 0.1, 0.5], "texture": "#0"},
				"south": {"uv": [0, 0, 5.3, 0.5], "texture": "#0"},
				"west": {"uv": [0, 0, 0.1, 0.5], "texture": "#0"},
				"up": {"uv": [0, 0, 5.3, 0.1], "texture": "#0"},
				"down": {"uv": [0, 0, 5.3, 0.1], "texture": "#0"}
			}
		},
		{
			"from": [1.6, 12.86036, 6.50898],
			"to": [6.9, 12.96036, 7.00898],
			"rotation": {"angle": -22.5, "axis": "x", "origin": [5.6, 12.86036, 6.90898]},
			"faces": {
				"north": {"uv": [0, 0, 5.3, 0.1], "rotation": 180, "texture": "#0"},
				"east": {"uv": [0, 0, 0.1, 0.5], "rotation": 270, "texture": "#0"},
				"south": {"uv": [0, 0, 5.3, 0.1], "texture": "#0"},
				"west": {"uv": [0, 0, 0.1, 0.5], "rotation": 90, "texture": "#0"},
				"up": {"uv": [0, 0, 5.3, 0.5], "rotation": 180, "texture": "#0"},
				"down": {"uv": [0, 0, 5.3, 0.5], "texture": "#0"}
			}
		},
		{
			"from": [1.6, 12.79863, 6.50137],
			"to": [6.9, 12.89863, 7.00137],
			"rotation": {"angle": 0, "axis": "x", "origin": [5.6, 12.79863, 6.90137]},
			"faces": {
				"north": {"uv": [0, 0, 5.3, 0.1], "rotation": 180, "texture": "#0"},
				"east": {"uv": [0, 0, 0.1, 0.5], "rotation": 270, "texture": "#0"},
				"south": {"uv": [0, 0, 5.3, 0.1], "texture": "#0"},
				"west": {"uv": [0, 0, 0.1, 0.5], "rotation": 90, "texture": "#0"},
				"up": {"uv": [0, 0, 5.3, 0.5], "rotation": 180, "texture": "#0"},
				"down": {"uv": [0, 0, 5.3, 0.5], "texture": "#0"}
			}
		},
		{
			"from": [1.6, 12.74451, 6.47071],
			"to": [6.9, 12.84451, 6.97071],
			"rotation": {"angle": 22.5, "axis": "x", "origin": [5.6, 12.74451, 6.87071]},
			"faces": {
				"north": {"uv": [0, 0, 5.3, 0.1], "rotation": 180, "texture": "#0"},
				"east": {"uv": [0, 0, 0.1, 0.5], "rotation": 270, "texture": "#0"},
				"south": {"uv": [0, 0, 5.3, 0.1], "texture": "#0"},
				"west": {"uv": [0, 0, 0.1, 0.5], "rotation": 90, "texture": "#0"},
				"up": {"uv": [0, 0, 5.3, 0.5], "rotation": 180, "texture": "#0"},
				"down": {"uv": [0, 0, 5.3, 0.5], "texture": "#0"}
			}
		},
		{
			"from": [1.6, 12.70625, 6.42168],
			"to": [6.9, 12.80625, 6.92168],
			"rotation": {"angle": 45, "axis": "x", "origin": [5.6, 12.70625, 6.82168]},
			"faces": {
				"north": {"uv": [0, 0, 5.3, 0.1], "rotation": 180, "texture": "#0"},
				"east": {"uv": [0, 0, 0.1, 0.5], "rotation": 270, "texture": "#0"},
				"south": {"uv": [0, 0, 5.3, 0.1], "texture": "#0"},
				"west": {"uv": [0, 0, 0.1, 0.5], "rotation": 90, "texture": "#0"},
				"up": {"uv": [0, 0, 5.3, 0.5], "rotation": 180, "texture": "#0"},
				"down": {"uv": [0, 0, 5.3, 0.5], "texture": "#0"}
			}
		},
		{
			"from": [1.6, 12.58965, 6.76173],
			"to": [6.9, 13.08965, 6.86173],
			"rotation": {"angle": -22.5, "axis": "x", "origin": [5.6, 12.68965, 6.76173]},
			"faces": {
				"north": {"uv": [0, 0, 5.3, 0.5], "rotation": 180, "texture": "#0"},
				"east": {"uv": [0, 0, 0.1, 0.5], "rotation": 180, "texture": "#0"},
				"south": {"uv": [0, 0, 5.3, 0.5], "rotation": 180, "texture": "#0"},
				"west": {"uv": [0, 0, 0.1, 0.5], "rotation": 180, "texture": "#0"},
				"up": {"uv": [0, 0, 5.3, 0.1], "texture": "#0"},
				"down": {"uv": [0, 0, 5.3, 0.1], "texture": "#0"}
			}
		},
		{
			"from": [6.9, 12.5, 6.4],
			"to": [7.2, 13.2, 7],
			"faces": {
				"north": {"uv": [0, 0, 0.3, 0.7], "texture": "#1"},
				"east": {"uv": [0, 0, 0.6, 0.7], "texture": "#1"},
				"south": {"uv": [0, 0, 0.3, 0.7], "texture": "#1"},
				"west": {"uv": [0, 0, 0.6, 0.7], "texture": "#1"},
				"up": {"uv": [0, 0, 0.3, 0.6], "texture": "#1"},
				"down": {"uv": [0, 0, 0.3, 0.6], "texture": "#1"}
			}
		},
		{
			"from": [1, 12.55, 6.4],
			"to": [1.6, 13.15, 7],
			"faces": {
				"north": {"uv": [0, 0, 0.6, 0.6], "texture": "#0"},
				"east": {"uv": [0, 0, 0.6, 0.6], "texture": "#0"},
				"south": {"uv": [0, 0, 0.6, 0.6], "texture": "#0"},
				"west": {"uv": [0, 0, 0.6, 0.6], "texture": "#0"},
				"up": {"uv": [0, 0, 0.6, 0.6], "texture": "#0"},
				"down": {"uv": [0, 0, 0.6, 0.6], "texture": "#0"}
			}
		},
		{
			"from": [1.6, 12.6, 9.2],
			"to": [6.9, 13.1, 9.3],
			"rotation": {"angle": 0, "axis": "y", "origin": [8.1, 0.1, 1.3]},
			"faces": {
				"north": {"uv": [0, 0, 5.3, 0.5], "texture": "#0"},
				"east": {"uv": [0, 0, 0.1, 0.5], "texture": "#0"},
				"south": {"uv": [0, 0, 5.3, 0.5], "texture": "#0"},
				"west": {"uv": [0, 0, 0.1, 0.5], "texture": "#0"},
				"up": {"uv": [0, 0, 5.3, 0.1], "texture": "#0"},
				"down": {"uv": [0, 0, 5.3, 0.1], "texture": "#0"}
			}
		},
		{
			"from": [1.6, 12.56934, 9.25412],
			"to": [6.9, 13.06934, 9.35412],
			"rotation": {"angle": 22.5, "axis": "x", "origin": [5.6, 12.96934, 9.35412]},
			"faces": {
				"north": {"uv": [0, 0, 5.3, 0.5], "texture": "#0"},
				"east": {"uv": [0, 0, 0.1, 0.5], "texture": "#0"},
				"south": {"uv": [0, 0, 5.3, 0.5], "texture": "#0"},
				"west": {"uv": [0, 0, 0.1, 0.5], "texture": "#0"},
				"up": {"uv": [0, 0, 5.3, 0.1], "texture": "#0"},
				"down": {"uv": [0, 0, 5.3, 0.1], "texture": "#0"}
			}
		},
		{
			"from": [1.6, 12.52031, 9.29239],
			"to": [6.9, 13.02031, 9.39239],
			"rotation": {"angle": 45, "axis": "x", "origin": [5.6, 12.92031, 9.39239]},
			"faces": {
				"north": {"uv": [0, 0, 5.3, 0.5], "texture": "#0"},
				"east": {"uv": [0, 0, 0.1, 0.5], "texture": "#0"},
				"south": {"uv": [0, 0, 5.3, 0.5], "texture": "#0"},
				"west": {"uv": [0, 0, 0.1, 0.5], "texture": "#0"},
				"up": {"uv": [0, 0, 5.3, 0.1], "texture": "#0"},
				"down": {"uv": [0, 0, 5.3, 0.1], "texture": "#0"}
			}
		},
		{
			"from": [1.6, 12.86036, 9.00898],
			"to": [6.9, 12.96036, 9.50898],
			"rotation": {"angle": -22.5, "axis": "x", "origin": [5.6, 12.86036, 9.40898]},
			"faces": {
				"north": {"uv": [0, 0, 5.3, 0.1], "rotation": 180, "texture": "#0"},
				"east": {"uv": [0, 0, 0.1, 0.5], "rotation": 270, "texture": "#0"},
				"south": {"uv": [0, 0, 5.3, 0.1], "texture": "#0"},
				"west": {"uv": [0, 0, 0.1, 0.5], "rotation": 90, "texture": "#0"},
				"up": {"uv": [0, 0, 5.3, 0.5], "rotation": 180, "texture": "#0"},
				"down": {"uv": [0, 0, 5.3, 0.5], "texture": "#0"}
			}
		},
		{
			"from": [1.6, 12.79863, 9.00137],
			"to": [6.9, 12.89863, 9.50137],
			"rotation": {"angle": 0, "axis": "x", "origin": [5.6, 12.79863, 9.40137]},
			"faces": {
				"north": {"uv": [0, 0, 5.3, 0.1], "rotation": 180, "texture": "#0"},
				"east": {"uv": [0, 0, 0.1, 0.5], "rotation": 270, "texture": "#0"},
				"south": {"uv": [0, 0, 5.3, 0.1], "texture": "#0"},
				"west": {"uv": [0, 0, 0.1, 0.5], "rotation": 90, "texture": "#0"},
				"up": {"uv": [0, 0, 5.3, 0.5], "rotation": 180, "texture": "#0"},
				"down": {"uv": [0, 0, 5.3, 0.5], "texture": "#0"}
			}
		},
		{
			"from": [1.6, 12.74451, 8.97071],
			"to": [6.9, 12.84451, 9.47071],
			"rotation": {"angle": 22.5, "axis": "x", "origin": [5.6, 12.74451, 9.37071]},
			"faces": {
				"north": {"uv": [0, 0, 5.3, 0.1], "rotation": 180, "texture": "#0"},
				"east": {"uv": [0, 0, 0.1, 0.5], "rotation": 270, "texture": "#0"},
				"south": {"uv": [0, 0, 5.3, 0.1], "texture": "#0"},
				"west": {"uv": [0, 0, 0.1, 0.5], "rotation": 90, "texture": "#0"},
				"up": {"uv": [0, 0, 5.3, 0.5], "rotation": 180, "texture": "#0"},
				"down": {"uv": [0, 0, 5.3, 0.5], "texture": "#0"}
			}
		},
		{
			"from": [1.6, 12.70625, 8.92168],
			"to": [6.9, 12.80625, 9.42168],
			"rotation": {"angle": 45, "axis": "x", "origin": [5.6, 12.70625, 9.32168]},
			"faces": {
				"north": {"uv": [0, 0, 5.3, 0.1], "rotation": 180, "texture": "#0"},
				"east": {"uv": [0, 0, 0.1, 0.5], "rotation": 270, "texture": "#0"},
				"south": {"uv": [0, 0, 5.3, 0.1], "texture": "#0"},
				"west": {"uv": [0, 0, 0.1, 0.5], "rotation": 90, "texture": "#0"},
				"up": {"uv": [0, 0, 5.3, 0.5], "rotation": 180, "texture": "#0"},
				"down": {"uv": [0, 0, 5.3, 0.5], "texture": "#0"}
			}
		},
		{
			"from": [1.6, 12.58965, 9.26173],
			"to": [6.9, 13.08965, 9.36173],
			"rotation": {"angle": -22.5, "axis": "x", "origin": [5.6, 12.68965, 9.26173]},
			"faces": {
				"north": {"uv": [0, 0, 5.3, 0.5], "rotation": 180, "texture": "#0"},
				"east": {"uv": [0, 0, 0.1, 0.5], "rotation": 180, "texture": "#0"},
				"south": {"uv": [0, 0, 5.3, 0.5], "rotation": 180, "texture": "#0"},
				"west": {"uv": [0, 0, 0.1, 0.5], "rotation": 180, "texture": "#0"},
				"up": {"uv": [0, 0, 5.3, 0.1], "texture": "#0"},
				"down": {"uv": [0, 0, 5.3, 0.1], "texture": "#0"}
			}
		},
		{
			"from": [6.9, 12.5, 9],
			"to": [7.2, 13.2, 9.6],
			"rotation": {"angle": 0, "axis": "y", "origin": [0, 0, 2.5]},
			"faces": {
				"north": {"uv": [0, 0, 0.3, 0.7], "texture": "#1"},
				"east": {"uv": [0, 0, 0.6, 0.7], "texture": "#1"},
				"south": {"uv": [0, 0, 0.3, 0.7], "texture": "#1"},
				"west": {"uv": [0, 0, 0.6, 0.7], "texture": "#1"},
				"up": {"uv": [0, 0, 0.3, 0.6], "texture": "#1"},
				"down": {"uv": [0, 0, 0.3, 0.6], "texture": "#1"}
			}
		},
		{
			"from": [1, 12.55, 9],
			"to": [1.6, 13.15, 9.6],
			"rotation": {"angle": 0, "axis": "y", "origin": [0, 0, 2.5]},
			"faces": {
				"north": {"uv": [0, 0, 0.6, 0.6], "texture": "#0"},
				"east": {"uv": [0, 0, 0.6, 0.6], "texture": "#0"},
				"south": {"uv": [0, 0, 0.6, 0.6], "texture": "#0"},
				"west": {"uv": [0, 0, 0.6, 0.6], "texture": "#0"},
				"up": {"uv": [0, 0, 0.6, 0.6], "texture": "#0"},
				"down": {"uv": [0, 0, 0.6, 0.6], "texture": "#0"}
			}
		},
		{
			"from": [4.08066, 12.98076, 7.5],
			"to": [4.38066, 13.18076, 8.5],
			"rotation": {"angle": 0, "axis": "z", "origin": [4.19033, 13.29038, 8]},
			"faces": {
				"north": {"uv": [0, 0, 0.3, 0.2], "rotation": 180, "texture": "#4"},
				"east": {"uv": [0, 0, 1, 0.2], "rotation": 180, "texture": "#4"},
				"south": {"uv": [0, 0, 0.3, 0.2], "rotation": 180, "texture": "#4"},
				"west": {"uv": [0, 0, 1, 0.2], "rotation": 180, "texture": "#4"},
				"up": {"uv": [0, 0, 0.3, 1], "rotation": 180, "texture": "#4"},
				"down": {"uv": [0, 0, 0.3, 1], "rotation": 180, "texture": "#4"}
			}
		},
		{
			"from": [2.18066, 12.98076, 7.5],
			"to": [2.48066, 13.18076, 8.5],
			"rotation": {"angle": 0, "axis": "z", "origin": [4.19033, 13.29038, 8]},
			"faces": {
				"north": {"uv": [0, 0, 0.3, 0.2], "rotation": 180, "texture": "#4"},
				"east": {"uv": [0, 0, 1, 0.2], "rotation": 180, "texture": "#4"},
				"south": {"uv": [0, 0, 0.3, 0.2], "rotation": 180, "texture": "#4"},
				"west": {"uv": [0, 0, 1, 0.2], "rotation": 180, "texture": "#4"},
				"up": {"uv": [0, 0, 0.3, 1], "rotation": 180, "texture": "#4"},
				"down": {"uv": [0, 0, 0.3, 1], "rotation": 180, "texture": "#4"}
			}
		},
		{
			"from": [1.18066, 13.18076, 7.5],
			"to": [2.48066, 13.38076, 8.5],
			"rotation": {"angle": 0, "axis": "z", "origin": [4.19033, 13.29038, 8]},
			"faces": {
				"north": {"uv": [0, 0, 1.3, 0.2], "rotation": 180, "texture": "#4"},
				"east": {"uv": [0, 0, 1, 0.2], "rotation": 180, "texture": "#4"},
				"south": {"uv": [0, 0, 1.3, 0.2], "rotation": 180, "texture": "#4"},
				"west": {"uv": [0, 0, 1, 0.2], "rotation": 180, "texture": "#4"},
				"up": {"uv": [0, 0, 1.3, 1], "rotation": 180, "texture": "#4"},
				"down": {"uv": [0, 0, 1.3, 1], "rotation": 180, "texture": "#4"}
			}
		},
		{
			"from": [4.28066, 13.18076, 7.5],
			"to": [4.38066, 13.58076, 8.5],
			"rotation": {"angle": 0, "axis": "z", "origin": [4.19033, 13.29038, 8]},
			"faces": {
				"north": {"uv": [0, 0, 0.1, 0.4], "rotation": 180, "texture": "#4"},
				"east": {"uv": [0, 0, 1, 0.4], "rotation": 180, "texture": "#4"},
				"south": {"uv": [0, 0, 0.1, 0.4], "rotation": 180, "texture": "#4"},
				"west": {"uv": [0, 0, 1, 0.4], "rotation": 180, "texture": "#4"},
				"up": {"uv": [0, 0, 0.1, 1], "rotation": 180, "texture": "#4"},
				"down": {"uv": [0, 0, 0.1, 1], "rotation": 180, "texture": "#4"}
			}
		},
		{
			"from": [4.14225, 13.14221, 7.5],
			"to": [4.34225, 13.34221, 8.5],
			"rotation": {"angle": -22.5, "axis": "z", "origin": [4.20836, 13.31632, 8]},
			"faces": {
				"north": {"uv": [0, 0, 0.2, 0.2], "rotation": 180, "texture": "#4"},
				"east": {"uv": [0, 0, 1, 0.2], "rotation": 180, "texture": "#4"},
				"south": {"uv": [0, 0, 0.2, 0.2], "rotation": 180, "texture": "#4"},
				"west": {"uv": [0, 0, 1, 0.2], "rotation": 180, "texture": "#4"},
				"up": {"uv": [0, 0, 0.2, 1], "rotation": 180, "texture": "#4"},
				"down": {"uv": [0, 0, 0.2, 1], "rotation": 180, "texture": "#4"}
			}
		},
		{
			"from": [4.15719, 13.26554, 7.5],
			"to": [4.35719, 13.56554, 8.5],
			"rotation": {"angle": 0, "axis": "z", "origin": [4.1434, 13.29038, 8]},
			"faces": {
				"north": {"uv": [0, 0, 0.2, 0.3], "rotation": 180, "texture": "#4"},
				"east": {"uv": [0, 0, 1, 0.3], "rotation": 180, "texture": "#4"},
				"south": {"uv": [0, 0, 0.2, 0.3], "rotation": 180, "texture": "#4"},
				"west": {"uv": [0, 0, 1, 0.3], "rotation": 180, "texture": "#4"},
				"up": {"uv": [0, 0, 0.2, 1], "rotation": 180, "texture": "#4"},
				"down": {"uv": [0, 0, 0.2, 1], "rotation": 180, "texture": "#4"}
			}
		},
		{
			"from": [4.21763, 13.55719, 7.5],
			"to": [4.41763, 13.85719, 8.5],
			"rotation": {"angle": 22.5, "axis": "z", "origin": [4.4178, 13.45943, 8]},
			"faces": {
				"north": {"uv": [0, 0, 0.2, 0.3], "rotation": 180, "texture": "#4"},
				"east": {"uv": [0, 0, 1, 0.3], "rotation": 180, "texture": "#4"},
				"south": {"uv": [0, 0, 0.2, 0.3], "rotation": 180, "texture": "#4"},
				"west": {"uv": [0, 0, 1, 0.3], "rotation": 180, "texture": "#4"},
				"up": {"uv": [0, 0, 0.2, 1], "rotation": 180, "texture": "#4"},
				"down": {"uv": [0, 0, 0.2, 1], "rotation": 180, "texture": "#4"}
			}
		},
		{
			"from": [3.93692, 13.55768, 7.5],
			"to": [4.23692, 13.75768, 8.5],
			"rotation": {"angle": -45, "axis": "z", "origin": [4.33468, 13.75784, 8]},
			"faces": {
				"north": {"uv": [0, 0, 0.2, 0.3], "rotation": 270, "texture": "#4"},
				"east": {"uv": [0, 0, 0.2, 1], "rotation": 90, "texture": "#4"},
				"south": {"uv": [0, 0, 0.2, 0.3], "rotation": 90, "texture": "#4"},
				"west": {"uv": [0, 0, 0.2, 1], "rotation": 90, "texture": "#4"},
				"up": {"uv": [0, 0, 1, 0.3], "rotation": 90, "texture": "#4"},
				"down": {"uv": [0, 0, 1, 0.3], "rotation": 90, "texture": "#4"}
			}
		},
		{
			"from": [-0.5, 15.5, 7.95],
			"to": [0, 15.7, 8.05],
			"faces": {
				"north": {"uv": [0, 0, 0.5, 0.2], "texture": "#4"},
				"east": {"uv": [0, 0, 0.1, 0.2], "texture": "#4"},
				"south": {"uv": [0, 0, 0.5, 0.2], "texture": "#4"},
				"west": {"uv": [0, 0, 0.1, 0.2], "texture": "#4"},
				"up": {"uv": [0, 0, 0.5, 0.1], "texture": "#4"},
				"down": {"uv": [0, 0, 0.5, 0.1], "texture": "#4"}
			}
		},
		{
			"from": [6.2, 15.5, 7.85],
			"to": [7, 15.6, 8.15],
			"faces": {
				"north": {"uv": [0, 0, 0.8, 0.1], "texture": "#4"},
				"east": {"uv": [0, 0, 0.3, 0.1], "texture": "#4"},
				"south": {"uv": [0, 0, 0.8, 0.1], "texture": "#4"},
				"west": {"uv": [0, 0, 0.3, 0.1], "texture": "#4"},
				"up": {"uv": [0, 0, 0.8, 0.3], "texture": "#4"},
				"down": {"uv": [0, 0, 0.8, 0.3], "texture": "#4"}
			}
		},
		{
			"from": [6.2, 15.5, 8.15],
			"to": [6.7, 15.9, 8.45],
			"rotation": {"angle": 0, "axis": "y", "origin": [0, 0, -0.1]},
			"faces": {
				"north": {"uv": [0, 0, 0.5, 0.4], "texture": "#4"},
				"east": {"uv": [0, 0, 0.3, 0.4], "texture": "#4"},
				"south": {"uv": [0, 0, 0.5, 0.4], "texture": "#4"},
				"west": {"uv": [0, 0, 0.3, 0.4], "texture": "#4"},
				"up": {"uv": [0, 0, 0.5, 0.3], "texture": "#4"},
				"down": {"uv": [0, 0, 0.5, 0.3], "texture": "#4"}
			}
		},
		{
			"from": [6.6, 15.3, 8.15],
			"to": [7.2, 15.6, 8.45],
			"rotation": {"angle": -22.5, "axis": "z", "origin": [6.95, 15.55, 8.3]},
			"faces": {
				"north": {"uv": [0, 0, 0.6, 0.3], "texture": "#4"},
				"east": {"uv": [0, 0, 0.3, 0.3], "texture": "#4"},
				"south": {"uv": [0, 0, 0.6, 0.3], "texture": "#4"},
				"west": {"uv": [0, 0, 0.3, 0.3], "texture": "#4"},
				"up": {"uv": [0, 0, 0.6, 0.3], "texture": "#4"},
				"down": {"uv": [0, 0, 0.6, 0.3], "texture": "#4"}
			}
		},
		{
			"from": [6.2, 15.5, 7.55],
			"to": [6.7, 15.9, 7.85],
			"rotation": {"angle": 0, "axis": "y", "origin": [0, 0, 0.1]},
			"faces": {
				"north": {"uv": [0, 0, 0.5, 0.4], "texture": "#4"},
				"east": {"uv": [0, 0, 0.3, 0.4], "texture": "#4"},
				"south": {"uv": [0, 0, 0.5, 0.4], "texture": "#4"},
				"west": {"uv": [0, 0, 0.3, 0.4], "texture": "#4"},
				"up": {"uv": [0, 0, 0.5, 0.3], "texture": "#4"},
				"down": {"uv": [0, 0, 0.5, 0.3], "texture": "#4"}
			}
		},
		{
			"from": [6.6, 15.3, 7.55],
			"to": [7.2, 15.6, 7.85],
			"rotation": {"angle": -22.5, "axis": "z", "origin": [6.95, 15.55, 8.5]},
			"faces": {
				"north": {"uv": [0, 0, 0.6, 0.3], "texture": "#4"},
				"east": {"uv": [0, 0, 0.3, 0.3], "texture": "#4"},
				"south": {"uv": [0, 0, 0.6, 0.3], "texture": "#4"},
				"west": {"uv": [0, 0, 0.3, 0.3], "texture": "#4"},
				"up": {"uv": [0, 0, 0.6, 0.3], "texture": "#4"},
				"down": {"uv": [0, 0, 0.6, 0.3], "texture": "#4"}
			}
		},
		{
			"from": [8, 15.5, 7.6],
			"to": [8.5, 16, 7.75],
			"rotation": {"angle": 0, "axis": "y", "origin": [0, 0, 0.1]},
			"faces": {
				"north": {"uv": [0, 0, 0.5, 0.5], "texture": "#4"},
				"east": {"uv": [0, 0, 0.15, 0.5], "texture": "#4"},
				"south": {"uv": [0, 0, 0.5, 0.5], "texture": "#4"},
				"west": {"uv": [0, 0, 0.15, 0.5], "texture": "#4"},
				"up": {"uv": [0, 0, 0.5, 0.15], "texture": "#4"},
				"down": {"uv": [0, 0, 0.5, 0.15], "texture": "#4"}
			}
		},
		{
			"from": [8, 15.5, 8.25],
			"to": [8.5, 16, 8.4],
			"rotation": {"angle": 0, "axis": "y", "origin": [0, 0, 0.1]},
			"faces": {
				"north": {"uv": [0, 0, 0.5, 0.5], "texture": "#4"},
				"east": {"uv": [0, 0, 0.15, 0.5], "texture": "#4"},
				"south": {"uv": [0, 0, 0.5, 0.5], "texture": "#4"},
				"west": {"uv": [0, 0, 0.15, 0.5], "texture": "#4"},
				"up": {"uv": [0, 0, 0.5, 0.15], "texture": "#4"},
				"down": {"uv": [0, 0, 0.5, 0.15], "texture": "#4"}
			}
		},
		{
			"from": [8, 15.9, 7.6],
			"to": [8.5, 16.15, 8.4],
			"rotation": {"angle": 0, "axis": "y", "origin": [0, 0, 0.1]},
			"faces": {
				"north": {"uv": [0, 0, 0.5, 0.25], "texture": "#4"},
				"east": {"uv": [0, 0, 0.8, 0.25], "texture": "#4"},
				"south": {"uv": [0, 0, 0.5, 0.25], "texture": "#4"},
				"west": {"uv": [0, 0, 0.8, 0.25], "texture": "#4"},
				"up": {"uv": [0, 0, 0.5, 0.8], "texture": "#4"},
				"down": {"uv": [0, 0, 0.5, 0.8], "texture": "#4"}
			}
		},
		{
			"from": [8, 15.5, 7.6],
			"to": [8.5, 15.65, 8.4],
			"rotation": {"angle": 0, "axis": "y", "origin": [0, 0, 0.1]},
			"faces": {
				"north": {"uv": [0, 0, 0.5, 0.15], "texture": "#4"},
				"east": {"uv": [0, 0, 0.8, 0.15], "texture": "#4"},
				"south": {"uv": [0, 0, 0.5, 0.15], "texture": "#4"},
				"west": {"uv": [0, 0, 0.8, 0.15], "texture": "#4"},
				"up": {"uv": [0, 0, 0.5, 0.8], "texture": "#4"},
				"down": {"uv": [0, 0, 0.5, 0.8], "texture": "#4"}
			}
		}
	],
	"display": {
		"thirdperson_righthand": {
			"rotation": [0, -90, 0],
			"translation": [0, -3.75, 4.5]
		},
		"firstperson_righthand": {
			"rotation": [5, -90, 0],
			"translation": [-1, -1, 8]
		},
		"ground": {
			"rotation": [0, 0, -45],
			"translation": [0, 2, 0],
			"scale": [0.7, 0.7, 0.7]
		},
		"gui": {
			"rotation": [0, 180, -45],
			"translation": [2, -3.5, 0],
			"scale": [0.88, 0.88, 0.88]
		},
		"fixed": {
			"rotation": [0, 0, -45],
			"translation": [-2, -3.5, 0]
		}
	},
	"groups": [
		{
			"name": "group",
			"origin": [15.99456, 12.79999, 8],
			"color": 0,
			"children": [0, 1, 2, 3, 4, 5, 6, 7, 8, 9, 10, 11]
		},
		{
			"name": "group",
			"origin": [0, 0, 0],
			"color": 0,
			"children": [12, 13, 14, 15, 16, 17, 18, 19, 20]
		},
		21,
		{
			"name": "group",
			"origin": [0, 0, 0],
			"color": 0,
			"children": [22, 23, 24, 25, 26]
		},
		{
			"name": "group",
			"origin": [0, 0, 0],
			"color": 0,
			"children": [27, 28, 29, 30, 31, 32, 33, 34, 35, 36, 37, 38, 39, 40, 41, 42, 43, 44, 45]
		},
		{
			"name": "group",
			"origin": [-2.5, 12.12519, 8.15412],
			"color": 0,
			"children": [46, 47, 48, 49, 50, 51, 52, 53]
		},
		{
			"name": "group",
			"origin": [-2.5, 12.12519, 8.15412],
			"color": 0,
			"children": [54, 55, 56, 57, 58, 59, 60, 61]
		},
		{
			"name": "group",
			"origin": [-2.5, 12.12519, 8.15412],
			"color": 0,
			"children": [62, 63, 64, 65, 66, 67, 68, 69, 70, 71]
		},
		{
			"name": "group",
			"origin": [-2.5, 12.12519, 8.15412],
			"color": 0,
			"children": [72, 73, 74, 75, 76, 77, 78, 79, 80, 81]
		},
		{
			"name": "group",
			"origin": [4.13066, 13.38457, 8],
			"color": 0,
			"children": [82, 83, 84, 85, 86, 87, 88, 89]
		},
		{
			"name": "group",
			"origin": [0, 0, 0],
			"color": 0,
			"children": [90, 91, 92, 93, 94, 95, 96, 97, 98, 99]
		}
	]
}