{
	"credit": "Made with Blockbench",
	"textures": {
		"0": "item/g11_white",
		"1": "item/g11_black",
		"2": "item/g11_light_blue",
		"particle": "item/g11_white"
	},
	"elements": [
		{
			"from": [11, 10, 7.25],
			"to": [21, 11, 8.75],
			"rotation": {"angle": 0, "axis": "y", "origin": [7.75, 7.81608, 7.5]},
			"faces": {
				"north": {"uv": [14, 15, 8, 16], "texture": "#0"},
				"east": {"uv": [13, 15, 14, 16], "texture": "#0"},
				"south": {"uv": [8, 15, 14, 16], "texture": "#0"},
				"west": {"uv": [0, 0, 2, 1], "texture": "#0"},
				"up": {"uv": [8, 16, 14, 15], "texture": "#0"},
				"down": {"uv": [10, 0, 0, 2], "texture": "#0"}
			}
		},
		{
			"from": [11, 11, 7.35],
			"to": [17, 11.3, 8.65],
			"rotation": {"angle": 0, "axis": "y", "origin": [7.75, 7.81608, 7.5]},
			"faces": {
				"north": {"uv": [0, 0, 6, 1], "texture": "#0"},
				"east": {"uv": [1, 0, 0, 1], "texture": "#0"},
				"south": {"uv": [0, 0, 6, 1], "texture": "#0"},
				"west": {"uv": [0, 0, 1, 1], "texture": "#0"},
				"up": {"uv": [6, 1, 0, 0], "texture": "#0"},
				"down": {"uv": [6, 0, 0, 1], "texture": "#0"}
			}
		},
		{
			"from": [11, 7, 7.05],
			"to": [21, 10, 8.95],
			"rotation": {"angle": 0, "axis": "y", "origin": [7.75, 7.81608, 7.5]},
			"faces": {
				"north": {"uv": [14, 16, 7, 14.5], "texture": "#0"},
				"east": {"uv": [13, 16, 14, 14.5], "texture": "#0"},
				"south": {"uv": [7, 16, 14, 14.5], "texture": "#0"},
				"west": {"uv": [0, 0, 2, 3], "texture": "#0"},
				"up": {"uv": [7, 16, 14, 15], "texture": "#0"},
				"down": {"uv": [10, 0, 0, 2], "texture": "#0"}
			}
		},
		{
			"from": [16, 6.5, 7.45],
			"to": [18, 7, 8.55],
			"rotation": {"angle": 0, "axis": "y", "origin": [7.75, 7.81608, 7.5]},
			"faces": {
				"north": {"uv": [0, 0, 2, 1], "texture": "#1"},
				"east": {"uv": [0, 0, 1, 1], "texture": "#1"},
				"south": {"uv": [0, 0, 2, 1], "texture": "#1"},
				"west": {"uv": [0, 0, 1, 1], "texture": "#1"},
				"up": {"uv": [2, 1, 0, 0], "texture": "#1"},
				"down": {"uv": [2, 0, 0, 1], "texture": "#1"}
			}
		},
		{
			"from": [5, 10, 7.25],
			"to": [11, 11, 8.75],
			"rotation": {"angle": 0, "axis": "y", "origin": [7.75, 7.81608, 7.5]},
			"faces": {
				"north": {"uv": [0, 0, 6, 1], "texture": "#0"},
				"east": {"uv": [0, 0, 1, 1], "texture": "#0"},
				"south": {"uv": [0, 0, 6, 1], "texture": "#0"},
				"west": {"uv": [0, 0, 1, 1], "texture": "#0"},
				"up": {"uv": [6, 1, 0, 0], "texture": "#0"},
				"down": {"uv": [6, 0, 0, 1], "texture": "#0"}
			}
		},
		{
			"from": [5, 8, 7.0501],
			"to": [11, 10, 8.9499],
			"rotation": {"angle": 0, "axis": "y", "origin": [7.75, 7.81608, 7.5]},
			"faces": {
				"north": {"uv": [0, 0, 6, 2], "texture": "#0"},
				"east": {"uv": [0, 0, 2, 2], "texture": "#0"},
				"south": {"uv": [0, 0, 6, 2], "texture": "#0"},
				"west": {"uv": [0, 0, 2, 2], "texture": "#0"},
				"up": {"uv": [6, 2, 0, 0], "texture": "#0"},
				"down": {"uv": [6, 0, 0, 2], "texture": "#0"}
			}
		},
		{
			"from": [9, 7, 7.05],
			"to": [11, 8, 8.95],
			"rotation": {"angle": 0, "axis": "y", "origin": [7.75, 7.81608, 7.5]},
			"faces": {
				"north": {"uv": [0, 0, 2, 1], "texture": "#0"},
				"east": {"uv": [0, 0, 2, 1], "texture": "#0"},
				"south": {"uv": [0, 0, 2, 1], "texture": "#0"},
				"west": {"uv": [0, 0, 2, 1], "texture": "#0"},
				"up": {"uv": [2, 2, 0, 0], "texture": "#0"},
				"down": {"uv": [2, 0, 0, 2], "texture": "#0"}
			}
		},
		{
			"from": [5, 7, 7.45],
			"to": [10, 8, 8.55],
			"rotation": {"angle": 0, "axis": "y", "origin": [7.75, 7.81608, 7.5]},
			"faces": {
				"north": {"uv": [0, 0, 5, 1], "texture": "#0"},
				"east": {"uv": [0, 0, 1, 1], "texture": "#0"},
				"south": {"uv": [0, 0, 5, 1], "texture": "#0"},
				"west": {"uv": [0, 0, 1, 1], "texture": "#0"},
				"up": {"uv": [5, 1, 0, 0], "texture": "#0"},
				"down": {"uv": [5, 0, 0, 1], "texture": "#0"}
			}
		},
		{
			"from": [5.3, 11, 7.55],
			"to": [10, 11.5, 8.45],
			"rotation": {"angle": 0, "axis": "y", "origin": [7.75, 7.81608, 7.5]},
			"faces": {
				"north": {"uv": [0, 0, 4.7, 0.5], "texture": "#0"},
				"east": {"uv": [0, 0, 0.9, 0.5], "texture": "#0"},
				"south": {"uv": [0, 0, 4.7, 0.5], "texture": "#0"},
				"west": {"uv": [0, 0, 0.9, 0.5], "texture": "#0"},
				"up": {"uv": [0, 0, 4.7, 0.9], "texture": "#0"},
				"down": {"uv": [0, 0, 4.7, 0.9], "texture": "#0"}
			}
		},
		{
			"from": [5.3, 11.5, 7.55],
			"to": [6, 12.5, 8.45],
			"rotation": {"angle": 0, "axis": "y", "origin": [7.75, 7.81608, 7.5]},
			"faces": {
				"north": {"uv": [0, 0, 0.7, 1], "texture": "#0"},
				"east": {"uv": [0, 0, 0.9, 1], "texture": "#0"},
				"south": {"uv": [0, 0, 0.7, 1], "texture": "#0"},
				"west": {"uv": [0, 0, 0.9, 1], "texture": "#0"},
				"up": {"uv": [0, 0, 0.7, 0.9], "texture": "#0"},
				"down": {"uv": [0, 0, 0.7, 0.9], "texture": "#0"}
			}
		},
		{
			"from": [3.9999, 12.1, 7.35],
			"to": [5.3, 12.5, 8.65],
			"rotation": {"angle": 0, "axis": "y", "origin": [7.75, 7.81608, 7.5]},
			"faces": {
				"north": {"uv": [0, 0, 1.3001, 0.4], "texture": "#1"},
				"east": {"uv": [0, 0, 1.3, 0.4], "texture": "#1"},
				"south": {"uv": [0, 0, 1.3001, 0.4], "texture": "#1"},
				"west": {"uv": [0, 0, 1.3, 0.4], "texture": "#1"},
				"up": {"uv": [0, 0, 1.3001, 1.3], "texture": "#1"},
				"down": {"uv": [0, 0, 1.3001, 1.3], "texture": "#1"}
			}
		},
		{
			"from": [3.9999, 13.1, 7.35],
			"to": [5.3, 13.5, 8.65],
			"rotation": {"angle": 0, "axis": "y", "origin": [7.75, 7.81608, 7.5]},
			"faces": {
				"north": {"uv": [0, 0, 1.3001, 0.4], "texture": "#1"},
				"east": {"uv": [0, 0, 1.3, 0.4], "texture": "#1"},
				"south": {"uv": [0, 0, 1.3001, 0.4], "texture": "#1"},
				"west": {"uv": [0, 0, 1.3, 0.4], "texture": "#1"},
				"up": {"uv": [0, 0, 1.3001, 1.3], "texture": "#1"},
				"down": {"uv": [0, 0, 1.3001, 1.3], "texture": "#1"}
			}
		},
		{
			"from": [3.9999, 12.5, 7.35],
			"to": [5.3, 13.1, 7.65],
			"rotation": {"angle": 0, "axis": "y", "origin": [7.75, 7.81608, 7.5]},
			"faces": {
				"north": {"uv": [0, 0, 1.3001, 0.6], "texture": "#1"},
				"east": {"uv": [0, 0, 0.3, 0.6], "texture": "#1"},
				"south": {"uv": [0, 0, 1.3001, 0.6], "texture": "#1"},
				"west": {"uv": [0, 0, 0.3, 0.6], "texture": "#1"},
				"up": {"uv": [0, 0, 1.3001, 0.3], "texture": "#1"},
				"down": {"uv": [0, 0, 1.3001, 0.3], "texture": "#1"}
			}
		},
		{
			"from": [3.9999, 12.5, 8.35],
			"to": [5.3, 13.1, 8.65],
			"rotation": {"angle": 0, "axis": "y", "origin": [7.75, 7.81608, 7.5]},
			"faces": {
				"north": {"uv": [0, 0, 1.3001, 0.6], "texture": "#1"},
				"east": {"uv": [0, 0, 0.3, 0.6], "texture": "#1"},
				"south": {"uv": [0, 0, 1.3001, 0.6], "texture": "#1"},
				"west": {"uv": [0, 0, 0.3, 0.6], "texture": "#1"},
				"up": {"uv": [0, 0, 1.3001, 0.3], "texture": "#1"},
				"down": {"uv": [0, 0, 1.3001, 0.3], "texture": "#1"}
			}
		},
		{
			"from": [5.2, 12.5, 7.45],
			"to": [10, 13.1, 7.65],
			"rotation": {"angle": 0, "axis": "y", "origin": [7.75, 7.81608, 7.6]},
			"faces": {
				"north": {"uv": [0, 0, 4.8, 0.6], "texture": "#0"},
				"east": {"uv": [0, 0, 0.2, 0.6], "texture": "#0"},
				"south": {"uv": [0, 0, 4.8, 0.6], "texture": "#0"},
				"west": {"uv": [0, 0, 0.2, 0.6], "texture": "#0"},
				"up": {"uv": [0, 0, 4.8, 0.2], "texture": "#0"},
				"down": {"uv": [0, 0, 4.8, 0.2], "texture": "#0"}
			}
		},
		{
			"from": [5.2, 12.5, 8.35],
			"to": [10, 13.1, 8.55],
			"rotation": {"angle": 0, "axis": "y", "origin": [7.75, 7.81608, 7.4]},
			"faces": {
				"north": {"uv": [0, 0, 4.8, 0.6], "texture": "#0"},
				"east": {"uv": [0, 0, 0.2, 0.6], "texture": "#0"},
				"south": {"uv": [0, 0, 4.8, 0.6], "texture": "#0"},
				"west": {"uv": [0, 0, 0.2, 0.6], "texture": "#0"},
				"up": {"uv": [0, 0, 4.8, 0.2], "texture": "#0"},
				"down": {"uv": [0, 0, 4.8, 0.2], "texture": "#0"}
			}
		},
		{
			"from": [5.2, 13.1, 7.65],
			"to": [10, 13.3001, 8.35],
			"rotation": {"angle": 0, "axis": "y", "origin": [7.75, 7.81608, 7.5]},
			"faces": {
				"north": {"uv": [0, 0, 4.8, 0.2001], "texture": "#0"},
				"east": {"uv": [0, 0, 0.7, 0.2001], "texture": "#0"},
				"south": {"uv": [0, 0, 4.8, 0.2001], "texture": "#0"},
				"west": {"uv": [0, 0, 0.7, 0.2001], "texture": "#0"},
				"up": {"uv": [0, 0, 4.8, 0.7], "texture": "#0"},
				"down": {"uv": [0, 0, 4.8, 0.7], "texture": "#0"}
			}
		},
		{
			"from": [5.3, 12.29, 7.65],
			"to": [10, 12.4901, 8.35],
			"rotation": {"angle": 0, "axis": "y", "origin": [7.75, 7.81608, 7.5]},
			"faces": {
				"north": {"uv": [0, 0, 4.7, 0.2001], "texture": "#0"},
				"east": {"uv": [0, 0, 0.7, 0.2001], "texture": "#0"},
				"south": {"uv": [0, 0, 4.7, 0.2001], "texture": "#0"},
				"west": {"uv": [0, 0, 0.7, 0.2001], "texture": "#0"},
				"up": {"uv": [0, 0, 4.7, 0.7], "texture": "#0"},
				"down": {"uv": [0, 0, 4.7, 0.7], "texture": "#0"}
			}
		},
		{
			"from": [9.3, 11.5, 7.55],
			"to": [10, 12.5, 8.45],
			"rotation": {"angle": 0, "axis": "y", "origin": [7.75, 7.81608, 7.5]},
			"faces": {
				"north": {"uv": [0, 0, 0.7, 1], "texture": "#0"},
				"east": {"uv": [0, 0, 0.9, 1], "texture": "#0"},
				"south": {"uv": [0, 0, 0.7, 1], "texture": "#0"},
				"west": {"uv": [0, 0, 0.9, 1], "texture": "#0"},
				"up": {"uv": [0, 0, 0.7, 0.9], "texture": "#0"},
				"down": {"uv": [0, 0, 0.7, 0.9], "texture": "#0"}
			}
		},
		{
			"from": [3.999, 13, 7.9],
			"to": [12, 13.3, 8.1],
			"rotation": {"angle": 0, "axis": "y", "origin": [7.65, 7.51608, 7.5]},
			"faces": {
				"north": {"uv": [0, 0, 8.001, 0.3], "texture": "#0"},
				"east": {"uv": [0, 0, 0.2, 0.3], "texture": "#0"},
				"south": {"uv": [0, 0, 8.001, 0.3], "texture": "#0"},
				"west": {"uv": [0, 0, 0.2, 0.3], "texture": "#0"},
				"up": {"uv": [0, 0, 8.001, 0.2], "texture": "#0"},
				"down": {"uv": [0, 0, 8.001, 0.2], "texture": "#0"}
			}
		},
		{
			"from": [3.999, 12.9464, 8.06945],
			"to": [12, 13.2464, 8.26945],
			"rotation": {"angle": 22.5, "axis": "x", "origin": [9.55, 13.1964, 8.21945]},
			"faces": {
				"north": {"uv": [0, 0, 8.001, 0.3], "texture": "#0"},
				"east": {"uv": [0, 0, 0.2, 0.3], "texture": "#0"},
				"south": {"uv": [0, 0, 8.001, 0.3], "texture": "#0"},
				"west": {"uv": [0, 0, 0.2, 0.3], "texture": "#0"},
				"up": {"uv": [0, 0, 8.001, 0.2], "texture": "#0"},
				"down": {"uv": [0, 0, 8.001, 0.2], "texture": "#0"}
			}
		},
		{
			"from": [3.999, 12.83204, 8.20549],
			"to": [12, 13.13204, 8.40549],
			"rotation": {"angle": 45, "axis": "x", "origin": [9.55, 13.08204, 8.35549]},
			"faces": {
				"north": {"uv": [0, 0, 8.001, 0.3], "texture": "#0"},
				"east": {"uv": [0, 0, 0.2, 0.3], "texture": "#0"},
				"south": {"uv": [0, 0, 8.001, 0.3], "texture": "#0"},
				"west": {"uv": [0, 0, 0.2, 0.3], "texture": "#0"},
				"up": {"uv": [0, 0, 8.001, 0.2], "texture": "#0"},
				"down": {"uv": [0, 0, 8.001, 0.2], "texture": "#0"}
			}
		},
		{
			"from": [3.999, 12.87052, 8.16827],
			"to": [12, 13.07052, 8.46827],
			"rotation": {"angle": -22.5, "axis": "x", "origin": [9.55, 12.97052, 8.41827]},
			"faces": {
				"north": {"uv": [0, 0, 8.001, 0.2], "rotation": 180, "texture": "#0"},
				"east": {"uv": [0, 0, 0.2, 0.3], "rotation": 270, "texture": "#0"},
				"south": {"uv": [0, 0, 8.001, 0.2], "texture": "#0"},
				"west": {"uv": [0, 0, 0.2, 0.3], "rotation": 90, "texture": "#0"},
				"up": {"uv": [0, 0, 8.001, 0.3], "rotation": 180, "texture": "#0"},
				"down": {"uv": [0, 0, 8.001, 0.3], "texture": "#0"}
			}
		},
		{
			"from": [3.999, 12.69727, 8.20273],
			"to": [12, 12.89727, 8.50273],
			"rotation": {"angle": 0, "axis": "x", "origin": [9.55, 12.79727, 8.45273]},
			"faces": {
				"north": {"uv": [0, 0, 8.001, 0.2], "rotation": 180, "texture": "#0"},
				"east": {"uv": [0, 0, 0.2, 0.3], "rotation": 270, "texture": "#0"},
				"south": {"uv": [0, 0, 8.001, 0.2], "texture": "#0"},
				"west": {"uv": [0, 0, 0.2, 0.3], "rotation": 90, "texture": "#0"},
				"up": {"uv": [0, 0, 8.001, 0.3], "rotation": 180, "texture": "#0"},
				"down": {"uv": [0, 0, 8.001, 0.3], "texture": "#0"}
			}
		},
		{
			"from": [3.999, 12.52401, 8.16827],
			"to": [12, 12.72401, 8.46827],
			"rotation": {"angle": 22.5, "axis": "x", "origin": [9.55, 12.62401, 8.41827]},
			"faces": {
				"north": {"uv": [0, 0, 8.001, 0.2], "rotation": 180, "texture": "#0"},
				"east": {"uv": [0, 0, 0.2, 0.3], "rotation": 270, "texture": "#0"},
				"south": {"uv": [0, 0, 8.001, 0.2], "texture": "#0"},
				"west": {"uv": [0, 0, 0.2, 0.3], "rotation": 90, "texture": "#0"},
				"up": {"uv": [0, 0, 8.001, 0.3], "rotation": 180, "texture": "#0"},
				"down": {"uv": [0, 0, 8.001, 0.3], "texture": "#0"}
			}
		},
		{
			"from": [3.999, 12.37713, 8.07013],
			"to": [12, 12.57713, 8.37013],
			"rotation": {"angle": 45, "axis": "x", "origin": [9.55, 12.47713, 8.32013]},
			"faces": {
				"north": {"uv": [0, 0, 8.001, 0.2], "rotation": 180, "texture": "#0"},
				"east": {"uv": [0, 0, 0.2, 0.3], "rotation": 270, "texture": "#0"},
				"south": {"uv": [0, 0, 8.001, 0.2], "texture": "#0"},
				"west": {"uv": [0, 0, 0.2, 0.3], "rotation": 90, "texture": "#0"},
				"up": {"uv": [0, 0, 8.001, 0.3], "rotation": 180, "texture": "#0"},
				"down": {"uv": [0, 0, 8.001, 0.3], "texture": "#0"}
			}
		},
		{
			"from": [3.999, 12.32899, 8.07325],
			"to": [12, 12.62899, 8.27325],
			"rotation": {"angle": -22.5, "axis": "x", "origin": [9.55, 12.37899, 8.17325]},
			"faces": {
				"north": {"uv": [0, 0, 8.001, 0.3], "rotation": 180, "texture": "#0"},
				"east": {"uv": [0, 0, 0.2, 0.3], "rotation": 180, "texture": "#0"},
				"south": {"uv": [0, 0, 8.001, 0.3], "rotation": 180, "texture": "#0"},
				"west": {"uv": [0, 0, 0.2, 0.3], "rotation": 180, "texture": "#0"},
				"up": {"uv": [0, 0, 8.001, 0.2], "texture": "#0"},
				"down": {"uv": [0, 0, 8.001, 0.2], "texture": "#0"}
			}
		},
		{
			"from": [3.999, 12.29453, 7.9],
			"to": [12, 12.59453, 8.1],
			"rotation": {"angle": 0, "axis": "x", "origin": [9.55, 12.78003, 7.77363]},
			"faces": {
				"north": {"uv": [0, 0, 8.001, 0.3], "rotation": 180, "texture": "#0"},
				"east": {"uv": [0, 0, 0.2, 0.3], "rotation": 180, "texture": "#0"},
				"south": {"uv": [0, 0, 8.001, 0.3], "rotation": 180, "texture": "#0"},
				"west": {"uv": [0, 0, 0.2, 0.3], "rotation": 180, "texture": "#0"},
				"up": {"uv": [0, 0, 8.001, 0.2], "texture": "#0"},
				"down": {"uv": [0, 0, 8.001, 0.2], "texture": "#0"}
			}
		},
		{
			"from": [3.999, 12.37985, 7.87617],
			"to": [12, 12.67985, 8.07617],
			"rotation": {"angle": 22.5, "axis": "x", "origin": [9.55, 12.78003, 7.77363]},
			"faces": {
				"north": {"uv": [0, 0, 8.001, 0.3], "rotation": 180, "texture": "#0"},
				"east": {"uv": [0, 0, 0.2, 0.3], "rotation": 180, "texture": "#0"},
				"south": {"uv": [0, 0, 8.001, 0.3], "rotation": 180, "texture": "#0"},
				"west": {"uv": [0, 0, 0.2, 0.3], "rotation": 180, "texture": "#0"},
				"up": {"uv": [0, 0, 8.001, 0.2], "texture": "#0"},
				"down": {"uv": [0, 0, 8.001, 0.2], "texture": "#0"}
			}
		},
		{
			"from": [3.999, 12.53215, 7.44315],
			"to": [12, 12.73215, 7.74315],
			"rotation": {"angle": -45, "axis": "x", "origin": [9.55, 12.78003, 7.77363]},
			"faces": {
				"north": {"uv": [0, 0, 8.001, 0.2], "rotation": 180, "texture": "#0"},
				"east": {"uv": [0, 0, 0.2, 0.3], "rotation": 90, "texture": "#0"},
				"south": {"uv": [0, 0, 8.001, 0.2], "texture": "#0"},
				"west": {"uv": [0, 0, 0.2, 0.3], "rotation": 270, "texture": "#0"},
				"up": {"uv": [0, 0, 8.001, 0.3], "texture": "#0"},
				"down": {"uv": [0, 0, 8.001, 0.3], "rotation": 180, "texture": "#0"}
			}
		},
		{
			"from": [3.999, 12.60933, 7.48663],
			"to": [12, 12.80933, 7.78663],
			"rotation": {"angle": -22.5, "axis": "x", "origin": [9.55, 12.78003, 7.77363]},
			"faces": {
				"north": {"uv": [0, 0, 8.001, 0.2], "rotation": 180, "texture": "#0"},
				"east": {"uv": [0, 0, 0.2, 0.3], "rotation": 90, "texture": "#0"},
				"south": {"uv": [0, 0, 8.001, 0.2], "texture": "#0"},
				"west": {"uv": [0, 0, 0.2, 0.3], "rotation": 270, "texture": "#0"},
				"up": {"uv": [0, 0, 8.001, 0.3], "texture": "#0"},
				"down": {"uv": [0, 0, 8.001, 0.3], "rotation": 180, "texture": "#0"}
			}
		},
		{
			"from": [3.999, 12.69727, 7.49727],
			"to": [12, 12.89727, 7.79727],
			"rotation": {"angle": 0, "axis": "x", "origin": [9.55, 12.78003, 7.77363]},
			"faces": {
				"north": {"uv": [0, 0, 8.001, 0.2], "rotation": 180, "texture": "#0"},
				"east": {"uv": [0, 0, 0.2, 0.3], "rotation": 90, "texture": "#0"},
				"south": {"uv": [0, 0, 8.001, 0.2], "texture": "#0"},
				"west": {"uv": [0, 0, 0.2, 0.3], "rotation": 270, "texture": "#0"},
				"up": {"uv": [0, 0, 8.001, 0.3], "texture": "#0"},
				"down": {"uv": [0, 0, 8.001, 0.3], "rotation": 180, "texture": "#0"}
			}
		},
		{
			"from": [3.999, 12.78258, 7.47344],
			"to": [12, 12.98258, 7.77344],
			"rotation": {"angle": 22.5, "axis": "x", "origin": [9.55, 12.78003, 7.77363]},
			"faces": {
				"north": {"uv": [0, 0, 8.001, 0.2], "rotation": 180, "texture": "#0"},
				"east": {"uv": [0, 0, 0.2, 0.3], "rotation": 90, "texture": "#0"},
				"south": {"uv": [0, 0, 8.001, 0.2], "texture": "#0"},
				"west": {"uv": [0, 0, 0.2, 0.3], "rotation": 270, "texture": "#0"},
				"up": {"uv": [0, 0, 8.001, 0.3], "texture": "#0"},
				"down": {"uv": [0, 0, 8.001, 0.3], "rotation": 180, "texture": "#0"}
			}
		},
		{
			"from": [3.999, 12.83489, 7.84588],
			"to": [12, 13.13489, 8.04588],
			"rotation": {"angle": -45, "axis": "x", "origin": [9.55, 12.78003, 7.77363]},
			"faces": {
				"north": {"uv": [0, 0, 8.001, 0.3], "texture": "#0"},
				"east": {"uv": [0, 0, 0.2, 0.3], "texture": "#0"},
				"south": {"uv": [0, 0, 8.001, 0.3], "texture": "#0"},
				"west": {"uv": [0, 0, 0.2, 0.3], "texture": "#0"},
				"up": {"uv": [0, 0, 8.001, 0.2], "texture": "#0"},
				"down": {"uv": [0, 0, 8.001, 0.2], "texture": "#0"}
			}
		},
		{
			"from": [3.999, 12.91206, 7.88936],
			"to": [12, 13.21206, 8.08936],
			"rotation": {"angle": -22.5, "axis": "x", "origin": [9.55, 12.78003, 7.77363]},
			"faces": {
				"north": {"uv": [0, 0, 8.001, 0.3], "texture": "#0"},
				"east": {"uv": [0, 0, 0.2, 0.3], "texture": "#0"},
				"south": {"uv": [0, 0, 8.001, 0.3], "texture": "#0"},
				"west": {"uv": [0, 0, 0.2, 0.3], "texture": "#0"},
				"up": {"uv": [0, 0, 8.001, 0.2], "texture": "#0"},
				"down": {"uv": [0, 0, 8.001, 0.2], "texture": "#0"}
			}
		},
		{
			"from": [10.0001, 13.05, 7.875],
			"to": [12.0001, 13.45, 8.125],
			"rotation": {"angle": 0, "axis": "y", "origin": [10.1, 12.82158, 8]},
			"faces": {
				"north": {"uv": [0, 0, 2, 0.4], "texture": "#1"},
				"east": {"uv": [0, 0, 0.25, 0.4], "texture": "#1"},
				"south": {"uv": [0, 0, 2, 0.4], "texture": "#1"},
				"west": {"uv": [0, 0, 0.25, 0.4], "texture": "#1"},
				"up": {"uv": [0, 0, 2, 0.25], "texture": "#1"},
				"down": {"uv": [0, 0, 2, 0.25], "texture": "#1"}
			}
		},
		{
			"from": [10.0001, 13.05, 7.875],
			"to": [12.0001, 13.45, 8.125],
			"rotation": {"angle": 22.5, "axis": "x", "origin": [10.1, 12.82158, 8]},
			"faces": {
				"north": {"uv": [0, 0, 2, 0.4], "texture": "#1"},
				"east": {"uv": [0, 0, 0.25, 0.4], "texture": "#1"},
				"south": {"uv": [0, 0, 2, 0.4], "texture": "#1"},
				"west": {"uv": [0, 0, 0.25, 0.4], "texture": "#1"},
				"up": {"uv": [0, 0, 2, 0.25], "texture": "#1"},
				"down": {"uv": [0, 0, 2, 0.25], "texture": "#1"}
			}
		},
		{
			"from": [10.0001, 13.05, 7.875],
			"to": [12.0001, 13.45, 8.125],
			"rotation": {"angle": 45, "axis": "x", "origin": [10.1, 12.82158, 8]},
			"faces": {
				"north": {"uv": [0, 0, 2, 0.4], "texture": "#1"},
				"east": {"uv": [0, 0, 0.25, 0.4], "texture": "#1"},
				"south": {"uv": [0, 0, 2, 0.4], "texture": "#1"},
				"west": {"uv": [0, 0, 0.25, 0.4], "texture": "#1"},
				"up": {"uv": [0, 0, 2, 0.25], "texture": "#1"},
				"down": {"uv": [0, 0, 2, 0.25], "texture": "#1"}
			}
		},
		{
			"from": [10.0001, 12.69658, 8.22842],
			"to": [12.0001, 12.94658, 8.62842],
			"rotation": {"angle": -22.5, "axis": "x", "origin": [10.1, 12.82158, 8]},
			"faces": {
				"north": {"uv": [0, 0, 2, 0.25], "rotation": 180, "texture": "#1"},
				"east": {"uv": [0, 0, 0.25, 0.4], "rotation": 270, "texture": "#1"},
				"south": {"uv": [0, 0, 2, 0.25], "texture": "#1"},
				"west": {"uv": [0, 0, 0.25, 0.4], "rotation": 90, "texture": "#1"},
				"up": {"uv": [0, 0, 2, 0.4], "rotation": 180, "texture": "#1"},
				"down": {"uv": [0, 0, 2, 0.4], "texture": "#1"}
			}
		},
		{
			"from": [10.0001, 12.69658, 8.22842],
			"to": [12.0001, 12.94658, 8.62842],
			"rotation": {"angle": 0, "axis": "x", "origin": [10.1, 12.82158, 8]},
			"faces": {
				"north": {"uv": [0, 0, 2, 0.25], "rotation": 180, "texture": "#1"},
				"east": {"uv": [0, 0, 0.25, 0.4], "rotation": 270, "texture": "#1"},
				"south": {"uv": [11, 15, 16, 16], "texture": "#1"},
				"west": {"uv": [0, 0, 0.25, 0.4], "rotation": 90, "texture": "#1"},
				"up": {"uv": [0, 0, 2, 0.4], "rotation": 180, "texture": "#1"},
				"down": {"uv": [0, 0, 2, 0.4], "texture": "#1"}
			}
		},
		{
			"from": [10.0001, 12.69658, 8.22842],
			"to": [12.0001, 12.94658, 8.62842],
			"rotation": {"angle": 22.5, "axis": "x", "origin": [10.1, 12.82158, 8]},
			"faces": {
				"north": {"uv": [0, 0, 2, 0.25], "rotation": 180, "texture": "#1"},
				"east": {"uv": [0, 0, 0.25, 0.4], "rotation": 270, "texture": "#1"},
				"south": {"uv": [0, 0, 2, 0.25], "texture": "#1"},
				"west": {"uv": [0, 0, 0.25, 0.4], "rotation": 90, "texture": "#1"},
				"up": {"uv": [0, 0, 2, 0.4], "rotation": 180, "texture": "#1"},
				"down": {"uv": [0, 0, 2, 0.4], "texture": "#1"}
			}
		},
		{
			"from": [10.0001, 12.69658, 8.22842],
			"to": [12.0001, 12.94658, 8.62842],
			"rotation": {"angle": 45, "axis": "x", "origin": [10.1, 12.82158, 8]},
			"faces": {
				"north": {"uv": [0, 0, 2, 0.25], "rotation": 180, "texture": "#1"},
				"east": {"uv": [0, 0, 0.25, 0.4], "rotation": 270, "texture": "#1"},
				"south": {"uv": [0, 0, 2, 0.25], "texture": "#1"},
				"west": {"uv": [0, 0, 0.25, 0.4], "rotation": 90, "texture": "#1"},
				"up": {"uv": [0, 0, 2, 0.4], "rotation": 180, "texture": "#1"},
				"down": {"uv": [0, 0, 2, 0.4], "texture": "#1"}
			}
		},
		{
			"from": [10.0001, 12.19317, 7.875],
			"to": [12.0001, 12.59317, 8.125],
			"rotation": {"angle": -22.5, "axis": "x", "origin": [10.1, 12.82158, 8]},
			"faces": {
				"north": {"uv": [0, 0, 2, 0.4], "rotation": 180, "texture": "#1"},
				"east": {"uv": [0, 0, 0.25, 0.4], "rotation": 180, "texture": "#1"},
				"south": {"uv": [0, 0, 2, 0.4], "rotation": 180, "texture": "#1"},
				"west": {"uv": [0, 0, 0.25, 0.4], "rotation": 180, "texture": "#1"},
				"up": {"uv": [0, 0, 2, 0.25], "texture": "#1"},
				"down": {"uv": [0, 0, 2, 0.25], "texture": "#1"}
			}
		},
		{
			"from": [10.0001, 12.19317, 7.875],
			"to": [12.0001, 12.59317, 8.125],
			"rotation": {"angle": 0, "axis": "x", "origin": [10.1, 12.82158, 8]},
			"faces": {
				"north": {"uv": [0, 0, 2, 0.4], "rotation": 180, "texture": "#1"},
				"east": {"uv": [0, 0, 0.25, 0.4], "rotation": 180, "texture": "#1"},
				"south": {"uv": [0, 0, 2, 0.4], "rotation": 180, "texture": "#1"},
				"west": {"uv": [0, 0, 0.25, 0.4], "rotation": 180, "texture": "#1"},
				"up": {"uv": [0, 0, 2, 0.25], "texture": "#1"},
				"down": {"uv": [0, 0, 2, 0.25], "texture": "#1"}
			}
		},
		{
			"from": [10.0001, 12.19317, 7.875],
			"to": [12.0001, 12.59317, 8.125],
			"rotation": {"angle": 22.5, "axis": "x", "origin": [10.1, 12.82158, 8]},
			"faces": {
				"north": {"uv": [0, 0, 2, 0.4], "rotation": 180, "texture": "#1"},
				"east": {"uv": [0, 0, 0.25, 0.4], "rotation": 180, "texture": "#1"},
				"south": {"uv": [0, 0, 2, 0.4], "rotation": 180, "texture": "#1"},
				"west": {"uv": [0, 0, 0.25, 0.4], "rotation": 180, "texture": "#1"},
				"up": {"uv": [0, 0, 2, 0.25], "texture": "#1"},
				"down": {"uv": [0, 0, 2, 0.25], "texture": "#1"}
			}
		},
		{
			"from": [10.0001, 12.19317, 7.875],
			"to": [12.0001, 12.59317, 8.125],
			"rotation": {"angle": 45, "axis": "x", "origin": [10.1, 12.82158, 8]},
			"faces": {
				"north": {"uv": [0, 0, 2, 0.4], "rotation": 180, "texture": "#1"},
				"east": {"uv": [0, 0, 0.25, 0.4], "rotation": 180, "texture": "#1"},
				"south": {"uv": [0, 0, 2, 0.4], "rotation": 180, "texture": "#1"},
				"west": {"uv": [0, 0, 0.25, 0.4], "rotation": 180, "texture": "#1"},
				"up": {"uv": [0, 0, 2, 0.25], "texture": "#1"},
				"down": {"uv": [0, 0, 2, 0.25], "texture": "#1"}
			}
		},
		{
			"from": [10.0001, 12.69658, 7.37158],
			"to": [12.0001, 12.94658, 7.77158],
			"rotation": {"angle": -22.5, "axis": "x", "origin": [10.1, 12.82158, 8]},
			"faces": {
				"north": {"uv": [0, 0, 2, 0.25], "rotation": 180, "texture": "#1"},
				"east": {"uv": [0, 0, 0.25, 0.4], "rotation": 90, "texture": "#1"},
				"south": {"uv": [0, 0, 2, 0.25], "texture": "#1"},
				"west": {"uv": [0, 0, 0.25, 0.4], "rotation": 270, "texture": "#1"},
				"up": {"uv": [0, 0, 2, 0.4], "texture": "#1"},
				"down": {"uv": [0, 0, 2, 0.4], "rotation": 180, "texture": "#1"}
			}
		},
		{
			"from": [10.0001, 12.69658, 7.37158],
			"to": [12.0001, 12.94658, 7.77158],
			"rotation": {"angle": 0, "axis": "x", "origin": [10.1, 12.82158, 8]},
			"faces": {
				"north": {"uv": [11, 16, 16, 15], "rotation": 180, "texture": "#1"},
				"east": {"uv": [0, 0, 0.25, 0.4], "rotation": 90, "texture": "#1"},
				"south": {"uv": [0, 0, 2, 0.25], "texture": "#1"},
				"west": {"uv": [0, 0, 0.25, 0.4], "rotation": 270, "texture": "#1"},
				"up": {"uv": [0, 0, 2, 0.4], "texture": "#1"},
				"down": {"uv": [0, 0, 2, 0.4], "rotation": 180, "texture": "#1"}
			}
		},
		{
			"from": [10.0001, 12.69658, 7.37158],
			"to": [12.0001, 12.94658, 7.77158],
			"rotation": {"angle": 22.5, "axis": "x", "origin": [10.1, 12.82158, 8]},
			"faces": {
				"north": {"uv": [0, 0, 2, 0.25], "rotation": 180, "texture": "#1"},
				"east": {"uv": [0, 0, 0.25, 0.4], "rotation": 90, "texture": "#1"},
				"south": {"uv": [0, 0, 2, 0.25], "texture": "#1"},
				"west": {"uv": [0, 0, 0.25, 0.4], "rotation": 270, "texture": "#1"},
				"up": {"uv": [0, 0, 2, 0.4], "texture": "#1"},
				"down": {"uv": [0, 0, 2, 0.4], "rotation": 180, "texture": "#1"}
			}
		},
		{
			"from": [10.0001, 12.69658, 7.37158],
			"to": [12.0001, 12.94658, 7.77158],
			"rotation": {"angle": 45, "axis": "x", "origin": [10.1, 12.82158, 8]},
			"faces": {
				"north": {"uv": [0, 0, 2, 0.25], "rotation": 180, "texture": "#1"},
				"east": {"uv": [0, 0, 0.25, 0.4], "rotation": 90, "texture": "#1"},
				"south": {"uv": [0, 0, 2, 0.25], "texture": "#1"},
				"west": {"uv": [0, 0, 0.25, 0.4], "rotation": 270, "texture": "#1"},
				"up": {"uv": [0, 0, 2, 0.4], "texture": "#1"},
				"down": {"uv": [0, 0, 2, 0.4], "rotation": 180, "texture": "#1"}
			}
		},
		{
			"from": [10.0001, 13.05, 7.875],
			"to": [12.0001, 13.45, 8.125],
			"rotation": {"angle": -22.5, "axis": "x", "origin": [10.1, 12.82158, 8]},
			"faces": {
				"north": {"uv": [0, 0, 2, 0.4], "texture": "#1"},
				"east": {"uv": [0, 0, 0.25, 0.4], "texture": "#1"},
				"south": {"uv": [0, 0, 2, 0.4], "texture": "#1"},
				"west": {"uv": [0, 0, 0.25, 0.4], "texture": "#1"},
				"up": {"uv": [0, 0, 2, 0.25], "texture": "#1"},
				"down": {"uv": [0, 0, 2, 0.25], "texture": "#1"}
			}
		},
		{
			"from": [11.8999, 13.05, 7.85],
			"to": [11.9999, 13.55, 8.15],
			"rotation": {"angle": 0, "axis": "y", "origin": [14.55, 7.76608, 7.5]},
			"faces": {
				"north": {"uv": [0, 0, 0.1, 0.5], "texture": "#1"},
				"east": {"uv": [0, 0, 0.3, 0.5], "texture": "#1"},
				"south": {"uv": [0, 0, 0.1, 0.5], "texture": "#1"},
				"west": {"uv": [0, 0, 0.3, 0.5], "texture": "#1"},
				"up": {"uv": [0, 0, 0.1, 0.3], "texture": "#1"},
				"down": {"uv": [0, 0, 0.1, 0.3], "texture": "#1"}
			}
		},
		{
			"from": [11.8999, 12.95814, 8.11184],
			"to": [11.9999, 13.45814, 8.41184],
			"rotation": {"angle": 22.5, "axis": "x", "origin": [16.45, 13.40814, 8.36184]},
			"faces": {
				"north": {"uv": [0, 0, 0.1, 0.5], "texture": "#1"},
				"east": {"uv": [0, 0, 0.3, 0.5], "texture": "#1"},
				"south": {"uv": [0, 0, 0.1, 0.5], "texture": "#1"},
				"west": {"uv": [0, 0, 0.3, 0.5], "texture": "#1"},
				"up": {"uv": [0, 0, 0.1, 0.3], "texture": "#1"},
				"down": {"uv": [0, 0, 0.1, 0.3], "texture": "#1"}
			}
		},
		{
			"from": [11.8999, 12.77306, 8.31859],
			"to": [11.9999, 13.27306, 8.61859],
			"rotation": {"angle": 45, "axis": "x", "origin": [16.45, 13.22306, 8.56859]},
			"faces": {
				"north": {"uv": [0, 0, 0.1, 0.5], "texture": "#1"},
				"east": {"uv": [0, 0, 0.3, 0.5], "texture": "#1"},
				"south": {"uv": [0, 0, 0.1, 0.5], "texture": "#1"},
				"west": {"uv": [0, 0, 0.3, 0.5], "texture": "#1"},
				"up": {"uv": [0, 0, 0.1, 0.3], "texture": "#1"},
				"down": {"uv": [0, 0, 0.1, 0.3], "texture": "#1"}
			}
		},
		{
			"from": [11.8999, 12.91915, 8.21964],
			"to": [11.9999, 13.21915, 8.71964],
			"rotation": {"angle": -22.5, "axis": "x", "origin": [16.45, 13.01915, 8.66964]},
			"faces": {
				"north": {"uv": [0, 0, 0.1, 0.3], "rotation": 180, "texture": "#1"},
				"east": {"uv": [0, 0, 0.3, 0.5], "rotation": 270, "texture": "#1"},
				"south": {"uv": [0, 0, 0.1, 0.3], "texture": "#1"},
				"west": {"uv": [0, 0, 0.3, 0.5], "rotation": 90, "texture": "#1"},
				"up": {"uv": [0, 0, 0.1, 0.5], "rotation": 180, "texture": "#1"},
				"down": {"uv": [0, 0, 0.1, 0.5], "texture": "#1"}
			}
		},
		{
			"from": [11.8999, 12.6459, 8.2541],
			"to": [11.9999, 12.9459, 8.7541],
			"rotation": {"angle": 0, "axis": "x", "origin": [16.45, 12.7459, 8.7041]},
			"faces": {
				"north": {"uv": [0, 0, 0.1, 0.3], "rotation": 180, "texture": "#1"},
				"east": {"uv": [0, 0, 0.3, 0.5], "rotation": 270, "texture": "#1"},
				"south": {"uv": [0, 0, 0.1, 0.3], "texture": "#1"},
				"west": {"uv": [0, 0, 0.3, 0.5], "rotation": 90, "texture": "#1"},
				"up": {"uv": [0, 0, 0.1, 0.5], "rotation": 180, "texture": "#1"},
				"down": {"uv": [0, 0, 0.1, 0.5], "texture": "#1"}
			}
		},
		{
			"from": [11.8999, 12.37265, 8.21964],
			"to": [11.9999, 12.67265, 8.71964],
			"rotation": {"angle": 22.5, "axis": "x", "origin": [16.45, 12.57265, 8.66964]},
			"faces": {
				"north": {"uv": [0, 0, 0.1, 0.3], "rotation": 180, "texture": "#1"},
				"east": {"uv": [0, 0, 0.3, 0.5], "rotation": 270, "texture": "#1"},
				"south": {"uv": [0, 0, 0.1, 0.3], "texture": "#1"},
				"west": {"uv": [0, 0, 0.3, 0.5], "rotation": 90, "texture": "#1"},
				"up": {"uv": [0, 0, 0.1, 0.5], "rotation": 180, "texture": "#1"},
				"down": {"uv": [0, 0, 0.1, 0.5], "texture": "#1"}
			}
		},
		{
			"from": [11.8999, 12.13338, 8.08323],
			"to": [11.9999, 12.43338, 8.58323],
			"rotation": {"angle": 45, "axis": "x", "origin": [16.45, 12.33338, 8.53323]},
			"faces": {
				"north": {"uv": [0, 0, 0.1, 0.3], "rotation": 180, "texture": "#1"},
				"east": {"uv": [0, 0, 0.3, 0.5], "rotation": 270, "texture": "#1"},
				"south": {"uv": [0, 0, 0.1, 0.3], "texture": "#1"},
				"west": {"uv": [0, 0, 0.3, 0.5], "rotation": 90, "texture": "#1"},
				"up": {"uv": [0, 0, 0.1, 0.5], "rotation": 180, "texture": "#1"},
				"down": {"uv": [0, 0, 0.1, 0.5], "texture": "#1"}
			}
		},
		{
			"from": [11.8999, 12.11453, 8.11564],
			"to": [11.9999, 12.61453, 8.41564],
			"rotation": {"angle": -22.5, "axis": "x", "origin": [16.45, 12.16453, 8.31564]},
			"faces": {
				"north": {"uv": [0, 0, 0.1, 0.5], "rotation": 180, "texture": "#1"},
				"east": {"uv": [0, 0, 0.3, 0.5], "rotation": 180, "texture": "#1"},
				"south": {"uv": [0, 0, 0.1, 0.5], "rotation": 180, "texture": "#1"},
				"west": {"uv": [0, 0, 0.3, 0.5], "rotation": 180, "texture": "#1"},
				"up": {"uv": [0, 0, 0.1, 0.3], "texture": "#1"},
				"down": {"uv": [0, 0, 0.1, 0.3], "texture": "#1"}
			}
		},
		{
			"from": [11.8999, 12.0418, 7.85],
			"to": [11.9999, 12.5418, 8.15],
			"rotation": {"angle": 0, "axis": "x", "origin": [12, 12.77291, 7.69795]},
			"faces": {
				"north": {"uv": [0, 0, 0.1, 0.5], "rotation": 180, "texture": "#1"},
				"east": {"uv": [0, 0, 0.3, 0.5], "rotation": 180, "texture": "#1"},
				"south": {"uv": [0, 0, 0.1, 0.5], "rotation": 180, "texture": "#1"},
				"west": {"uv": [0, 0, 0.3, 0.5], "rotation": 180, "texture": "#1"},
				"up": {"uv": [0, 0, 0.1, 0.3], "texture": "#1"},
				"down": {"uv": [0, 0, 0.1, 0.3], "texture": "#1"}
			}
		},
		{
			"from": [11.8999, 12.15564, 7.81821],
			"to": [11.9999, 12.65564, 8.11821],
			"rotation": {"angle": 22.5, "axis": "x", "origin": [12, 12.77291, 7.69795]},
			"faces": {
				"north": {"uv": [0, 0, 0.1, 0.5], "rotation": 180, "texture": "#1"},
				"east": {"uv": [0, 0, 0.3, 0.5], "rotation": 180, "texture": "#1"},
				"south": {"uv": [0, 0, 0.1, 0.5], "rotation": 180, "texture": "#1"},
				"west": {"uv": [0, 0, 0.3, 0.5], "rotation": 180, "texture": "#1"},
				"up": {"uv": [0, 0, 0.1, 0.3], "texture": "#1"},
				"down": {"uv": [0, 0, 0.1, 0.3], "texture": "#1"}
			}
		},
		{
			"from": [11.8999, 12.42558, 7.17369],
			"to": [11.9999, 12.72558, 7.67369],
			"rotation": {"angle": -45, "axis": "x", "origin": [12, 12.77291, 7.69795]},
			"faces": {
				"north": {"uv": [0, 0, 0.1, 0.3], "rotation": 180, "texture": "#1"},
				"east": {"uv": [0, 0, 0.3, 0.5], "rotation": 90, "texture": "#1"},
				"south": {"uv": [0, 0, 0.1, 0.3], "texture": "#1"},
				"west": {"uv": [0, 0, 0.3, 0.5], "rotation": 270, "texture": "#1"},
				"up": {"uv": [0, 0, 0.1, 0.5], "texture": "#1"},
				"down": {"uv": [0, 0, 0.1, 0.5], "rotation": 180, "texture": "#1"}
			}
		},
		{
			"from": [11.8999, 12.52856, 7.23171],
			"to": [11.9999, 12.82856, 7.73171],
			"rotation": {"angle": -22.5, "axis": "x", "origin": [12, 12.77291, 7.69795]},
			"faces": {
				"north": {"uv": [0, 0, 0.1, 0.3], "rotation": 180, "texture": "#1"},
				"east": {"uv": [0, 0, 0.3, 0.5], "rotation": 90, "texture": "#1"},
				"south": {"uv": [0, 0, 0.1, 0.3], "texture": "#1"},
				"west": {"uv": [0, 0, 0.3, 0.5], "rotation": 270, "texture": "#1"},
				"up": {"uv": [0, 0, 0.1, 0.5], "texture": "#1"},
				"down": {"uv": [0, 0, 0.1, 0.5], "rotation": 180, "texture": "#1"}
			}
		},
		{
			"from": [11.8999, 12.6459, 7.2459],
			"to": [11.9999, 12.9459, 7.7459],
			"rotation": {"angle": 0, "axis": "x", "origin": [12, 12.77291, 7.69795]},
			"faces": {
				"north": {"uv": [0, 0, 0.1, 0.3], "rotation": 180, "texture": "#1"},
				"east": {"uv": [0, 0, 0.3, 0.5], "rotation": 90, "texture": "#1"},
				"south": {"uv": [0, 0, 0.1, 0.3], "texture": "#1"},
				"west": {"uv": [0, 0, 0.3, 0.5], "rotation": 270, "texture": "#1"},
				"up": {"uv": [0, 0, 0.1, 0.5], "texture": "#1"},
				"down": {"uv": [0, 0, 0.1, 0.5], "rotation": 180, "texture": "#1"}
			}
		},
		{
			"from": [11.8999, 12.75974, 7.21411],
			"to": [11.9999, 13.05974, 7.71411],
			"rotation": {"angle": 22.5, "axis": "x", "origin": [12, 12.77291, 7.69795]},
			"faces": {
				"north": {"uv": [0, 0, 0.1, 0.3], "rotation": 180, "texture": "#1"},
				"east": {"uv": [0, 0, 0.3, 0.5], "rotation": 90, "texture": "#1"},
				"south": {"uv": [0, 0, 0.1, 0.3], "texture": "#1"},
				"west": {"uv": [0, 0, 0.3, 0.5], "rotation": 270, "texture": "#1"},
				"up": {"uv": [0, 0, 0.1, 0.5], "texture": "#1"},
				"down": {"uv": [0, 0, 0.1, 0.5], "rotation": 180, "texture": "#1"}
			}
		},
		{
			"from": [11.8999, 12.82968, 7.77779],
			"to": [11.9999, 13.32968, 8.07779],
			"rotation": {"angle": -45, "axis": "x", "origin": [12, 12.77291, 7.69795]},
			"faces": {
				"north": {"uv": [0, 0, 0.1, 0.5], "texture": "#1"},
				"east": {"uv": [0, 0, 0.3, 0.5], "texture": "#1"},
				"south": {"uv": [0, 0, 0.1, 0.5], "texture": "#1"},
				"west": {"uv": [0, 0, 0.3, 0.5], "texture": "#1"},
				"up": {"uv": [0, 0, 0.1, 0.3], "texture": "#1"},
				"down": {"uv": [0, 0, 0.1, 0.3], "texture": "#1"}
			}
		},
		{
			"from": [11.8999, 12.93266, 7.83581],
			"to": [11.9999, 13.43266, 8.13581],
			"rotation": {"angle": -22.5, "axis": "x", "origin": [12, 12.77291, 7.69795]},
			"faces": {
				"north": {"uv": [0, 0, 0.1, 0.5], "texture": "#1"},
				"east": {"uv": [0, 0, 0.3, 0.5], "texture": "#1"},
				"south": {"uv": [0, 0, 0.1, 0.5], "texture": "#1"},
				"west": {"uv": [0, 0, 0.3, 0.5], "texture": "#1"},
				"up": {"uv": [0, 0, 0.1, 0.3], "texture": "#1"},
				"down": {"uv": [0, 0, 0.1, 0.3], "texture": "#1"}
			}
		},
		{
			"from": [7, 6, 7.75],
			"to": [8.5, 7, 8.25],
			"rotation": {"angle": 0, "axis": "y", "origin": [7.75, 7.81608, 7.5]},
			"faces": {
				"north": {"uv": [3, 0, 4, 1], "texture": "#1"},
				"east": {"uv": [1, 3, 2, 4], "texture": "#1"},
				"south": {"uv": [3, 1, 4, 2], "texture": "#1"},
				"west": {"uv": [2, 3, 3, 4], "texture": "#1"},
				"up": {"uv": [4, 3, 3, 2], "texture": "#1"},
				"down": {"uv": [4, 3, 3, 4], "texture": "#1"}
			}
		},
		{
			"from": [6.36211, 3.92525, 7.75],
			"to": [7.86211, 6.42525, 8.25],
			"rotation": {"angle": 22.5, "axis": "z", "origin": [7.75, 7.81608, 7.5]},
			"faces": {
				"north": {"uv": [14, 0, 16, 9], "texture": "#1"},
				"east": {"uv": [1, 0, 2, 3], "texture": "#1"},
				"south": {"uv": [16, 0, 14, 9], "texture": "#1"},
				"west": {"uv": [0, 3, 1, 6], "texture": "#1"},
				"up": {"uv": [4, 1, 3, 0], "texture": "#1"},
				"down": {"uv": [2, 3, 1, 4], "texture": "#1"}
			}
		},
		{
			"from": [5.35266, 5.73254, 7.75],
			"to": [7.25266, 5.93254, 8.25],
			"rotation": {"angle": 0, "axis": "y", "origin": [7.75, 7.81608, 7.5]},
			"faces": {
				"north": {"uv": [0, 0, 1.9, 0.2], "texture": "#1"},
				"east": {"uv": [0, 0, 0.5, 0.2], "texture": "#1"},
				"south": {"uv": [0, 0, 1.9, 0.2], "texture": "#1"},
				"west": {"uv": [0, 0, 0.5, 0.2], "texture": "#1"},
				"up": {"uv": [0, 0, 1.9, 0.5], "texture": "#1"},
				"down": {"uv": [0, 0, 1.9, 0.5], "texture": "#1"}
			}
		},
		{
			"from": [6.23248, 4.97372, 7.75],
			"to": [6.33248, 5.17372, 8.25],
			"rotation": {"angle": -22.5, "axis": "z", "origin": [7.75, 7.81608, 7.5]},
			"faces": {
				"north": {"uv": [0, 0, 0.1, 0.2], "texture": "#1"},
				"east": {"uv": [0, 0, 0.5, 0.2], "texture": "#1"},
				"south": {"uv": [0, 0, 0.1, 0.2], "texture": "#1"},
				"west": {"uv": [0, 0, 0.5, 0.2], "texture": "#1"},
				"up": {"uv": [0, 0, 0.1, 0.5], "texture": "#1"},
				"down": {"uv": [0, 0, 0.1, 0.5], "texture": "#1"}
			}
		},
		{
			"from": [7.33572, 4.60935, 7.75],
			"to": [7.43572, 4.80935, 8.25],
			"rotation": {"angle": -45, "axis": "z", "origin": [7.75, 7.81608, 7.5]},
			"faces": {
				"north": {"uv": [0, 0, 0.1, 0.2], "texture": "#1"},
				"east": {"uv": [0, 0, 0.5, 0.2], "texture": "#1"},
				"south": {"uv": [0, 0, 0.1, 0.2], "texture": "#1"},
				"west": {"uv": [0, 0, 0.5, 0.2], "texture": "#1"},
				"up": {"uv": [0, 0, 0.1, 0.5], "texture": "#1"},
				"down": {"uv": [0, 0, 0.1, 0.5], "texture": "#1"}
			}
		},
		{
			"from": [4.62883, 6.97166, 7.75],
			"to": [4.82883, 7.07166, 8.25],
			"rotation": {"angle": 22.5, "axis": "z", "origin": [7.75, 7.81608, 7.5]},
			"faces": {
				"north": {"uv": [0, 0, 0.1, 0.2], "rotation": 270, "texture": "#1"},
				"east": {"uv": [0, 0, 0.1, 0.5], "rotation": 90, "texture": "#1"},
				"south": {"uv": [0, 0, 0.1, 0.2], "rotation": 90, "texture": "#1"},
				"west": {"uv": [0, 0, 0.1, 0.5], "rotation": 90, "texture": "#1"},
				"up": {"uv": [0, 0, 0.5, 0.2], "rotation": 90, "texture": "#1"},
				"down": {"uv": [0, 0, 0.5, 0.2], "rotation": 90, "texture": "#1"}
			}
		},
		{
			"from": [5.15129, 5.93391, 7.75],
			"to": [5.35129, 7.03391, 8.25],
			"rotation": {"angle": 0, "axis": "z", "origin": [7.75, 7.81608, 7.5]},
			"faces": {
				"north": {"uv": [0, 0, 1.1, 0.2], "rotation": 270, "texture": "#1"},
				"east": {"uv": [0, 0, 1.1, 0.5], "rotation": 90, "texture": "#1"},
				"south": {"uv": [0, 0, 1.1, 0.2], "rotation": 90, "texture": "#1"},
				"west": {"uv": [0, 0, 1.1, 0.5], "rotation": 90, "texture": "#1"},
				"up": {"uv": [0, 0, 0.5, 0.2], "rotation": 90, "texture": "#1"},
				"down": {"uv": [0, 0, 0.5, 0.2], "rotation": 90, "texture": "#1"}
			}
		},
		{
			"from": [6.19324, 6.40791, 7.75],
			"to": [6.39324, 7.00791, 8.25],
			"rotation": {"angle": 0, "axis": "z", "origin": [7.75, 7.81608, 7.5]},
			"faces": {
				"north": {"uv": [0, 0, 1, 1], "texture": "#2"},
				"east": {"uv": [0, 1, 1, 2], "texture": "#2"},
				"south": {"uv": [1, 0, 2, 1], "texture": "#2"},
				"west": {"uv": [1, 1, 2, 2], "texture": "#2"},
				"up": {"uv": [1, 3, 0, 2], "texture": "#2"},
				"down": {"uv": [3, 0, 2, 1], "texture": "#2"}
			}
		},
		{
			"from": [6.83541, 5.59589, 7.75],
			"to": [7.03541, 5.99589, 8.25],
			"rotation": {"angle": -22.5, "axis": "z", "origin": [7.75, 7.81608, 7.5]},
			"faces": {
				"north": {"uv": [1, 2, 2, 3], "texture": "#2"},
				"east": {"uv": [2, 1, 3, 2], "texture": "#2"},
				"south": {"uv": [2, 2, 3, 3], "texture": "#2"},
				"west": {"uv": [0, 3, 1, 4], "texture": "#2"},
				"up": {"uv": [4, 1, 3, 0], "texture": "#2"},
				"down": {"uv": [2, 3, 1, 4], "texture": "#2"}
			}
		},
		{
			"from": [7.80414, 7.16541, 7.3],
			"to": [7.90414, 7.66541, 7.5],
			"rotation": {"angle": 0, "axis": "z", "origin": [7.75, 7.81608, 7.85]},
			"faces": {
				"north": {"uv": [0, 0, 1, 0.2], "rotation": 270, "texture": "#0"},
				"east": {"uv": [0, 0, 1, 0.4], "rotation": 90, "texture": "#0"},
				"south": {"uv": [0, 0, 1, 0.2], "rotation": 90, "texture": "#0"},
				"west": {"uv": [0, 0, 1, 0.4], "rotation": 90, "texture": "#0"},
				"up": {"uv": [0, 0, 0.4, 0.2], "rotation": 90, "texture": "#0"},
				"down": {"uv": [0, 0, 0.4, 0.2], "rotation": 90, "texture": "#0"}
			}
		},
		{
			"from": [7.64236, 7.15616, 7.3],
			"to": [7.74236, 7.65616, 7.5],
			"rotation": {"angle": 22.5, "axis": "z", "origin": [7.75, 7.81608, 7.85]},
			"faces": {
				"north": {"uv": [0, 0, 1, 0.2], "rotation": 270, "texture": "#0"},
				"east": {"uv": [0, 0, 1, 0.4], "rotation": 90, "texture": "#0"},
				"south": {"uv": [0, 0, 1, 0.2], "rotation": 90, "texture": "#0"},
				"west": {"uv": [0, 0, 1, 0.4], "rotation": 90, "texture": "#0"},
				"up": {"uv": [0, 0, 0.4, 0.2], "rotation": 90, "texture": "#0"},
				"down": {"uv": [0, 0, 0.4, 0.2], "rotation": 90, "texture": "#0"}
			}
		},
		{
			"from": [7.48936, 7.20953, 7.3],
			"to": [7.58936, 7.70953, 7.5],
			"rotation": {"angle": 45, "axis": "z", "origin": [7.75, 7.81608, 7.85]},
			"faces": {
				"north": {"uv": [0, 0, 1, 0.2], "rotation": 270, "texture": "#0"},
				"east": {"uv": [0, 0, 1, 0.4], "rotation": 90, "texture": "#0"},
				"south": {"uv": [0, 0, 1, 0.2], "rotation": 90, "texture": "#0"},
				"west": {"uv": [0, 0, 1, 0.4], "rotation": 90, "texture": "#0"},
				"up": {"uv": [0, 0, 0.4, 0.2], "rotation": 90, "texture": "#0"},
				"down": {"uv": [0, 0, 0.4, 0.2], "rotation": 90, "texture": "#0"}
			}
		},
		{
			"from": [7.7487, 7.4345, 7.3],
			"to": [8.2487, 7.5345, 7.5],
			"rotation": {"angle": -22.5, "axis": "z", "origin": [7.75, 7.81608, 7.85]},
			"faces": {
				"north": {"uv": [0, 0, 1, 0.2], "texture": "#0"},
				"east": {"uv": [0, 0, 0.4, 0.2], "texture": "#0"},
				"south": {"uv": [0, 0, 1, 0.2], "texture": "#0"},
				"west": {"uv": [0, 0, 0.4, 0.2], "texture": "#0"},
				"up": {"uv": [0, 0, 1, 0.4], "texture": "#0"},
				"down": {"uv": [0, 0, 1, 0.4], "texture": "#0"}
			}
		},
		{
			"from": [7.60277, 7.36405, 7.3],
			"to": [8.10277, 7.46405, 7.5],
			"rotation": {"angle": 0, "axis": "z", "origin": [7.75, 7.81608, 7.85]},
			"faces": {
				"north": {"uv": [0, 0, 1, 0.2], "texture": "#0"},
				"east": {"uv": [0, 0, 0.4, 0.2], "texture": "#0"},
				"south": {"uv": [0, 0, 1, 0.2], "texture": "#0"},
				"west": {"uv": [0, 0, 0.4, 0.2], "texture": "#0"},
				"up": {"uv": [0, 0, 1, 0.4], "texture": "#0"},
				"down": {"uv": [0, 0, 1, 0.4], "texture": "#0"}
			}
		},
		{
			"from": [7.44099, 7.3548, 7.3],
			"to": [8.14099, 7.4548, 7.5],
			"rotation": {"angle": 22.5, "axis": "z", "origin": [7.75, 7.81608, 7.85]},
			"faces": {
				"north": {"uv": [13, 16, 16, 15], "texture": "#0"},
				"east": {"uv": [13, 15, 14, 16], "texture": "#0"},
				"south": {"uv": [16, 15, 13, 16], "texture": "#0"},
				"west": {"uv": [0, 0, 0.4, 0.2], "texture": "#0"},
				"up": {"uv": [16, 16, 13, 15], "texture": "#0"},
				"down": {"uv": [16, 15, 13, 16], "texture": "#0"}
			}
		},
		{
			"from": [7.28799, 7.40816, 7.3],
			"to": [7.78799, 7.50816, 7.5],
			"rotation": {"angle": 45, "axis": "z", "origin": [7.75, 7.81608, 7.85]},
			"faces": {
				"north": {"uv": [0, 0, 1, 0.2], "texture": "#0"},
				"east": {"uv": [0, 0, 0.4, 0.2], "texture": "#0"},
				"south": {"uv": [0, 0, 1, 0.2], "texture": "#0"},
				"west": {"uv": [0, 0, 0.4, 0.2], "texture": "#0"},
				"up": {"uv": [0, 0, 1, 0.4], "texture": "#0"},
				"down": {"uv": [0, 0, 1, 0.4], "texture": "#0"}
			}
		},
		{
			"from": [7.95006, 7.23313, 7.3],
			"to": [8.05006, 7.73313, 7.5],
			"rotation": {"angle": -22.5, "axis": "z", "origin": [7.75, 7.81608, 7.85]},
			"faces": {
				"north": {"uv": [0, 0, 1, 0.2], "rotation": 90, "texture": "#0"},
				"east": {"uv": [0, 0, 1, 0.4], "rotation": 270, "texture": "#0"},
				"south": {"uv": [0, 0, 1, 0.2], "rotation": 270, "texture": "#0"},
				"west": {"uv": [0, 0, 1, 0.4], "rotation": 270, "texture": "#0"},
				"up": {"uv": [0, 0, 0.4, 0.2], "rotation": 270, "texture": "#0"},
				"down": {"uv": [0, 0, 0.4, 0.2], "rotation": 270, "texture": "#0"}
			}
		},
		{
			"from": [-4, 7, 7.05],
			"to": [5.5, 9.6, 8.95],
			"rotation": {"angle": 0, "axis": "y", "origin": [7.75, 7.81608, 7.5]},
			"faces": {
				"north": {"uv": [13, 10, 0, 16], "texture": "#0"},
				"east": {"uv": [0, 0, 1.9, 2.6], "texture": "#0"},
				"south": {"uv": [0, 10, 13, 16], "texture": "#0"},
				"west": {"uv": [13, 0, 16, 4], "texture": "#0"},
				"up": {"uv": [0, 0, 9.5, 1.9], "texture": "#0"},
				"down": {"uv": [0, 0, 9.5, 1.9], "texture": "#0"}
			}
		},
		{
			"from": [-4, 9.6, 7.05],
			"to": [5, 9.8, 7.25],
			"rotation": {"angle": 0, "axis": "y", "origin": [7.75, 7.81608, 7.5]},
			"faces": {
				"north": {"uv": [0, 16, 9, 15], "texture": "#1"},
				"east": {"uv": [0, 0, 0.2, 0.2], "texture": "#1"},
				"south": {"uv": [0, 0, 9, 0.2], "texture": "#1"},
				"west": {"uv": [0, 0, 0.2, 0.2], "texture": "#1"},
				"up": {"uv": [0, 16, 9, 15], "texture": "#1"},
				"down": {"uv": [0, 0, 9, 0.2], "texture": "#1"}
			}
		},
		{
			"from": [-3.7, 9.6, 7.45],
			"to": [5, 10.4, 7.65],
			"rotation": {"angle": 0, "axis": "y", "origin": [7.75, 7.81608, 7.5]},
			"faces": {
				"north": {"uv": [0, 15, 9, 16], "texture": "#1"},
				"east": {"uv": [0, 0, 0.2, 0.8], "texture": "#1"},
				"south": {"uv": [0, 0, 8.7, 0.8], "texture": "#1"},
				"west": {"uv": [0, 0, 0.2, 0.8], "texture": "#1"},
				"up": {"uv": [0, 16, 9, 15], "texture": "#1"},
				"down": {"uv": [0, 0, 8.7, 0.2], "texture": "#1"}
			}
		},
		{
			"from": [-4, 9.6, 8.75],
			"to": [5, 9.8, 8.95],
			"rotation": {"angle": 0, "axis": "y", "origin": [7.75, 7.81608, 7.5]},
			"faces": {
				"north": {"uv": [0, 0, 9, 0.2], "texture": "#1"},
				"east": {"uv": [0, 0, 0.2, 0.2], "texture": "#1"},
				"south": {"uv": [0, 16, 9, 15], "texture": "#1"},
				"west": {"uv": [0, 0, 0.2, 0.2], "texture": "#1"},
				"up": {"uv": [0, 15, 9, 16], "texture": "#1"},
				"down": {"uv": [0, 0, 9, 0.2], "texture": "#1"}
			}
		},
		{
			"from": [-3.7, 9.6, 8.35],
			"to": [5, 10.4, 8.55],
			"rotation": {"angle": 0, "axis": "y", "origin": [7.75, 7.81608, 7.5]},
			"faces": {
				"north": {"uv": [0, 0, 8.7, 0.8], "texture": "#1"},
				"east": {"uv": [0, 0, 0.2, 0.8], "texture": "#1"},
				"south": {"uv": [0, 15, 9, 16], "texture": "#1"},
				"west": {"uv": [0, 0, 0.2, 0.8], "texture": "#1"},
				"up": {"uv": [0, 16, 9, 15], "texture": "#1"},
				"down": {"uv": [0, 0, 8.7, 0.2], "texture": "#1"}
			}
		},
		{
			"from": [-4, 9.6, 8.15],
			"to": [5, 10, 8.35],
			"rotation": {"angle": 0, "axis": "y", "origin": [7.75, 7.81608, 7.5]},
			"faces": {
				"north": {"uv": [0, 0, 9, 0.4], "texture": "#1"},
				"east": {"uv": [0, 0, 0.2, 0.4], "texture": "#1"},
				"south": {"uv": [0, 0, 9, 0.4], "texture": "#1"},
				"west": {"uv": [0, 0, 0.2, 0.4], "texture": "#1"},
				"up": {"uv": [0, 0, 9, 0.2], "texture": "#1"},
				"down": {"uv": [0, 0, 9, 0.2], "texture": "#1"}
			}
		},
		{
			"from": [-4, 9.6, 7.65],
			"to": [5, 10, 7.85],
			"rotation": {"angle": 0, "axis": "y", "origin": [7.75, 7.81608, 7.5]},
			"faces": {
				"north": {"uv": [0, 0, 9, 0.4], "texture": "#1"},
				"east": {"uv": [0, 0, 0.2, 0.4], "texture": "#1"},
				"south": {"uv": [0, 0, 9, 0.4], "texture": "#1"},
				"west": {"uv": [0, 0, 0.2, 0.4], "texture": "#1"},
				"up": {"uv": [0, 0, 9, 0.2], "texture": "#1"},
				"down": {"uv": [0, 0, 9, 0.2], "texture": "#1"}
			}
		},
		{
			"from": [-2.1, 9.6, 7.85],
			"to": [5, 10.6, 8.15],
			"rotation": {"angle": 0, "axis": "y", "origin": [7.75, 7.81608, 7.5]},
			"faces": {
				"north": {"uv": [0, 0, 7.1, 1], "texture": "#1"},
				"east": {"uv": [0, 0, 0.3, 1], "texture": "#1"},
				"south": {"uv": [0, 0, 7.1, 1], "texture": "#1"},
				"west": {"uv": [0, 0, 0.3, 1], "texture": "#1"},
				"up": {"uv": [0, 0, 7.1, 0.3], "texture": "#1"},
				"down": {"uv": [0, 0, 7.1, 0.3], "texture": "#1"}
			}
		}
	],
	"display": {
		"thirdperson_righthand": {
			"rotation": [0, -90, 0],
			"translation": [0, 1.25, 1.75],
			"scale": [0.8, 0.8, 0.8]
		},
		"firstperson_righthand": {
			"rotation": [5, -90, 0],
			"translation": [0.5, 0, 3.25]
		},
		"ground": {
			"rotation": [0, 0, -45],
			"translation": [0, 4.75, 0],
			"scale": [0.7, 0.7, 0.7]
		},
		"gui": {
			"rotation": [180, 0, 135],
			"translation": [0.5, 0, 0],
			"scale": [0.75, 0.75, 0.75]
		},
		"fixed": {
			"rotation": [0, 0, -45],
			"translation": [-1, 0, 0],
			"scale": [0.8, 0.8, 0.8]
		}
	},
	"groups": [
		{
			"name": "group",
			"origin": [0, 0, 0],
			"color": 0,
			"children": [0, 1, 2, 3, 4, 5, 6, 7]
		},
		{
			"name": "group",
			"origin": [7.75, 7.81608, 7.5],
			"color": 0,
			"children": [
				8,
				9,
				10,
				11,
				12,
				13,
				14,
				15,
				16,
				17,
				18,
				19,
				20,
				21,
				22,
				23,
				24,
				25,
				26,
				27,
				28,
				29,
				30,
				31,
				32,
				33,
				34,
				35,
				36,
				37,
				38,
				39,
				40,
				41,
				42,
				43,
				44,
				45,
				46,
				47,
				48,
				49,
				50,
				51,
				52,
				53,
				54,
				55,
				56,
				57,
				58,
				59,
				60,
				61,
				62,
				63,
				64,
				65,
				66
			]
		},
		{
			"name": "group",
			"origin": [6.97992, 5.0941, 8],
			"color": 0,
			"children": [67, 68]
		},
		{
			"name": "group",
			"origin": [0, 0, 0],
			"color": 0,
			"children": [69, 70, 71, 72, 73, 74, 75]
		},
		{
			"name": "group",
			"origin": [4.90414, 7.01541, 7],
			"color": 0,
			"children": [76, 77, 78, 79, 80, 81, 82, 83]
		},
		{
			"name": "group",
			"origin": [0, 0, 0],
			"color": 0,
			"children": [84, 85, 86, 87, 88, 89, 90, 91]
		}
	]
}