{
	"credit": "Made with Blockbench",
	"textures": {
		"0": "item/gaus_flame",
		"1": "item/gaus_grip",
		"2": "item/gaus_energy",
		"3": "item/gaus_core",
		"particle": "item/gaus_flame"
	},
	"elements": [
		{
			"from": [8, 4.75, 3.225],
			"to": [23, 5.05, 4.325],
			"rotation": {"angle": 0, "axis": "x", "origin": [23, 6, 8.8125]},
			"faces": {
				"north": {"uv": [0, 0, 15, 0.3], "rotation": 180, "texture": "#1"},
				"east": {"uv": [0, 0, 1.1, 0.3], "rotation": 180, "texture": "#1"},
				"south": {"uv": [0, 0, 15, 0.3], "rotation": 180, "texture": "#1"},
				"west": {"uv": [0, 0, 1.1, 0.3], "rotation": 180, "texture": "#1"},
				"up": {"uv": [0, 0, 15, 1.1], "texture": "#1"},
				"down": {"uv": [0, 0, 15, 1.1], "texture": "#1"}
			}
		},
		{
			"from": [8, 5, 3.025],
			"to": [23, 5.3, 3.225],
			"rotation": {"angle": 0, "axis": "x", "origin": [23, 6, 8.8125]},
			"faces": {
				"north": {"uv": [0, 0, 15, 0.3], "rotation": 180, "texture": "#1"},
				"east": {"uv": [0, 0, 0.2, 0.3], "rotation": 180, "texture": "#1"},
				"south": {"uv": [0, 0, 15, 0.3], "rotation": 180, "texture": "#1"},
				"west": {"uv": [0, 0, 0.2, 0.3], "rotation": 180, "texture": "#1"},
				"up": {"uv": [0, 0, 15, 0.2], "texture": "#1"},
				"down": {"uv": [0, 0, 15, 0.2], "texture": "#1"}
			}
		},
		{
			"from": [8, 5, 4.325],
			"to": [23, 5.3, 4.525],
			"rotation": {"angle": 0, "axis": "x", "origin": [23, 6, 8.8125]},
			"faces": {
				"north": {"uv": [0, 0, 15, 0.3], "rotation": 180, "texture": "#1"},
				"east": {"uv": [0, 0, 0.2, 0.3], "rotation": 180, "texture": "#1"},
				"south": {"uv": [0, 0, 15, 0.3], "rotation": 180, "texture": "#1"},
				"west": {"uv": [0, 0, 0.2, 0.3], "rotation": 180, "texture": "#1"},
				"up": {"uv": [0, 0, 15, 0.2], "texture": "#1"},
				"down": {"uv": [0, 0, 15, 0.2], "texture": "#1"}
			}
		},
		{
			"from": [29, 5.25, 5.525],
			"to": [31, 6.75, 6.275],
			"rotation": {"angle": 0, "axis": "x", "origin": [23, 6, 8.8125]},
			"faces": {
				"north": {"uv": [0, 0, 2, 1.5], "rotation": 180, "texture": "#0"},
				"east": {"uv": [0, 0, 0.75, 1.5], "rotation": 180, "texture": "#0"},
				"south": {"uv": [0, 0, 2, 1.5], "rotation": 180, "texture": "#0"},
				"west": {"uv": [0, 0, 0.75, 1.5], "rotation": 180, "texture": "#0"},
				"up": {"uv": [0, 0, 2, 0.75], "texture": "#0"},
				"down": {"uv": [0, 0, 2, 0.75], "texture": "#0"}
			}
		},
		{
			"from": [29, 5.25, 6.275],
			"to": [30, 6.75, 7.025],
			"rotation": {"angle": 0, "axis": "x", "origin": [23, 6, 8.8125]},
			"faces": {
				"north": {"uv": [0, 0, 1, 1.5], "rotation": 180, "texture": "#1"},
				"east": {"uv": [0, 0, 0.75, 1.5], "rotation": 180, "texture": "#1"},
				"south": {"uv": [0, 0, 1, 1.5], "rotation": 180, "texture": "#1"},
				"west": {"uv": [0, 0, 0.75, 1.5], "rotation": 180, "texture": "#1"},
				"up": {"uv": [0, 0, 0.75, 1], "rotation": 90, "texture": "#1"},
				"down": {"uv": [0, 0, 0.75, 1], "rotation": 270, "texture": "#1"}
			}
		},
		{
			"from": [8, 6.25, 5.025],
			"to": [26.5, 6.75, 5.525],
			"rotation": {"angle": 0, "axis": "x", "origin": [23, 6, 8.8125]},
			"faces": {
				"north": {"uv": [0, 0, 16, 0.5], "rotation": 180, "texture": "#1"},
				"east": {"uv": [0, 0, 0.5, 0.5], "rotation": 180, "texture": "#1"},
				"south": {"uv": [0, 0, 16, 0.5], "rotation": 180, "texture": "#1"},
				"west": {"uv": [0, 0, 0.5, 0.5], "rotation": 180, "texture": "#1"},
				"up": {"uv": [0, 0, 16, 0.5], "texture": "#1"},
				"down": {"uv": [0, 0, 16, 0.5], "texture": "#1"}
			}
		},
		{
			"from": [8, 6.7, 4.525],
			"to": [26, 7, 5.025],
			"rotation": {"angle": 0, "axis": "x", "origin": [23, 6, 8.8125]},
			"faces": {
				"north": {"uv": [0, 0, 16, 0.3], "rotation": 180, "texture": "#1"},
				"east": {"uv": [0, 0, 0.5, 0.3], "rotation": 180, "texture": "#1"},
				"south": {"uv": [0, 0, 16, 0.3], "rotation": 180, "texture": "#1"},
				"west": {"uv": [0, 0, 0.5, 0.3], "rotation": 180, "texture": "#1"},
				"up": {"uv": [0, 0, 16, 0.5], "texture": "#1"},
				"down": {"uv": [0, 0, 16, 0.5], "texture": "#1"}
			}
		},
		{
			"from": [8, 5.25, 5.025],
			"to": [26.5, 5.75, 5.525],
			"rotation": {"angle": 0, "axis": "x", "origin": [23, 6, 8.8125]},
			"faces": {
				"north": {"uv": [0, 0, 16, 0.5], "rotation": 180, "texture": "#1"},
				"east": {"uv": [0, 0, 0.5, 0.5], "rotation": 180, "texture": "#1"},
				"south": {"uv": [0, 0, 16, 0.5], "rotation": 180, "texture": "#1"},
				"west": {"uv": [0, 0, 0.5, 0.5], "rotation": 180, "texture": "#1"},
				"up": {"uv": [0, 0, 16, 0.5], "texture": "#1"},
				"down": {"uv": [0, 0, 16, 0.5], "texture": "#1"}
			}
		},
		{
			"from": [8, 5, 4.525],
			"to": [26, 5.3, 5.025],
			"rotation": {"angle": 0, "axis": "x", "origin": [23, 6, 8.8125]},
			"faces": {
				"north": {"uv": [0, 0, 16, 0.3], "rotation": 180, "texture": "#1"},
				"east": {"uv": [0, 0, 0.5, 0.3], "rotation": 180, "texture": "#1"},
				"south": {"uv": [0, 0, 16, 0.3], "rotation": 180, "texture": "#1"},
				"west": {"uv": [0, 0, 0.5, 0.3], "rotation": 180, "texture": "#1"},
				"up": {"uv": [0, 0, 16, 0.5], "texture": "#1"},
				"down": {"uv": [0, 0, 16, 0.5], "texture": "#1"}
			}
		},
		{
			"from": [3, 5, 5.5],
			"to": [10, 7, 6.75],
			"faces": {
				"north": {"uv": [0, 0, 7, 2], "texture": "#0"},
				"east": {"uv": [0, 0, 1.25, 2], "texture": "#0"},
				"south": {"uv": [0, 0, 7, 2], "texture": "#0"},
				"west": {"uv": [0, 0, 1.25, 2], "texture": "#0"},
				"up": {"uv": [0, 0, 7, 1.25], "texture": "#0"},
				"down": {"uv": [0, 0, 7, 1.25], "texture": "#0"}
			}
		},
		{
			"from": [10, 5, 5.525],
			"to": [29, 7, 7.275],
			"rotation": {"angle": 0, "axis": "x", "origin": [23, 6, 8.8125]},
			"faces": {
				"north": {"uv": [0, 0, 16, 2], "rotation": 180, "texture": "#0"},
				"east": {"uv": [0, 0, 1.75, 2], "rotation": 180, "texture": "#0"},
				"south": {"uv": [16, 16, 0, 14], "rotation": 180, "texture": "#0"},
				"west": {"uv": [0, 0, 1.75, 2], "rotation": 180, "texture": "#0"},
				"up": {"uv": [0, 15.75, 16, 14], "texture": "#0"},
				"down": {"uv": [0, 0, 16, 1.75], "texture": "#0"}
			}
		},
		{
			"from": [8, 5, 2.5],
			"to": [26, 5.3, 3],
			"faces": {
				"north": {"uv": [0, 0, 16, 0.3], "texture": "#1"},
				"east": {"uv": [0, 0, 0.5, 0.3], "texture": "#1"},
				"south": {"uv": [0, 0, 16, 0.3], "texture": "#1"},
				"west": {"uv": [0, 0, 0.5, 0.3], "texture": "#1"},
				"up": {"uv": [0, 0, 16, 0.5], "texture": "#1"},
				"down": {"uv": [0, 0, 16, 0.5], "texture": "#1"}
			}
		},
		{
			"from": [8, 6.7, 2.5],
			"to": [26, 7, 3],
			"faces": {
				"north": {"uv": [0, 0, 16, 0.3], "texture": "#1"},
				"east": {"uv": [0, 0, 0.5, 0.3], "texture": "#1"},
				"south": {"uv": [0, 0, 16, 0.3], "texture": "#1"},
				"west": {"uv": [0, 0, 0.5, 0.3], "texture": "#1"},
				"up": {"uv": [0, 0, 16, 0.5], "texture": "#1"},
				"down": {"uv": [0, 0, 16, 0.5], "texture": "#1"}
			}
		},
		{
			"from": [8, 6.25, 2],
			"to": [26.5, 6.75, 2.5],
			"rotation": {"angle": 0, "axis": "y", "origin": [0, 0.35, -0.6]},
			"faces": {
				"north": {"uv": [0, 0, 16, 0.5], "texture": "#1"},
				"east": {"uv": [0, 0, 0.5, 0.5], "texture": "#1"},
				"south": {"uv": [0, 0, 16, 0.5], "texture": "#1"},
				"west": {"uv": [0, 0, 0.5, 0.5], "texture": "#1"},
				"up": {"uv": [0, 0, 16, 0.5], "texture": "#1"},
				"down": {"uv": [0, 0, 16, 0.5], "texture": "#1"}
			}
		},
		{
			"from": [8, 5.25, 2],
			"to": [26.5, 5.75, 2.5],
			"rotation": {"angle": 0, "axis": "y", "origin": [0, 0.25, -2]},
			"faces": {
				"north": {"uv": [0, 0, 16, 0.5], "texture": "#1"},
				"east": {"uv": [0, 0, 0.5, 0.5], "texture": "#1"},
				"south": {"uv": [0, 0, 16, 0.5], "texture": "#1"},
				"west": {"uv": [0, 0, 0.5, 0.5], "texture": "#1"},
				"up": {"uv": [0, 0, 16, 0.5], "texture": "#1"},
				"down": {"uv": [0, 0, 16, 0.5], "texture": "#1"}
			}
		},
		{
			"from": [29, 5.25, 1.25],
			"to": [31, 6.75, 2],
			"faces": {
				"north": {"uv": [0, 0, 2, 1.5], "texture": "#0"},
				"east": {"uv": [0, 0, 0.75, 1.5], "texture": "#0"},
				"south": {"uv": [0, 0, 2, 1.5], "texture": "#0"},
				"west": {"uv": [0, 0, 0.75, 1.5], "texture": "#0"},
				"up": {"uv": [0, 0, 2, 0.75], "texture": "#0"},
				"down": {"uv": [0, 0, 2, 0.75], "texture": "#0"}
			}
		},
		{
			"from": [29, 5.25, 0.5],
			"to": [30, 6.75, 1.25],
			"rotation": {"angle": 0, "axis": "y", "origin": [23, 6, 1.5]},
			"faces": {
				"north": {"uv": [0, 0, 1, 1.5], "texture": "#1"},
				"east": {"uv": [0, 0, 0.75, 1.5], "texture": "#1"},
				"south": {"uv": [0, 0, 1, 1.5], "texture": "#1"},
				"west": {"uv": [0, 0, 0.75, 1.5], "texture": "#1"},
				"up": {"uv": [0, 0, 0.75, 1], "rotation": 270, "texture": "#1"},
				"down": {"uv": [0, 0, 0.75, 1], "rotation": 90, "texture": "#1"}
			}
		},
		{
			"from": [30, 5.75, 0.5],
			"to": [30.75, 6.25, 1.25],
			"rotation": {"angle": 0, "axis": "y", "origin": [23, 6, 1.5]},
			"faces": {
				"north": {"uv": [0, 0, 0.75, 0.5], "texture": "#1"},
				"east": {"uv": [0, 0, 0.75, 0.5], "texture": "#1"},
				"south": {"uv": [0, 0, 0.75, 0.5], "texture": "#1"},
				"west": {"uv": [0, 0, 0.75, 0.5], "texture": "#1"},
				"up": {"uv": [0, 0, 0.75, 0.75], "rotation": 270, "texture": "#1"},
				"down": {"uv": [0, 0, 0.75, 0.75], "rotation": 90, "texture": "#1"}
			}
		},
		{
			"from": [30, 5.75, 6.3],
			"to": [30.75, 6.25, 7.05],
			"rotation": {"angle": 0, "axis": "y", "origin": [23, 6, 1.5]},
			"faces": {
				"north": {"uv": [0, 0, 0.75, 0.5], "texture": "#1"},
				"east": {"uv": [0, 0, 0.75, 0.5], "texture": "#1"},
				"south": {"uv": [0, 0, 0.75, 0.5], "texture": "#1"},
				"west": {"uv": [0, 0, 0.75, 0.5], "texture": "#1"},
				"up": {"uv": [0, 0, 0.75, 0.75], "rotation": 270, "texture": "#1"},
				"down": {"uv": [0, 0, 0.75, 0.75], "rotation": 90, "texture": "#1"}
			}
		},
		{
			"from": [10, 5, 0.25],
			"to": [29, 7, 2],
			"faces": {
				"north": {"uv": [16, 14, 0, 16], "texture": "#0"},
				"east": {"uv": [0, 0, 1.75, 2], "texture": "#0"},
				"south": {"uv": [0, 0, 16, 2], "texture": "#0"},
				"west": {"uv": [0, 0, 1.75, 2], "texture": "#0"},
				"up": {"uv": [0, 14, 16, 15.75], "texture": "#0"},
				"down": {"uv": [0, 0, 16, 1.75], "texture": "#0"}
			}
		},
		{
			"from": [3, 5, 0.75],
			"to": [10, 7, 2],
			"faces": {
				"north": {"uv": [0, 0, 7, 2], "texture": "#0"},
				"east": {"uv": [0, 0, 1.25, 2], "texture": "#0"},
				"south": {"uv": [0, 0, 7, 2], "texture": "#0"},
				"west": {"uv": [0, 0, 1.25, 2], "texture": "#0"},
				"up": {"uv": [0, 0, 7, 1.25], "texture": "#0"},
				"down": {"uv": [0, 0, 7, 1.25], "texture": "#0"}
			}
		},
		{
			"name": "ganerator",
			"from": [3, 4.6, 2],
			"to": [8, 6.65, 5.5],
			"rotation": {"angle": 0, "axis": "y", "origin": [1, 0, 0.25]},
			"faces": {
				"north": {"uv": [0, 0, 5, 2.05], "texture": "#1"},
				"east": {"uv": [0, 0, 3.5, 2.05], "texture": "#1"},
				"south": {"uv": [0, 0, 5, 2.05], "texture": "#1"},
				"west": {"uv": [0, 0, 3.5, 2.05], "texture": "#1"},
				"up": {"uv": [0, 0, 5, 3.5], "texture": "#1"},
				"down": {"uv": [0, 0, 5, 3.5], "texture": "#1"}
			}
		},
		{
			"name": "ganerator",
			"from": [7.55, 6.5, 2],
			"to": [8, 7.05, 5.5],
			"rotation": {"angle": 0, "axis": "y", "origin": [1, 0, 0.25]},
			"faces": {
				"north": {"uv": [0, 0, 0.45, 0.55], "texture": "#1"},
				"east": {"uv": [0, 0, 3.5, 0.55], "texture": "#1"},
				"south": {"uv": [0, 0, 0.45, 0.55], "texture": "#1"},
				"west": {"uv": [0, 0, 3.5, 0.55], "texture": "#1"},
				"up": {"uv": [0, 0, 0.45, 3.5], "texture": "#1"},
				"down": {"uv": [0, 0, 0.45, 3.5], "texture": "#1"}
			}
		},
		{
			"name": "ganerator",
			"from": [7.05, 6.6, 3.35],
			"to": [7.2, 6.85, 4.15],
			"rotation": {"angle": 0, "axis": "y", "origin": [5.475, 6.575, 3.75]},
			"faces": {
				"north": {"uv": [0, 0, 0.15, 0.25], "texture": "#0"},
				"east": {"uv": [0, 0, 0.8, 0.25], "texture": "#0"},
				"south": {"uv": [0, 0, 0.15, 0.25], "texture": "#0"},
				"west": {"uv": [0, 0, 0.8, 0.25], "texture": "#0"},
				"up": {"uv": [0, 0, 0.15, 0.8], "texture": "#0"},
				"down": {"uv": [0, 0, 0.15, 0.8], "texture": "#0"}
			}
		},
		{
			"name": "ganerator",
			"from": [7.05, 6.6, 3.35],
			"to": [7.2, 6.85, 4.15],
			"rotation": {"angle": -22.5, "axis": "y", "origin": [5.475, 6.575, 3.75]},
			"faces": {
				"north": {"uv": [0, 0, 0.15, 0.25], "texture": "#0"},
				"east": {"uv": [0, 0, 0.8, 0.25], "texture": "#0"},
				"south": {"uv": [0, 0, 0.15, 0.25], "texture": "#0"},
				"west": {"uv": [0, 0, 0.8, 0.25], "texture": "#0"},
				"up": {"uv": [0, 0, 0.15, 0.8], "texture": "#0"},
				"down": {"uv": [0, 0, 0.15, 0.8], "texture": "#0"}
			}
		},
		{
			"name": "ganerator",
			"from": [7.05, 6.6, 3.35],
			"to": [7.2, 6.85, 4.15],
			"rotation": {"angle": -45, "axis": "y", "origin": [5.475, 6.575, 3.75]},
			"faces": {
				"north": {"uv": [0, 0, 0.15, 0.25], "texture": "#0"},
				"east": {"uv": [0, 0, 0.8, 0.25], "texture": "#0"},
				"south": {"uv": [0, 0, 0.15, 0.25], "texture": "#0"},
				"west": {"uv": [0, 0, 0.8, 0.25], "texture": "#0"},
				"up": {"uv": [0, 0, 0.15, 0.8], "texture": "#0"},
				"down": {"uv": [0, 0, 0.15, 0.8], "texture": "#0"}
			}
		},
		{
			"name": "ganerator",
			"from": [5.075, 6.6, 5.325],
			"to": [5.875, 6.85, 5.475],
			"rotation": {"angle": 22.5, "axis": "y", "origin": [5.475, 6.575, 3.75]},
			"faces": {
				"north": {"uv": [0, 0, 0.8, 0.25], "texture": "#0"},
				"east": {"uv": [0, 0, 0.15, 0.25], "texture": "#0"},
				"south": {"uv": [0, 0, 0.8, 0.25], "texture": "#0"},
				"west": {"uv": [0, 0, 0.15, 0.25], "texture": "#0"},
				"up": {"uv": [0, 0, 0.15, 0.8], "rotation": 90, "texture": "#0"},
				"down": {"uv": [0, 0, 0.15, 0.8], "rotation": 270, "texture": "#0"}
			}
		},
		{
			"name": "ganerator",
			"from": [5.075, 6.6, 5.325],
			"to": [5.875, 6.85, 5.475],
			"rotation": {"angle": 0, "axis": "y", "origin": [5.475, 6.575, 3.75]},
			"faces": {
				"north": {"uv": [0, 0, 0.8, 0.25], "texture": "#0"},
				"east": {"uv": [0, 0, 0.15, 0.25], "texture": "#0"},
				"south": {"uv": [0, 0, 0.8, 0.25], "texture": "#0"},
				"west": {"uv": [0, 0, 0.15, 0.25], "texture": "#0"},
				"up": {"uv": [0, 0, 0.15, 0.8], "rotation": 90, "texture": "#0"},
				"down": {"uv": [0, 0, 0.15, 0.8], "rotation": 270, "texture": "#0"}
			}
		},
		{
			"name": "ganerator",
			"from": [5.075, 6.6, 5.325],
			"to": [5.875, 6.85, 5.475],
			"rotation": {"angle": -22.5, "axis": "y", "origin": [5.475, 6.575, 3.75]},
			"faces": {
				"north": {"uv": [0, 0, 0.8, 0.25], "texture": "#0"},
				"east": {"uv": [0, 0, 0.15, 0.25], "texture": "#0"},
				"south": {"uv": [0, 0, 0.8, 0.25], "texture": "#0"},
				"west": {"uv": [0, 0, 0.15, 0.25], "texture": "#0"},
				"up": {"uv": [0, 0, 0.15, 0.8], "rotation": 90, "texture": "#0"},
				"down": {"uv": [0, 0, 0.15, 0.8], "rotation": 270, "texture": "#0"}
			}
		},
		{
			"name": "ganerator",
			"from": [5.075, 6.6, 5.325],
			"to": [5.875, 6.85, 5.475],
			"rotation": {"angle": -45, "axis": "y", "origin": [5.475, 6.575, 3.75]},
			"faces": {
				"north": {"uv": [0, 0, 0.8, 0.25], "texture": "#0"},
				"east": {"uv": [0, 0, 0.15, 0.25], "texture": "#0"},
				"south": {"uv": [0, 0, 0.8, 0.25], "texture": "#0"},
				"west": {"uv": [0, 0, 0.15, 0.25], "texture": "#0"},
				"up": {"uv": [0, 0, 0.15, 0.8], "rotation": 90, "texture": "#0"},
				"down": {"uv": [0, 0, 0.15, 0.8], "rotation": 270, "texture": "#0"}
			}
		},
		{
			"name": "ganerator",
			"from": [3.75, 6.6, 3.35],
			"to": [3.9, 6.85, 4.15],
			"rotation": {"angle": 0, "axis": "y", "origin": [5.475, 6.575, 3.75]},
			"faces": {
				"north": {"uv": [0, 0, 0.15, 0.25], "texture": "#0"},
				"east": {"uv": [0, 0, 0.8, 0.25], "texture": "#0"},
				"south": {"uv": [0, 0, 0.15, 0.25], "texture": "#0"},
				"west": {"uv": [0, 0, 0.8, 0.25], "texture": "#0"},
				"up": {"uv": [0, 0, 0.15, 0.8], "rotation": 180, "texture": "#0"},
				"down": {"uv": [0, 0, 0.15, 0.8], "rotation": 180, "texture": "#0"}
			}
		},
		{
			"name": "ganerator",
			"from": [3.75, 6.6, 3.35],
			"to": [3.9, 6.85, 4.15],
			"rotation": {"angle": -22.5, "axis": "y", "origin": [5.475, 6.575, 3.75]},
			"faces": {
				"north": {"uv": [0, 0, 0.15, 0.25], "texture": "#0"},
				"east": {"uv": [0, 0, 0.8, 0.25], "texture": "#0"},
				"south": {"uv": [0, 0, 0.15, 0.25], "texture": "#0"},
				"west": {"uv": [0, 0, 0.8, 0.25], "texture": "#0"},
				"up": {"uv": [0, 0, 0.15, 0.8], "rotation": 180, "texture": "#0"},
				"down": {"uv": [0, 0, 0.15, 0.8], "rotation": 180, "texture": "#0"}
			}
		},
		{
			"name": "ganerator",
			"from": [5.075, 6.6, 2.025],
			"to": [5.875, 6.85, 2.175],
			"rotation": {"angle": 22.5, "axis": "y", "origin": [5.475, 6.575, 3.75]},
			"faces": {
				"north": {"uv": [0, 0, 0.8, 0.25], "texture": "#0"},
				"east": {"uv": [0, 0, 0.15, 0.25], "texture": "#0"},
				"south": {"uv": [0, 0, 0.8, 0.25], "texture": "#0"},
				"west": {"uv": [0, 0, 0.15, 0.25], "texture": "#0"},
				"up": {"uv": [0, 0, 0.15, 0.8], "rotation": 270, "texture": "#0"},
				"down": {"uv": [0, 0, 0.15, 0.8], "rotation": 90, "texture": "#0"}
			}
		},
		{
			"name": "ganerator",
			"from": [5.075, 6.6, 2.025],
			"to": [5.875, 6.85, 2.175],
			"rotation": {"angle": 0, "axis": "y", "origin": [5.475, 6.575, 3.75]},
			"faces": {
				"north": {"uv": [0, 0, 0.8, 0.25], "texture": "#0"},
				"east": {"uv": [0, 0, 0.15, 0.25], "texture": "#0"},
				"south": {"uv": [0, 0, 0.8, 0.25], "texture": "#0"},
				"west": {"uv": [0, 0, 0.15, 0.25], "texture": "#0"},
				"up": {"uv": [0, 0, 0.15, 0.8], "rotation": 270, "texture": "#0"},
				"down": {"uv": [0, 0, 0.15, 0.8], "rotation": 90, "texture": "#0"}
			}
		},
		{
			"name": "ganerator",
			"from": [5.075, 6.6, 2.025],
			"to": [5.875, 6.85, 2.175],
			"rotation": {"angle": -22.5, "axis": "y", "origin": [5.475, 6.575, 3.75]},
			"faces": {
				"north": {"uv": [0, 0, 0.8, 0.25], "texture": "#0"},
				"east": {"uv": [0, 0, 0.15, 0.25], "texture": "#0"},
				"south": {"uv": [0, 0, 0.8, 0.25], "texture": "#0"},
				"west": {"uv": [0, 0, 0.15, 0.25], "texture": "#0"},
				"up": {"uv": [0, 0, 0.15, 0.8], "rotation": 270, "texture": "#0"},
				"down": {"uv": [0, 0, 0.15, 0.8], "rotation": 90, "texture": "#0"}
			}
		},
		{
			"name": "ganerator",
			"from": [5.075, 6.6, 2.025],
			"to": [5.875, 6.85, 2.175],
			"rotation": {"angle": -45, "axis": "y", "origin": [5.475, 6.575, 3.75]},
			"faces": {
				"north": {"uv": [0, 0, 0.8, 0.25], "texture": "#0"},
				"east": {"uv": [0, 0, 0.15, 0.25], "texture": "#0"},
				"south": {"uv": [0, 0, 0.8, 0.25], "texture": "#0"},
				"west": {"uv": [0, 0, 0.15, 0.25], "texture": "#0"},
				"up": {"uv": [0, 0, 0.15, 0.8], "rotation": 270, "texture": "#0"},
				"down": {"uv": [0, 0, 0.15, 0.8], "rotation": 90, "texture": "#0"}
			}
		},
		{
			"name": "ganerator",
			"from": [7.05, 6.6, 3.35],
			"to": [7.2, 6.85, 4.15],
			"rotation": {"angle": 22.5, "axis": "y", "origin": [5.475, 6.575, 3.75]},
			"faces": {
				"north": {"uv": [0, 0, 0.15, 0.25], "texture": "#0"},
				"east": {"uv": [0, 0, 0.8, 0.25], "texture": "#0"},
				"south": {"uv": [0, 0, 0.15, 0.25], "texture": "#0"},
				"west": {"uv": [0, 0, 0.8, 0.25], "texture": "#0"},
				"up": {"uv": [0, 0, 0.15, 0.8], "texture": "#0"},
				"down": {"uv": [0, 0, 0.15, 0.8], "texture": "#0"}
			}
		},
		{
			"name": "ganerator",
			"from": [3.75, 6.6, 3.35],
			"to": [3.9, 6.85, 4.15],
			"rotation": {"angle": -45, "axis": "y", "origin": [5.475, 6.575, 3.75]},
			"faces": {
				"north": {"uv": [0, 0, 0.15, 0.25], "texture": "#0"},
				"east": {"uv": [0, 0, 0.8, 0.25], "texture": "#0"},
				"south": {"uv": [0, 0, 0.15, 0.25], "texture": "#0"},
				"west": {"uv": [0, 0, 0.8, 0.25], "texture": "#0"},
				"up": {"uv": [0, 0, 0.15, 0.8], "rotation": 180, "texture": "#0"},
				"down": {"uv": [0, 0, 0.15, 0.8], "rotation": 180, "texture": "#0"}
			}
		},
		{
			"name": "ganerator",
			"from": [3.75, 6.6, 3.35],
			"to": [3.9, 6.85, 4.15],
			"rotation": {"angle": 22.5, "axis": "y", "origin": [5.475, 6.575, 3.75]},
			"faces": {
				"north": {"uv": [0, 0, 0.15, 0.25], "texture": "#0"},
				"east": {"uv": [0, 0, 0.8, 0.25], "texture": "#0"},
				"south": {"uv": [0, 0, 0.15, 0.25], "texture": "#0"},
				"west": {"uv": [0, 0, 0.8, 0.25], "texture": "#0"},
				"up": {"uv": [0, 0, 0.15, 0.8], "rotation": 180, "texture": "#0"},
				"down": {"uv": [0, 0, 0.15, 0.8], "rotation": 180, "texture": "#0"}
			}
		},
		{
			"name": "ganerator",
			"from": [2.95, 6.5, 2],
			"to": [3.4, 7.05, 5.5],
			"rotation": {"angle": 0, "axis": "y", "origin": [1, 0, 0.25]},
			"faces": {
				"north": {"uv": [0, 0, 0.45, 0.55], "texture": "#1"},
				"east": {"uv": [0, 0, 3.5, 0.55], "texture": "#1"},
				"south": {"uv": [0, 0, 0.45, 0.55], "texture": "#1"},
				"west": {"uv": [0, 0, 3.5, 0.55], "texture": "#1"},
				"up": {"uv": [0, 0, 0.45, 3.5], "texture": "#1"},
				"down": {"uv": [0, 0, 0.45, 3.5], "texture": "#1"}
			}
		},
		{
			"name": "ganerator",
			"from": [3.9, 6.45, 3.6],
			"to": [7.05, 6.7, 3.9],
			"rotation": {"angle": 0, "axis": "z", "origin": [5.475, 6.575, 3.75]},
			"faces": {
				"north": {"uv": [0, 3, 3.15, 3.25], "texture": "#2"},
				"east": {"uv": [0, 3, 0.3, 3.25], "texture": "#2"},
				"south": {"uv": [0, 3, 3.15, 3.25], "texture": "#2"},
				"west": {"uv": [0, 3, 0.3, 3.25], "texture": "#2"},
				"up": {"uv": [0, 0, 6.15, 1.3], "texture": "#2"},
				"down": {"uv": [0, 3, 3.15, 3.3], "texture": "#2"}
			}
		},
		{
			"name": "ganerator",
			"from": [3.9, 6.45, 3.6],
			"to": [7.05, 6.7, 3.9],
			"rotation": {"angle": 22.5, "axis": "y", "origin": [5.475, 6.575, 3.75]},
			"faces": {
				"north": {"uv": [0, 2, 3.15, 2.25], "texture": "#2"},
				"east": {"uv": [0, 2, 0.3, 2.25], "texture": "#2"},
				"south": {"uv": [0, 2, 3.15, 2.25], "texture": "#2"},
				"west": {"uv": [0, 2, 0.3, 2.25], "texture": "#2"},
				"up": {"uv": [0, 0, 6.15, 1.3], "texture": "#2"},
				"down": {"uv": [0, 2, 3.15, 2.3], "texture": "#2"}
			}
		},
		{
			"name": "ganerator",
			"from": [3.9, 6.45, 3.6],
			"to": [7.05, 6.7, 3.9],
			"rotation": {"angle": -45, "axis": "y", "origin": [5.475, 6.575, 3.75]},
			"faces": {
				"north": {"uv": [0, 3, 3.15, 3.25], "texture": "#2"},
				"east": {"uv": [0, 3, 0.3, 3.25], "texture": "#2"},
				"south": {"uv": [0, 3, 3.15, 3.25], "texture": "#2"},
				"west": {"uv": [0, 3, 0.3, 3.25], "texture": "#2"},
				"up": {"uv": [0, 0, 6.15, 1.3], "texture": "#2"},
				"down": {"uv": [0, 3, 3.15, 3.3], "texture": "#2"}
			}
		},
		{
			"name": "ganerator",
			"from": [3.9, 6.45, 3.6],
			"to": [7.05, 6.7, 3.9],
			"rotation": {"angle": -22.5, "axis": "y", "origin": [5.475, 6.575, 3.75]},
			"faces": {
				"north": {"uv": [0, 4, 3.15, 4.25], "texture": "#2"},
				"east": {"uv": [0, 3, 0.3, 3.25], "texture": "#2"},
				"south": {"uv": [0, 4, 3.15, 4.25], "texture": "#2"},
				"west": {"uv": [0, 3, 0.3, 3.25], "texture": "#2"},
				"up": {"uv": [0, 0, 6.15, 1.3], "texture": "#2"},
				"down": {"uv": [0, 4, 3.15, 4.3], "texture": "#2"}
			}
		},
		{
			"name": "ganerator",
			"from": [3.9, 6.45, 3.6],
			"to": [7.05, 6.7, 3.9],
			"rotation": {"angle": 45, "axis": "y", "origin": [5.475, 6.575, 3.75]},
			"faces": {
				"north": {"uv": [0, 3, 3.15, 3.25], "texture": "#2"},
				"east": {"uv": [0, 3, 0.3, 3.25], "texture": "#2"},
				"south": {"uv": [0, 3, 3.15, 3.25], "texture": "#2"},
				"west": {"uv": [0, 3, 0.3, 3.25], "texture": "#2"},
				"up": {"uv": [0, 0, 6.15, 1.3], "texture": "#2"},
				"down": {"uv": [0, 3, 3.15, 3.3], "texture": "#2"}
			}
		},
		{
			"name": "ganerator",
			"from": [5.325, 6.45, 2.175],
			"to": [5.625, 6.7, 5.325],
			"rotation": {"angle": -22.5, "axis": "y", "origin": [5.475, 6.575, 3.75]},
			"faces": {
				"north": {"uv": [0, 2, 0.3, 2.25], "texture": "#2"},
				"east": {"uv": [0, 2, 3.15, 2.25], "texture": "#2"},
				"south": {"uv": [0, 2, 0.3, 2.25], "texture": "#2"},
				"west": {"uv": [0, 2, 3.15, 2.25], "texture": "#2"},
				"up": {"uv": [0, 0, 6.15, 1.3], "rotation": 270, "texture": "#2"},
				"down": {"uv": [0, 2, 3.15, 2.3], "rotation": 90, "texture": "#2"}
			}
		},
		{
			"name": "ganerator",
			"from": [5.325, 6.45, 2.175],
			"to": [5.625, 6.7, 5.325],
			"rotation": {"angle": 0, "axis": "y", "origin": [5.475, 6.575, 3.75]},
			"faces": {
				"north": {"uv": [0, 2, 0.3, 2.25], "texture": "#2"},
				"east": {"uv": [0, 2, 3.15, 2.25], "texture": "#2"},
				"south": {"uv": [0, 2, 0.3, 2.25], "texture": "#2"},
				"west": {"uv": [0, 2, 3.15, 2.25], "texture": "#2"},
				"up": {"uv": [0, 0, 6.15, 1.3], "rotation": 90, "texture": "#2"},
				"down": {"uv": [0, 2, 3.15, 2.3], "rotation": 270, "texture": "#2"}
			}
		},
		{
			"name": "ganerator",
			"from": [5.325, 6.45, 2.175],
			"to": [5.625, 6.7, 5.325],
			"rotation": {"angle": 22.5, "axis": "y", "origin": [5.475, 6.575, 3.75]},
			"faces": {
				"north": {"uv": [0, 3, 0.3, 3.25], "texture": "#2"},
				"east": {"uv": [0, 3, 3.15, 3.25], "texture": "#2"},
				"south": {"uv": [0, 3, 0.3, 3.25], "texture": "#2"},
				"west": {"uv": [0, 3, 3.15, 3.25], "texture": "#2"},
				"up": {"uv": [0, 0, 6.15, 1.3], "rotation": 90, "texture": "#2"},
				"down": {"uv": [0, 3, 3.15, 3.3], "rotation": 270, "texture": "#2"}
			}
		},
		{
			"from": [-8, 5, 2.25],
			"to": [3, 7, 5.25],
			"rotation": {"angle": 0, "axis": "y", "origin": [1, 0, 0.25]},
			"faces": {
				"north": {"uv": [0, 0, 11, 2], "texture": "#1"},
				"east": {"uv": [0, 0, 3, 2], "texture": "#1"},
				"south": {"uv": [0, 0, 11, 2], "texture": "#1"},
				"west": {"uv": [0, 0, 3, 2], "texture": "#1"},
				"up": {"uv": [0, 0, 11, 3], "texture": "#1"},
				"down": {"uv": [0, 0, 11, 3], "texture": "#1"}
			}
		},
		{
			"from": [-5, 7, 2.5],
			"to": [2.5, 7.5, 5],
			"rotation": {"angle": 0, "axis": "y", "origin": [1, 0, 0.25]},
			"faces": {
				"north": {"uv": [0, 0, 7.5, 0.5], "texture": "#1"},
				"east": {"uv": [0, 0, 2.5, 0.5], "texture": "#1"},
				"south": {"uv": [0, 0, 7.5, 0.5], "texture": "#1"},
				"west": {"uv": [0, 0, 2.5, 0.5], "texture": "#1"},
				"up": {"uv": [0, 0, 7.5, 2.5], "texture": "#1"},
				"down": {"uv": [0, 0, 7.5, 2.5], "texture": "#1"}
			}
		},
		{
			"from": [-1.8, 7.5, 2.75],
			"to": [1.5, 8, 4.75],
			"rotation": {"angle": 0, "axis": "y", "origin": [1, 0, 0.25]},
			"faces": {
				"north": {"uv": [0, 0, 3.3, 0.5], "texture": "#1"},
				"east": {"uv": [0, 0, 2, 0.5], "texture": "#1"},
				"south": {"uv": [0, 0, 3.3, 0.5], "texture": "#1"},
				"west": {"uv": [0, 0, 2, 0.5], "texture": "#1"},
				"up": {"uv": [0, 0, 3.3, 2], "texture": "#1"},
				"down": {"uv": [0, 0, 3.3, 2], "texture": "#1"}
			}
		},
		{
			"from": [-5.0168, 3.56898, 3.2],
			"to": [1.0832, 4.06898, 4.4],
			"rotation": {"angle": -22.5, "axis": "z", "origin": [-1.2168, 3.81898, 3.75]},
			"faces": {
				"north": {"uv": [0, 0, 6.1, 0.5], "texture": "#1"},
				"east": {"uv": [0, 0, 1.2, 0.5], "texture": "#1"},
				"south": {"uv": [0, 0, 6.1, 0.5], "texture": "#1"},
				"west": {"uv": [0, 0, 1.2, 0.5], "texture": "#1"},
				"up": {"uv": [0, 0, 6.1, 1.2], "texture": "#1"},
				"down": {"uv": [0, 0, 6.1, 1.2], "texture": "#1"}
			}
		},
		{
			"from": [-4.63443, 4.29129, 2.9],
			"to": [1.36557, 5.99129, 3.4],
			"rotation": {"angle": -22.5, "axis": "z", "origin": [-1.58443, 4.89129, 3.45]},
			"faces": {
				"north": {"uv": [0, 0, 6, 1.7], "rotation": 180, "texture": "#1"},
				"east": {"uv": [0, 0, 1.7, 0.5], "rotation": 270, "texture": "#1"},
				"south": {"uv": [0, 0, 6, 1.7], "texture": "#1"},
				"west": {"uv": [0, 0, 1.7, 0.5], "rotation": 90, "texture": "#1"},
				"up": {"uv": [0, 0, 6, 0.5], "rotation": 180, "texture": "#1"},
				"down": {"uv": [0, 0, 6, 0.5], "texture": "#1"}
			}
		},
		{
			"from": [-4.63443, 4.29129, 4.3],
			"to": [1.36557, 5.99129, 4.8],
			"rotation": {"angle": -22.5, "axis": "z", "origin": [-1.58443, 4.89129, 3.45]},
			"faces": {
				"north": {"uv": [0, 0, 6, 1.7], "rotation": 180, "texture": "#1"},
				"east": {"uv": [0, 0, 1.7, 0.5], "rotation": 270, "texture": "#1"},
				"south": {"uv": [0, 0, 6, 1.7], "texture": "#1"},
				"west": {"uv": [0, 0, 1.7, 0.5], "rotation": 90, "texture": "#1"},
				"up": {"uv": [0, 0, 6, 0.5], "rotation": 180, "texture": "#1"},
				"down": {"uv": [0, 0, 6, 0.5], "texture": "#1"}
			}
		},
		{
			"from": [0.81246, 2.70784, 3.2],
			"to": [9.41246, 3.20784, 4.4],
			"rotation": {"angle": 0, "axis": "z", "origin": [-1.88754, 2.95784, 3.75]},
			"faces": {
				"north": {"uv": [0, 0, 8.6, 0.5], "texture": "#1"},
				"east": {"uv": [0, 0, 1.2, 0.5], "texture": "#1"},
				"south": {"uv": [0, 0, 8.6, 0.5], "texture": "#1"},
				"west": {"uv": [0, 0, 1.2, 0.5], "texture": "#1"},
				"up": {"uv": [0, 0, 8.6, 1.2], "texture": "#1"},
				"down": {"uv": [0, 0, 8.6, 1.2], "texture": "#1"}
			}
		},
		{
			"from": [0.91246, 3.20784, 4.3],
			"to": [9.31246, 5.00784, 4.8],
			"rotation": {"angle": 0, "axis": "z", "origin": [-2.13754, 4.80784, 3.05]},
			"faces": {
				"north": {"uv": [0, 0, 8.4, 1.8], "rotation": 180, "texture": "#1"},
				"east": {"uv": [0, 0, 1.8, 0.5], "rotation": 270, "texture": "#1"},
				"south": {"uv": [0, 0, 8.4, 1.8], "texture": "#1"},
				"west": {"uv": [0, 0, 1.8, 0.5], "rotation": 90, "texture": "#1"},
				"up": {"uv": [0, 0, 8.4, 0.5], "rotation": 180, "texture": "#1"},
				"down": {"uv": [0, 0, 8.4, 0.5], "texture": "#1"}
			}
		},
		{
			"from": [0.91246, 3.20784, 2.9],
			"to": [9.31246, 5.00784, 3.4],
			"rotation": {"angle": 0, "axis": "z", "origin": [-2.13754, 4.80784, 3.05]},
			"faces": {
				"north": {"uv": [0, 0, 8.4, 1.8], "rotation": 180, "texture": "#1"},
				"east": {"uv": [0, 0, 1.8, 0.5], "rotation": 270, "texture": "#1"},
				"south": {"uv": [0, 0, 8.4, 1.8], "texture": "#1"},
				"west": {"uv": [0, 0, 1.8, 0.5], "rotation": 90, "texture": "#1"},
				"up": {"uv": [0, 0, 8.4, 0.5], "rotation": 180, "texture": "#1"},
				"down": {"uv": [0, 0, 8.4, 0.5], "texture": "#1"}
			}
		},
		{
			"from": [9.31246, 4.20784, 2.9],
			"to": [11.61246, 5.00784, 3.4],
			"rotation": {"angle": 0, "axis": "z", "origin": [-2.13754, 4.80784, 3.05]},
			"faces": {
				"north": {"uv": [0, 0, 2.3, 0.8], "rotation": 180, "texture": "#1"},
				"east": {"uv": [0, 0, 0.8, 0.5], "rotation": 270, "texture": "#1"},
				"south": {"uv": [0, 0, 2.3, 0.8], "texture": "#1"},
				"west": {"uv": [0, 0, 0.8, 0.5], "rotation": 90, "texture": "#1"},
				"up": {"uv": [0, 0, 2.3, 0.5], "rotation": 180, "texture": "#1"},
				"down": {"uv": [0, 0, 2.3, 0.5], "texture": "#1"}
			}
		},
		{
			"from": [9.31246, 3.95784, 2.9],
			"to": [10.71246, 5.00784, 3.4],
			"rotation": {"angle": 0, "axis": "z", "origin": [-2.13754, 4.80784, 3.05]},
			"faces": {
				"north": {"uv": [0, 0, 1.4, 1.05], "rotation": 180, "texture": "#1"},
				"east": {"uv": [0, 0, 1.05, 0.5], "rotation": 270, "texture": "#1"},
				"south": {"uv": [0, 0, 1.4, 1.05], "texture": "#1"},
				"west": {"uv": [0, 0, 1.05, 0.5], "rotation": 90, "texture": "#1"},
				"up": {"uv": [0, 0, 1.4, 0.5], "rotation": 180, "texture": "#1"},
				"down": {"uv": [0, 0, 1.4, 0.5], "texture": "#1"}
			}
		},
		{
			"from": [8.80923, 3.94317, 2.9],
			"to": [11.60923, 4.74317, 3.4],
			"rotation": {"angle": 22.5, "axis": "z", "origin": [10.90923, 4.84317, 3.45]},
			"faces": {
				"north": {"uv": [0, 0, 2.8, 0.8], "rotation": 180, "texture": "#1"},
				"east": {"uv": [0, 0, 0.8, 0.5], "rotation": 270, "texture": "#1"},
				"south": {"uv": [0, 0, 2.8, 0.8], "texture": "#1"},
				"west": {"uv": [0, 0, 0.8, 0.5], "rotation": 90, "texture": "#1"},
				"up": {"uv": [0, 0, 2.8, 0.5], "rotation": 180, "texture": "#1"},
				"down": {"uv": [0, 0, 2.8, 0.5], "texture": "#1"}
			}
		},
		{
			"from": [8.98947, 4.33434, 3.2],
			"to": [11.83947, 4.83434, 4.4],
			"rotation": {"angle": 22.5, "axis": "z", "origin": [13.28947, 4.58434, 3.75]},
			"faces": {
				"north": {"uv": [0, 0, 2.85, 0.5], "texture": "#1"},
				"east": {"uv": [0, 0, 1.2, 0.5], "texture": "#1"},
				"south": {"uv": [0, 0, 2.85, 0.5], "texture": "#1"},
				"west": {"uv": [0, 0, 1.2, 0.5], "texture": "#1"},
				"up": {"uv": [0, 0, 2.85, 1.2], "texture": "#1"},
				"down": {"uv": [0, 0, 2.85, 1.2], "texture": "#1"}
			}
		},
		{
			"from": [8.80923, 3.94317, 4.3],
			"to": [11.60923, 4.74317, 4.8],
			"rotation": {"angle": 22.5, "axis": "z", "origin": [10.90923, 4.84317, 4.85]},
			"faces": {
				"north": {"uv": [0, 0, 2.8, 0.8], "rotation": 180, "texture": "#1"},
				"east": {"uv": [0, 0, 0.8, 0.5], "rotation": 270, "texture": "#1"},
				"south": {"uv": [0, 0, 2.8, 0.8], "texture": "#1"},
				"west": {"uv": [0, 0, 0.8, 0.5], "rotation": 90, "texture": "#1"},
				"up": {"uv": [0, 0, 2.8, 0.5], "rotation": 180, "texture": "#1"},
				"down": {"uv": [0, 0, 2.8, 0.5], "texture": "#1"}
			}
		},
		{
			"from": [9.31246, 3.95784, 4.3],
			"to": [10.71246, 5.00784, 4.8],
			"rotation": {"angle": 0, "axis": "z", "origin": [-2.13754, 4.80784, 4.45]},
			"faces": {
				"north": {"uv": [0, 0, 1.4, 1.05], "rotation": 180, "texture": "#1"},
				"east": {"uv": [0, 0, 1.05, 0.5], "rotation": 270, "texture": "#1"},
				"south": {"uv": [0, 0, 1.4, 1.05], "texture": "#1"},
				"west": {"uv": [0, 0, 1.05, 0.5], "rotation": 90, "texture": "#1"},
				"up": {"uv": [0, 0, 1.4, 0.5], "rotation": 180, "texture": "#1"},
				"down": {"uv": [0, 0, 1.4, 0.5], "texture": "#1"}
			}
		},
		{
			"from": [9.31246, 4.20784, 4.3],
			"to": [11.61246, 5.00784, 4.8],
			"rotation": {"angle": 0, "axis": "z", "origin": [-2.13754, 4.80784, 4.45]},
			"faces": {
				"north": {"uv": [0, 0, 2.3, 0.8], "rotation": 180, "texture": "#1"},
				"east": {"uv": [0, 0, 0.8, 0.5], "rotation": 270, "texture": "#1"},
				"south": {"uv": [0, 0, 2.3, 0.8], "texture": "#1"},
				"west": {"uv": [0, 0, 0.8, 0.5], "rotation": 90, "texture": "#1"},
				"up": {"uv": [0, 0, 2.3, 0.5], "rotation": 180, "texture": "#1"},
				"down": {"uv": [0, 0, 2.3, 0.5], "texture": "#1"}
			}
		},
		{
			"from": [11.54551, 3.79848, 3.2],
			"to": [12.04551, 4.94848, 4.4],
			"rotation": {"angle": 0, "axis": "z", "origin": [11.69551, 4.52348, 3.8]},
			"faces": {
				"north": {"uv": [0, 0, 1.15, 0.5], "rotation": 270, "texture": "#1"},
				"east": {"uv": [0, 0, 1.15, 1.2], "rotation": 90, "texture": "#1"},
				"south": {"uv": [0, 0, 1.15, 0.5], "rotation": 90, "texture": "#1"},
				"west": {"uv": [0, 0, 1.15, 1.2], "rotation": 90, "texture": "#1"},
				"up": {"uv": [0, 0, 1.2, 0.5], "rotation": 90, "texture": "#1"},
				"down": {"uv": [0, 0, 1.2, 0.5], "rotation": 90, "texture": "#1"}
			}
		},
		{
			"from": [-6.98952, 9.93952, 2.75],
			"to": [-0.38952, 10.43952, 4.75],
			"rotation": {"angle": -45, "axis": "z", "origin": [-3.68952, 10.18952, 3.75]},
			"faces": {
				"north": {"uv": [0, 0, 6.6, 0.5], "texture": "#1"},
				"east": {"uv": [0, 0, 2, 0.5], "texture": "#1"},
				"south": {"uv": [0, 0, 6.6, 0.5], "texture": "#1"},
				"west": {"uv": [0, 0, 2, 0.5], "texture": "#1"},
				"up": {"uv": [0, 0, 6.6, 2], "texture": "#1"},
				"down": {"uv": [0, 0, 6.6, 2], "texture": "#1"}
			}
		},
		{
			"from": [-6.98952, 8.83952, 3.15],
			"to": [-5.38952, 9.13952, 4.25],
			"rotation": {"angle": -45, "axis": "z", "origin": [-3.68952, 10.18952, 3.75]},
			"faces": {
				"north": {"uv": [0, 0, 1.6, 0.3], "texture": "#1"},
				"east": {"uv": [0, 0, 1.1, 0.3], "texture": "#1"},
				"south": {"uv": [0, 0, 1.6, 0.3], "texture": "#1"},
				"west": {"uv": [0, 0, 1.1, 0.3], "texture": "#1"},
				"up": {"uv": [0, 0, 1.6, 1.1], "texture": "#1"},
				"down": {"uv": [0, 0, 1.6, 1.1], "texture": "#1"}
			}
		},
		{
			"from": [-7.43628, 12.43593, 3],
			"to": [-6.13628, 12.93593, 4.5],
			"rotation": {"angle": -22.5, "axis": "z", "origin": [-6.93628, 11.63593, 3.75]},
			"faces": {
				"north": {"uv": [0, 0, 1.3, 0.5], "texture": "#1"},
				"east": {"uv": [0, 0, 1.5, 0.5], "texture": "#1"},
				"south": {"uv": [0, 0, 1.3, 0.5], "texture": "#1"},
				"west": {"uv": [0, 0, 1.5, 0.5], "texture": "#1"},
				"up": {"uv": [0, 0, 1.3, 1.5], "texture": "#1"},
				"down": {"uv": [0, 0, 1.3, 1.5], "texture": "#1"}
			}
		},
		{
			"from": [-9.02817, 9.51777, 3],
			"to": [-8.42817, 10.61777, 4.5],
			"rotation": {"angle": 0, "axis": "z", "origin": [-8.72817, 10.06777, 3.75]},
			"faces": {
				"north": {"uv": [0, 0, 1.1, 0.6], "rotation": 90, "texture": "#1"},
				"east": {"uv": [0, 0, 1.1, 1.5], "rotation": 270, "texture": "#1"},
				"south": {"uv": [0, 0, 1.1, 0.6], "rotation": 270, "texture": "#1"},
				"west": {"uv": [0, 0, 1.1, 1.5], "rotation": 270, "texture": "#1"},
				"up": {"uv": [0, 0, 1.5, 0.6], "rotation": 270, "texture": "#1"},
				"down": {"uv": [0, 0, 1.5, 0.6], "rotation": 270, "texture": "#1"}
			}
		},
		{
			"from": [-6.93449, 6.41673, 2.75],
			"to": [-1.43449, 9.91673, 3.25],
			"rotation": {"angle": -45, "axis": "z", "origin": [-4.18449, 8.91673, 3]},
			"faces": {
				"north": {"uv": [0, 0, 5.5, 3.5], "rotation": 180, "texture": "#1"},
				"east": {"uv": [0, 0, 3.5, 0.5], "rotation": 90, "texture": "#1"},
				"south": {"uv": [0, 0, 5.5, 3.5], "texture": "#1"},
				"west": {"uv": [0, 0, 3.5, 0.5], "rotation": 270, "texture": "#1"},
				"up": {"uv": [0, 0, 5.5, 0.5], "texture": "#1"},
				"down": {"uv": [0, 0, 5.5, 0.5], "rotation": 180, "texture": "#1"}
			}
		},
		{
			"from": [-8.29074, 10.01231, 3.15],
			"to": [-7.29074, 13.21231, 3.5],
			"rotation": {"angle": -45, "axis": "z", "origin": [-7.79074, 11.46231, 3]},
			"faces": {
				"north": {"uv": [0, 0, 1, 3.2], "rotation": 180, "texture": "#1"},
				"east": {"uv": [0, 0, 3.2, 0.35], "rotation": 90, "texture": "#1"},
				"south": {"uv": [0, 0, 1, 3.2], "texture": "#1"},
				"west": {"uv": [0, 0, 3.2, 0.35], "rotation": 270, "texture": "#1"},
				"up": {"uv": [0, 0, 1, 0.35], "texture": "#1"},
				"down": {"uv": [0, 0, 1, 0.35], "rotation": 180, "texture": "#1"}
			}
		},
		{
			"from": [-8.11145, 10.14515, 3.5],
			"to": [-7.61145, 13.34515, 4],
			"rotation": {"angle": -45, "axis": "z", "origin": [-7.86145, 11.74515, 4]},
			"faces": {
				"north": {"uv": [0, 0, 3.2, 0.5], "rotation": 270, "texture": "#1"},
				"east": {"uv": [0, 0, 0.5, 3.2], "rotation": 180, "texture": "#1"},
				"south": {"uv": [0, 0, 3.2, 0.5], "rotation": 90, "texture": "#1"},
				"west": {"uv": [0, 0, 0.5, 3.2], "texture": "#1"},
				"up": {"uv": [0, 0, 0.5, 0.5], "rotation": 90, "texture": "#1"},
				"down": {"uv": [0, 0, 0.5, 0.5], "rotation": 90, "texture": "#1"}
			}
		},
		{
			"from": [-6.01145, 9.84515, 3.2],
			"to": [-5.51145, 13.34515, 4.3],
			"rotation": {"angle": -45, "axis": "z", "origin": [-7.86145, 11.74515, 4]},
			"faces": {
				"north": {"uv": [0, 0, 3.5, 0.5], "rotation": 270, "texture": "#1"},
				"east": {"uv": [0, 0, 1.1, 3.5], "rotation": 180, "texture": "#1"},
				"south": {"uv": [0, 0, 3.5, 0.5], "rotation": 90, "texture": "#1"},
				"west": {"uv": [0, 0, 1.1, 3.5], "texture": "#1"},
				"up": {"uv": [0, 0, 1.1, 0.5], "rotation": 90, "texture": "#1"},
				"down": {"uv": [0, 0, 1.1, 0.5], "rotation": 90, "texture": "#1"}
			}
		},
		{
			"from": [-6.93449, 6.41673, 4.25],
			"to": [-1.43449, 9.91673, 4.75],
			"rotation": {"angle": -45, "axis": "z", "origin": [-4.18449, 8.91673, 3]},
			"faces": {
				"north": {"uv": [0, 0, 5.5, 3.5], "rotation": 180, "texture": "#1"},
				"east": {"uv": [0, 0, 3.5, 0.5], "rotation": 90, "texture": "#1"},
				"south": {"uv": [0, 0, 5.5, 3.5], "texture": "#1"},
				"west": {"uv": [0, 0, 3.5, 0.5], "rotation": 270, "texture": "#1"},
				"up": {"uv": [0, 0, 5.5, 0.5], "texture": "#1"},
				"down": {"uv": [0, 0, 5.5, 0.5], "rotation": 180, "texture": "#1"}
			}
		},
		{
			"from": [-8, 3.5, 2.75],
			"to": [-2.4, 4, 4.75],
			"rotation": {"angle": -45, "axis": "z", "origin": [-1.25, 7.75, 3.75]},
			"faces": {
				"north": {"uv": [0, 0, 5.6, 0.5], "texture": "#1"},
				"east": {"uv": [0, 0, 2, 0.5], "texture": "#1"},
				"south": {"uv": [0, 0, 5.6, 0.5], "texture": "#1"},
				"west": {"uv": [0, 0, 2, 0.5], "texture": "#1"},
				"up": {"uv": [0, 0, 5.6, 2], "texture": "#1"},
				"down": {"uv": [0, 0, 5.6, 2], "texture": "#1"}
			}
		},
		{
			"from": [-9.03449, 6.71673, 4],
			"to": [-8.03449, 9.91673, 4.3],
			"rotation": {"angle": -45, "axis": "z", "origin": [-4.18449, 8.91673, 3]},
			"faces": {
				"north": {"uv": [0, 0, 1, 3.2], "rotation": 180, "texture": "#1"},
				"east": {"uv": [0, 0, 3.2, 0.3], "rotation": 90, "texture": "#1"},
				"south": {"uv": [0, 0, 1, 3.2], "texture": "#1"},
				"west": {"uv": [0, 0, 3.2, 0.3], "rotation": 270, "texture": "#1"},
				"up": {"uv": [0, 0, 1, 0.3], "texture": "#1"},
				"down": {"uv": [0, 0, 1, 0.3], "rotation": 180, "texture": "#1"}
			}
		},
		{
			"from": [-8.98388, 7.0247, 3.35],
			"to": [-8.48388, 7.8247, 4.05],
			"rotation": {"angle": -45, "axis": "z", "origin": [-2.13388, 6.7247, 2.95]},
			"faces": {
				"north": {"uv": [0, 0, 0.5, 0.8], "rotation": 180, "texture": "#0"},
				"east": {"uv": [0, 0, 0.8, 0.7], "rotation": 90, "texture": "#0"},
				"south": {"uv": [0, 0, 0.5, 0.8], "texture": "#0"},
				"west": {"uv": [0, 0, 0.8, 0.7], "rotation": 270, "texture": "#0"},
				"up": {"uv": [0, 0, 0.5, 0.7], "texture": "#0"},
				"down": {"uv": [0, 0, 0.5, 0.7], "rotation": 180, "texture": "#0"}
			}
		},
		{
			"from": [-7.61145, 10.14515, 3.5],
			"to": [-7.11145, 13.34515, 4],
			"rotation": {"angle": -45, "axis": "z", "origin": [-7.86145, 11.74515, 4]},
			"faces": {
				"north": {"uv": [0, 0, 3.2, 0.5], "rotation": 270, "texture": "#1"},
				"east": {"uv": [0, 0, 0.5, 3.2], "rotation": 180, "texture": "#1"},
				"south": {"uv": [0, 0, 3.2, 0.5], "rotation": 90, "texture": "#1"},
				"west": {"uv": [0, 0, 0.5, 3.2], "texture": "#1"},
				"up": {"uv": [0, 0, 0.5, 0.5], "rotation": 90, "texture": "#1"},
				"down": {"uv": [0, 0, 0.5, 0.5], "rotation": 90, "texture": "#1"}
			}
		},
		{
			"from": [3.75, 5.5, 0],
			"to": [7, 6.5, 0.75],
			"rotation": {"angle": 0, "axis": "y", "origin": [1, 0, 0.25]},
			"faces": {
				"north": {"uv": [0, 0, 3.25, 1], "texture": "#1"},
				"east": {"uv": [0, 0, 0.75, 1], "texture": "#1"},
				"south": {"uv": [0, 0, 3.25, 1], "texture": "#1"},
				"west": {"uv": [0, 0, 0.75, 1], "texture": "#1"},
				"up": {"uv": [0, 0, 3.25, 0.75], "texture": "#1"},
				"down": {"uv": [0, 0, 3.25, 0.75], "texture": "#1"}
			}
		},
		{
			"from": [5.15, 5.55, -0.7],
			"to": [7.3, 6.45, 0.05],
			"rotation": {"angle": 0, "axis": "y", "origin": [1, 0, 0.25]},
			"faces": {
				"north": {"uv": [0, 0, 2.15, 0.9], "texture": "#1"},
				"east": {"uv": [0, 0, 0.75, 0.9], "texture": "#1"},
				"south": {"uv": [0, 0, 2.15, 0.9], "texture": "#1"},
				"west": {"uv": [0, 0, 0.75, 0.9], "texture": "#1"},
				"up": {"uv": [0, 0, 2.15, 0.75], "texture": "#1"},
				"down": {"uv": [0, 0, 2.15, 0.75], "texture": "#1"}
			}
		},
		{
			"from": [6.72081, 5.55, -1.66542],
			"to": [7.37081, 6.45, -0.51542],
			"rotation": {"angle": -22.5, "axis": "y", "origin": [7.04581, 5.95, -0.59042]},
			"faces": {
				"north": {"uv": [0, 0, 0.65, 0.9], "texture": "#1"},
				"east": {"uv": [0, 0, 1.15, 0.9], "texture": "#1"},
				"south": {"uv": [0, 0, 0.65, 0.9], "texture": "#1"},
				"west": {"uv": [0, 0, 1.15, 0.9], "texture": "#1"},
				"up": {"uv": [0, 0, 1.15, 0.65], "rotation": 90, "texture": "#1"},
				"down": {"uv": [0, 0, 1.15, 0.65], "rotation": 270, "texture": "#1"}
			}
		},
		{
			"from": [7.10746, 5.55, -3.60922],
			"to": [7.75746, 6.45, -1.45922],
			"rotation": {"angle": 0, "axis": "y", "origin": [4.48246, 6, -0.08422]},
			"faces": {
				"north": {"uv": [0, 0, 0.65, 0.9], "texture": "#1"},
				"east": {"uv": [0, 0, 2.15, 0.9], "texture": "#1"},
				"south": {"uv": [0, 0, 0.65, 0.9], "texture": "#1"},
				"west": {"uv": [0, 0, 2.15, 0.9], "texture": "#1"},
				"up": {"uv": [0, 0, 2.15, 0.65], "rotation": 90, "texture": "#1"},
				"down": {"uv": [0, 0, 2.15, 0.65], "rotation": 270, "texture": "#1"}
			}
		},
		{
			"from": [5.68234, 5.55, -4.02199],
			"to": [7.33234, 6.45, -3.37199],
			"rotation": {"angle": -22.5, "axis": "y", "origin": [6.50734, 6, -2.74699]},
			"faces": {
				"north": {"uv": [0, 0, 1.65, 0.9], "texture": "#1"},
				"east": {"uv": [0, 0, 0.65, 0.9], "texture": "#1"},
				"south": {"uv": [0, 0, 1.65, 0.9], "texture": "#1"},
				"west": {"uv": [0, 0, 0.65, 0.9], "texture": "#1"},
				"up": {"uv": [0, 0, 1.65, 0.65], "rotation": 180, "texture": "#1"},
				"down": {"uv": [0, 0, 1.65, 0.65], "rotation": 180, "texture": "#1"}
			}
		},
		{
			"from": [4.9452, 5.55, -3.96459],
			"to": [6.7952, 6.45, -3.31459],
			"rotation": {"angle": 22.5, "axis": "y", "origin": [5.8202, 6, -2.68959]},
			"faces": {
				"north": {"uv": [0, 0, 1.85, 0.9], "texture": "#1"},
				"east": {"uv": [0, 0, 0.65, 0.9], "texture": "#1"},
				"south": {"uv": [0, 0, 1.85, 0.9], "texture": "#1"},
				"west": {"uv": [0, 0, 0.65, 0.9], "texture": "#1"},
				"up": {"uv": [0, 0, 1.85, 0.65], "rotation": 180, "texture": "#1"},
				"down": {"uv": [0, 0, 1.85, 0.65], "rotation": 180, "texture": "#1"}
			}
		},
		{
			"from": [4.52388, 5.55, -3.53268],
			"to": [5.17388, 6.45, 0.01732],
			"rotation": {"angle": 0, "axis": "y", "origin": [6.79888, 6, -2.00768]},
			"faces": {
				"north": {"uv": [0, 0, 0.65, 0.9], "texture": "#1"},
				"east": {"uv": [0, 0, 3.55, 0.9], "texture": "#1"},
				"south": {"uv": [0, 0, 0.65, 0.9], "texture": "#1"},
				"west": {"uv": [0, 0, 3.55, 0.9], "texture": "#1"},
				"up": {"uv": [0, 0, 3.55, 0.65], "rotation": 90, "texture": "#1"},
				"down": {"uv": [0, 0, 3.55, 0.65], "rotation": 270, "texture": "#1"}
			}
		},
		{
			"from": [-7.75, 5, 1],
			"to": [3.05, 7, 2.25],
			"rotation": {"angle": 0, "axis": "y", "origin": [0.05, 0, 0]},
			"faces": {
				"north": {"uv": [0, 0, 10.8, 2], "texture": "#0"},
				"east": {"uv": [0, 0, 1.25, 2], "texture": "#0"},
				"south": {"uv": [0, 0, 10.8, 2], "texture": "#0"},
				"west": {"uv": [0, 0, 1.25, 2], "texture": "#0"},
				"up": {"uv": [0, 0, 10.8, 1.25], "texture": "#0"},
				"down": {"uv": [0, 0, 10.8, 1.25], "texture": "#0"}
			}
		},
		{
			"from": [-7.75, 5, 5.2],
			"to": [3.05, 7, 6.45],
			"rotation": {"angle": 0, "axis": "y", "origin": [0.05, 0, 0]},
			"faces": {
				"north": {"uv": [0, 0, 10.8, 2], "texture": "#0"},
				"east": {"uv": [0, 0, 1.25, 2], "texture": "#0"},
				"south": {"uv": [0, 0, 10.8, 2], "texture": "#0"},
				"west": {"uv": [0, 0, 1.25, 2], "texture": "#0"},
				"up": {"uv": [0, 0, 10.8, 1.25], "texture": "#0"},
				"down": {"uv": [0, 0, 10.8, 1.25], "texture": "#0"}
			}
		},
		{
			"from": [-9, 5, 2.25],
			"to": [-7.75, 7, 5.25],
			"rotation": {"angle": 0, "axis": "y", "origin": [-8.375, 6, 5.25]},
			"faces": {
				"north": {"uv": [0, 0, 1.25, 2], "texture": "#0"},
				"east": {"uv": [0, 0, 3, 2], "texture": "#0"},
				"south": {"uv": [0, 0, 1.25, 2], "texture": "#0"},
				"west": {"uv": [0, 0, 3, 2], "texture": "#0"},
				"up": {"uv": [0, 0, 3, 1.25], "rotation": 270, "texture": "#0"},
				"down": {"uv": [0, 0, 3, 1.25], "rotation": 90, "texture": "#0"}
			}
		},
		{
			"from": [-8.90784, 5, 5.02041],
			"to": [-7.15784, 7, 5.97041],
			"rotation": {"angle": -45, "axis": "y", "origin": [-8.03284, 6, 5.49541]},
			"faces": {
				"north": {"uv": [0, 0, 1.75, 2], "texture": "#0"},
				"east": {"uv": [0, 0, 0.95, 2], "texture": "#0"},
				"south": {"uv": [0, 0, 1.75, 2], "texture": "#0"},
				"west": {"uv": [0, 0, 0.95, 2], "texture": "#0"},
				"up": {"uv": [0, 0, 1.75, 0.95], "texture": "#0"},
				"down": {"uv": [0, 0, 1.75, 0.95], "texture": "#0"}
			}
		},
		{
			"from": [-6.56129, 5, -7.15533],
			"to": [-4.81129, 7, -6.20533],
			"rotation": {"angle": 45, "axis": "y", "origin": [3.56371, 2, 0.46967]},
			"faces": {
				"north": {"uv": [0, 0, 1.75, 2], "texture": "#0"},
				"east": {"uv": [0, 0, 0.95, 2], "texture": "#0"},
				"south": {"uv": [0, 0, 1.75, 2], "texture": "#0"},
				"west": {"uv": [0, 0, 0.95, 2], "texture": "#0"},
				"up": {"uv": [0, 0, 1.75, 0.95], "texture": "#0"},
				"down": {"uv": [0, 0, 1.75, 0.95], "texture": "#0"}
			}
		},
		{
			"from": [11.7, 6.55, 3.3],
			"to": [12, 6.85, 4.2],
			"rotation": {"angle": 0, "axis": "y", "origin": [3.7, -5.25, 0]},
			"faces": {
				"north": {"uv": [0, 0, 0.3, 0.3], "texture": "#3"},
				"east": {"uv": [0, 0, 0.9, 0.3], "texture": "#3"},
				"south": {"uv": [0, 0, 0.3, 0.3], "texture": "#3"},
				"west": {"uv": [0, 0, 0.9, 0.3], "texture": "#3"},
				"up": {"uv": [0, 0, 0.3, 0.9], "texture": "#3"},
				"down": {"uv": [0, 0, 0.3, 0.9], "texture": "#3"}
			}
		},
		{
			"from": [11.7, 6.48787, 4.05],
			"to": [12, 6.78787, 4.48],
			"rotation": {"angle": 45, "axis": "x", "origin": [13.7, 6.63787, 4.2]},
			"faces": {
				"north": {"uv": [0, 0, 0.3, 0.3], "texture": "#3"},
				"east": {"uv": [0, 0, 0.43, 0.3], "texture": "#3"},
				"south": {"uv": [0, 0, 0.3, 0.3], "texture": "#3"},
				"west": {"uv": [0, 0, 0.43, 0.3], "texture": "#3"},
				"up": {"uv": [0, 0, 0.3, 0.43], "texture": "#3"},
				"down": {"uv": [0, 0, 0.3, 0.43], "texture": "#3"}
			}
		},
		{
			"from": [11.7, 5.65, 4.2],
			"to": [12, 6.55, 4.5],
			"rotation": {"angle": 0, "axis": "y", "origin": [3.7, -5.25, 0]},
			"faces": {
				"north": {"uv": [0, 0, 0.3, 0.9], "texture": "#3"},
				"east": {"uv": [0, 0, 0.3, 0.9], "texture": "#3"},
				"south": {"uv": [0, 0, 0.3, 0.9], "texture": "#3"},
				"west": {"uv": [0, 0, 0.3, 0.9], "texture": "#3"},
				"up": {"uv": [0, 0, 0.3, 0.3], "texture": "#3"},
				"down": {"uv": [0, 0, 0.3, 0.3], "texture": "#3"}
			}
		},
		{
			"from": [11.7, 5.38904, 4.09191],
			"to": [12, 5.81904, 4.39191],
			"rotation": {"angle": 45, "axis": "x", "origin": [13.7, 5.60404, 4.24191]},
			"faces": {
				"north": {"uv": [0, 0, 0.3, 0.43], "rotation": 180, "texture": "#3"},
				"east": {"uv": [0, 0, 0.43, 0.3], "rotation": 90, "texture": "#3"},
				"south": {"uv": [0, 0, 0.3, 0.43], "texture": "#3"},
				"west": {"uv": [0, 0, 0.43, 0.3], "rotation": 270, "texture": "#3"},
				"up": {"uv": [0, 0, 0.3, 0.3], "texture": "#3"},
				"down": {"uv": [0, 0, 0.3, 0.3], "rotation": 180, "texture": "#3"}
			}
		},
		{
			"from": [11.7, 5.35, 3.3],
			"to": [12, 5.65, 4.2],
			"rotation": {"angle": 0, "axis": "y", "origin": [3.7, -5.25, 0]},
			"faces": {
				"north": {"uv": [0, 0, 0.3, 0.3], "texture": "#3"},
				"east": {"uv": [0, 0, 0.9, 0.3], "texture": "#3"},
				"south": {"uv": [0, 0, 0.3, 0.3], "texture": "#3"},
				"west": {"uv": [0, 0, 0.9, 0.3], "texture": "#3"},
				"up": {"uv": [0, 0, 0.3, 0.9], "texture": "#3"},
				"down": {"uv": [0, 0, 0.3, 0.9], "texture": "#3"}
			}
		},
		{
			"from": [11.7, 4.91421, 4.47635],
			"to": [12, 5.21421, 4.90635],
			"rotation": {"angle": 45, "axis": "x", "origin": [13.7, 7.06421, 4.62635]},
			"faces": {
				"north": {"uv": [0, 0, 0.3, 0.3], "texture": "#3"},
				"east": {"uv": [0, 0, 0.43, 0.3], "texture": "#3"},
				"south": {"uv": [0, 0, 0.3, 0.3], "texture": "#3"},
				"west": {"uv": [0, 0, 0.43, 0.3], "texture": "#3"},
				"up": {"uv": [0, 0, 0.3, 0.43], "texture": "#3"},
				"down": {"uv": [0, 0, 0.3, 0.43], "texture": "#3"}
			}
		},
		{
			"from": [11.7, 5.65, 3],
			"to": [12, 6.55, 3.3],
			"rotation": {"angle": 0, "axis": "y", "origin": [3.7, -5.25, 0]},
			"faces": {
				"north": {"uv": [0, 0, 0.3, 0.9], "texture": "#3"},
				"east": {"uv": [0, 0, 0.3, 0.9], "texture": "#3"},
				"south": {"uv": [0, 0, 0.3, 0.9], "texture": "#3"},
				"west": {"uv": [0, 0, 0.3, 0.9], "texture": "#3"},
				"up": {"uv": [0, 0, 0.3, 0.3], "texture": "#3"},
				"down": {"uv": [0, 0, 0.3, 0.3], "texture": "#3"}
			}
		},
		{
			"from": [11.7, 7.08401, 3.39693],
			"to": [12, 7.51401, 3.69693],
			"rotation": {"angle": 45, "axis": "x", "origin": [13.7, 7.29901, 2.54693]},
			"faces": {
				"north": {"uv": [0, 0, 0.3, 0.43], "rotation": 180, "texture": "#3"},
				"east": {"uv": [0, 0, 0.43, 0.3], "rotation": 90, "texture": "#3"},
				"south": {"uv": [0, 0, 0.3, 0.43], "texture": "#3"},
				"west": {"uv": [0, 0, 0.43, 0.3], "rotation": 270, "texture": "#3"},
				"up": {"uv": [0, 0, 0.3, 0.3], "texture": "#3"},
				"down": {"uv": [0, 0, 0.3, 0.3], "rotation": 180, "texture": "#3"}
			}
		},
		{
			"from": [10.5, 6.55, 3.6],
			"to": [11.7, 6.85, 3.9],
			"rotation": {"angle": 0, "axis": "y", "origin": [0, -5.25, 0]},
			"faces": {
				"north": {"uv": [0, 0, 1.2, 0.3], "texture": "#3"},
				"east": {"uv": [0, 0, 0.3, 0.3], "texture": "#3"},
				"south": {"uv": [0, 0, 1.2, 0.3], "texture": "#3"},
				"west": {"uv": [0, 0, 0.3, 0.3], "texture": "#3"},
				"up": {"uv": [0, 0, 1.2, 0.3], "texture": "#3"},
				"down": {"uv": [0, 0, 1.2, 0.3], "texture": "#3"}
			}
		},
		{
			"from": [10.5, 5.95, 3],
			"to": [11.7, 6.25, 3.3],
			"rotation": {"angle": 0, "axis": "y", "origin": [0, -5.25, 0]},
			"faces": {
				"north": {"uv": [0, 0, 1.2, 0.3], "texture": "#3"},
				"east": {"uv": [0, 0, 0.3, 0.3], "texture": "#3"},
				"south": {"uv": [0, 0, 1.2, 0.3], "texture": "#3"},
				"west": {"uv": [0, 0, 0.3, 0.3], "texture": "#3"},
				"up": {"uv": [0, 0, 1.2, 0.3], "texture": "#3"},
				"down": {"uv": [0, 0, 1.2, 0.3], "texture": "#3"}
			}
		},
		{
			"from": [10.5, 5.95, 4.2],
			"to": [11.7, 6.25, 4.5],
			"rotation": {"angle": 0, "axis": "y", "origin": [0, -5.25, 0]},
			"faces": {
				"north": {"uv": [0, 0, 1.2, 0.3], "texture": "#3"},
				"east": {"uv": [0, 0, 0.3, 0.3], "texture": "#3"},
				"south": {"uv": [0, 0, 1.2, 0.3], "texture": "#3"},
				"west": {"uv": [0, 0, 0.3, 0.3], "texture": "#3"},
				"up": {"uv": [0, 0, 1.2, 0.3], "texture": "#3"},
				"down": {"uv": [0, 0, 1.2, 0.3], "texture": "#3"}
			}
		},
		{
			"from": [10.5, 5.35, 3.6],
			"to": [11.7, 5.65, 3.9],
			"rotation": {"angle": 0, "axis": "y", "origin": [0, -5.25, 0]},
			"faces": {
				"north": {"uv": [0, 0, 1.2, 0.3], "texture": "#3"},
				"east": {"uv": [0, 0, 0.3, 0.3], "texture": "#3"},
				"south": {"uv": [0, 0, 1.2, 0.3], "texture": "#3"},
				"west": {"uv": [0, 0, 0.3, 0.3], "texture": "#3"},
				"up": {"uv": [0, 0, 1.2, 0.3], "texture": "#3"},
				"down": {"uv": [0, 0, 1.2, 0.3], "texture": "#3"}
			}
		},
		{
			"from": [8, 6.55, 3.3],
			"to": [10.5, 6.85, 4.2],
			"rotation": {"angle": 0, "axis": "y", "origin": [0, -5.25, 0]},
			"faces": {
				"north": {"uv": [0, 0, 2.5, 0.3], "texture": "#3"},
				"east": {"uv": [0, 0, 0.9, 0.3], "texture": "#3"},
				"south": {"uv": [0, 0, 2.5, 0.3], "texture": "#3"},
				"west": {"uv": [0, 0, 0.9, 0.3], "texture": "#3"},
				"up": {"uv": [0, 0, 2.5, 0.9], "texture": "#3"},
				"down": {"uv": [0, 0, 2.5, 0.9], "texture": "#3"}
			}
		},
		{
			"from": [8, 7.08401, 3.39693],
			"to": [10.5, 7.51401, 3.69693],
			"rotation": {"angle": 45, "axis": "x", "origin": [10, 7.29901, 2.54693]},
			"faces": {
				"north": {"uv": [0, 0, 2.5, 0.43], "rotation": 180, "texture": "#3"},
				"east": {"uv": [0, 0, 0.43, 0.3], "rotation": 90, "texture": "#3"},
				"south": {"uv": [0, 0, 2.5, 0.43], "texture": "#3"},
				"west": {"uv": [0, 0, 0.43, 0.3], "rotation": 270, "texture": "#3"},
				"up": {"uv": [0, 0, 2.5, 0.3], "texture": "#3"},
				"down": {"uv": [0, 0, 2.5, 0.3], "rotation": 180, "texture": "#3"}
			}
		},
		{
			"from": [8, 5.65, 3],
			"to": [10.5, 6.55, 3.3],
			"rotation": {"angle": 0, "axis": "y", "origin": [0, -5.25, 0]},
			"faces": {
				"north": {"uv": [0, 0, 2.5, 0.9], "texture": "#3"},
				"east": {"uv": [0, 0, 0.3, 0.9], "texture": "#3"},
				"south": {"uv": [0, 0, 2.5, 0.9], "texture": "#3"},
				"west": {"uv": [0, 0, 0.3, 0.9], "texture": "#3"},
				"up": {"uv": [0, 0, 2.5, 0.3], "texture": "#3"},
				"down": {"uv": [0, 0, 2.5, 0.3], "texture": "#3"}
			}
		},
		{
			"from": [8, 4.91421, 4.47635],
			"to": [10.5, 5.21421, 4.90635],
			"rotation": {"angle": 45, "axis": "x", "origin": [10, 7.06421, 4.62635]},
			"faces": {
				"north": {"uv": [0, 0, 2.5, 0.3], "texture": "#3"},
				"east": {"uv": [0, 0, 0.43, 0.3], "texture": "#3"},
				"south": {"uv": [0, 0, 2.5, 0.3], "texture": "#3"},
				"west": {"uv": [0, 0, 0.43, 0.3], "texture": "#3"},
				"up": {"uv": [0, 0, 2.5, 0.43], "texture": "#3"},
				"down": {"uv": [0, 0, 2.5, 0.43], "texture": "#3"}
			}
		},
		{
			"from": [8, 5.35, 3.3],
			"to": [10.5, 5.65, 4.2],
			"rotation": {"angle": 0, "axis": "y", "origin": [0, -5.25, 0]},
			"faces": {
				"north": {"uv": [0, 0, 2.5, 0.3], "texture": "#3"},
				"east": {"uv": [0, 0, 0.9, 0.3], "texture": "#3"},
				"south": {"uv": [0, 0, 2.5, 0.3], "texture": "#3"},
				"west": {"uv": [0, 0, 0.9, 0.3], "texture": "#3"},
				"up": {"uv": [0, 0, 2.5, 0.9], "texture": "#3"},
				"down": {"uv": [0, 0, 2.5, 0.9], "texture": "#3"}
			}
		},
		{
			"from": [8, 5.38904, 4.09191],
			"to": [10.5, 5.81904, 4.39191],
			"rotation": {"angle": 45, "axis": "x", "origin": [10, 5.60404, 4.24191]},
			"faces": {
				"north": {"uv": [0, 0, 2.5, 0.43], "rotation": 180, "texture": "#3"},
				"east": {"uv": [0, 0, 0.43, 0.3], "rotation": 90, "texture": "#3"},
				"south": {"uv": [0, 0, 2.5, 0.43], "texture": "#3"},
				"west": {"uv": [0, 0, 0.43, 0.3], "rotation": 270, "texture": "#3"},
				"up": {"uv": [0, 0, 2.5, 0.3], "texture": "#3"},
				"down": {"uv": [0, 0, 2.5, 0.3], "rotation": 180, "texture": "#3"}
			}
		},
		{
			"from": [8, 5.65, 4.2],
			"to": [10.5, 6.55, 4.5],
			"rotation": {"angle": 0, "axis": "y", "origin": [0, -5.25, 0]},
			"faces": {
				"north": {"uv": [0, 0, 2.5, 0.9], "texture": "#3"},
				"east": {"uv": [0, 0, 0.3, 0.9], "texture": "#3"},
				"south": {"uv": [0, 0, 2.5, 0.9], "texture": "#3"},
				"west": {"uv": [0, 0, 0.3, 0.9], "texture": "#3"},
				"up": {"uv": [0, 0, 2.5, 0.3], "texture": "#3"},
				"down": {"uv": [0, 0, 2.5, 0.3], "texture": "#3"}
			}
		},
		{
			"from": [8, 6.48787, 4.05],
			"to": [10.5, 6.78787, 4.48],
			"rotation": {"angle": 45, "axis": "x", "origin": [10, 6.63787, 4.2]},
			"faces": {
				"north": {"uv": [0, 0, 2.5, 0.3], "texture": "#3"},
				"east": {"uv": [0, 0, 0.43, 0.3], "texture": "#3"},
				"south": {"uv": [0, 0, 2.5, 0.3], "texture": "#3"},
				"west": {"uv": [0, 0, 0.43, 0.3], "texture": "#3"},
				"up": {"uv": [0, 0, 2.5, 0.43], "texture": "#3"},
				"down": {"uv": [0, 0, 2.5, 0.43], "texture": "#3"}
			}
		}
	],
	"display": {
		"thirdperson_righthand": {
			"rotation": [75, 135, -19],
			"translation": [-3.5, 6, -5.25],
			"scale": [0.8, 0.8, 0.8]
		},
		"firstperson_righthand": {
			"rotation": [0, 90, 0],
			"translation": [2.5, 2.75, 0.75],
			"scale": [0.8, 0.8, 0.8]
		},
		"ground": {
			"translation": [0, 1.75, 0],
			"scale": [0.4, 0.4, 0.4]
		},
		"gui": {
			"rotation": [90, 40, 0],
			"translation": [-0.5, -1.75, 0],
			"scale": [0.5, 0.5, 0.5]
		},
		"fixed": {
			"rotation": [-90, -145, 0],
			"translation": [0, -2.25, -0.75],
			"scale": [0.5, 0.5, 0.5]
		}
	},
	"groups": [
		{
			"name": "rail",
			"origin": [0.05, 0, 0],
			"color": 0,
			"children": [
				0,
				1,
				2,
				{
					"name": "rail2",
					"origin": [23, 6, 8.8125],
					"color": 0,
					"children": [3, 4, 5, 6, 7, 8, 9, 10]
				},
				{
					"name": "rail1",
					"origin": [0, 0, 0],
					"color": 0,
					"children": [
						11,
						12,
						13,
						14,
						15,
						16,
						17,
						18,
						19,
						20,
						{
							"name": "group",
							"origin": [0, 0, 0],
							"color": 0,
							"children": []
						}
					]
				}
			]
		},
		{
			"name": "generator",
			"origin": [5.475, 6.575, 3.75],
			"color": 0,
			"children": [21, 22, 23, 24, 25, 26, 27, 28, 29, 30, 31, 32, 33, 34, 35, 36, 37, 38, 39, 40, 41, 42, 43, 44, 45, 46, 47]
		},
		{
			"name": "foundation",
			"origin": [1, 0, 0.25],
			"color": 0,
			"children": [
				48,
				49,
				50,
				{
					"name": "bottom",
					"origin": [11.69551, 4.52348, 3.8],
					"color": 0,
					"children": [51, 52, 53, 54, 55, 56, 57, 58, 59, 60, 61, 62, 63, 64]
				}
			]
		},
		{
			"name": "triggergrip",
			"origin": [-2.13388, 6.7247, 2.95],
			"color": 0,
			"children": [65, 66, 67, 68, 69, 70, 71, 72, 73, 74, 75, 76, 77]
		},
		{
			"name": "grip",
			"origin": [6.79888, 6, -2.00768],
			"color": 0,
			"children": [78, 79, 80, 81, 82, 83, 84]
		},
		{
			"name": "flame",
			"origin": [3.56371, 2, 0.46967],
			"color": 0,
			"children": [85, 86, 87, 88, 89]
		},
		{
			"name": "speedcore",
			"origin": [10, 11.63787, 4.2],
			"color": 0,
			"children": [90, 91, 92, 93, 94, 95, 96, 97, 98, 99, 100, 101, 102, 103, 104, 105, 106, 107, 108, 109]
		}
	]
}