{
	"credit": "Made with Blockbench",
	"texture_size": [8, 8],
	"textures": {
		"0": "item/hk416_sutanag_mg",
		"1": "item/hk416_dotsite_flame",
		"2": "item/hk416_ironsite_block",
		"3": "item/hk416_rifle_barrel",
		"5": "item/hk416_vartical_grip",
		"6": "item/hk416_handguard",
		"7": "item/hk416_trigger",
		"8": "item/hk416_receiver",
		"9": "item/hk416_module_etc.",
		"10": "item/hk416_upper_receiver",
		"11": "item/hk416_stock_parts",
		"12": "item/hk416_laser_sight",
		"particle": "item/hk416_sutanag_mg"
	},
	"elements": [
		{
			"from": [-0.1, 6.6, 0],
			"to": [2.1, 8, 8],
			"faces": {
				"north": {"uv": [4, 8, 6, 9.5], "texture": "#6"},
				"east": {"uv": [4, 4, 12, 5.5], "texture": "#6"},
				"south": {"uv": [6, 8, 8, 9.5], "texture": "#6"},
				"west": {"uv": [4, 6, 12, 7.5], "texture": "#6"},
				"up": {"uv": [2, 8, 0, 0], "texture": "#6"},
				"down": {"uv": [4, 0, 2, 8], "texture": "#6"}
			}
		},
		{
			"from": [0.3, 6.2, 0],
			"to": [1.7, 8.4, 8],
			"faces": {
				"north": {"uv": [8, 8, 9.5, 10], "texture": "#6"},
				"east": {"uv": [4, 0, 12, 2], "texture": "#6"},
				"south": {"uv": [4, 10, 5.5, 12], "texture": "#6"},
				"west": {"uv": [4, 2, 12, 4], "texture": "#6"},
				"up": {"uv": [1.5, 16, 0, 8], "texture": "#6"},
				"down": {"uv": [3.5, 8, 2, 16], "texture": "#6"}
			}
		},
		{
			"from": [0, 5, 8],
			"to": [2, 8, 14],
			"faces": {
				"north": {"uv": [6, 6, 8, 9], "texture": "#8"},
				"east": {"uv": [0, 0, 6, 3], "texture": "#8"},
				"south": {"uv": [8, 0, 10, 3], "texture": "#8"},
				"west": {"uv": [0, 3, 6, 6], "texture": "#8"},
				"up": {"uv": [2, 12, 0, 6], "texture": "#8"},
				"down": {"uv": [8, 0, 6, 6], "texture": "#8"}
			}
		},
		{
			"from": [1.24792, 6.61274, 8],
			"to": [1.74792, 7.11274, 13.5],
			"rotation": {"angle": 45, "axis": "z", "origin": [0.99792, 7.36274, 10.85]},
			"faces": {
				"north": {"uv": [9, 7, 9.5, 7.5], "texture": "#9"},
				"east": {"uv": [0, 0, 5.5, 0.5], "texture": "#9"},
				"south": {"uv": [8, 9, 8.5, 9.5], "texture": "#9"},
				"west": {"uv": [0, 1, 5.5, 1.5], "texture": "#9"},
				"up": {"uv": [0.5, 7.5, 0, 2], "texture": "#9"},
				"down": {"uv": [1.5, 2, 1, 7.5], "texture": "#9"}
			}
		},
		{
			"from": [1.24792, 6.41274, 13],
			"to": [1.94792, 7.11274, 13.5],
			"rotation": {"angle": 45, "axis": "z", "origin": [0.99792, 7.36274, 10.85]},
			"faces": {
				"north": {"uv": [2, 10, 2.5, 10.5], "texture": "#9"},
				"east": {"uv": [10, 2, 10.5, 2.5], "texture": "#9"},
				"south": {"uv": [3, 10, 3.5, 10.5], "texture": "#9"},
				"west": {"uv": [10, 3, 10.5, 3.5], "texture": "#9"},
				"up": {"uv": [4.5, 10.5, 4, 10], "texture": "#9"},
				"down": {"uv": [10.5, 4, 10, 4.5], "texture": "#9"}
			}
		},
		{
			"from": [1.24792, 6.51274, 12.5],
			"to": [1.84792, 7.11274, 13],
			"rotation": {"angle": 45, "axis": "z", "origin": [0.99792, 7.36274, 10.85]},
			"faces": {
				"north": {"uv": [9, 8, 9.5, 8.5], "texture": "#9"},
				"east": {"uv": [9, 9, 9.5, 9.5], "texture": "#9"},
				"south": {"uv": [0, 10, 0.5, 10.5], "texture": "#9"},
				"west": {"uv": [10, 0, 10.5, 0.5], "texture": "#9"},
				"up": {"uv": [1.5, 10.5, 1, 10], "texture": "#9"},
				"down": {"uv": [10.5, 1, 10, 1.5], "texture": "#9"}
			}
		},
		{
			"from": [0.24792, 7.61274, 8.1],
			"to": [0.74792, 8.11274, 13.8],
			"rotation": {"angle": 45, "axis": "z", "origin": [0.99792, 7.36274, 10.85]},
			"faces": {
				"north": {"uv": [5, 10, 5.5, 10.5], "texture": "#9"},
				"east": {"uv": [2, 2, 7.5, 2.5], "texture": "#9"},
				"south": {"uv": [10, 5, 10.5, 5.5], "texture": "#9"},
				"west": {"uv": [2, 3, 7.5, 3.5], "texture": "#9"},
				"up": {"uv": [2.5, 9.5, 2, 4], "texture": "#9"},
				"down": {"uv": [3.5, 4, 3, 9.5], "texture": "#9"}
			}
		},
		{
			"from": [0.3, 8, 8],
			"to": [1.7, 8.4, 13],
			"faces": {
				"north": {"uv": [6, 2, 7.5, 2.5], "texture": "#10"},
				"east": {"uv": [4, 0, 9, 0.5], "texture": "#10"},
				"south": {"uv": [6, 3, 7.5, 3.5], "texture": "#10"},
				"west": {"uv": [4, 1, 9, 1.5], "texture": "#10"},
				"up": {"uv": [1.5, 5, 0, 0], "texture": "#10"},
				"down": {"uv": [3.5, 0, 2, 5], "texture": "#10"}
			}
		},
		{
			"from": [0.3, 8.4, 11.6],
			"to": [1.7, 8.6, 13],
			"faces": {
				"north": {"uv": [4, 6, 5.5, 6.5], "texture": "#10"},
				"east": {"uv": [6, 4, 7.5, 4.5], "texture": "#10"},
				"south": {"uv": [6, 5, 7.5, 5.5], "texture": "#10"},
				"west": {"uv": [6, 6, 7.5, 6.5], "texture": "#10"},
				"up": {"uv": [5.5, 3.5, 4, 2], "texture": "#10"},
				"down": {"uv": [5.5, 4, 4, 5.5], "texture": "#10"}
			}
		},
		{
			"from": [0, 4, 8],
			"to": [2, 5, 11],
			"faces": {
				"north": {"uv": [8, 5, 10, 6], "texture": "#8"},
				"east": {"uv": [8, 3, 11, 4], "texture": "#8"},
				"south": {"uv": [8, 6, 10, 7], "texture": "#8"},
				"west": {"uv": [8, 4, 11, 5], "texture": "#8"},
				"up": {"uv": [4, 9, 2, 6], "texture": "#8"},
				"down": {"uv": [6, 6, 4, 9], "texture": "#8"}
			}
		},
		{
			"from": [-0.1, 4, 7.9],
			"to": [2.1, 4.1, 11.1],
			"faces": {
				"north": {"uv": [8, 0, 10, 1], "texture": "#7"},
				"east": {"uv": [2, 7, 5, 8], "texture": "#7"},
				"south": {"uv": [8, 1, 10, 2], "texture": "#7"},
				"west": {"uv": [0, 8, 3, 9], "texture": "#7"},
				"up": {"uv": [4, 7, 2, 4], "texture": "#7"},
				"down": {"uv": [6, 4, 4, 7], "texture": "#7"}
			}
		},
		{
			"from": [0.1, 4.1, 10.3],
			"to": [1.9, 4.2, 12.7],
			"faces": {
				"north": {"uv": [8, 2, 10, 3], "texture": "#7"},
				"east": {"uv": [3, 8, 5, 9], "texture": "#7"},
				"south": {"uv": [8, 3, 10, 4], "texture": "#7"},
				"west": {"uv": [8, 4, 10, 5], "texture": "#7"},
				"up": {"uv": [8, 2, 6, 0], "texture": "#7"},
				"down": {"uv": [8, 2, 6, 4], "texture": "#7"}
			}
		},
		{
			"from": [0.1, 2.7, 13.4],
			"to": [1.9, 6.9, 15.1],
			"rotation": {"angle": -22.5, "axis": "x", "origin": [8, 2.5, 16]},
			"faces": {
				"north": {"uv": [0, 0, 2, 4], "texture": "#7"},
				"east": {"uv": [2, 0, 4, 4], "texture": "#7"},
				"south": {"uv": [0, 4, 2, 8], "texture": "#7"},
				"west": {"uv": [4, 0, 6, 4], "texture": "#7"},
				"up": {"uv": [8, 6, 6, 4], "texture": "#7"},
				"down": {"uv": [8, 6, 6, 8], "texture": "#7"}
			}
		},
		{
			"from": [0.9, 7.7, -2],
			"to": [1.3, 8.1, 0],
			"rotation": {"angle": 0, "axis": "x", "origin": [1, 9.2, -2.9]},
			"faces": {
				"north": {"uv": [0, 8, 1, 9], "texture": "#2"},
				"east": {"uv": [0, 0, 4, 1], "texture": "#2"},
				"south": {"uv": [8, 0, 9, 1], "texture": "#2"},
				"west": {"uv": [0, 2, 4, 3], "texture": "#2"},
				"up": {"uv": [1, 8, 0, 4], "texture": "#2"},
				"down": {"uv": [5, 0, 4, 4], "texture": "#2"}
			}
		},
		{
			"from": [0.7, 8.4, 12],
			"to": [0.9, 8.8, 12.99],
			"rotation": {"angle": 0, "axis": "x", "origin": [0.8, 8.6, 12.4]},
			"faces": {
				"north": {"uv": [8, 8, 8.5, 9], "texture": "#2"},
				"east": {"uv": [6, 2, 8, 3], "texture": "#2"},
				"south": {"uv": [0, 10, 0.5, 11], "texture": "#2"},
				"west": {"uv": [4, 6, 6, 7], "texture": "#2"},
				"up": {"uv": [4.5, 10, 4, 8], "texture": "#2"},
				"down": {"uv": [8.5, 4, 8, 6], "texture": "#2"}
			}
		},
		{
			"from": [1.1, 8.4, 12],
			"to": [1.3, 8.8, 12.99],
			"rotation": {"angle": 0, "axis": "x", "origin": [1.2, 8.6, 12.4]},
			"faces": {
				"north": {"uv": [10, 0, 10.5, 1], "texture": "#2"},
				"east": {"uv": [6, 4, 8, 5], "texture": "#2"},
				"south": {"uv": [2, 10, 2.5, 11], "texture": "#2"},
				"west": {"uv": [6, 6, 8, 7], "texture": "#2"},
				"up": {"uv": [6.5, 10, 6, 8], "texture": "#2"},
				"down": {"uv": [8.5, 6, 8, 8], "texture": "#2"}
			}
		},
		{
			"from": [0.8, 7.1, -3],
			"to": [1.4, 7.7, 2],
			"faces": {
				"north": {"uv": [4, 8, 5, 9], "texture": "#3"},
				"east": {"uv": [0, 0, 10, 1], "texture": "#3"},
				"south": {"uv": [8, 4, 9, 5], "texture": "#3"},
				"west": {"uv": [0, 2, 10, 3], "texture": "#3"},
				"up": {"uv": [1, 14, 0, 4], "texture": "#3"},
				"down": {"uv": [3, 4, 2, 14], "texture": "#3"}
			}
		},
		{
			"from": [0.8, 7.1, -3.9],
			"to": [1.4, 7.7, -3.8],
			"faces": {
				"north": {"uv": [10, 4, 11, 5], "texture": "#3"},
				"east": {"uv": [6, 12, 6.5, 13], "texture": "#3"},
				"south": {"uv": [6, 10, 7, 11], "texture": "#3"},
				"west": {"uv": [12, 6, 12.5, 7], "texture": "#3"},
				"up": {"uv": [9, 12.5, 8, 12], "texture": "#3"},
				"down": {"uv": [13, 8, 12, 8.5], "texture": "#3"}
			}
		},
		{
			"from": [0.8, 7.1, -3.6],
			"to": [1.4, 7.7, -3.3],
			"faces": {
				"north": {"uv": [10, 2, 11, 3], "texture": "#3"},
				"east": {"uv": [12, 0, 12.5, 1], "texture": "#3"},
				"south": {"uv": [4, 10, 5, 11], "texture": "#3"},
				"west": {"uv": [12, 2, 12.5, 3], "texture": "#3"},
				"up": {"uv": [5, 12.5, 4, 12], "texture": "#3"},
				"down": {"uv": [13, 4, 12, 4.5], "texture": "#3"}
			}
		},
		{
			"from": [0.8, 7.1, -3.1],
			"to": [1.4, 7.7, -3],
			"faces": {
				"north": {"uv": [6, 8, 7, 9], "texture": "#3"},
				"east": {"uv": [10, 6, 10.5, 7], "texture": "#3"},
				"south": {"uv": [8, 6, 9, 7], "texture": "#3"},
				"west": {"uv": [8, 10, 8.5, 11], "texture": "#3"},
				"up": {"uv": [11, 8.5, 10, 8], "texture": "#3"},
				"down": {"uv": [11, 10, 10, 10.5], "texture": "#3"}
			}
		},
		{
			"from": [0.9, 7.2, -3.8],
			"to": [1.3, 7.6, -3.1],
			"faces": {
				"north": {"uv": [8, 8, 9, 9], "texture": "#3"},
				"east": {"uv": [4, 4, 5.5, 5], "texture": "#3"},
				"south": {"uv": [10, 0, 11, 1], "texture": "#3"},
				"west": {"uv": [4, 6, 5.5, 7], "texture": "#3"},
				"up": {"uv": [7, 5.5, 6, 4], "texture": "#3"},
				"down": {"uv": [7, 6, 6, 7.5], "texture": "#3"}
			}
		},
		{
			"from": [0.6, 6.6, 14],
			"to": [1.4, 7.8, 15.6],
			"faces": {
				"north": {"uv": [3, 6.5, 3.5, 7], "texture": "#11"},
				"east": {"uv": [0.5, 6.5, 1.25, 7], "texture": "#11"},
				"south": {"uv": [6.5, 3, 7, 3.5], "texture": "#11"},
				"west": {"uv": [1.5, 6.5, 2.25, 7], "texture": "#11"},
				"up": {"uv": [7, 2.75, 6.5, 2], "texture": "#11"},
				"down": {"uv": [3, 6.5, 2.5, 7.25], "texture": "#11"}
			}
		},
		{
			"from": [0, 6.7, 16.6],
			"to": [2, 8, 19.6],
			"faces": {
				"north": {"uv": [6, 1, 7, 1.75], "texture": "#11"},
				"east": {"uv": [4.5, 0, 6, 0.75], "texture": "#11"},
				"south": {"uv": [4, 6, 5, 6.75], "texture": "#11"},
				"west": {"uv": [4.5, 1, 6, 1.75], "texture": "#11"},
				"up": {"uv": [4.5, 3.5, 3.5, 2], "texture": "#11"},
				"down": {"uv": [4.5, 3.5, 3.5, 5], "texture": "#11"}
			}
		},
		{
			"from": [0.3, 4.9, 16.6],
			"to": [1.6, 7.9, 19.6],
			"faces": {
				"north": {"uv": [4.5, 2, 5.25, 3.5], "texture": "#11"},
				"east": {"uv": [0, 0, 1.5, 1.5], "texture": "#11"},
				"south": {"uv": [4.5, 3.5, 5.25, 5], "texture": "#11"},
				"west": {"uv": [0, 1.5, 1.5, 3], "texture": "#11"},
				"up": {"uv": [0.75, 6.5, 0, 5], "texture": "#11"},
				"down": {"uv": [3.75, 5, 3, 6.5], "texture": "#11"}
			}
		},
		{
			"from": [0, 6.7, 15.6],
			"to": [2, 8, 17.6],
			"faces": {
				"north": {"uv": [5.5, 2, 6.5, 2.75], "texture": "#11"},
				"east": {"uv": [5.5, 3, 6.5, 3.75], "texture": "#11"},
				"south": {"uv": [5.5, 4, 6.5, 4.75], "texture": "#11"},
				"west": {"uv": [6, 0, 7, 0.75], "texture": "#11"},
				"up": {"uv": [5, 6, 4, 5], "texture": "#11"},
				"down": {"uv": [6, 5, 5, 6], "texture": "#11"}
			}
		},
		{
			"from": [0.5, 5.6, 15.6],
			"to": [1.5, 8, 17.6],
			"faces": {
				"north": {"uv": [5, 6, 5.5, 7.25], "texture": "#11"},
				"east": {"uv": [1, 4, 2, 5.25], "texture": "#11"},
				"south": {"uv": [6, 5, 6.5, 6.25], "texture": "#11"},
				"west": {"uv": [2, 4, 3, 5.25], "texture": "#11"},
				"up": {"uv": [1.5, 4, 1, 3], "texture": "#11"},
				"down": {"uv": [3.5, 4, 3, 5], "texture": "#11"}
			}
		},
		{
			"from": [0, 4.5, 20.6],
			"to": [2, 8, 20.9],
			"faces": {
				"north": {"uv": [0, 3, 1, 4.75], "texture": "#11"},
				"east": {"uv": [5.5, 6, 5.75, 7.75], "texture": "#11"},
				"south": {"uv": [3.5, 0, 4.5, 1.75], "texture": "#11"},
				"west": {"uv": [0, 6.5, 0.25, 8.25], "texture": "#11"},
				"up": {"uv": [7.5, 3.75, 6.5, 3.5], "texture": "#11"},
				"down": {"uv": [7.5, 4, 6.5, 4.25], "texture": "#11"}
			}
		},
		{
			"from": [-0.1, 4, 18.6],
			"to": [2.1, 8.1, 20.6],
			"faces": {
				"north": {"uv": [1.5, 0, 2.5, 2], "texture": "#11"},
				"east": {"uv": [1.5, 2, 2.5, 4], "texture": "#11"},
				"south": {"uv": [2.5, 0, 3.5, 2], "texture": "#11"},
				"west": {"uv": [2.5, 2, 3.5, 4], "texture": "#11"},
				"up": {"uv": [2, 6.5, 1, 5.5], "texture": "#11"},
				"down": {"uv": [3, 5.5, 2, 6.5], "texture": "#11"}
			}
		},
		{
			"from": [0.3, 0.7, 8.4],
			"to": [1.7, 5, 10.7],
			"faces": {
				"north": {"uv": [0, 5, 1.5, 9.25], "texture": "#0"},
				"east": {"uv": [0, 0, 2.25, 4.25], "texture": "#0"},
				"south": {"uv": [2, 5, 3.5, 9.25], "texture": "#0"},
				"west": {"uv": [3, 0, 5.25, 4.25], "texture": "#0"},
				"up": {"uv": [5.5, 7.25, 4, 5], "texture": "#0"},
				"down": {"uv": [7.5, 0, 6, 2.25], "texture": "#0"}
			}
		},
		{
			"from": [0.5, 8, 11.5],
			"to": [1.5, 8.198, 13.49],
			"color": 2,
			"faces": {
				"north": {"uv": [0, 0, 2, 0.396], "texture": "#missing"},
				"east": {"uv": [0, 0, 3.98, 0.396], "texture": "#missing"},
				"south": {"uv": [0, 0, 2, 0.396], "texture": "#missing"},
				"west": {"uv": [0, 0, 3.98, 0.396], "texture": "#missing"},
				"up": {"uv": [0, 0, 2, 3.98], "texture": "#missing"},
				"down": {"uv": [0, 0, 2, 3.98], "texture": "#missing"}
			}
		},
		{
			"from": [-0.1, 8, 13],
			"to": [2.1, 8.2, 13.3],
			"faces": {
				"north": {"uv": [0, 5, 2, 5.5], "texture": "#10"},
				"east": {"uv": [0, 8, 0.5, 8.5], "texture": "#10"},
				"south": {"uv": [2, 5, 4, 5.5], "texture": "#10"},
				"west": {"uv": [1, 8, 1.5, 8.5], "texture": "#10"},
				"up": {"uv": [2, 6.5, 0, 6], "texture": "#10"},
				"down": {"uv": [4, 6, 2, 6.5], "texture": "#10"}
			}
		},
		{
			"from": [0.2, 8, 13],
			"to": [1.8, 8.199, 13.5],
			"faces": {
				"north": {"uv": [0, 7, 1.5, 7.5], "texture": "#10"},
				"east": {"uv": [2, 8, 2.5, 8.5], "texture": "#10"},
				"south": {"uv": [2, 7, 3.5, 7.5], "texture": "#10"},
				"west": {"uv": [8, 2, 8.5, 2.5], "texture": "#10"},
				"up": {"uv": [5.5, 7.5, 4, 7], "texture": "#10"},
				"down": {"uv": [7.5, 7, 6, 7.5], "texture": "#10"}
			}
		},
		{
			"from": [-0.1, 5.9, 12.6],
			"to": [2.1, 6.1, 13.1],
			"faces": {
				"north": {"uv": [7, 7, 9, 7.5], "texture": "#9"},
				"east": {"uv": [0, 9, 0.5, 9.5], "texture": "#9"},
				"south": {"uv": [0, 8, 2, 8.5], "texture": "#9"},
				"west": {"uv": [9, 0, 9.5, 0.5], "texture": "#9"},
				"up": {"uv": [10, 2.5, 8, 2], "texture": "#9"},
				"down": {"uv": [10, 3, 8, 3.5], "texture": "#9"}
			}
		},
		{
			"from": [-0.1, 5.2, 10.5],
			"to": [2.1, 5.4, 10.7],
			"faces": {
				"north": {"uv": [8, 4, 10, 4.5], "texture": "#9"},
				"east": {"uv": [1, 9, 1.5, 9.5], "texture": "#9"},
				"south": {"uv": [8, 5, 10, 5.5], "texture": "#9"},
				"west": {"uv": [9, 1, 9.5, 1.5], "texture": "#9"},
				"up": {"uv": [10, 6.5, 8, 6], "texture": "#9"},
				"down": {"uv": [9, 8, 7, 8.5], "texture": "#9"}
			}
		},
		{
			"from": [1.8, 7.3, 9],
			"to": [1.9, 7.9, 11.6],
			"rotation": {"angle": -45, "axis": "z", "origin": [2.05, 7.3, 10.3]},
			"faces": {
				"north": {"uv": [4, 9, 4.5, 9.5], "texture": "#9"},
				"east": {"uv": [4, 4, 6.5, 4.5], "texture": "#9"},
				"south": {"uv": [5, 9, 5.5, 9.5], "texture": "#9"},
				"west": {"uv": [4, 5, 6.5, 5.5], "texture": "#9"},
				"up": {"uv": [4.5, 8.5, 4, 6], "texture": "#9"},
				"down": {"uv": [5.5, 6, 5, 8.5], "texture": "#9"}
			}
		},
		{
			"from": [1.96, 6.9, 9],
			"to": [2.06, 7.5, 11.6],
			"rotation": {"angle": 0, "axis": "z", "origin": [2.05, 7.3, 10.3]},
			"faces": {
				"north": {"uv": [6, 9, 6.5, 9.5], "texture": "#9"},
				"east": {"uv": [6, 0, 8.5, 0.5], "texture": "#9"},
				"south": {"uv": [7, 9, 7.5, 9.5], "texture": "#9"},
				"west": {"uv": [6, 1, 8.5, 1.5], "texture": "#9"},
				"up": {"uv": [6.5, 8.5, 6, 6], "texture": "#9"},
				"down": {"uv": [7.5, 4, 7, 6.5], "texture": "#9"}
			}
		},
		{
			"from": [0.8, 4.5, 11.8],
			"to": [1.2, 5.2, 12],
			"faces": {
				"north": {"uv": [5, 7, 6, 8], "texture": "#7"},
				"east": {"uv": [5, 8, 6, 9], "texture": "#7"},
				"south": {"uv": [8, 5, 9, 6], "texture": "#7"},
				"west": {"uv": [6, 8, 7, 9], "texture": "#7"},
				"up": {"uv": [9, 7, 8, 6], "texture": "#7"},
				"down": {"uv": [8, 8, 7, 9], "texture": "#7"}
			}
		},
		{
			"from": [0.4, 5.8, 3.1],
			"to": [1.6, 6.2, 4.1],
			"faces": {
				"north": {"uv": [8, 0, 10, 1], "texture": "#5"},
				"east": {"uv": [2, 8, 4, 9], "texture": "#5"},
				"south": {"uv": [8, 2, 10, 3], "texture": "#5"},
				"west": {"uv": [4, 8, 6, 9], "texture": "#5"},
				"up": {"uv": [8, 2, 6, 0], "texture": "#5"},
				"down": {"uv": [4, 6, 2, 8], "texture": "#5"}
			}
		},
		{
			"from": [0.4, 3, 3.1],
			"to": [1.6, 3.4, 4.1],
			"faces": {
				"north": {"uv": [8, 4, 10, 5], "texture": "#5"},
				"east": {"uv": [6, 8, 8, 9], "texture": "#5"},
				"south": {"uv": [8, 6, 10, 7], "texture": "#5"},
				"west": {"uv": [8, 8, 10, 9], "texture": "#5"},
				"up": {"uv": [8, 6, 6, 4], "texture": "#5"},
				"down": {"uv": [8, 6, 6, 8], "texture": "#5"}
			}
		},
		{
			"from": [0.7, 2.9, 3.3],
			"to": [1.3, 3, 3.9],
			"faces": {
				"north": {"uv": [10, 0, 11, 1], "texture": "#5"},
				"east": {"uv": [2, 10, 3, 11], "texture": "#5"},
				"south": {"uv": [10, 2, 11, 3], "texture": "#5"},
				"west": {"uv": [4, 10, 5, 11], "texture": "#5"},
				"up": {"uv": [11, 5, 10, 4], "texture": "#5"},
				"down": {"uv": [7, 10, 6, 11], "texture": "#5"}
			}
		},
		{
			"from": [0.5, 3.4, 3.2],
			"to": [1.5, 6.2, 4],
			"faces": {
				"north": {"uv": [0, 0, 2, 6], "texture": "#5"},
				"east": {"uv": [2, 0, 4, 6], "texture": "#5"},
				"south": {"uv": [4, 0, 6, 6], "texture": "#5"},
				"west": {"uv": [0, 6, 2, 12], "texture": "#5"},
				"up": {"uv": [8, 4, 6, 2], "texture": "#5"},
				"down": {"uv": [6, 6, 4, 8], "texture": "#5"}
			}
		},
		{
			"from": [0.3, 8.4, 8.4],
			"to": [1.7, 8.9, 10.1],
			"faces": {
				"north": {"uv": [4, 1, 5.5, 1.5], "texture": "#1"},
				"east": {"uv": [0, 4, 1.75, 4.5], "texture": "#1"},
				"south": {"uv": [2, 4, 3.5, 4.5], "texture": "#1"},
				"west": {"uv": [4, 0, 5.75, 0.5], "texture": "#1"},
				"up": {"uv": [1.5, 1.75, 0, 0], "texture": "#1"},
				"down": {"uv": [1.5, 2, 0, 3.75], "texture": "#1"}
			}
		},
		{
			"from": [0.3, 8.9, 8.4],
			"to": [1.7, 9.1, 9.9],
			"faces": {
				"north": {"uv": [4, 2, 5.5, 2.25], "texture": "#1"},
				"east": {"uv": [4, 3, 5.5, 3.25], "texture": "#1"},
				"south": {"uv": [4, 4, 5.5, 4.25], "texture": "#1"},
				"west": {"uv": [0, 5, 1.5, 5.25], "texture": "#1"},
				"up": {"uv": [3.5, 1.5, 2, 0], "texture": "#1"},
				"down": {"uv": [3.5, 2, 2, 3.5], "texture": "#1"}
			}
		},
		{
			"from": [0.1, 8.9, 8.4],
			"to": [0.3, 9.3, 8.6],
			"faces": {
				"north": {"uv": [6, 1, 6.25, 1.5], "texture": "#1"},
				"east": {"uv": [2, 6, 2.25, 6.5], "texture": "#1"},
				"south": {"uv": [6, 2, 6.25, 2.5], "texture": "#1"},
				"west": {"uv": [3, 6, 3.25, 6.5], "texture": "#1"},
				"up": {"uv": [7.25, 3.25, 7, 3], "texture": "#1"},
				"down": {"uv": [4.25, 7, 4, 7.25], "texture": "#1"}
			}
		},
		{
			"from": [0.1, 9.9, 8.4],
			"to": [0.3, 10.1, 8.6],
			"faces": {
				"north": {"uv": [7, 5, 7.25, 5.25], "texture": "#1"},
				"east": {"uv": [6, 7, 6.25, 7.25], "texture": "#1"},
				"south": {"uv": [7, 6, 7.25, 6.25], "texture": "#1"},
				"west": {"uv": [7, 7, 7.25, 7.25], "texture": "#1"},
				"up": {"uv": [0.25, 8.25, 0, 8], "texture": "#1"},
				"down": {"uv": [8.25, 0, 8, 0.25], "texture": "#1"}
			}
		},
		{
			"from": [1.7, 9.9, 8.4],
			"to": [1.9, 10.1, 8.6],
			"faces": {
				"north": {"uv": [4, 8, 4.25, 8.25], "texture": "#1"},
				"east": {"uv": [8, 4, 8.25, 4.25], "texture": "#1"},
				"south": {"uv": [5, 8, 5.25, 8.25], "texture": "#1"},
				"west": {"uv": [8, 5, 8.25, 5.25], "texture": "#1"},
				"up": {"uv": [6.25, 8.25, 6, 8], "texture": "#1"},
				"down": {"uv": [8.25, 6, 8, 6.25], "texture": "#1"}
			}
		},
		{
			"from": [0.2, 10.1, 8.4],
			"to": [1.8, 10.3, 8.6],
			"faces": {
				"north": {"uv": [2, 5, 3.5, 5.25], "texture": "#1"},
				"east": {"uv": [1, 8, 1.25, 8.25], "texture": "#1"},
				"south": {"uv": [4, 5, 5.5, 5.25], "texture": "#1"},
				"west": {"uv": [8, 1, 8.25, 1.25], "texture": "#1"},
				"up": {"uv": [1.5, 6.25, 0, 6], "texture": "#1"},
				"down": {"uv": [7.5, 0, 6, 0.25], "texture": "#1"}
			}
		},
		{
			"from": [0, 9.3, 8.4],
			"to": [0.2, 9.9, 8.6],
			"faces": {
				"north": {"uv": [6, 3, 6.25, 3.5], "texture": "#1"},
				"east": {"uv": [4, 6, 4.25, 6.5], "texture": "#1"},
				"south": {"uv": [6, 4, 6.25, 4.5], "texture": "#1"},
				"west": {"uv": [5, 6, 5.25, 6.5], "texture": "#1"},
				"up": {"uv": [7.25, 4.25, 7, 4], "texture": "#1"},
				"down": {"uv": [5.25, 7, 5, 7.25], "texture": "#1"}
			}
		},
		{
			"from": [1.8, 9.3, 8.4],
			"to": [2, 9.9, 8.6],
			"faces": {
				"north": {"uv": [7, 1, 7.25, 1.5], "texture": "#1"},
				"east": {"uv": [2, 7, 2.25, 7.5], "texture": "#1"},
				"south": {"uv": [7, 2, 7.25, 2.5], "texture": "#1"},
				"west": {"uv": [3, 7, 3.25, 7.5], "texture": "#1"},
				"up": {"uv": [3.25, 8.25, 3, 8], "texture": "#1"},
				"down": {"uv": [8.25, 3, 8, 3.25], "texture": "#1"}
			}
		},
		{
			"from": [1.7, 8.9, 8.4],
			"to": [1.9, 9.3, 8.6],
			"faces": {
				"north": {"uv": [6, 5, 6.25, 5.5], "texture": "#1"},
				"east": {"uv": [6, 6, 6.25, 6.5], "texture": "#1"},
				"south": {"uv": [0, 7, 0.25, 7.5], "texture": "#1"},
				"west": {"uv": [1, 7, 1.25, 7.5], "texture": "#1"},
				"up": {"uv": [2.25, 8.25, 2, 8], "texture": "#1"},
				"down": {"uv": [8.25, 2, 8, 2.25], "texture": "#1"}
			}
		},
		{
			"from": [2.1, 6.9, 0.4],
			"to": [2.6, 7.9, 2.4],
			"faces": {
				"north": {"uv": [2, 4, 3, 6], "texture": "#12"},
				"east": {"uv": [0, 0, 4, 2], "texture": "#12"},
				"south": {"uv": [4, 4, 5, 6], "texture": "#12"},
				"west": {"uv": [0, 2, 4, 4], "texture": "#12"},
				"up": {"uv": [1, 8, 0, 4], "texture": "#12"},
				"down": {"uv": [5, 0, 4, 4], "texture": "#12"}
			}
		},
		{
			"from": [2.2, 7.3, 0.3],
			"to": [2.5, 7.6, 0.4],
			"rotation": {"angle": -45, "axis": "z", "origin": [2.35, 7.45, 0.35]},
			"faces": {
				"north": {"uv": [6, 0, 7, 1], "texture": "#12"},
				"east": {"uv": [2, 6, 3, 7], "texture": "#12"},
				"south": {"uv": [6, 2, 7, 3], "texture": "#12"},
				"west": {"uv": [4, 6, 5, 7], "texture": "#12"},
				"up": {"uv": [7, 5, 6, 4], "texture": "#12"},
				"down": {"uv": [7, 6, 6, 7], "texture": "#12"}
			}
		},
		{
			"from": [2.2, 7.3, 0.3],
			"to": [2.5, 7.6, 0.4],
			"rotation": {"angle": 0, "axis": "z", "origin": [2.35, 7.45, 0.35]},
			"faces": {
				"north": {"uv": [0, 8, 1, 9], "texture": "#12"},
				"east": {"uv": [8, 0, 9, 1], "texture": "#12"},
				"south": {"uv": [2, 8, 3, 9], "texture": "#12"},
				"west": {"uv": [8, 2, 9, 3], "texture": "#12"},
				"up": {"uv": [5, 9, 4, 8], "texture": "#12"},
				"down": {"uv": [9, 4, 8, 5], "texture": "#12"}
			}
		}
	],
	"display": {
		"thirdperson_righthand": {
			"translation": [6.25, 4, -4.75]
		},
		"thirdperson_lefthand": {
			"translation": [-8, 5, -5.25]
		},
		"firstperson_righthand": {
			"rotation": [-2, 0, 0],
			"translation": [5.75, 5, -0.75]
		},
		"firstperson_lefthand": {
			"rotation": [-2, 0, 0],
			"translation": [-8.25, 4.75, -0.25]
		},
		"ground": {
			"rotation": [50, 0, 0],
			"translation": [0, 8.5, 0]
		},
		"gui": {
			"rotation": [0, -90, 0],
			"translation": [0, 2.1, 0],
			"scale": [0.6, 0.6, 0.6]
		},
		"fixed": {
			"rotation": [0, 90, 0],
			"translation": [-0.5, 2.5, -6.5],
			"scale": [0.8, 0.8, 0.8]
		}
	}
}