{
	"credit": "Made with Blockbench",
	"texture_size": [32, 32],
	"textures": {
		"2": "item/texture3",
		"particle": "item/texture"
	},
	"elements": [
		{
			"from": [2, 0, 2],
			"to": [3, 2, 11],
			"rotation": {"angle": 0, "axis": "y", "origin": [10, 8, 12]},
			"faces": {
				"north": {"uv": [0, 0, 0.5, 1], "texture": "#2"},
				"east": {"uv": [0, 0, 4.5, 1], "texture": "#2"},
				"south": {"uv": [0, 0, 0.5, 1], "texture": "#2"},
				"west": {"uv": [0, 0, 4.5, 1], "texture": "#2"},
				"up": {"uv": [0, 0, 0.5, 4.5], "texture": "#2"},
				"down": {"uv": [0, 0, 0.5, 4.5], "texture": "#2"}
			}
		},
		{
			"from": [3, 0, 0],
			"to": [4, 2, 2],
			"rotation": {"angle": 0, "axis": "y", "origin": [11, 8, 3]},
			"faces": {
				"north": {"uv": [0, 0, 0.5, 1], "texture": "#2"},
				"east": {"uv": [0, 0, 1, 1], "texture": "#2"},
				"south": {"uv": [0, 0, 0.5, 1], "texture": "#2"},
				"west": {"uv": [0, 0, 1, 1], "texture": "#2"},
				"up": {"uv": [0, 0, 0.5, 1], "texture": "#2"},
				"down": {"uv": [0, 0, 0.5, 1], "texture": "#2"}
			}
		},
		{
			"from": [12, 0, 0],
			"to": [13, 2, 2],
			"rotation": {"angle": 0, "axis": "y", "origin": [20, 8, 3]},
			"faces": {
				"north": {"uv": [0, 0, 0.5, 1], "texture": "#2"},
				"east": {"uv": [0, 0, 1, 1], "texture": "#2"},
				"south": {"uv": [0, 0, 0.5, 1], "texture": "#2"},
				"west": {"uv": [0, 0, 1, 1], "texture": "#2"},
				"up": {"uv": [0, 0, 0.5, 1], "texture": "#2"},
				"down": {"uv": [0, 0, 0.5, 1], "texture": "#2"}
			}
		},
		{
			"from": [13, 2, 0],
			"to": [14, 4, 2],
			"rotation": {"angle": 0, "axis": "y", "origin": [21, 10, 3]},
			"faces": {
				"north": {"uv": [0, 0, 0.5, 1], "texture": "#2"},
				"east": {"uv": [0, 0, 1, 1], "texture": "#2"},
				"south": {"uv": [0, 0, 0.5, 1], "texture": "#2"},
				"west": {"uv": [0, 0, 1, 1], "texture": "#2"},
				"up": {"uv": [0, 0, 0.5, 1], "texture": "#2"},
				"down": {"uv": [0, 0, 0.5, 1], "texture": "#2"}
			}
		},
		{
			"from": [14, 4, 0],
			"to": [15, 7, 2],
			"rotation": {"angle": 0, "axis": "y", "origin": [22, 12, 3]},
			"faces": {
				"north": {"uv": [0, 0, 0.5, 1.5], "texture": "#2"},
				"east": {"uv": [0, 0, 1, 1.5], "texture": "#2"},
				"south": {"uv": [0, 0, 0.5, 1.5], "texture": "#2"},
				"west": {"uv": [0, 0, 1, 1.5], "texture": "#2"},
				"up": {"uv": [0, 0, 0.5, 1], "texture": "#2"},
				"down": {"uv": [0, 0, 0.5, 1], "texture": "#2"}
			}
		},
		{
			"from": [2, 2, 0],
			"to": [3, 4, 2],
			"rotation": {"angle": 0, "axis": "y", "origin": [10, 10, 3]},
			"faces": {
				"north": {"uv": [0, 0, 0.5, 1], "texture": "#2"},
				"east": {"uv": [0, 0, 1, 1], "texture": "#2"},
				"south": {"uv": [0, 0, 0.5, 1], "texture": "#2"},
				"west": {"uv": [0, 0, 1, 1], "texture": "#2"},
				"up": {"uv": [0, 0, 0.5, 1], "texture": "#2"},
				"down": {"uv": [0, 0, 0.5, 1], "texture": "#2"}
			}
		},
		{
			"from": [1, 4, 0],
			"to": [2, 7, 2],
			"rotation": {"angle": 0, "axis": "y", "origin": [9, 12, 3]},
			"faces": {
				"north": {"uv": [0, 0, 0.5, 1.5], "texture": "#2"},
				"east": {"uv": [0, 0, 1, 1.5], "texture": "#2"},
				"south": {"uv": [0, 0, 0.5, 1.5], "texture": "#2"},
				"west": {"uv": [0, 0, 1, 1.5], "texture": "#2"},
				"up": {"uv": [0, 0, 0.5, 1], "texture": "#2"},
				"down": {"uv": [0, 0, 0.5, 1], "texture": "#2"}
			}
		},
		{
			"from": [3, 0, 11],
			"to": [13, 2, 12],
			"rotation": {"angle": 0, "axis": "y", "origin": [8.5, 0.5, 11.5]},
			"faces": {
				"north": {"uv": [0, 0, 5, 1], "texture": "#2"},
				"east": {"uv": [0, 0, 0.5, 1], "texture": "#2"},
				"south": {"uv": [0, 0, 5, 1], "texture": "#2"},
				"west": {"uv": [0, 0, 0.5, 1], "texture": "#2"},
				"up": {"uv": [0, 0, 0.5, 5], "rotation": 270, "texture": "#2"},
				"down": {"uv": [0, 0, 0.5, 5], "rotation": 90, "texture": "#2"}
			}
		},
		{
			"from": [13, 0, 2],
			"to": [14, 2, 11],
			"rotation": {"angle": 0, "axis": "y", "origin": [21, 8, 12]},
			"faces": {
				"north": {"uv": [0, 0, 0.5, 1], "texture": "#2"},
				"east": {"uv": [0, 0, 4.5, 1], "texture": "#2"},
				"south": {"uv": [0, 0, 0.5, 1], "texture": "#2"},
				"west": {"uv": [0, 0, 4.5, 1], "texture": "#2"},
				"up": {"uv": [0, 0, 0.5, 4.5], "texture": "#2"},
				"down": {"uv": [0, 0, 0.5, 4.5], "texture": "#2"}
			}
		},
		{
			"from": [14, 2, 2],
			"to": [15, 4, 12],
			"rotation": {"angle": 0, "axis": "y", "origin": [22, 10, 12]},
			"faces": {
				"north": {"uv": [0, 0, 0.5, 1], "texture": "#2"},
				"east": {"uv": [0, 0, 5, 1], "texture": "#2"},
				"south": {"uv": [0, 0, 0.5, 1], "texture": "#2"},
				"west": {"uv": [0, 0, 5, 1], "texture": "#2"},
				"up": {"uv": [0, 0, 0.5, 5], "texture": "#2"},
				"down": {"uv": [0, 0, 0.5, 5], "texture": "#2"}
			}
		},
		{
			"from": [15, 4, 2],
			"to": [16, 7, 13],
			"rotation": {"angle": 0, "axis": "y", "origin": [23, 12, 12]},
			"faces": {
				"north": {"uv": [0, 0, 0.5, 1.5], "texture": "#2"},
				"east": {"uv": [0, 0, 5.5, 1.5], "texture": "#2"},
				"south": {"uv": [0, 0, 0.5, 1.5], "texture": "#2"},
				"west": {"uv": [0, 0, 5.5, 1.5], "texture": "#2"},
				"up": {"uv": [0, 0, 0.5, 5.5], "texture": "#2"},
				"down": {"uv": [0, 0, 0.5, 5.5], "texture": "#2"}
			}
		},
		{
			"from": [1, 2, 2],
			"to": [2, 4, 12],
			"rotation": {"angle": 0, "axis": "y", "origin": [9, 10, 12]},
			"faces": {
				"north": {"uv": [0, 0, 0.5, 1], "texture": "#2"},
				"east": {"uv": [0, 0, 5, 1], "texture": "#2"},
				"south": {"uv": [0, 0, 0.5, 1], "texture": "#2"},
				"west": {"uv": [0, 0, 5, 1], "texture": "#2"},
				"up": {"uv": [0, 0, 0.5, 5], "texture": "#2"},
				"down": {"uv": [0, 0, 0.5, 5], "texture": "#2"}
			}
		},
		{
			"from": [0, 4, 2],
			"to": [1, 7, 13],
			"rotation": {"angle": 0, "axis": "y", "origin": [8, 12, 12]},
			"faces": {
				"north": {"uv": [0, 0, 0.5, 1.5], "texture": "#2"},
				"east": {"uv": [0, 0, 5.5, 1.5], "texture": "#2"},
				"south": {"uv": [0, 0, 0.5, 1.5], "texture": "#2"},
				"west": {"uv": [0, 0, 5.5, 1.5], "texture": "#2"},
				"up": {"uv": [0, 0, 0.5, 5.5], "texture": "#2"},
				"down": {"uv": [0, 0, 0.5, 5.5], "texture": "#2"}
			}
		},
		{
			"from": [2, 2, 12],
			"to": [14, 4, 13],
			"rotation": {"angle": 0, "axis": "y", "origin": [14, 10, 5]},
			"faces": {
				"north": {"uv": [0, 0, 6, 1], "texture": "#2"},
				"east": {"uv": [0, 0, 0.5, 1], "texture": "#2"},
				"south": {"uv": [0, 0, 6, 1], "texture": "#2"},
				"west": {"uv": [0, 0, 0.5, 1], "texture": "#2"},
				"up": {"uv": [0, 0, 0.5, 6], "rotation": 270, "texture": "#2"},
				"down": {"uv": [0, 0, 0.5, 6], "rotation": 90, "texture": "#2"}
			}
		},
		{
			"from": [1, 4, 13],
			"to": [15, 7, 14],
			"rotation": {"angle": 0, "axis": "y", "origin": [14, 12, 6]},
			"faces": {
				"north": {"uv": [0, 0, 7, 1.5], "texture": "#2"},
				"east": {"uv": [0, 0, 0.5, 1.5], "texture": "#2"},
				"south": {"uv": [0, 0, 7, 1.5], "texture": "#2"},
				"west": {"uv": [0, 0, 0.5, 1.5], "texture": "#2"},
				"up": {"uv": [0, 0, 0.5, 7], "rotation": 270, "texture": "#2"},
				"down": {"uv": [0, 0, 0.5, 7], "rotation": 90, "texture": "#2"}
			}
		}
	],
	"display": {
		"head": {
			"translation": [0, 28.25, 1.5],
			"scale": [4, 4, 4]
		}
	}
}