{
	"credit": "Made with Blockbench",
	"textures": {
		"0": "item/laser_rifle1",
		"1": "item/laser_rifle2",
		"2": "item/laser_rifle3",
		"3": "item/laser_rifle4",
		"4": "item/laser_rifle5",
		"5": "item/laser_rifle6",
		"6": "item/laser_rifle7",
		"7": "item/laser_rifle8",
		"8": "item/laser_rifle9",
		"9": "item/laser_rifle10",
		"10": "item/laser_rifle11",
		"11": "item/laser_rifle12",
		"12": "item/laser_rifle13",
		"13": "item/laser_rifle14",
		"14": "item/laser_rifle15",
		"15": "item/laser_rifle16",
		"16": "item/laser_rifle17",
		"17": "item/laser_rifle18",
		"18": "item/laser_rifle19",
		"19": "item/laser_rifle20",
		"20": "item/laser_rifle21",
		"21": "item/laser_rifle22",
		"22": "item/laser_rifle23",
		"23": "item/laser_rifle24",
		"particle": "item/laser_rifle1"
	},
	"elements": [
		{
			"from": [7, 3.5, 7],
			"to": [8.5, 4, 17],
			"faces": {
				"north": {"uv": [4, 2, 6, 3], "texture": "#0"},
				"east": {"uv": [4, 0, 14, 1], "texture": "#0"},
				"south": {"uv": [4, 3, 6, 4], "texture": "#0"},
				"west": {"uv": [4, 1, 14, 2], "texture": "#0"},
				"up": {"uv": [2, 10, 0, 0], "texture": "#0"},
				"down": {"uv": [4, 0, 2, 10], "texture": "#0"}
			}
		},
		{
			"from": [7, 4, 1],
			"to": [8.5, 4.34, 8],
			"faces": {
				"north": {"uv": [4, 2, 6, 3], "texture": "#1"},
				"east": {"uv": [4, 0, 11, 1], "texture": "#1"},
				"south": {"uv": [4, 3, 6, 4], "texture": "#1"},
				"west": {"uv": [4, 1, 11, 2], "texture": "#1"},
				"up": {"uv": [2, 7, 0, 0], "texture": "#1"},
				"down": {"uv": [4, 0, 2, 7], "texture": "#1"}
			}
		},
		{
			"from": [7, 4.68, 1],
			"to": [8.5, 5.02, 8],
			"faces": {
				"north": {"uv": [4, 2, 6, 3], "texture": "#1"},
				"east": {"uv": [4, 0, 11, 1], "texture": "#1"},
				"south": {"uv": [4, 3, 6, 4], "texture": "#1"},
				"west": {"uv": [4, 1, 11, 2], "texture": "#1"},
				"up": {"uv": [2, 7, 0, 0], "texture": "#1"},
				"down": {"uv": [4, 0, 2, 7], "texture": "#1"}
			}
		},
		{
			"from": [7, 3.75, 5.25],
			"to": [8.5, 4, 5.5],
			"faces": {
				"north": {"uv": [0, 0, 2, 1], "texture": "#18"},
				"east": {"uv": [2, 1, 3, 2], "texture": "#18"},
				"south": {"uv": [0, 1, 2, 2], "texture": "#18"},
				"west": {"uv": [2, 2, 3, 3], "texture": "#18"},
				"up": {"uv": [2, 3, 0, 2], "texture": "#18"},
				"down": {"uv": [4, 0, 2, 1], "texture": "#18"}
			}
		},
		{
			"from": [7, 4.34, 1],
			"to": [8.5, 4.68, 8],
			"faces": {
				"north": {"uv": [4, 2, 6, 3], "texture": "#23"},
				"east": {"uv": [4, 0, 11, 1], "texture": "#23"},
				"south": {"uv": [4, 3, 6, 4], "texture": "#23"},
				"west": {"uv": [4, 1, 11, 2], "texture": "#23"},
				"up": {"uv": [2, 7, 0, 0], "texture": "#23"},
				"down": {"uv": [4, 0, 2, 7], "texture": "#23"}
			}
		},
		{
			"from": [7, 4, 8],
			"to": [8.5, 5, 10],
			"faces": {
				"north": {"uv": [2, 0, 4, 1], "texture": "#2"},
				"east": {"uv": [2, 1, 4, 2], "texture": "#2"},
				"south": {"uv": [2, 2, 4, 3], "texture": "#2"},
				"west": {"uv": [2, 3, 4, 4], "texture": "#2"},
				"up": {"uv": [2, 2, 0, 0], "texture": "#2"},
				"down": {"uv": [2, 2, 0, 4], "texture": "#2"}
			}
		},
		{
			"from": [7, 5, 2],
			"to": [8.5, 5.5, 17],
			"rotation": {"angle": 0, "axis": "y", "origin": [1, 1, 1]},
			"faces": {
				"north": {"uv": [2, 1, 3, 1.5], "texture": "#3"},
				"east": {"uv": [2, 0, 9.5, 0.5], "texture": "#3"},
				"south": {"uv": [2, 1.5, 3, 2], "texture": "#3"},
				"west": {"uv": [2, 0.5, 9.5, 1], "texture": "#3"},
				"up": {"uv": [1, 7.5, 0, 0], "texture": "#3"},
				"down": {"uv": [2, 0, 1, 7.5], "texture": "#3"}
			}
		},
		{
			"from": [7, 4.7, 0.5],
			"to": [8.5, 4.825, 1],
			"faces": {
				"north": {"uv": [0, 0, 2, 1], "texture": "#4"},
				"east": {"uv": [2, 1, 3, 2], "texture": "#4"},
				"south": {"uv": [0, 1, 2, 2], "texture": "#4"},
				"west": {"uv": [2, 2, 3, 3], "texture": "#4"},
				"up": {"uv": [2, 3, 0, 2], "texture": "#4"},
				"down": {"uv": [4, 0, 2, 1], "texture": "#4"}
			}
		},
		{
			"from": [7, 3.6, 0.5],
			"to": [8.5, 3.725, 1],
			"faces": {
				"north": {"uv": [0, 0, 2, 1], "texture": "#5"},
				"east": {"uv": [2, 1, 3, 2], "texture": "#5"},
				"south": {"uv": [0, 1, 2, 2], "texture": "#5"},
				"west": {"uv": [2, 2, 3, 3], "texture": "#5"},
				"up": {"uv": [2, 3, 0, 2], "texture": "#5"},
				"down": {"uv": [4, 0, 2, 1], "texture": "#5"}
			}
		},
		{
			"from": [7, 3.5, 1],
			"to": [8.5, 4, 1.5],
			"faces": {
				"north": {"uv": [0, 0, 2, 1], "texture": "#6"},
				"east": {"uv": [2, 1, 3, 2], "texture": "#6"},
				"south": {"uv": [0, 1, 2, 2], "texture": "#6"},
				"west": {"uv": [2, 2, 3, 3], "texture": "#6"},
				"up": {"uv": [2, 3, 0, 2], "texture": "#6"},
				"down": {"uv": [4, 0, 2, 1], "texture": "#6"}
			}
		},
		{
			"from": [7, 3.3, 0],
			"to": [8.5, 5.8, 0.5],
			"faces": {
				"north": {"uv": [0, 0, 2, 3], "texture": "#7"},
				"east": {"uv": [0, 3, 1, 6], "texture": "#7"},
				"south": {"uv": [2, 0, 4, 3], "texture": "#7"},
				"west": {"uv": [1, 3, 2, 6], "texture": "#7"},
				"up": {"uv": [4, 4, 2, 3], "texture": "#7"},
				"down": {"uv": [6, 0, 4, 1], "texture": "#7"}
			}
		},
		{
			"from": [7, 5.5, 6],
			"to": [8.5, 6, 13],
			"faces": {
				"north": {"uv": [4, 2, 6, 3], "texture": "#8"},
				"east": {"uv": [4, 0, 11, 1], "texture": "#8"},
				"south": {"uv": [4, 3, 6, 4], "texture": "#8"},
				"west": {"uv": [4, 1, 11, 2], "texture": "#8"},
				"up": {"uv": [2, 7, 0, 0], "texture": "#8"},
				"down": {"uv": [4, 0, 2, 7], "texture": "#8"}
			}
		},
		{
			"from": [7, 6, 8],
			"to": [8.5, 6.25, 12.5],
			"faces": {
				"north": {"uv": [4, 2, 6, 3], "texture": "#9"},
				"east": {"uv": [4, 0, 9, 1], "texture": "#9"},
				"south": {"uv": [4, 3, 6, 4], "texture": "#9"},
				"west": {"uv": [4, 1, 9, 2], "texture": "#9"},
				"up": {"uv": [2, 5, 0, 0], "texture": "#9"},
				"down": {"uv": [4, 0, 2, 5], "texture": "#9"}
			}
		},
		{
			"from": [7, 6.75, 8],
			"to": [8.5, 7, 9.5],
			"faces": {
				"north": {"uv": [4, 2, 6, 3], "texture": "#9"},
				"east": {"uv": [4, 0, 9, 1], "texture": "#9"},
				"south": {"uv": [4, 3, 6, 4], "texture": "#9"},
				"west": {"uv": [4, 1, 9, 2], "texture": "#9"},
				"up": {"uv": [2, 5, 0, 0], "texture": "#9"},
				"down": {"uv": [4, 0, 2, 5], "texture": "#9"}
			}
		},
		{
			"from": [7, 4.25, 10],
			"to": [8.5, 4.75, 11],
			"faces": {
				"north": {"uv": [0, 0, 2, 1], "texture": "#10"},
				"east": {"uv": [2, 1, 3, 2], "texture": "#10"},
				"south": {"uv": [0, 1, 2, 2], "texture": "#10"},
				"west": {"uv": [2, 2, 3, 3], "texture": "#10"},
				"up": {"uv": [2, 3, 0, 2], "texture": "#10"},
				"down": {"uv": [4, 0, 2, 1], "texture": "#10"}
			}
		},
		{
			"from": [7, 3, 6],
			"to": [8.5, 4, 7],
			"faces": {
				"north": {"uv": [0, 0, 2, 1], "texture": "#11"},
				"east": {"uv": [2, 1, 3, 2], "texture": "#11"},
				"south": {"uv": [0, 1, 2, 2], "texture": "#11"},
				"west": {"uv": [2, 2, 3, 3], "texture": "#11"},
				"up": {"uv": [2, 3, 0, 2], "texture": "#11"},
				"down": {"uv": [4, 0, 2, 1], "texture": "#11"}
			}
		},
		{
			"from": [7, 3, 5],
			"to": [8.5, 3.25, 6],
			"faces": {
				"north": {"uv": [0, 0, 2, 1], "texture": "#12"},
				"east": {"uv": [2, 1, 3, 2], "texture": "#12"},
				"south": {"uv": [0, 1, 2, 2], "texture": "#12"},
				"west": {"uv": [2, 2, 3, 3], "texture": "#12"},
				"up": {"uv": [2, 3, 0, 2], "texture": "#12"},
				"down": {"uv": [4, 0, 2, 1], "texture": "#12"}
			}
		},
		{
			"from": [7, 2.5, 4.5],
			"to": [8.5, 4, 5],
			"faces": {
				"north": {"uv": [0, 0, 2, 2], "texture": "#13"},
				"east": {"uv": [2, 0, 3, 2], "texture": "#13"},
				"south": {"uv": [0, 2, 2, 4], "texture": "#13"},
				"west": {"uv": [2, 2, 3, 4], "texture": "#13"},
				"up": {"uv": [5, 1, 3, 0], "texture": "#13"},
				"down": {"uv": [5, 1, 3, 2], "texture": "#13"}
			}
		},
		{
			"from": [7, 2.25, 4.25],
			"to": [8.5, 3.75, 4.5],
			"faces": {
				"north": {"uv": [0, 0, 2, 2], "texture": "#14"},
				"east": {"uv": [2, 0, 3, 2], "texture": "#14"},
				"south": {"uv": [0, 2, 2, 4], "texture": "#14"},
				"west": {"uv": [2, 2, 3, 4], "texture": "#14"},
				"up": {"uv": [5, 1, 3, 0], "texture": "#14"},
				"down": {"uv": [5, 1, 3, 2], "texture": "#14"}
			}
		},
		{
			"from": [7, 2, 4],
			"to": [8.5, 3.5, 4.25],
			"faces": {
				"north": {"uv": [0, 0, 2, 2], "texture": "#15"},
				"east": {"uv": [2, 0, 3, 2], "texture": "#15"},
				"south": {"uv": [0, 2, 2, 4], "texture": "#15"},
				"west": {"uv": [2, 2, 3, 4], "texture": "#15"},
				"up": {"uv": [5, 1, 3, 0], "texture": "#15"},
				"down": {"uv": [5, 1, 3, 2], "texture": "#15"}
			}
		},
		{
			"from": [7, 1.75, 3.75],
			"to": [8.5, 3.25, 4],
			"faces": {
				"north": {"uv": [0, 0, 2, 2], "texture": "#16"},
				"east": {"uv": [2, 0, 3, 2], "texture": "#16"},
				"south": {"uv": [0, 2, 2, 4], "texture": "#16"},
				"west": {"uv": [2, 2, 3, 4], "texture": "#16"},
				"up": {"uv": [5, 1, 3, 0], "texture": "#16"},
				"down": {"uv": [5, 1, 3, 2], "texture": "#16"}
			}
		},
		{
			"from": [7, 1.5, 3.5],
			"to": [8.5, 3, 3.75],
			"faces": {
				"north": {"uv": [0, 0, 2, 2], "texture": "#17"},
				"east": {"uv": [2, 0, 3, 2], "texture": "#17"},
				"south": {"uv": [0, 2, 2, 4], "texture": "#17"},
				"west": {"uv": [2, 2, 3, 4], "texture": "#17"},
				"up": {"uv": [5, 1, 3, 0], "texture": "#17"},
				"down": {"uv": [5, 1, 3, 2], "texture": "#17"}
			}
		},
		{
			"from": [7, 3.5, 5.5],
			"to": [8.5, 3.75, 5.75],
			"faces": {
				"north": {"uv": [0, 0, 2, 1], "texture": "#19"},
				"east": {"uv": [2, 1, 3, 2], "texture": "#19"},
				"south": {"uv": [0, 1, 2, 2], "texture": "#19"},
				"west": {"uv": [2, 2, 3, 3], "texture": "#19"},
				"up": {"uv": [2, 3, 0, 2], "texture": "#19"},
				"down": {"uv": [4, 0, 2, 1], "texture": "#19"}
			}
		},
		{
			"from": [7, 6.25, 8],
			"to": [7.25, 6.75, 9.5],
			"faces": {
				"north": {"uv": [1, 2, 2, 3], "texture": "#22"},
				"east": {"uv": [0, 0, 2, 1], "texture": "#22"},
				"south": {"uv": [2, 2, 3, 3], "texture": "#22"},
				"west": {"uv": [0, 1, 2, 2], "texture": "#22"},
				"up": {"uv": [1, 4, 0, 2], "texture": "#22"},
				"down": {"uv": [3, 0, 2, 2], "texture": "#22"}
			}
		},
		{
			"from": [8.25, 6.25, 8],
			"to": [8.5, 6.75, 9.5],
			"faces": {
				"north": {"uv": [1, 2, 2, 3], "texture": "#20"},
				"east": {"uv": [0, 0, 2, 1], "texture": "#20"},
				"south": {"uv": [2, 2, 3, 3], "texture": "#20"},
				"west": {"uv": [0, 1, 2, 2], "texture": "#20"},
				"up": {"uv": [1, 4, 0, 2], "texture": "#20"},
				"down": {"uv": [3, 0, 2, 2], "texture": "#20"}
			}
		},
		{
			"from": [7.25, 6.25, 8],
			"to": [8.25, 6.75, 9.5],
			"faces": {
				"north": {"uv": [1, 2, 2, 3], "texture": "#21"},
				"east": {"uv": [0, 0, 2, 1], "texture": "#21"},
				"south": {"uv": [2, 2, 3, 3], "texture": "#21"},
				"west": {"uv": [0, 1, 2, 2], "texture": "#21"},
				"up": {"uv": [1, 4, 0, 2], "texture": "#21"},
				"down": {"uv": [3, 0, 2, 2], "texture": "#21"}
			}
		}
	],
	"display": {
		"thirdperson_righthand": {
			"rotation": [0, 180, 0],
			"translation": [0, 4.25, -2.25],
			"scale": [1, 1, 1.2]
		},
		"firstperson_righthand": {
			"rotation": [0, -180, 0],
			"translation": [0, 5.5, 0],
			"scale": [1, 1, 1.2]
		},
		"ground": {
			"rotation": [45, 180, 0],
			"translation": [0, 4.25, 0]
		},
		"gui": {
			"rotation": [-90, 45, 90],
			"translation": [-3, 2.75, 0],
			"scale": [1, 1, 1.2]
		},
		"fixed": {
			"rotation": [-90, -45, -90],
			"translation": [3, 2.75, 0],
			"scale": [1, 1, 1.2]
		}
	}
}