{
	"credit": "Made with Blockbench",
	"textures": {
		"0": "item/wood",
		"1": "item/hull",
		"2": "item/hull_2",
		"particle": "item/wood"
	},
	"elements": [
		{
			"from": [0, 0, 7.25],
			"to": [3.25, 1, 8.75],
			"rotation": {"angle": 0, "axis": "y", "origin": [8, 8, 15.5]},
			"faces": {
				"north": {"uv": [0, 0, 3.25, 1], "texture": "#1"},
				"east": {"uv": [0, 0, 1.5, 1], "texture": "#1"},
				"south": {"uv": [0, 0, 3.25, 1], "texture": "#1"},
				"west": {"uv": [0, 0, 1.5, 1], "texture": "#1"},
				"up": {"uv": [0, 0, 3.25, 1.5], "texture": "#1"},
				"down": {"uv": [0, 0, 3.25, 1.5], "texture": "#1"}
			}
		},
		{
			"from": [0.1, 1, 7.25],
			"to": [3.35, 2, 8.75],
			"rotation": {"angle": 0, "axis": "y", "origin": [8.1, 9, 15.5]},
			"faces": {
				"north": {"uv": [0, 0, 3.25, 1], "texture": "#1"},
				"east": {"uv": [0, 0, 1.5, 1], "texture": "#1"},
				"south": {"uv": [0, 0, 3.25, 1], "texture": "#1"},
				"west": {"uv": [0, 0, 1.5, 1], "texture": "#1"},
				"up": {"uv": [0, 0, 3.25, 1.5], "texture": "#1"},
				"down": {"uv": [0, 0, 3.25, 1.5], "texture": "#1"}
			}
		},
		{
			"from": [0.3, 2, 7.25],
			"to": [3.55, 3, 8.75],
			"rotation": {"angle": 0, "axis": "y", "origin": [8.3, 10, 15.5]},
			"faces": {
				"north": {"uv": [0, 0, 3.25, 1], "texture": "#1"},
				"east": {"uv": [0, 0, 1.5, 1], "texture": "#1"},
				"south": {"uv": [0, 0, 3.25, 1], "texture": "#1"},
				"west": {"uv": [0, 0, 1.5, 1], "texture": "#1"},
				"up": {"uv": [0, 0, 3.25, 1.5], "texture": "#1"},
				"down": {"uv": [0, 0, 3.25, 1.5], "texture": "#1"}
			}
		},
		{
			"from": [0.4, 3, 7.25],
			"to": [3.65, 4, 8.75],
			"rotation": {"angle": 0, "axis": "y", "origin": [8.4, 11, 15.5]},
			"faces": {
				"north": {"uv": [0, 0, 3.25, 1], "texture": "#1"},
				"east": {"uv": [0, 0, 1.5, 1], "texture": "#1"},
				"south": {"uv": [0, 0, 3.25, 1], "texture": "#1"},
				"west": {"uv": [0, 0, 1.5, 1], "texture": "#1"},
				"up": {"uv": [0, 0, 3.25, 1.5], "texture": "#1"},
				"down": {"uv": [0, 0, 3.25, 1.5], "texture": "#1"}
			}
		},
		{
			"from": [1, 4, 7.2],
			"to": [3.2, 5, 7.25],
			"rotation": {"angle": 0, "axis": "y", "origin": [8.5, 12, 14]},
			"faces": {
				"north": {"uv": [0, 0, 2.2, 1], "texture": "#0"},
				"east": {"uv": [0, 0, 0.05, 1], "texture": "#0"},
				"south": {"uv": [0, 0, 2.2, 1], "texture": "#0"},
				"west": {"uv": [0, 0, 0.05, 1], "texture": "#0"},
				"up": {"uv": [0, 0, 2.2, 0.05], "texture": "#0"},
				"down": {"uv": [0, 0, 2.2, 0.05], "texture": "#0"}
			}
		},
		{
			"from": [1, 4, 8.75],
			"to": [3.2, 5, 8.8],
			"rotation": {"angle": 0, "axis": "y", "origin": [8.5, 12, 15.55]},
			"faces": {
				"north": {"uv": [0, 0, 2.2, 1], "texture": "#0"},
				"east": {"uv": [0, 0, 0.05, 1], "texture": "#0"},
				"south": {"uv": [0, 0, 2.2, 1], "texture": "#0"},
				"west": {"uv": [0, 0, 0.05, 1], "texture": "#0"},
				"up": {"uv": [0, 0, 2.2, 0.05], "texture": "#0"},
				"down": {"uv": [0, 0, 2.2, 0.05], "texture": "#0"}
			}
		},
		{
			"from": [0.8, 3, 7.2],
			"to": [3.1, 4, 7.25],
			"rotation": {"angle": 0, "axis": "y", "origin": [8.5, 11, 14]},
			"faces": {
				"north": {"uv": [0, 0, 2.3, 1], "texture": "#0"},
				"east": {"uv": [0, 0, 0.05, 1], "texture": "#0"},
				"south": {"uv": [0, 0, 2.3, 1], "texture": "#0"},
				"west": {"uv": [0, 0, 0.05, 1], "texture": "#0"},
				"up": {"uv": [0, 0, 2.3, 0.05], "texture": "#0"},
				"down": {"uv": [0, 0, 2.3, 0.05], "texture": "#0"}
			}
		},
		{
			"from": [0.8, 3, 8.75],
			"to": [3.1, 4, 8.8],
			"rotation": {"angle": 0, "axis": "y", "origin": [8.5, 11, 15.55]},
			"faces": {
				"north": {"uv": [0, 0, 2.3, 1], "texture": "#0"},
				"east": {"uv": [0, 0, 0.05, 1], "texture": "#0"},
				"south": {"uv": [0, 0, 2.3, 1], "texture": "#0"},
				"west": {"uv": [0, 0, 0.05, 1], "texture": "#0"},
				"up": {"uv": [0, 0, 2.3, 0.05], "texture": "#0"},
				"down": {"uv": [0, 0, 2.3, 0.05], "texture": "#0"}
			}
		},
		{
			"from": [0.7, 2, 7.2],
			"to": [3, 3, 7.25],
			"rotation": {"angle": 0, "axis": "y", "origin": [8.4, 10, 14]},
			"faces": {
				"north": {"uv": [0, 0, 2.3, 1], "texture": "#0"},
				"east": {"uv": [0, 0, 0.05, 1], "texture": "#0"},
				"south": {"uv": [0, 0, 2.3, 1], "texture": "#0"},
				"west": {"uv": [0, 0, 0.05, 1], "texture": "#0"},
				"up": {"uv": [0, 0, 2.3, 0.05], "texture": "#0"},
				"down": {"uv": [0, 0, 2.3, 0.05], "texture": "#0"}
			}
		},
		{
			"from": [0.7, 2, 8.75],
			"to": [3, 3, 8.8],
			"rotation": {"angle": 0, "axis": "y", "origin": [8.4, 10, 15.55]},
			"faces": {
				"north": {"uv": [0, 0, 2.3, 1], "texture": "#0"},
				"east": {"uv": [0, 0, 0.05, 1], "texture": "#0"},
				"south": {"uv": [0, 0, 2.3, 1], "texture": "#0"},
				"west": {"uv": [0, 0, 0.05, 1], "texture": "#0"},
				"up": {"uv": [0, 0, 2.3, 0.05], "texture": "#0"},
				"down": {"uv": [0, 0, 2.3, 0.05], "texture": "#0"}
			}
		},
		{
			"from": [0.6, 1, 7.2],
			"to": [2.9, 2, 7.25],
			"rotation": {"angle": 0, "axis": "y", "origin": [8.3, 9, 14]},
			"faces": {
				"north": {"uv": [0, 0, 2.3, 1], "texture": "#0"},
				"east": {"uv": [0, 0, 0.05, 1], "texture": "#0"},
				"south": {"uv": [0, 0, 2.3, 1], "texture": "#0"},
				"west": {"uv": [0, 0, 0.05, 1], "texture": "#0"},
				"up": {"uv": [0, 0, 2.3, 0.05], "texture": "#0"},
				"down": {"uv": [0, 0, 2.3, 0.05], "texture": "#0"}
			}
		},
		{
			"from": [0.6, 1, 8.75],
			"to": [2.9, 2, 8.8],
			"rotation": {"angle": 0, "axis": "y", "origin": [8.3, 9, 15.55]},
			"faces": {
				"north": {"uv": [0, 0, 2.3, 1], "texture": "#0"},
				"east": {"uv": [0, 0, 0.05, 1], "texture": "#0"},
				"south": {"uv": [0, 0, 2.3, 1], "texture": "#0"},
				"west": {"uv": [0, 0, 0.05, 1], "texture": "#0"},
				"up": {"uv": [0, 0, 2.3, 0.05], "texture": "#0"},
				"down": {"uv": [0, 0, 2.3, 0.05], "texture": "#0"}
			}
		},
		{
			"from": [0.5, 0, 7.2],
			"to": [2.8, 1, 7.25],
			"rotation": {"angle": 0, "axis": "y", "origin": [8.2, 8, 14]},
			"faces": {
				"north": {"uv": [0, 0, 2.3, 1], "texture": "#0"},
				"east": {"uv": [0, 0, 0.05, 1], "texture": "#0"},
				"south": {"uv": [0, 0, 2.3, 1], "texture": "#0"},
				"west": {"uv": [0, 0, 0.05, 1], "texture": "#0"},
				"up": {"uv": [0, 0, 2.3, 0.05], "texture": "#0"},
				"down": {"uv": [0, 0, 2.3, 0.05], "texture": "#0"}
			}
		},
		{
			"from": [0.5, 0, 8.75],
			"to": [2.8, 1, 8.8],
			"rotation": {"angle": 0, "axis": "y", "origin": [8.2, 8, 15.55]},
			"faces": {
				"north": {"uv": [0, 0, 2.3, 1], "texture": "#0"},
				"east": {"uv": [0, 0, 0.05, 1], "texture": "#0"},
				"south": {"uv": [0, 0, 2.3, 1], "texture": "#0"},
				"west": {"uv": [0, 0, 0.05, 1], "texture": "#0"},
				"up": {"uv": [0, 0, 2.3, 0.05], "texture": "#0"},
				"down": {"uv": [0, 0, 2.3, 0.05], "texture": "#0"}
			}
		},
		{
			"from": [0.25, 4, 7.25],
			"to": [3.75, 5, 8.75],
			"rotation": {"angle": 0, "axis": "y", "origin": [8.5, 12, 15.5]},
			"faces": {
				"north": {"uv": [0, 0, 3.5, 1], "texture": "#1"},
				"east": {"uv": [0, 0, 1.5, 1], "texture": "#1"},
				"south": {"uv": [0, 0, 3.5, 1], "texture": "#1"},
				"west": {"uv": [0, 0, 1.5, 1], "texture": "#1"},
				"up": {"uv": [0, 0, 3.5, 1.5], "texture": "#1"},
				"down": {"uv": [0, 0, 3.5, 1.5], "texture": "#1"}
			}
		},
		{
			"from": [3.65, 3.75, 7.25],
			"to": [6.75, 4, 8.75],
			"rotation": {"angle": 0, "axis": "y", "origin": [12.75, 11, 15.5]},
			"faces": {
				"north": {"uv": [0, 0, 3.1, 0.25], "texture": "#1"},
				"east": {"uv": [0, 0, 1.5, 0.25], "texture": "#1"},
				"south": {"uv": [0, 0, 3.1, 0.25], "texture": "#1"},
				"west": {"uv": [0, 0, 1.5, 0.25], "texture": "#1"},
				"up": {"uv": [0, 0, 3.1, 1.5], "texture": "#1"},
				"down": {"uv": [0, 0, 3.1, 1.5], "texture": "#1"}
			}
		},
		{
			"from": [6.65, 4, 7.25],
			"to": [6.85, 5, 8.75],
			"rotation": {"angle": 0, "axis": "y", "origin": [12.75, 12, 15.5]},
			"faces": {
				"north": {"uv": [0, 0, 0.2, 1], "texture": "#1"},
				"east": {"uv": [0, 0, 1.5, 1], "texture": "#1"},
				"south": {"uv": [0, 0, 0.2, 1], "texture": "#1"},
				"west": {"uv": [0, 0, 1.5, 1], "texture": "#1"},
				"up": {"uv": [0, 0, 0.2, 1.5], "texture": "#1"},
				"down": {"uv": [0, 0, 0.2, 1.5], "texture": "#1"}
			}
		},
		{
			"from": [4.15, 4.25, 7.5],
			"to": [4.35, 5, 8.5],
			"rotation": {"angle": 0, "axis": "y", "origin": [10.25, 12, 15.5]},
			"faces": {
				"north": {"uv": [0, 0, 0.2, 0.75], "texture": "#1"},
				"east": {"uv": [0, 0, 1, 0.75], "texture": "#1"},
				"south": {"uv": [0, 0, 0.2, 0.75], "texture": "#1"},
				"west": {"uv": [0, 0, 1, 0.75], "texture": "#1"},
				"up": {"uv": [0, 0, 0.2, 1], "texture": "#1"},
				"down": {"uv": [0, 0, 0.2, 1], "texture": "#1"}
			}
		},
		{
			"from": [0, 5, 7.25],
			"to": [10.5, 6, 8.75],
			"rotation": {"angle": 0, "axis": "y", "origin": [8.5, 13, 15.5]},
			"faces": {
				"north": {"uv": [0, 0, 10.5, 1], "texture": "#1"},
				"east": {"uv": [0, 0, 1.5, 1], "texture": "#1"},
				"south": {"uv": [0, 0, 10.5, 1], "texture": "#1"},
				"west": {"uv": [0, 0, 1.5, 1], "texture": "#1"},
				"up": {"uv": [0, 0, 10.5, 1.5], "texture": "#1"},
				"down": {"uv": [0, 0, 10.5, 1.5], "texture": "#1"}
			}
		},
		{
			"from": [-0.5, 5.2, 7.25],
			"to": [0, 6, 8.75],
			"rotation": {"angle": 0, "axis": "y", "origin": [-2, 13, 15.5]},
			"faces": {
				"north": {"uv": [0, 0, 0.5, 0.8], "texture": "#1"},
				"east": {"uv": [0, 0, 1.5, 0.8], "texture": "#1"},
				"south": {"uv": [0, 0, 0.5, 0.8], "texture": "#1"},
				"west": {"uv": [0, 0, 1.5, 0.8], "texture": "#1"},
				"up": {"uv": [0, 0, 0.5, 1.5], "texture": "#1"},
				"down": {"uv": [0, 0, 0.5, 1.5], "texture": "#1"}
			}
		},
		{
			"from": [-1, 5.3, 7.45],
			"to": [-0.5, 5.9, 8.55],
			"rotation": {"angle": 0, "axis": "y", "origin": [-2.5, 13, 15.5]},
			"faces": {
				"north": {"uv": [0, 0, 0.5, 0.6], "texture": "#1"},
				"east": {"uv": [0, 0, 1.1, 0.6], "texture": "#1"},
				"south": {"uv": [0, 0, 0.5, 0.6], "texture": "#1"},
				"west": {"uv": [0, 0, 1.1, 0.6], "texture": "#1"},
				"up": {"uv": [0, 0, 0.5, 1.1], "texture": "#1"},
				"down": {"uv": [0, 0, 0.5, 1.1], "texture": "#1"}
			}
		},
		{
			"from": [-0.5, 6.55, 7.7],
			"to": [0, 7.15, 8.3],
			"rotation": {"angle": 0, "axis": "y", "origin": [-2, 14.25, 15.5]},
			"faces": {
				"north": {"uv": [0, 0, 0.5, 0.6], "texture": "#1"},
				"east": {"uv": [0, 0, 0.6, 0.6], "texture": "#1"},
				"south": {"uv": [0, 0, 0.5, 0.6], "texture": "#1"},
				"west": {"uv": [0, 0, 0.6, 0.6], "texture": "#1"},
				"up": {"uv": [0, 0, 0.5, 0.6], "texture": "#1"},
				"down": {"uv": [0, 0, 0.5, 0.6], "texture": "#1"}
			}
		},
		{
			"from": [-1, 6.9, 7.7],
			"to": [-0.5, 7.25, 8.3],
			"rotation": {"angle": 0, "axis": "y", "origin": [-2.5, 14.35, 15.5]},
			"faces": {
				"north": {"uv": [0, 0, 0.5, 0.35], "texture": "#1"},
				"east": {"uv": [0, 0, 0.6, 0.35], "texture": "#1"},
				"south": {"uv": [0, 0, 0.5, 0.35], "texture": "#1"},
				"west": {"uv": [0, 0, 0.6, 0.35], "texture": "#1"},
				"up": {"uv": [0, 0, 0.5, 0.6], "texture": "#1"},
				"down": {"uv": [0, 0, 0.5, 0.6], "texture": "#1"}
			}
		},
		{
			"from": [2, 7.4, 8.2],
			"to": [2.75, 7.75, 8.55],
			"rotation": {"angle": 0, "axis": "y", "origin": [0.5, 14.85, 15.5]},
			"faces": {
				"north": {"uv": [0, 0, 0.75, 0.35], "texture": "#1"},
				"east": {"uv": [0, 0, 0.35, 0.35], "texture": "#1"},
				"south": {"uv": [0, 0, 0.75, 0.35], "texture": "#1"},
				"west": {"uv": [0, 0, 0.35, 0.35], "texture": "#1"},
				"up": {"uv": [0, 0, 0.75, 0.35], "texture": "#1"},
				"down": {"uv": [0, 0, 0.75, 0.35], "texture": "#1"}
			}
		},
		{
			"from": [12, 7.4, 7.8],
			"to": [12.75, 7.75, 8.15],
			"rotation": {"angle": 0, "axis": "y", "origin": [10.5, 14.85, 15.1]},
			"faces": {
				"north": {"uv": [0, 0, 0.75, 0.35], "texture": "#1"},
				"east": {"uv": [0, 0, 0.35, 0.35], "texture": "#1"},
				"south": {"uv": [0, 0, 0.75, 0.35], "texture": "#1"},
				"west": {"uv": [0, 0, 0.35, 0.35], "texture": "#1"},
				"up": {"uv": [0, 0, 0.75, 0.35], "texture": "#1"},
				"down": {"uv": [0, 0, 0.75, 0.35], "texture": "#1"}
			}
		},
		{
			"from": [2, 7.4, 7.8],
			"to": [2.75, 7.55, 8.2],
			"rotation": {"angle": 0, "axis": "y", "origin": [0.5, 14.85, 15.25]},
			"faces": {
				"north": {"uv": [0, 0, 0.75, 0.15], "texture": "#1"},
				"east": {"uv": [0, 0, 0.4, 0.15], "texture": "#1"},
				"south": {"uv": [0, 0, 0.75, 0.15], "texture": "#1"},
				"west": {"uv": [0, 0, 0.4, 0.15], "texture": "#1"},
				"up": {"uv": [0, 0, 0.75, 0.4], "texture": "#1"},
				"down": {"uv": [0, 0, 0.75, 0.4], "texture": "#1"}
			}
		},
		{
			"from": [2, 7.4, 7.45],
			"to": [2.75, 7.75, 7.8],
			"rotation": {"angle": 0, "axis": "y", "origin": [0.5, 14.85, 14.75]},
			"faces": {
				"north": {"uv": [0, 0, 0.75, 0.35], "texture": "#1"},
				"east": {"uv": [0, 0, 0.35, 0.35], "texture": "#1"},
				"south": {"uv": [0, 0, 0.75, 0.35], "texture": "#1"},
				"west": {"uv": [0, 0, 0.35, 0.35], "texture": "#1"},
				"up": {"uv": [0, 0, 0.75, 0.35], "texture": "#1"},
				"down": {"uv": [0, 0, 0.75, 0.35], "texture": "#1"}
			}
		},
		{
			"from": [-1.2, 5.4, 7.45],
			"to": [-1, 5.9, 8.55],
			"rotation": {"angle": 0, "axis": "y", "origin": [-3, 13, 15.5]},
			"faces": {
				"north": {"uv": [0, 0, 0.2, 0.5], "texture": "#1"},
				"east": {"uv": [0, 0, 1.1, 0.5], "texture": "#1"},
				"south": {"uv": [0, 0, 0.2, 0.5], "texture": "#1"},
				"west": {"uv": [0, 0, 1.1, 0.5], "texture": "#1"},
				"up": {"uv": [0, 0, 0.2, 1.1], "texture": "#1"},
				"down": {"uv": [0, 0, 0.2, 1.1], "texture": "#1"}
			}
		},
		{
			"from": [10.5, 5, 7.5],
			"to": [13.5, 6, 8.5],
			"rotation": {"angle": 0, "axis": "y", "origin": [19.5, 13, 15.5]},
			"faces": {
				"north": {"uv": [0, 0, 3, 1], "texture": "#1"},
				"east": {"uv": [0, 0, 1, 1], "texture": "#1"},
				"south": {"uv": [0, 0, 3, 1], "texture": "#1"},
				"west": {"uv": [0, 0, 1, 1], "texture": "#1"},
				"up": {"uv": [0, 0, 3, 1], "texture": "#1"},
				"down": {"uv": [0, 0, 3, 1], "texture": "#1"}
			}
		},
		{
			"from": [11, 6, 7.5],
			"to": [13.5, 6.2, 8.5],
			"rotation": {"angle": 0, "axis": "y", "origin": [19.5, 14, 15.5]},
			"faces": {
				"north": {"uv": [0, 0, 2.5, 0.2], "texture": "#1"},
				"east": {"uv": [0, 0, 1, 0.2], "texture": "#1"},
				"south": {"uv": [0, 0, 2.5, 0.2], "texture": "#1"},
				"west": {"uv": [0, 0, 1, 0.2], "texture": "#1"},
				"up": {"uv": [0, 0, 2.5, 1], "texture": "#1"},
				"down": {"uv": [0, 0, 2.5, 1], "texture": "#1"}
			}
		},
		{
			"from": [0, 6, 7.25],
			"to": [11, 7, 8.75],
			"rotation": {"angle": 0, "axis": "y", "origin": [8.5, 14, 15.5]},
			"faces": {
				"north": {"uv": [0, 0, 11, 1], "texture": "#2"},
				"east": {"uv": [0, 0, 1.5, 1], "texture": "#2"},
				"south": {"uv": [0, 0, 11, 1], "texture": "#2"},
				"west": {"uv": [0, 0, 1.5, 1], "texture": "#2"},
				"up": {"uv": [0, 0, 11, 1.5], "texture": "#2"},
				"down": {"uv": [0, 0, 11, 1.5], "texture": "#2"}
			}
		},
		{
			"from": [0.5, 7, 7.25],
			"to": [11, 7.4, 8.75],
			"rotation": {"angle": 0, "axis": "y", "origin": [8.5, 15, 15.5]},
			"faces": {
				"north": {"uv": [0, 0, 10.5, 0.4], "texture": "#2"},
				"east": {"uv": [0, 0, 1.5, 0.4], "texture": "#2"},
				"south": {"uv": [0, 0, 10.5, 0.4], "texture": "#2"},
				"west": {"uv": [0, 0, 1.5, 0.4], "texture": "#2"},
				"up": {"uv": [0, 0, 10.5, 1.5], "texture": "#2"},
				"down": {"uv": [0, 0, 10.5, 1.5], "texture": "#2"}
			}
		},
		{
			"from": [11, 6.2, 7.25],
			"to": [13.5, 7.4, 8.75],
			"rotation": {"angle": 0, "axis": "y", "origin": [20, 14, 15.5]},
			"faces": {
				"north": {"uv": [0, 0, 2.5, 1.2], "texture": "#2"},
				"east": {"uv": [0, 0, 1.5, 1.2], "texture": "#2"},
				"south": {"uv": [0, 0, 2.5, 1.2], "texture": "#2"},
				"west": {"uv": [0, 0, 1.5, 1.2], "texture": "#2"},
				"up": {"uv": [0, 0, 2.5, 1.5], "texture": "#2"},
				"down": {"uv": [0, 0, 2.5, 1.5], "texture": "#2"}
			}
		}
	],
	"display": {
		"thirdperson_righthand": {
			"rotation": [0, -90, 0],
			"translation": [-0.5, 1.5, -1.75],
			"scale": [-0.5, 0.52, 0.56]
		},
		"thirdperson_lefthand": {
			"rotation": [0, 90, 0],
			"translation": [-0.25, 2, -1.25],
			"scale": [-0.5, 0.52, 0.56]
		},
		"firstperson_righthand": {
			"rotation": [0, 90, 0],
			"translation": [-2.25, 4, 0]
		},
		"firstperson_lefthand": {
			"rotation": [0, -90, 0],
			"translation": [-3, 3.75, 0]
		},
		"gui": {
			"rotation": [0, 0, 45],
			"translation": [-0.75, 4, 0]
		},
		"fixed": {
			"rotation": [-180, 0, -135],
			"translation": [0.25, 3.5, 0]
		}
	},
	"groups": [
		{
			"name": "group",
			"origin": [20, 14, 15.5],
			"children": [0, 1, 2, 3, 4, 5, 6, 7, 8, 9, 10, 11, 12, 13, 14, 15, 16, 17, 18, 19, 20, 21, 22, 23, 24, 25, 26, 27, 28, 29, 30, 31, 32]
		}
	]
}