{
	"credit": "Made with Blockbench",
	"textures": {
		"0": "item/m249",
		"1": "item/m249_1",
		"2": "item/m249mag",
		"3": "item/m249ammo",
		"particle": "item/m249"
	},
	"elements": [
		{
			"from": [0, 0.2, 7.6],
			"to": [2, 1.9, 8.4],
			"rotation": {"angle": 0, "axis": "y", "origin": [8, 8.2, 15.5]},
			"faces": {
				"north": {"uv": [0, 0, 2, 1.7], "texture": "#1"},
				"east": {"uv": [0, 0, 0.8, 1.7], "texture": "#1"},
				"south": {"uv": [0, 0, 2, 1.7], "texture": "#1"},
				"west": {"uv": [0, 0, 0.8, 1.7], "texture": "#1"},
				"up": {"uv": [0, 0, 2, 0.8], "texture": "#1"},
				"down": {"uv": [0, 0, 2, 0.8], "texture": "#1"}
			}
		},
		{
			"from": [0, 1.9, 7.6],
			"to": [1, 2.8, 8.4],
			"rotation": {"angle": 0, "axis": "y", "origin": [8, 9.9, 15.5]},
			"faces": {
				"north": {"uv": [0, 0, 1, 0.9], "texture": "#1"},
				"east": {"uv": [0, 0, 0.8, 0.9], "texture": "#1"},
				"south": {"uv": [0, 0, 1, 0.9], "texture": "#1"},
				"west": {"uv": [0, 0, 0.8, 0.9], "texture": "#1"},
				"up": {"uv": [0, 0, 1, 0.8], "texture": "#1"},
				"down": {"uv": [0, 0, 1, 0.8], "texture": "#1"}
			}
		},
		{
			"from": [1, 1.9, 7.6],
			"to": [1.5, 2.7, 8.4],
			"rotation": {"angle": 0, "axis": "y", "origin": [9, 9.9, 15.5]},
			"faces": {
				"north": {"uv": [0, 0, 0.5, 0.8], "texture": "#1"},
				"east": {"uv": [0, 0, 0.8, 0.8], "texture": "#1"},
				"south": {"uv": [0, 0, 0.5, 0.8], "texture": "#1"},
				"west": {"uv": [0, 0, 0.8, 0.8], "texture": "#1"},
				"up": {"uv": [0, 0, 0.5, 0.8], "texture": "#1"},
				"down": {"uv": [0, 0, 0.5, 0.8], "texture": "#1"}
			}
		},
		{
			"from": [1.5, 1.9, 7.6],
			"to": [1.7, 2.5, 8.4],
			"rotation": {"angle": 0, "axis": "y", "origin": [9.5, 9.9, 15.5]},
			"faces": {
				"north": {"uv": [0, 0, 0.2, 0.6], "texture": "#1"},
				"east": {"uv": [0, 0, 0.8, 0.6], "texture": "#1"},
				"south": {"uv": [0, 0, 0.2, 0.6], "texture": "#1"},
				"west": {"uv": [0, 0, 0.8, 0.6], "texture": "#1"},
				"up": {"uv": [0, 0, 0.2, 0.8], "texture": "#1"},
				"down": {"uv": [0, 0, 0.2, 0.8], "texture": "#1"}
			}
		},
		{
			"from": [1.7, 1.9, 7.6],
			"to": [1.9, 2.3, 8.4],
			"rotation": {"angle": 0, "axis": "y", "origin": [9.7, 9.9, 15.5]},
			"faces": {
				"north": {"uv": [0, 0, 0.2, 0.4], "texture": "#1"},
				"east": {"uv": [0, 0, 0.8, 0.4], "texture": "#1"},
				"south": {"uv": [0, 0, 0.2, 0.4], "texture": "#1"},
				"west": {"uv": [0, 0, 0.8, 0.4], "texture": "#1"},
				"up": {"uv": [0, 0, 0.2, 0.8], "texture": "#1"},
				"down": {"uv": [0, 0, 0.2, 0.8], "texture": "#1"}
			}
		},
		{
			"from": [4.7, 2.85, 7.7],
			"to": [5.2, 3.15, 7.9],
			"rotation": {"angle": 0, "axis": "y", "origin": [12.7, 10.65, 15.6]},
			"faces": {
				"north": {"uv": [0, 0, 0.5, 0.3], "texture": "#0"},
				"east": {"uv": [0, 0, 0.2, 0.3], "texture": "#0"},
				"south": {"uv": [0, 0, 0.5, 0.3], "texture": "#0"},
				"west": {"uv": [0, 0, 0.2, 0.3], "texture": "#0"},
				"up": {"uv": [0, 0, 0.5, 0.2], "texture": "#0"},
				"down": {"uv": [0, 0, 0.5, 0.2], "texture": "#0"}
			}
		},
		{
			"from": [4.7, 2.85, 8.1],
			"to": [5.2, 3.15, 8.3],
			"rotation": {"angle": 0, "axis": "y", "origin": [12.7, 10.65, 16]},
			"faces": {
				"north": {"uv": [0, 0, 0.5, 0.3], "texture": "#0"},
				"east": {"uv": [0, 0, 0.2, 0.3], "texture": "#0"},
				"south": {"uv": [0, 0, 0.5, 0.3], "texture": "#0"},
				"west": {"uv": [0, 0, 0.2, 0.3], "texture": "#0"},
				"up": {"uv": [0, 0, 0.5, 0.2], "texture": "#0"},
				"down": {"uv": [0, 0, 0.5, 0.2], "texture": "#0"}
			}
		},
		{
			"from": [5.2, 2.85, 8.1],
			"to": [5.5, 3.05, 8.3],
			"rotation": {"angle": 0, "axis": "y", "origin": [13.2, 10.65, 16]},
			"faces": {
				"north": {"uv": [0, 0, 0.3, 0.2], "texture": "#0"},
				"east": {"uv": [0, 0, 0.2, 0.2], "texture": "#0"},
				"south": {"uv": [0, 0, 0.3, 0.2], "texture": "#0"},
				"west": {"uv": [0, 0, 0.2, 0.2], "texture": "#0"},
				"up": {"uv": [0, 0, 0.3, 0.2], "texture": "#0"},
				"down": {"uv": [0, 0, 0.3, 0.2], "texture": "#0"}
			}
		},
		{
			"from": [5.2, 2.85, 7.7],
			"to": [5.5, 3.05, 7.9],
			"rotation": {"angle": 0, "axis": "y", "origin": [13.2, 10.65, 15.6]},
			"faces": {
				"north": {"uv": [0, 0, 0.3, 0.2], "texture": "#0"},
				"east": {"uv": [0, 0, 0.2, 0.2], "texture": "#0"},
				"south": {"uv": [0, 0, 0.3, 0.2], "texture": "#0"},
				"west": {"uv": [0, 0, 0.2, 0.2], "texture": "#0"},
				"up": {"uv": [0, 0, 0.3, 0.2], "texture": "#0"},
				"down": {"uv": [0, 0, 0.3, 0.2], "texture": "#0"}
			}
		},
		{
			"from": [2, 0.2, 7.6],
			"to": [2.1, 0.6, 8.4],
			"rotation": {"angle": 0, "axis": "y", "origin": [10, 8.2, 15.5]},
			"faces": {
				"north": {"uv": [0, 0, 0.1, 0.4], "texture": "#1"},
				"east": {"uv": [0, 0, 0.8, 0.4], "texture": "#1"},
				"south": {"uv": [0, 0, 0.1, 0.4], "texture": "#1"},
				"west": {"uv": [0, 0, 0.8, 0.4], "texture": "#1"},
				"up": {"uv": [0, 0, 0.1, 0.8], "texture": "#1"},
				"down": {"uv": [0, 0, 0.1, 0.8], "texture": "#1"}
			}
		},
		{
			"from": [2.1, 0.2, 7.6],
			"to": [2.2, 0.5, 8.4],
			"rotation": {"angle": 0, "axis": "y", "origin": [10.1, 8.2, 15.5]},
			"faces": {
				"north": {"uv": [0, 0, 0.1, 0.3], "texture": "#1"},
				"east": {"uv": [0, 0, 0.8, 0.3], "texture": "#1"},
				"south": {"uv": [0, 0, 0.1, 0.3], "texture": "#1"},
				"west": {"uv": [0, 0, 0.8, 0.3], "texture": "#1"},
				"up": {"uv": [0, 0, 0.1, 0.8], "texture": "#1"},
				"down": {"uv": [0, 0, 0.1, 0.8], "texture": "#1"}
			}
		},
		{
			"from": [2, 0.8, 7.6],
			"to": [3, 1.9, 8.4],
			"rotation": {"angle": 0, "axis": "y", "origin": [10, 8.3, 15.5]},
			"faces": {
				"north": {"uv": [0, 0, 1, 1.1], "texture": "#1"},
				"east": {"uv": [0, 0, 0.8, 1.1], "texture": "#1"},
				"south": {"uv": [0, 0, 1, 1.1], "texture": "#1"},
				"west": {"uv": [0, 0, 0.8, 1.1], "texture": "#1"},
				"up": {"uv": [0, 0, 1, 0.8], "texture": "#1"},
				"down": {"uv": [0, 0, 1, 0.8], "texture": "#1"}
			}
		},
		{
			"from": [2.5, 1.05, 7.6],
			"to": [3.5, 2.15, 8.4],
			"rotation": {"angle": 0, "axis": "y", "origin": [10.5, 8.55, 15.5]},
			"faces": {
				"north": {"uv": [0, 0, 1, 1.1], "texture": "#1"},
				"east": {"uv": [0, 0, 0.8, 1.1], "texture": "#1"},
				"south": {"uv": [0, 0, 1, 1.1], "texture": "#1"},
				"west": {"uv": [0, 0, 0.8, 1.1], "texture": "#1"},
				"up": {"uv": [0, 0, 1, 0.8], "texture": "#1"},
				"down": {"uv": [0, 0, 1, 0.8], "texture": "#1"}
			}
		},
		{
			"from": [3.5, 1.3, 7.6],
			"to": [4, 2.4, 8.4],
			"rotation": {"angle": 0, "axis": "y", "origin": [11, 8.8, 15.5]},
			"faces": {
				"north": {"uv": [0, 0, 0.5, 1.1], "texture": "#1"},
				"east": {"uv": [0, 0, 0.8, 1.1], "texture": "#1"},
				"south": {"uv": [0, 0, 0.5, 1.1], "texture": "#1"},
				"west": {"uv": [0, 0, 0.8, 1.1], "texture": "#1"},
				"up": {"uv": [0, 0, 0.5, 0.8], "texture": "#1"},
				"down": {"uv": [0, 0, 0.5, 0.8], "texture": "#1"}
			}
		},
		{
			"from": [5, 0.3, 7.7],
			"to": [5.5, 0.8, 8.3],
			"rotation": {"angle": 0, "axis": "y", "origin": [13, 8.3, 15.5]},
			"faces": {
				"north": {"uv": [0, 0, 0.5, 0.5], "texture": "#1"},
				"east": {"uv": [0, 0, 0.6, 0.5], "texture": "#1"},
				"south": {"uv": [0, 0, 0.5, 0.5], "texture": "#1"},
				"west": {"uv": [0, 0, 0.6, 0.5], "texture": "#1"},
				"up": {"uv": [0, 0, 0.5, 0.6], "texture": "#1"},
				"down": {"uv": [0, 0, 0.5, 0.6], "texture": "#1"}
			}
		},
		{
			"from": [5.1, 0.4, 7.7],
			"to": [5.6, 0.9, 8.3],
			"rotation": {"angle": 0, "axis": "y", "origin": [13.1, 8.4, 15.5]},
			"faces": {
				"north": {"uv": [0, 0, 0.5, 0.5], "texture": "#1"},
				"east": {"uv": [0, 0, 0.6, 0.5], "texture": "#1"},
				"south": {"uv": [0, 0, 0.5, 0.5], "texture": "#1"},
				"west": {"uv": [0, 0, 0.6, 0.5], "texture": "#1"},
				"up": {"uv": [0, 0, 0.5, 0.6], "texture": "#1"},
				"down": {"uv": [0, 0, 0.5, 0.6], "texture": "#1"}
			}
		},
		{
			"from": [5.2, 0.5, 7.7],
			"to": [5.7, 1, 8.3],
			"rotation": {"angle": 0, "axis": "y", "origin": [13.2, 8.5, 15.5]},
			"faces": {
				"north": {"uv": [0, 0, 0.5, 0.5], "texture": "#1"},
				"east": {"uv": [0, 0, 0.6, 0.5], "texture": "#1"},
				"south": {"uv": [0, 0, 0.5, 0.5], "texture": "#1"},
				"west": {"uv": [0, 0, 0.6, 0.5], "texture": "#1"},
				"up": {"uv": [0, 0, 0.5, 0.6], "texture": "#1"},
				"down": {"uv": [0, 0, 0.5, 0.6], "texture": "#1"}
			}
		},
		{
			"from": [5.3, 0.7, 7.7],
			"to": [5.7, 1.3, 8.3],
			"rotation": {"angle": 0, "axis": "y", "origin": [13.2, 8.7, 15.5]},
			"faces": {
				"north": {"uv": [0, 0, 0.4, 0.6], "texture": "#1"},
				"east": {"uv": [0, 0, 0.6, 0.6], "texture": "#1"},
				"south": {"uv": [0, 0, 0.4, 0.6], "texture": "#1"},
				"west": {"uv": [0, 0, 0.6, 0.6], "texture": "#1"},
				"up": {"uv": [0, 0, 0.4, 0.6], "texture": "#1"},
				"down": {"uv": [0, 0, 0.4, 0.6], "texture": "#1"}
			}
		},
		{
			"from": [5.7, 0.8, 7.7],
			"to": [6.7, 0.9, 8.3],
			"rotation": {"angle": 0, "axis": "y", "origin": [13.6, 8.7, 15.5]},
			"faces": {
				"north": {"uv": [0, 0, 1, 0.1], "texture": "#0"},
				"east": {"uv": [0, 0, 0.6, 0.1], "texture": "#0"},
				"south": {"uv": [0, 0, 1, 0.1], "texture": "#0"},
				"west": {"uv": [0, 0, 0.6, 0.1], "texture": "#0"},
				"up": {"uv": [0, 0, 1, 0.6], "texture": "#0"},
				"down": {"uv": [0, 0, 1, 0.6], "texture": "#0"}
			}
		},
		{
			"from": [6.8, 1, 7.7],
			"to": [6.9, 1.3, 8.3],
			"rotation": {"angle": 0, "axis": "y", "origin": [13.9, 9.1, 15.5]},
			"faces": {
				"north": {"uv": [0, 0, 0.1, 0.3], "texture": "#0"},
				"east": {"uv": [0, 0, 0.6, 0.3], "texture": "#0"},
				"south": {"uv": [0, 0, 0.1, 0.3], "texture": "#0"},
				"west": {"uv": [0, 0, 0.6, 0.3], "texture": "#0"},
				"up": {"uv": [0, 0, 0.1, 0.6], "texture": "#0"},
				"down": {"uv": [0, 0, 0.1, 0.6], "texture": "#0"}
			}
		},
		{
			"from": [5.9, 1.2, 7.9],
			"to": [6.3, 1.3, 8.1],
			"rotation": {"angle": 0, "axis": "y", "origin": [13, 9.1, 15.5]},
			"faces": {
				"north": {"uv": [0, 0, 0.4, 0.1], "texture": "#0"},
				"east": {"uv": [0, 0, 0.2, 0.1], "texture": "#0"},
				"south": {"uv": [0, 0, 0.4, 0.1], "texture": "#0"},
				"west": {"uv": [0, 0, 0.2, 0.1], "texture": "#0"},
				"up": {"uv": [0, 0, 0.4, 0.2], "texture": "#0"},
				"down": {"uv": [0, 0, 0.4, 0.2], "texture": "#0"}
			}
		},
		{
			"from": [5.9, 1.1, 7.9],
			"to": [6.2, 1.2, 8.1],
			"rotation": {"angle": 0, "axis": "y", "origin": [13, 9, 15.5]},
			"faces": {
				"north": {"uv": [0, 0, 0.3, 0.1], "texture": "#0"},
				"east": {"uv": [0, 0, 0.2, 0.1], "texture": "#0"},
				"south": {"uv": [0, 0, 0.3, 0.1], "texture": "#0"},
				"west": {"uv": [0, 0, 0.2, 0.1], "texture": "#0"},
				"up": {"uv": [0, 0, 0.3, 0.2], "texture": "#0"},
				"down": {"uv": [0, 0, 0.3, 0.2], "texture": "#0"}
			}
		},
		{
			"from": [6, 1, 7.9],
			"to": [6.2, 1.1, 8.1],
			"rotation": {"angle": 0, "axis": "y", "origin": [13, 8.9, 15.5]},
			"faces": {
				"north": {"uv": [0, 0, 0.2, 0.1], "texture": "#0"},
				"east": {"uv": [0, 0, 0.2, 0.1], "texture": "#0"},
				"south": {"uv": [0, 0, 0.2, 0.1], "texture": "#0"},
				"west": {"uv": [0, 0, 0.2, 0.1], "texture": "#0"},
				"up": {"uv": [0, 0, 0.2, 0.2], "texture": "#0"},
				"down": {"uv": [0, 0, 0.2, 0.2], "texture": "#0"}
			}
		},
		{
			"from": [6.2, 0.9, 7.9],
			"to": [6.3, 1, 8.1],
			"rotation": {"angle": 0, "axis": "y", "origin": [13.1, 8.8, 15.5]},
			"faces": {
				"north": {"uv": [0, 0, 0.1, 0.1], "texture": "#0"},
				"east": {"uv": [0, 0, 0.2, 0.1], "texture": "#0"},
				"south": {"uv": [0, 0, 0.1, 0.1], "texture": "#0"},
				"west": {"uv": [0, 0, 0.2, 0.1], "texture": "#0"},
				"up": {"uv": [0, 0, 0.1, 0.2], "texture": "#0"},
				"down": {"uv": [0, 0, 0.1, 0.2], "texture": "#0"}
			}
		},
		{
			"from": [6.7, 0.9, 7.7],
			"to": [6.8, 1, 8.3],
			"rotation": {"angle": 0, "axis": "y", "origin": [13.8, 9, 15.5]},
			"faces": {
				"north": {"uv": [0, 0, 0.1, 0.1], "texture": "#0"},
				"east": {"uv": [0, 0, 0.6, 0.1], "texture": "#0"},
				"south": {"uv": [0, 0, 0.1, 0.1], "texture": "#0"},
				"west": {"uv": [0, 0, 0.6, 0.1], "texture": "#0"},
				"up": {"uv": [0, 0, 0.1, 0.6], "texture": "#0"},
				"down": {"uv": [0, 0, 0.1, 0.6], "texture": "#0"}
			}
		},
		{
			"from": [7, 0, 6.9],
			"to": [8, 1.8, 9.2],
			"rotation": {"angle": 0, "axis": "y", "origin": [15, 8, 15.5]},
			"faces": {
				"north": {"uv": [0, 0, 1, 1.8], "texture": "#2"},
				"east": {"uv": [0, 0, 2.3, 1.8], "texture": "#2"},
				"south": {"uv": [0, 0, 1, 1.8], "texture": "#2"},
				"west": {"uv": [0, 0, 2.3, 1.8], "texture": "#2"},
				"up": {"uv": [0, 0, 1, 2.3], "texture": "#2"},
				"down": {"uv": [0, 0, 1, 2.3], "texture": "#2"}
			}
		},
		{
			"from": [4, 1.3, 7.6],
			"to": [4.5, 2.4, 8.4],
			"rotation": {"angle": 0, "axis": "y", "origin": [12, 9.3, 15.5]},
			"faces": {
				"north": {"uv": [0, 0, 0.5, 1.1], "texture": "#1"},
				"east": {"uv": [0, 0, 0.8, 1.1], "texture": "#1"},
				"south": {"uv": [0, 0, 0.5, 1.1], "texture": "#1"},
				"west": {"uv": [0, 0, 0.8, 1.1], "texture": "#1"},
				"up": {"uv": [0, 0, 0.5, 0.8], "texture": "#1"},
				"down": {"uv": [0, 0, 0.5, 0.8], "texture": "#1"}
			}
		},
		{
			"from": [4, 2.4, 7.6],
			"to": [4.5, 2.5, 8.4],
			"rotation": {"angle": 0, "axis": "y", "origin": [12, 10.4, 15.5]},
			"faces": {
				"north": {"uv": [0, 0, 0.5, 0.1], "texture": "#1"},
				"east": {"uv": [0, 0, 0.8, 0.1], "texture": "#1"},
				"south": {"uv": [0, 0, 0.5, 0.1], "texture": "#1"},
				"west": {"uv": [0, 0, 0.8, 0.1], "texture": "#1"},
				"up": {"uv": [0, 0, 0.5, 0.8], "texture": "#1"},
				"down": {"uv": [0, 0, 0.5, 0.8], "texture": "#1"}
			}
		},
		{
			"from": [4.1, 2.5, 7.6],
			"to": [4.5, 2.6, 8.4],
			"rotation": {"angle": 0, "axis": "y", "origin": [12, 10.5, 15.5]},
			"faces": {
				"north": {"uv": [0, 0, 0.4, 0.1], "texture": "#1"},
				"east": {"uv": [0, 0, 0.8, 0.1], "texture": "#1"},
				"south": {"uv": [0, 0, 0.4, 0.1], "texture": "#1"},
				"west": {"uv": [0, 0, 0.8, 0.1], "texture": "#1"},
				"up": {"uv": [0, 0, 0.4, 0.8], "texture": "#1"},
				"down": {"uv": [0, 0, 0.4, 0.8], "texture": "#1"}
			}
		},
		{
			"from": [4.2, 2.6, 7.6],
			"to": [4.5, 2.7, 8.4],
			"rotation": {"angle": 0, "axis": "y", "origin": [12, 10.6, 15.5]},
			"faces": {
				"north": {"uv": [0, 0, 0.3, 0.1], "texture": "#1"},
				"east": {"uv": [0, 0, 0.8, 0.1], "texture": "#1"},
				"south": {"uv": [0, 0, 0.3, 0.1], "texture": "#1"},
				"west": {"uv": [0, 0, 0.8, 0.1], "texture": "#1"},
				"up": {"uv": [0, 0, 0.3, 0.8], "texture": "#1"},
				"down": {"uv": [0, 0, 0.3, 0.8], "texture": "#1"}
			}
		},
		{
			"from": [4.3, 2.7, 7.6],
			"to": [4.5, 2.8, 8.4],
			"rotation": {"angle": 0, "axis": "y", "origin": [12, 10.7, 15.5]},
			"faces": {
				"north": {"uv": [0, 0, 0.2, 0.1], "texture": "#1"},
				"east": {"uv": [0, 0, 0.8, 0.1], "texture": "#1"},
				"south": {"uv": [0, 0, 0.2, 0.1], "texture": "#1"},
				"west": {"uv": [0, 0, 0.8, 0.1], "texture": "#1"},
				"up": {"uv": [0, 0, 0.2, 0.8], "texture": "#1"},
				"down": {"uv": [0, 0, 0.2, 0.8], "texture": "#1"}
			}
		},
		{
			"from": [4.4, 2.8, 7.6],
			"to": [4.5, 2.9, 8.4],
			"rotation": {"angle": 0, "axis": "y", "origin": [12, 10.8, 15.5]},
			"faces": {
				"north": {"uv": [0, 0, 0.1, 0.1], "texture": "#1"},
				"east": {"uv": [0, 0, 0.8, 0.1], "texture": "#1"},
				"south": {"uv": [0, 0, 0.1, 0.1], "texture": "#1"},
				"west": {"uv": [0, 0, 0.8, 0.1], "texture": "#1"},
				"up": {"uv": [0, 0, 0.1, 0.8], "texture": "#1"},
				"down": {"uv": [0, 0, 0.1, 0.8], "texture": "#1"}
			}
		},
		{
			"from": [7.1, 2.8, 7.5],
			"to": [7.7, 2.9, 7.6],
			"rotation": {"angle": 0, "axis": "y", "origin": [15, 10.8, 14.5]},
			"faces": {
				"north": {"uv": [0, 0, 0.6, 0.1], "texture": "#3"},
				"east": {"uv": [0, 0, 0.1, 0.1], "texture": "#3"},
				"south": {"uv": [0, 0, 0.6, 0.1], "texture": "#3"},
				"west": {"uv": [0, 0, 0.1, 0.1], "texture": "#3"},
				"up": {"uv": [0, 0, 0.6, 0.1], "texture": "#3"},
				"down": {"uv": [0, 0, 0.6, 0.1], "texture": "#3"}
			}
		},
		{
			"from": [7.1, 2.7, 7.4],
			"to": [7.7, 2.8, 7.5],
			"rotation": {"angle": 0, "axis": "y", "origin": [15, 10.7, 14.4]},
			"faces": {
				"north": {"uv": [0, 0, 0.6, 0.1], "texture": "#3"},
				"east": {"uv": [0, 0, 0.1, 0.1], "texture": "#3"},
				"south": {"uv": [0, 0, 0.6, 0.1], "texture": "#3"},
				"west": {"uv": [0, 0, 0.1, 0.1], "texture": "#3"},
				"up": {"uv": [0, 0, 0.6, 0.1], "texture": "#3"},
				"down": {"uv": [0, 0, 0.6, 0.1], "texture": "#3"}
			}
		},
		{
			"from": [7.1, 2.6, 7.4],
			"to": [7.7, 2.7, 7.5],
			"rotation": {"angle": 0, "axis": "y", "origin": [15, 10.6, 14.4]},
			"faces": {
				"north": {"uv": [0, 0, 0.6, 0.1], "texture": "#3"},
				"east": {"uv": [0, 0, 0.1, 0.1], "texture": "#3"},
				"south": {"uv": [0, 0, 0.6, 0.1], "texture": "#3"},
				"west": {"uv": [0, 0, 0.1, 0.1], "texture": "#3"},
				"up": {"uv": [0, 0, 0.6, 0.1], "texture": "#3"},
				"down": {"uv": [0, 0, 0.6, 0.1], "texture": "#3"}
			}
		},
		{
			"from": [7.1, 2.5, 7.3],
			"to": [7.7, 2.6, 7.4],
			"rotation": {"angle": 0, "axis": "y", "origin": [15, 10.5, 14.3]},
			"faces": {
				"north": {"uv": [0, 0, 0.6, 0.1], "texture": "#3"},
				"east": {"uv": [0, 0, 0.1, 0.1], "texture": "#3"},
				"south": {"uv": [0, 0, 0.6, 0.1], "texture": "#3"},
				"west": {"uv": [0, 0, 0.1, 0.1], "texture": "#3"},
				"up": {"uv": [0, 0, 0.6, 0.1], "texture": "#3"},
				"down": {"uv": [0, 0, 0.6, 0.1], "texture": "#3"}
			}
		},
		{
			"from": [7.1, 2.4, 7.3],
			"to": [7.7, 2.5, 7.4],
			"rotation": {"angle": 0, "axis": "y", "origin": [15, 10.4, 14.3]},
			"faces": {
				"north": {"uv": [0, 0, 0.6, 0.1], "texture": "#3"},
				"east": {"uv": [0, 0, 0.1, 0.1], "texture": "#3"},
				"south": {"uv": [0, 0, 0.6, 0.1], "texture": "#3"},
				"west": {"uv": [0, 0, 0.1, 0.1], "texture": "#3"},
				"up": {"uv": [0, 0, 0.6, 0.1], "texture": "#3"},
				"down": {"uv": [0, 0, 0.6, 0.1], "texture": "#3"}
			}
		},
		{
			"from": [7.1, 2.3, 7.3],
			"to": [7.7, 2.4, 7.4],
			"rotation": {"angle": 0, "axis": "y", "origin": [15, 10.3, 14.3]},
			"faces": {
				"north": {"uv": [0, 0, 0.6, 0.1], "texture": "#3"},
				"east": {"uv": [0, 0, 0.1, 0.1], "texture": "#3"},
				"south": {"uv": [0, 0, 0.6, 0.1], "texture": "#3"},
				"west": {"uv": [0, 0, 0.1, 0.1], "texture": "#3"},
				"up": {"uv": [0, 0, 0.6, 0.1], "texture": "#3"},
				"down": {"uv": [0, 0, 0.6, 0.1], "texture": "#3"}
			}
		},
		{
			"from": [7.1, 2.2, 7.2],
			"to": [7.7, 2.3, 7.3],
			"rotation": {"angle": 0, "axis": "y", "origin": [15, 10.2, 14.2]},
			"faces": {
				"north": {"uv": [0, 0, 0.6, 0.1], "texture": "#3"},
				"east": {"uv": [0, 0, 0.1, 0.1], "texture": "#3"},
				"south": {"uv": [0, 0, 0.6, 0.1], "texture": "#3"},
				"west": {"uv": [0, 0, 0.1, 0.1], "texture": "#3"},
				"up": {"uv": [0, 0, 0.6, 0.1], "texture": "#3"},
				"down": {"uv": [0, 0, 0.6, 0.1], "texture": "#3"}
			}
		},
		{
			"from": [7.1, 2.1, 7.2],
			"to": [7.7, 2.2, 7.3],
			"rotation": {"angle": 0, "axis": "y", "origin": [15, 10.1, 14.2]},
			"faces": {
				"north": {"uv": [0, 0, 0.6, 0.1], "texture": "#3"},
				"east": {"uv": [0, 0, 0.1, 0.1], "texture": "#3"},
				"south": {"uv": [0, 0, 0.6, 0.1], "texture": "#3"},
				"west": {"uv": [0, 0, 0.1, 0.1], "texture": "#3"},
				"up": {"uv": [0, 0, 0.6, 0.1], "texture": "#3"},
				"down": {"uv": [0, 0, 0.6, 0.1], "texture": "#3"}
			}
		},
		{
			"from": [7.1, 2, 7.1],
			"to": [7.7, 2.1, 7.2],
			"rotation": {"angle": 0, "axis": "y", "origin": [15, 10, 14.1]},
			"faces": {
				"north": {"uv": [0, 0, 0.6, 0.1], "texture": "#3"},
				"east": {"uv": [0, 0, 0.1, 0.1], "texture": "#3"},
				"south": {"uv": [0, 0, 0.6, 0.1], "texture": "#3"},
				"west": {"uv": [0, 0, 0.1, 0.1], "texture": "#3"},
				"up": {"uv": [0, 0, 0.6, 0.1], "texture": "#3"},
				"down": {"uv": [0, 0, 0.6, 0.1], "texture": "#3"}
			}
		},
		{
			"from": [7.1, 1.9, 7.1],
			"to": [7.7, 2, 7.2],
			"rotation": {"angle": 0, "axis": "y", "origin": [15, 9.9, 14.1]},
			"faces": {
				"north": {"uv": [0, 0, 0.6, 0.1], "texture": "#3"},
				"east": {"uv": [0, 0, 0.1, 0.1], "texture": "#3"},
				"south": {"uv": [0, 0, 0.6, 0.1], "texture": "#3"},
				"west": {"uv": [0, 0, 0.1, 0.1], "texture": "#3"},
				"up": {"uv": [0, 0, 0.6, 0.1], "texture": "#3"},
				"down": {"uv": [0, 0, 0.6, 0.1], "texture": "#3"}
			}
		},
		{
			"from": [7.1, 1.8, 7],
			"to": [7.7, 1.9, 7.1],
			"rotation": {"angle": 0, "axis": "y", "origin": [15, 9.8, 14]},
			"faces": {
				"north": {"uv": [0, 0, 0.6, 0.1], "texture": "#3"},
				"east": {"uv": [0, 0, 0.1, 0.1], "texture": "#3"},
				"south": {"uv": [0, 0, 0.6, 0.1], "texture": "#3"},
				"west": {"uv": [0, 0, 0.1, 0.1], "texture": "#3"},
				"up": {"uv": [0, 0, 0.6, 0.1], "texture": "#3"},
				"down": {"uv": [0, 0, 0.6, 0.1], "texture": "#3"}
			}
		},
		{
			"from": [4.5, 1.3, 7.6],
			"to": [6.95, 3, 8.4],
			"rotation": {"angle": 0, "axis": "y", "origin": [12.5, 9.3, 15.5]},
			"faces": {
				"north": {"uv": [0, 0, 2.45, 1.7], "texture": "#0"},
				"east": {"uv": [0, 0, 0.8, 1.7], "texture": "#0"},
				"south": {"uv": [0, 0, 2.45, 1.7], "texture": "#0"},
				"west": {"uv": [0, 0, 0.8, 1.7], "texture": "#0"},
				"up": {"uv": [0, 0, 2.45, 0.8], "texture": "#0"},
				"down": {"uv": [0, 0, 2.45, 0.8], "texture": "#0"}
			}
		},
		{
			"from": [8.2, 1.8, 7.6],
			"to": [12.35, 2.8, 8.4],
			"rotation": {"angle": 0, "axis": "y", "origin": [14.9, 9.3, 15.5]},
			"faces": {
				"north": {"uv": [0, 0, 4.15, 1], "texture": "#0"},
				"east": {"uv": [0, 0, 0.8, 1], "texture": "#0"},
				"south": {"uv": [0, 0, 4.15, 1], "texture": "#0"},
				"west": {"uv": [0, 0, 0.8, 1], "texture": "#0"},
				"up": {"uv": [0, 0, 4.15, 0.8], "texture": "#0"},
				"down": {"uv": [0, 0, 4.15, 0.8], "texture": "#0"}
			}
		},
		{
			"from": [12.35, 2.3, 7.85],
			"to": [14, 2.55, 8.15],
			"rotation": {"angle": 0, "axis": "y", "origin": [19.05, 9.3, 15.5]},
			"faces": {
				"north": {"uv": [0, 0, 1.65, 0.25], "texture": "#0"},
				"east": {"uv": [0, 0, 0.3, 0.25], "texture": "#0"},
				"south": {"uv": [0, 0, 1.65, 0.25], "texture": "#0"},
				"west": {"uv": [0, 0, 0.3, 0.25], "texture": "#0"},
				"up": {"uv": [0, 0, 1.65, 0.3], "texture": "#0"},
				"down": {"uv": [0, 0, 1.65, 0.3], "texture": "#0"}
			}
		},
		{
			"from": [12.35, 1.9, 7.85],
			"to": [13.25, 2.15, 8.15],
			"rotation": {"angle": 0, "axis": "y", "origin": [19.05, 8.9, 15.5]},
			"faces": {
				"north": {"uv": [0, 0, 0.9, 0.25], "texture": "#0"},
				"east": {"uv": [0, 0, 0.3, 0.25], "texture": "#0"},
				"south": {"uv": [0, 0, 0.9, 0.25], "texture": "#0"},
				"west": {"uv": [0, 0, 0.3, 0.25], "texture": "#0"},
				"up": {"uv": [0, 0, 0.9, 0.3], "texture": "#0"},
				"down": {"uv": [0, 0, 0.9, 0.3], "texture": "#0"}
			}
		},
		{
			"from": [13.1, 2.5, 7.95],
			"to": [13.25, 3.25, 8.05],
			"rotation": {"angle": 0, "axis": "y", "origin": [19.05, 12.5, 15.5]},
			"faces": {
				"north": {"uv": [0, 0, 0.15, 0.75], "texture": "#0"},
				"east": {"uv": [0, 0, 0.1, 0.75], "texture": "#0"},
				"south": {"uv": [0, 0, 0.15, 0.75], "texture": "#0"},
				"west": {"uv": [0, 0, 0.1, 0.75], "texture": "#0"},
				"up": {"uv": [0, 0, 0.15, 0.1], "texture": "#0"},
				"down": {"uv": [0, 0, 0.15, 0.1], "texture": "#0"}
			}
		},
		{
			"from": [6.9, 1.8, 7.6],
			"to": [8.25, 3, 8.4],
			"rotation": {"angle": 0, "axis": "y", "origin": [13.6, 9.3, 15.5]},
			"faces": {
				"north": {"uv": [0, 0, 1.35, 1.2], "texture": "#0"},
				"east": {"uv": [0, 0, 0.8, 1.2], "texture": "#0"},
				"south": {"uv": [0, 0, 1.35, 1.2], "texture": "#0"},
				"west": {"uv": [0, 0, 0.8, 1.2], "texture": "#0"},
				"up": {"uv": [0, 0, 1.35, 0.8], "texture": "#0"},
				"down": {"uv": [0, 0, 1.35, 0.8], "texture": "#0"}
			}
		},
		{
			"from": [8.25, 1.5, 7.35],
			"to": [11, 2.9, 8.65],
			"rotation": {"angle": 0, "axis": "y", "origin": [16.25, 9.5, 15.5]},
			"faces": {
				"north": {"uv": [0, 0, 2.75, 1.4], "texture": "#1"},
				"east": {"uv": [0, 0, 1.3, 1.4], "texture": "#1"},
				"south": {"uv": [0, 0, 2.75, 1.4], "texture": "#1"},
				"west": {"uv": [0, 0, 1.3, 1.4], "texture": "#1"},
				"up": {"uv": [0, 0, 2.75, 1.3], "texture": "#1"},
				"down": {"uv": [0, 0, 2.75, 1.3], "texture": "#1"}
			}
		},
		{
			"from": [11, 2, 7.35],
			"to": [12, 2.9, 8.65],
			"rotation": {"angle": 0, "axis": "y", "origin": [17.25, 9.5, 15.5]},
			"faces": {
				"north": {"uv": [0, 0, 1, 0.9], "texture": "#1"},
				"east": {"uv": [0, 0, 1.3, 0.9], "texture": "#1"},
				"south": {"uv": [0, 0, 1, 0.9], "texture": "#1"},
				"west": {"uv": [0, 0, 1.3, 0.9], "texture": "#1"},
				"up": {"uv": [0, 0, 1, 1.3], "texture": "#1"},
				"down": {"uv": [0, 0, 1, 1.3], "texture": "#1"}
			}
		}
	],
	"display": {
		"thirdperson_righthand": {
			"rotation": [0, 90, 0],
			"translation": [0, 7, -1.75]
		},
		"firstperson_righthand": {
			"rotation": [0, 90, 0],
			"translation": [0, 9, 0]
		},
		"firstperson_lefthand": {
			"rotation": [0, -90, 0],
			"translation": [0, 8.75, 0]
		},
		"gui": {
			"rotation": [0, 0, 45],
			"translation": [-3.25, 5.25, 0],
			"scale": [1.19, 1, 1]
		},
		"fixed": {
			"rotation": [0, 179, 44.25],
			"translation": [3.75, 3.75, -1],
			"scale": [1.1582, 1, 1]
		}
	},
	"groups": [
		{
			"name": "group",
			"origin": [20, 8, 15.5],
			"children": [0, 1, 2, 3, 4, 5, 6, 7, 8, 9, 10, 11, 12, 13, 14, 15, 16, 17, 18, 19, 20, 21, 22, 23, 24, 25, 26, 27, 28, 29, 30, 31, 32, 33, 34, 35, 36, 37, 38, 39, 40, 41, 42, 43, 44, 45, 46, 47, 48, 49, 50]
		}
	]
}