{
	"credit": "Made with Blockbench",
	"texture_size": [50, 50],
	"textures": {
		"0": "item/m4",
		"1": "item/mag",
		"particle": "item/m4"
	},
	"elements": [
		{
			"from": [7.75, 3, 11],
			"to": [8.25, 3.5, 15],
			"rotation": {"angle": 0, "axis": "y", "origin": [15.5, 11, 19]},
			"faces": {
				"north": {"uv": [0, 0, 0.16, 0.16], "texture": "#0"},
				"east": {"uv": [0, 0, 1.28, 0.16], "texture": "#0"},
				"south": {"uv": [0, 0, 0.16, 0.16], "texture": "#0"},
				"west": {"uv": [0, 0, 1.28, 0.16], "texture": "#0"},
				"up": {"uv": [0, 0, 0.16, 1.28], "texture": "#0"},
				"down": {"uv": [0, 0, 0.16, 1.28], "texture": "#0"}
			}
		},
		{
			"from": [7.65, 3.5, 11],
			"to": [8.35, 4, 15],
			"rotation": {"angle": 0, "axis": "y", "origin": [15.5, 11.5, 19]},
			"faces": {
				"north": {"uv": [0, 0, 0.224, 0.16], "texture": "#0"},
				"east": {"uv": [0, 0, 1.28, 0.16], "texture": "#0"},
				"south": {"uv": [0, 0, 0.224, 0.16], "texture": "#0"},
				"west": {"uv": [0, 0, 1.28, 0.16], "texture": "#0"},
				"up": {"uv": [0, 0, 0.224, 1.28], "texture": "#0"},
				"down": {"uv": [0, 0, 0.224, 1.28], "texture": "#0"}
			}
		},
		{
			"from": [7.75, 2, 14.2],
			"to": [8.25, 3, 15],
			"rotation": {"angle": 0, "axis": "y", "origin": [15.5, 10, 19]},
			"faces": {
				"north": {"uv": [0, 0, 0.16, 0.32], "texture": "#0"},
				"east": {"uv": [0, 0, 0.256, 0.32], "texture": "#0"},
				"south": {"uv": [0, 0, 0.16, 0.32], "texture": "#0"},
				"west": {"uv": [0, 0, 0.256, 0.32], "texture": "#0"},
				"up": {"uv": [0, 0, 0.16, 0.256], "texture": "#0"},
				"down": {"uv": [0, 0, 0.16, 0.256], "texture": "#0"}
			}
		},
		{
			"from": [7.75, 2.25, 13.7],
			"to": [8.25, 3, 14.5],
			"rotation": {"angle": 0, "axis": "y", "origin": [15.5, 10, 18.5]},
			"faces": {
				"north": {"uv": [0, 0, 0.16, 0.24], "texture": "#0"},
				"east": {"uv": [0, 0, 0.256, 0.24], "texture": "#0"},
				"south": {"uv": [0, 0, 0.16, 0.24], "texture": "#0"},
				"west": {"uv": [0, 0, 0.256, 0.24], "texture": "#0"},
				"up": {"uv": [0, 0, 0.16, 0.256], "texture": "#0"},
				"down": {"uv": [0, 0, 0.16, 0.256], "texture": "#0"}
			}
		},
		{
			"from": [7.75, 2.5, 13.2],
			"to": [8.25, 3, 14],
			"rotation": {"angle": 0, "axis": "y", "origin": [15.5, 10, 18]},
			"faces": {
				"north": {"uv": [0, 0, 0.16, 0.16], "texture": "#0"},
				"east": {"uv": [0, 0, 0.256, 0.16], "texture": "#0"},
				"south": {"uv": [0, 0, 0.16, 0.16], "texture": "#0"},
				"west": {"uv": [0, 0, 0.256, 0.16], "texture": "#0"},
				"up": {"uv": [0, 0, 0.16, 0.256], "texture": "#0"},
				"down": {"uv": [0, 0, 0.16, 0.256], "texture": "#0"}
			}
		},
		{
			"from": [7.75, 2.75, 12.7],
			"to": [8.25, 3, 13.5],
			"rotation": {"angle": 0, "axis": "y", "origin": [15.5, 10, 17.5]},
			"faces": {
				"north": {"uv": [0, 0, 0.16, 0.08], "texture": "#0"},
				"east": {"uv": [0, 0, 0.256, 0.08], "texture": "#0"},
				"south": {"uv": [0, 0, 0.16, 0.08], "texture": "#0"},
				"west": {"uv": [0, 0, 0.256, 0.08], "texture": "#0"},
				"up": {"uv": [0, 0, 0.16, 0.256], "texture": "#0"},
				"down": {"uv": [0, 0, 0.16, 0.256], "texture": "#0"}
			}
		},
		{
			"from": [7.75, 1.75, 14.35],
			"to": [8.25, 2.75, 14.95],
			"rotation": {"angle": 0, "axis": "y", "origin": [15.5, 9.75, 18.25]},
			"faces": {
				"north": {"uv": [0, 0, 0.16, 0.32], "texture": "#0"},
				"east": {"uv": [0, 0, 0.192, 0.32], "texture": "#0"},
				"south": {"uv": [0, 0, 0.16, 0.32], "texture": "#0"},
				"west": {"uv": [0, 0, 0.192, 0.32], "texture": "#0"},
				"up": {"uv": [0, 0, 0.16, 0.192], "texture": "#0"},
				"down": {"uv": [0, 0, 0.16, 0.192], "texture": "#0"}
			}
		},
		{
			"from": [7.75, 1.5, 14.45],
			"to": [8.25, 2.5, 15],
			"rotation": {"angle": 0, "axis": "y", "origin": [15.5, 9.5, 18.5]},
			"faces": {
				"north": {"uv": [0, 0, 0.16, 0.32], "texture": "#0"},
				"east": {"uv": [0, 0, 0.176, 0.32], "texture": "#0"},
				"south": {"uv": [0, 0, 0.16, 0.32], "texture": "#0"},
				"west": {"uv": [0, 0, 0.176, 0.32], "texture": "#0"},
				"up": {"uv": [0, 0, 0.16, 0.176], "texture": "#0"},
				"down": {"uv": [0, 0, 0.16, 0.176], "texture": "#0"}
			}
		},
		{
			"from": [7.75, 1.25, 14.55],
			"to": [8.25, 2.25, 15],
			"rotation": {"angle": 0, "axis": "y", "origin": [15.5, 9.25, 18.75]},
			"faces": {
				"north": {"uv": [0, 0, 0.16, 0.32], "texture": "#0"},
				"east": {"uv": [0, 0, 0.144, 0.32], "texture": "#0"},
				"south": {"uv": [0, 0, 0.16, 0.32], "texture": "#0"},
				"west": {"uv": [0, 0, 0.144, 0.32], "texture": "#0"},
				"up": {"uv": [0, 0, 0.16, 0.144], "texture": "#0"},
				"down": {"uv": [0, 0, 0.16, 0.144], "texture": "#0"}
			}
		},
		{
			"from": [7.85, 1.75, 9.9],
			"to": [8.15, 2.25, 10.5],
			"rotation": {"angle": 0, "axis": "y", "origin": [15.5, 10.25, 17]},
			"faces": {
				"north": {"uv": [0, 0, 0.096, 0.16], "texture": "#0"},
				"east": {"uv": [0, 0, 0.192, 0.16], "texture": "#0"},
				"south": {"uv": [0, 0, 0.096, 0.16], "texture": "#0"},
				"west": {"uv": [0, 0, 0.192, 0.16], "texture": "#0"},
				"up": {"uv": [0, 0, 0.096, 0.192], "texture": "#0"},
				"down": {"uv": [0, 0, 0.096, 0.192], "texture": "#0"}
			}
		},
		{
			"from": [7.85, 1.75, 9.2],
			"to": [8.15, 1.85, 9.9],
			"rotation": {"angle": 0, "axis": "y", "origin": [15.5, 10.25, 16.4]},
			"faces": {
				"north": {"uv": [0, 0, 0.096, 0.032], "texture": "#0"},
				"east": {"uv": [0, 0, 0.224, 0.032], "texture": "#0"},
				"south": {"uv": [0, 0, 0.096, 0.032], "texture": "#0"},
				"west": {"uv": [0, 0, 0.224, 0.032], "texture": "#0"},
				"up": {"uv": [0, 0, 0.096, 0.224], "texture": "#0"},
				"down": {"uv": [0, 0, 0.096, 0.224], "texture": "#0"}
			}
		},
		{
			"from": [7.85, 2.15, 9.2],
			"to": [8.15, 2.25, 9.9],
			"rotation": {"angle": 0, "axis": "y", "origin": [15.5, 10.65, 16.4]},
			"faces": {
				"north": {"uv": [0, 0, 0.096, 0.032], "texture": "#0"},
				"east": {"uv": [0, 0, 0.224, 0.032], "texture": "#0"},
				"south": {"uv": [0, 0, 0.096, 0.032], "texture": "#0"},
				"west": {"uv": [0, 0, 0.224, 0.032], "texture": "#0"},
				"up": {"uv": [0, 0, 0.096, 0.224], "texture": "#0"},
				"down": {"uv": [0, 0, 0.096, 0.224], "texture": "#0"}
			}
		},
		{
			"from": [7.85, 1.85, 9.2],
			"to": [8.15, 2.15, 9.3],
			"rotation": {"angle": 0, "axis": "y", "origin": [15.5, 10.45, 16.5]},
			"faces": {
				"north": {"uv": [0, 0, 0.096, 0.096], "texture": "#0"},
				"east": {"uv": [0, 0, 0.032, 0.096], "texture": "#0"},
				"south": {"uv": [0, 0, 0.096, 0.096], "texture": "#0"},
				"west": {"uv": [0, 0, 0.032, 0.096], "texture": "#0"},
				"up": {"uv": [0, 0, 0.096, 0.032], "texture": "#0"},
				"down": {"uv": [0, 0, 0.096, 0.032], "texture": "#0"}
			}
		},
		{
			"from": [7.85, 1.65, 9.9],
			"to": [8.15, 2.15, 10.4],
			"rotation": {"angle": 0, "axis": "y", "origin": [15.5, 10.15, 17.1]},
			"faces": {
				"north": {"uv": [0, 0, 0.096, 0.16], "texture": "#0"},
				"east": {"uv": [0, 0, 0.16, 0.16], "texture": "#0"},
				"south": {"uv": [0, 0, 0.096, 0.16], "texture": "#0"},
				"west": {"uv": [0, 0, 0.16, 0.16], "texture": "#0"},
				"up": {"uv": [0, 0, 0.096, 0.16], "texture": "#0"},
				"down": {"uv": [0, 0, 0.096, 0.16], "texture": "#0"}
			}
		},
		{
			"from": [7.85, 1.55, 10],
			"to": [8.15, 2.05, 10.5],
			"rotation": {"angle": 0, "axis": "y", "origin": [15.5, 10.05, 17.2]},
			"faces": {
				"north": {"uv": [0, 0, 0.096, 0.16], "texture": "#0"},
				"east": {"uv": [0, 0, 0.16, 0.16], "texture": "#0"},
				"south": {"uv": [0, 0, 0.096, 0.16], "texture": "#0"},
				"west": {"uv": [0, 0, 0.16, 0.16], "texture": "#0"},
				"up": {"uv": [0, 0, 0.096, 0.16], "texture": "#0"},
				"down": {"uv": [0, 0, 0.096, 0.16], "texture": "#0"}
			}
		},
		{
			"from": [7.85, 1.45, 10.1],
			"to": [8.15, 1.95, 10.6],
			"rotation": {"angle": 0, "axis": "y", "origin": [15.5, 9.95, 17.3]},
			"faces": {
				"north": {"uv": [0, 0, 0.096, 0.16], "texture": "#0"},
				"east": {"uv": [0, 0, 0.16, 0.16], "texture": "#0"},
				"south": {"uv": [0, 0, 0.096, 0.16], "texture": "#0"},
				"west": {"uv": [0, 0, 0.16, 0.16], "texture": "#0"},
				"up": {"uv": [0, 0, 0.096, 0.16], "texture": "#0"},
				"down": {"uv": [0, 0, 0.096, 0.16], "texture": "#0"}
			}
		},
		{
			"from": [7.85, 1.35, 10.2],
			"to": [8.15, 1.85, 10.7],
			"rotation": {"angle": 0, "axis": "y", "origin": [15.5, 9.85, 17.4]},
			"faces": {
				"north": {"uv": [0, 0, 0.096, 0.16], "texture": "#0"},
				"east": {"uv": [0, 0, 0.16, 0.16], "texture": "#0"},
				"south": {"uv": [0, 0, 0.096, 0.16], "texture": "#0"},
				"west": {"uv": [0, 0, 0.16, 0.16], "texture": "#0"},
				"up": {"uv": [0, 0, 0.096, 0.16], "texture": "#0"},
				"down": {"uv": [0, 0, 0.096, 0.16], "texture": "#0"}
			}
		},
		{
			"from": [7.85, 1.25, 10.3],
			"to": [8.15, 1.75, 10.8],
			"rotation": {"angle": 0, "axis": "y", "origin": [15.5, 9.75, 17.5]},
			"faces": {
				"north": {"uv": [0, 0, 0.096, 0.16], "texture": "#0"},
				"east": {"uv": [0, 0, 0.16, 0.16], "texture": "#0"},
				"south": {"uv": [0, 0, 0.096, 0.16], "texture": "#0"},
				"west": {"uv": [0, 0, 0.16, 0.16], "texture": "#0"},
				"up": {"uv": [0, 0, 0.096, 0.16], "texture": "#0"},
				"down": {"uv": [0, 0, 0.096, 0.16], "texture": "#0"}
			}
		},
		{
			"from": [7.85, 1.15, 10.4],
			"to": [8.15, 1.65, 10.9],
			"rotation": {"angle": 0, "axis": "y", "origin": [15.5, 9.65, 17.6]},
			"faces": {
				"north": {"uv": [0, 0, 0.096, 0.16], "texture": "#0"},
				"east": {"uv": [0, 0, 0.16, 0.16], "texture": "#0"},
				"south": {"uv": [0, 0, 0.096, 0.16], "texture": "#0"},
				"west": {"uv": [0, 0, 0.16, 0.16], "texture": "#0"},
				"up": {"uv": [0, 0, 0.096, 0.16], "texture": "#0"},
				"down": {"uv": [0, 0, 0.096, 0.16], "texture": "#0"}
			}
		},
		{
			"from": [7.85, 1.05, 10.5],
			"to": [8.15, 1.55, 11],
			"rotation": {"angle": 0, "axis": "y", "origin": [15.5, 9.55, 17.7]},
			"faces": {
				"north": {"uv": [0, 0, 0.096, 0.16], "texture": "#0"},
				"east": {"uv": [0, 0, 0.16, 0.16], "texture": "#0"},
				"south": {"uv": [0, 0, 0.096, 0.16], "texture": "#0"},
				"west": {"uv": [0, 0, 0.16, 0.16], "texture": "#0"},
				"up": {"uv": [0, 0, 0.096, 0.16], "texture": "#0"},
				"down": {"uv": [0, 0, 0.096, 0.16], "texture": "#0"}
			}
		},
		{
			"from": [7.85, 0.95, 10.6],
			"to": [8.15, 1.45, 11.1],
			"rotation": {"angle": 0, "axis": "y", "origin": [15.5, 9.45, 17.8]},
			"faces": {
				"north": {"uv": [0, 0, 0.096, 0.16], "texture": "#0"},
				"east": {"uv": [0, 0, 0.16, 0.16], "texture": "#0"},
				"south": {"uv": [0, 0, 0.096, 0.16], "texture": "#0"},
				"west": {"uv": [0, 0, 0.16, 0.16], "texture": "#0"},
				"up": {"uv": [0, 0, 0.096, 0.16], "texture": "#0"},
				"down": {"uv": [0, 0, 0.096, 0.16], "texture": "#0"}
			}
		},
		{
			"from": [7.85, 0.85, 10.7],
			"to": [8.15, 1.35, 11.2],
			"rotation": {"angle": 0, "axis": "y", "origin": [15.5, 9.35, 17.9]},
			"faces": {
				"north": {"uv": [0, 0, 0.096, 0.16], "texture": "#0"},
				"east": {"uv": [0, 0, 0.16, 0.16], "texture": "#0"},
				"south": {"uv": [0, 0, 0.096, 0.16], "texture": "#0"},
				"west": {"uv": [0, 0, 0.16, 0.16], "texture": "#0"},
				"up": {"uv": [0, 0, 0.096, 0.16], "texture": "#0"},
				"down": {"uv": [0, 0, 0.096, 0.16], "texture": "#0"}
			}
		},
		{
			"from": [7.7, 3, 6.9],
			"to": [8.3, 4, 11],
			"rotation": {"angle": 0, "axis": "y", "origin": [15.5, 12, 17]},
			"faces": {
				"north": {"uv": [0, 0, 0.192, 0.32], "texture": "#0"},
				"east": {"uv": [0, 0, 1.312, 0.32], "texture": "#0"},
				"south": {"uv": [0, 0, 0.192, 0.32], "texture": "#0"},
				"west": {"uv": [0, 0, 1.312, 0.32], "texture": "#0"},
				"up": {"uv": [0, 0, 0.192, 1.312], "texture": "#0"},
				"down": {"uv": [0, 0, 0.192, 1.312], "texture": "#0"}
			}
		},
		{
			"from": [7.9, 3.4, -0.1],
			"to": [8.1, 3.7, 2.8],
			"rotation": {"angle": 0, "axis": "y", "origin": [15.5, 12.4, 8.8]},
			"faces": {
				"north": {"uv": [0, 0, 0.064, 0.096], "texture": "#0"},
				"east": {"uv": [0, 0, 0.928, 0.096], "texture": "#0"},
				"south": {"uv": [0, 0, 0.064, 0.096], "texture": "#0"},
				"west": {"uv": [0, 0, 0.928, 0.096], "texture": "#0"},
				"up": {"uv": [0, 0, 0.064, 0.928], "texture": "#0"},
				"down": {"uv": [0, 0, 0.064, 0.928], "texture": "#0"}
			}
		},
		{
			"from": [7.9, 3.7, 1.75],
			"to": [8.1, 4.8, 2.05],
			"rotation": {"angle": 0, "axis": "y", "origin": [15.5, 12.7, 8.05]},
			"faces": {
				"north": {"uv": [0, 0, 0.064, 0.352], "texture": "#0"},
				"east": {"uv": [0, 0, 0.096, 0.352], "texture": "#0"},
				"south": {"uv": [0, 0, 0.064, 0.352], "texture": "#0"},
				"west": {"uv": [0, 0, 0.096, 0.352], "texture": "#0"},
				"up": {"uv": [0, 0, 0.064, 0.096], "texture": "#0"},
				"down": {"uv": [0, 0, 0.064, 0.096], "texture": "#0"}
			}
		},
		{
			"from": [7.9, 3.9, 2.5],
			"to": [8.1, 4, 2.8],
			"rotation": {"angle": 0, "axis": "y", "origin": [15.5, 12.7, 8.8]},
			"faces": {
				"north": {"uv": [0, 0, 0.064, 0.032], "texture": "#0"},
				"east": {"uv": [0, 0, 0.096, 0.032], "texture": "#0"},
				"south": {"uv": [0, 0, 0.064, 0.032], "texture": "#0"},
				"west": {"uv": [0, 0, 0.096, 0.032], "texture": "#0"},
				"up": {"uv": [0, 0, 0.064, 0.096], "texture": "#0"},
				"down": {"uv": [0, 0, 0.064, 0.096], "texture": "#0"}
			}
		},
		{
			"from": [7.9, 3.7, 2.6],
			"to": [8.1, 3.9, 2.8],
			"rotation": {"angle": 0, "axis": "y", "origin": [15.5, 12.5, 8.8]},
			"faces": {
				"north": {"uv": [0, 0, 0.064, 0.064], "texture": "#0"},
				"east": {"uv": [0, 0, 0.064, 0.064], "texture": "#0"},
				"south": {"uv": [0, 0, 0.064, 0.064], "texture": "#0"},
				"west": {"uv": [0, 0, 0.064, 0.064], "texture": "#0"},
				"up": {"uv": [0, 0, 0.064, 0.064], "texture": "#0"},
				"down": {"uv": [0, 0, 0.064, 0.064], "texture": "#0"}
			}
		},
		{
			"from": [7.9, 4, 2.4],
			"to": [8.1, 4.1, 2.7],
			"rotation": {"angle": 0, "axis": "y", "origin": [15.5, 12.8, 8.7]},
			"faces": {
				"north": {"uv": [0, 0, 0.064, 0.032], "texture": "#0"},
				"east": {"uv": [0, 0, 0.096, 0.032], "texture": "#0"},
				"south": {"uv": [0, 0, 0.064, 0.032], "texture": "#0"},
				"west": {"uv": [0, 0, 0.096, 0.032], "texture": "#0"},
				"up": {"uv": [0, 0, 0.064, 0.096], "texture": "#0"},
				"down": {"uv": [0, 0, 0.064, 0.096], "texture": "#0"}
			}
		},
		{
			"from": [7.9, 4.1, 2.3],
			"to": [8.1, 4.2, 2.6],
			"rotation": {"angle": 0, "axis": "y", "origin": [15.5, 12.9, 8.6]},
			"faces": {
				"north": {"uv": [0, 0, 0.064, 0.032], "texture": "#0"},
				"east": {"uv": [0, 0, 0.096, 0.032], "texture": "#0"},
				"south": {"uv": [0, 0, 0.064, 0.032], "texture": "#0"},
				"west": {"uv": [0, 0, 0.096, 0.032], "texture": "#0"},
				"up": {"uv": [0, 0, 0.064, 0.096], "texture": "#0"},
				"down": {"uv": [0, 0, 0.064, 0.096], "texture": "#0"}
			}
		},
		{
			"from": [7.9, 4.2, 2.2],
			"to": [8.1, 4.3, 2.5],
			"rotation": {"angle": 0, "axis": "y", "origin": [15.5, 13, 8.5]},
			"faces": {
				"north": {"uv": [0, 0, 0.064, 0.032], "texture": "#0"},
				"east": {"uv": [0, 0, 0.096, 0.032], "texture": "#0"},
				"south": {"uv": [0, 0, 0.064, 0.032], "texture": "#0"},
				"west": {"uv": [0, 0, 0.096, 0.032], "texture": "#0"},
				"up": {"uv": [0, 0, 0.064, 0.096], "texture": "#0"},
				"down": {"uv": [0, 0, 0.064, 0.096], "texture": "#0"}
			}
		},
		{
			"from": [7.9, 4.3, 2.1],
			"to": [8.1, 4.4, 2.4],
			"rotation": {"angle": 0, "axis": "y", "origin": [15.5, 13.1, 8.4]},
			"faces": {
				"north": {"uv": [0, 0, 0.064, 0.032], "texture": "#0"},
				"east": {"uv": [0, 0, 0.096, 0.032], "texture": "#0"},
				"south": {"uv": [0, 0, 0.064, 0.032], "texture": "#0"},
				"west": {"uv": [0, 0, 0.096, 0.032], "texture": "#0"},
				"up": {"uv": [0, 0, 0.064, 0.096], "texture": "#0"},
				"down": {"uv": [0, 0, 0.064, 0.096], "texture": "#0"}
			}
		},
		{
			"from": [7.9, 4.4, 2],
			"to": [8.1, 4.5, 2.3],
			"rotation": {"angle": 0, "axis": "y", "origin": [15.5, 13.2, 8.3]},
			"faces": {
				"north": {"uv": [0, 0, 0.064, 0.032], "texture": "#0"},
				"east": {"uv": [0, 0, 0.096, 0.032], "texture": "#0"},
				"south": {"uv": [0, 0, 0.064, 0.032], "texture": "#0"},
				"west": {"uv": [0, 0, 0.096, 0.032], "texture": "#0"},
				"up": {"uv": [0, 0, 0.064, 0.096], "texture": "#0"},
				"down": {"uv": [0, 0, 0.064, 0.096], "texture": "#0"}
			}
		},
		{
			"from": [7.9, 4.5, 1.9],
			"to": [8.1, 4.6, 2.2],
			"rotation": {"angle": 0, "axis": "y", "origin": [15.5, 13.3, 8.2]},
			"faces": {
				"north": {"uv": [0, 0, 0.064, 0.032], "texture": "#0"},
				"east": {"uv": [0, 0, 0.096, 0.032], "texture": "#0"},
				"south": {"uv": [0, 0, 0.064, 0.032], "texture": "#0"},
				"west": {"uv": [0, 0, 0.096, 0.032], "texture": "#0"},
				"up": {"uv": [0, 0, 0.064, 0.096], "texture": "#0"},
				"down": {"uv": [0, 0, 0.064, 0.096], "texture": "#0"}
			}
		},
		{
			"from": [7.9, 4.6, 1.8],
			"to": [8.1, 4.7, 2.1],
			"rotation": {"angle": 0, "axis": "y", "origin": [15.5, 13.4, 8.1]},
			"faces": {
				"north": {"uv": [0, 0, 0.064, 0.032], "texture": "#0"},
				"east": {"uv": [0, 0, 0.096, 0.032], "texture": "#0"},
				"south": {"uv": [0, 0, 0.064, 0.032], "texture": "#0"},
				"west": {"uv": [0, 0, 0.096, 0.032], "texture": "#0"},
				"up": {"uv": [0, 0, 0.064, 0.096], "texture": "#0"},
				"down": {"uv": [0, 0, 0.064, 0.096], "texture": "#0"}
			}
		},
		{
			"from": [7.9, 4.7, 1.8],
			"to": [8.1, 4.8, 2],
			"rotation": {"angle": 0, "axis": "y", "origin": [15.5, 13.5, 8.1]},
			"faces": {
				"north": {"uv": [0, 0, 0.064, 0.032], "texture": "#0"},
				"east": {"uv": [0, 0, 0.064, 0.032], "texture": "#0"},
				"south": {"uv": [0, 0, 0.064, 0.032], "texture": "#0"},
				"west": {"uv": [0, 0, 0.064, 0.032], "texture": "#0"},
				"up": {"uv": [0, 0, 0.064, 0.064], "texture": "#0"},
				"down": {"uv": [0, 0, 0.064, 0.064], "texture": "#0"}
			}
		},
		{
			"from": [7.6, 3, 2.8],
			"to": [8.4, 4, 6.9],
			"rotation": {"angle": 0, "axis": "y", "origin": [15.5, 12, 12.9]},
			"faces": {
				"north": {"uv": [0, 0, 0.256, 0.32], "texture": "#0"},
				"east": {"uv": [0, 0, 1.312, 0.32], "texture": "#0"},
				"south": {"uv": [0, 0, 0.256, 0.32], "texture": "#0"},
				"west": {"uv": [0, 0, 1.312, 0.32], "texture": "#0"},
				"up": {"uv": [0, 0, 0.256, 1.312], "texture": "#0"},
				"down": {"uv": [0, 0, 0.256, 1.312], "texture": "#0"}
			}
		},
		{
			"from": [7.8, 4, 7.2],
			"to": [8.2, 4.15, 10.5],
			"rotation": {"angle": 0, "axis": "y", "origin": [15.5, 13, 17]},
			"faces": {
				"north": {"uv": [0, 0, 0.128, 0.048], "texture": "#0"},
				"east": {"uv": [0, 0, 1.056, 0.048], "texture": "#0"},
				"south": {"uv": [0, 0, 0.128, 0.048], "texture": "#0"},
				"west": {"uv": [0, 0, 1.056, 0.048], "texture": "#0"},
				"up": {"uv": [0, 0, 0.128, 1.056], "texture": "#0"},
				"down": {"uv": [0, 0, 0.128, 1.056], "texture": "#0"}
			}
		},
		{
			"from": [7.8, 4.1, 9.7],
			"to": [8.2, 4.25, 10.5],
			"rotation": {"angle": 0, "axis": "y", "origin": [15.5, 13.1, 17]},
			"faces": {
				"north": {"uv": [0, 0, 0.128, 0.048], "texture": "#0"},
				"east": {"uv": [0, 0, 0.256, 0.048], "texture": "#0"},
				"south": {"uv": [0, 0, 0.128, 0.048], "texture": "#0"},
				"west": {"uv": [0, 0, 0.256, 0.048], "texture": "#0"},
				"up": {"uv": [0, 0, 0.128, 0.256], "texture": "#0"},
				"down": {"uv": [0, 0, 0.128, 0.256], "texture": "#0"}
			}
		},
		{
			"from": [7.8, 4.2, 9.7],
			"to": [8.2, 4.35, 10.4],
			"rotation": {"angle": 0, "axis": "y", "origin": [15.5, 13.2, 17]},
			"faces": {
				"north": {"uv": [0, 0, 0.128, 0.048], "texture": "#0"},
				"east": {"uv": [0, 0, 0.224, 0.048], "texture": "#0"},
				"south": {"uv": [0, 0, 0.128, 0.048], "texture": "#0"},
				"west": {"uv": [0, 0, 0.224, 0.048], "texture": "#0"},
				"up": {"uv": [0, 0, 0.128, 0.224], "texture": "#0"},
				"down": {"uv": [0, 0, 0.128, 0.224], "texture": "#0"}
			}
		},
		{
			"from": [7.8, 4.3, 9.7],
			"to": [8.2, 4.45, 10.3],
			"rotation": {"angle": 0, "axis": "y", "origin": [15.5, 13.3, 17]},
			"faces": {
				"north": {"uv": [0, 0, 0.128, 0.048], "texture": "#0"},
				"east": {"uv": [0, 0, 0.192, 0.048], "texture": "#0"},
				"south": {"uv": [0, 0, 0.128, 0.048], "texture": "#0"},
				"west": {"uv": [0, 0, 0.192, 0.048], "texture": "#0"},
				"up": {"uv": [0, 0, 0.128, 0.192], "texture": "#0"},
				"down": {"uv": [0, 0, 0.128, 0.192], "texture": "#0"}
			}
		},
		{
			"from": [7.9, 4.4, 9.7],
			"to": [8.1, 4.85, 10.2],
			"rotation": {"angle": 0, "axis": "y", "origin": [15.5, 13.4, 16.9]},
			"faces": {
				"north": {"uv": [0, 0, 0.064, 0.144], "texture": "#0"},
				"east": {"uv": [0, 0, 0.16, 0.144], "texture": "#0"},
				"south": {"uv": [0, 0, 0.064, 0.144], "texture": "#0"},
				"west": {"uv": [0, 0, 0.16, 0.144], "texture": "#0"},
				"up": {"uv": [0, 0, 0.064, 0.16], "texture": "#0"},
				"down": {"uv": [0, 0, 0.064, 0.16], "texture": "#0"}
			}
		},
		{
			"from": [7.9, 4.6, 9.05],
			"to": [8.1, 4.85, 9.7],
			"rotation": {"angle": 0, "axis": "y", "origin": [15.5, 13.4, 16.4]},
			"faces": {
				"north": {"uv": [0, 0, 0.064, 0.08], "texture": "#0"},
				"east": {"uv": [0, 0, 0.208, 0.08], "texture": "#0"},
				"south": {"uv": [0, 0, 0.064, 0.08], "texture": "#0"},
				"west": {"uv": [0, 0, 0.208, 0.08], "texture": "#0"},
				"up": {"uv": [0, 0, 0.064, 0.208], "texture": "#0"},
				"down": {"uv": [0, 0, 0.064, 0.208], "texture": "#0"}
			}
		},
		{
			"from": [7.9, 4.6, 8.15],
			"to": [8.1, 4.75, 9.2],
			"rotation": {"angle": 0, "axis": "y", "origin": [15.5, 13.4, 15.9]},
			"faces": {
				"north": {"uv": [0, 0, 0.064, 0.048], "texture": "#0"},
				"east": {"uv": [0, 0, 0.336, 0.048], "texture": "#0"},
				"south": {"uv": [0, 0, 0.064, 0.048], "texture": "#0"},
				"west": {"uv": [0, 0, 0.336, 0.048], "texture": "#0"},
				"up": {"uv": [0, 0, 0.064, 0.336], "texture": "#0"},
				"down": {"uv": [0, 0, 0.064, 0.336], "texture": "#0"}
			}
		},
		{
			"from": [7.9, 4.6, 7.4],
			"to": [8.1, 4.65, 8.45],
			"rotation": {"angle": 0, "axis": "y", "origin": [15.5, 13.4, 15.15]},
			"faces": {
				"north": {"uv": [0, 0, 0.064, 0.016], "texture": "#0"},
				"east": {"uv": [0, 0, 0.336, 0.016], "texture": "#0"},
				"south": {"uv": [0, 0, 0.064, 0.016], "texture": "#0"},
				"west": {"uv": [0, 0, 0.336, 0.016], "texture": "#0"},
				"up": {"uv": [0, 0, 0.064, 0.336], "texture": "#0"},
				"down": {"uv": [0, 0, 0.064, 0.336], "texture": "#0"}
			}
		},
		{
			"from": [7.9, 4.1, 7.2],
			"to": [8.1, 4.65, 7.4],
			"rotation": {"angle": 0, "axis": "y", "origin": [15.5, 13.4, 14.8]},
			"faces": {
				"north": {"uv": [0, 0, 0.064, 0.176], "texture": "#0"},
				"east": {"uv": [0, 0, 0.064, 0.176], "texture": "#0"},
				"south": {"uv": [0, 0, 0.064, 0.176], "texture": "#0"},
				"west": {"uv": [0, 0, 0.064, 0.176], "texture": "#0"},
				"up": {"uv": [0, 0, 0.064, 0.064], "texture": "#0"},
				"down": {"uv": [0, 0, 0.064, 0.064], "texture": "#0"}
			}
		},
		{
			"from": [7.75, 2.25, 7.2],
			"to": [8.25, 3, 10.5],
			"rotation": {"angle": 0, "axis": "y", "origin": [15.5, 10, 17.5]},
			"faces": {
				"north": {"uv": [0, 0, 0.16, 0.24], "texture": "#0"},
				"east": {"uv": [0, 0, 1.056, 0.24], "texture": "#0"},
				"south": {"uv": [0, 0, 0.16, 0.24], "texture": "#0"},
				"west": {"uv": [0, 0, 1.056, 0.24], "texture": "#0"},
				"up": {"uv": [0, 0, 0.16, 1.056], "texture": "#0"},
				"down": {"uv": [0, 0, 0.16, 1.056], "texture": "#0"}
			}
		},
		{
			"from": [7.75, 2, 7.6],
			"to": [8.25, 2.25, 9.25],
			"rotation": {"angle": 0, "axis": "y", "origin": [15.5, 9.25, 16.25]},
			"faces": {
				"north": {"uv": [0, 0, 0.16, 0.08], "texture": "#0"},
				"east": {"uv": [0, 0, 0.528, 0.08], "texture": "#0"},
				"south": {"uv": [0, 0, 0.16, 0.08], "texture": "#0"},
				"west": {"uv": [0, 0, 0.528, 0.08], "texture": "#0"},
				"up": {"uv": [0, 0, 0.16, 0.528], "texture": "#0"},
				"down": {"uv": [0, 0, 0.16, 0.528], "texture": "#0"}
			}
		},
		{
			"from": [7.85, 1.5, 7.7],
			"to": [8.15, 2.65, 8.8],
			"rotation": {"angle": 0, "axis": "y", "origin": [15.5, 8.75, 16.05]},
			"faces": {
				"north": {"uv": [0, 0, 0.096, 0.368], "texture": "#1"},
				"east": {"uv": [0, 0, 0.352, 0.368], "texture": "#1"},
				"south": {"uv": [0, 0, 0.096, 0.368], "texture": "#1"},
				"west": {"uv": [0, 0, 0.352, 0.368], "texture": "#1"},
				"up": {"uv": [0, 0, 0.096, 0.352], "texture": "#1"},
				"down": {"uv": [0, 0, 0.096, 0.352], "texture": "#1"}
			}
		},
		{
			"from": [7.85, 1.1, 7.6],
			"to": [8.15, 2.25, 8.7],
			"rotation": {"angle": 0, "axis": "y", "origin": [15.5, 8.35, 15.95]},
			"faces": {
				"north": {"uv": [0, 0, 0.096, 0.368], "texture": "#1"},
				"east": {"uv": [0, 0, 0.352, 0.368], "texture": "#1"},
				"south": {"uv": [0, 0, 0.096, 0.368], "texture": "#1"},
				"west": {"uv": [0, 0, 0.352, 0.368], "texture": "#1"},
				"up": {"uv": [0, 0, 0.096, 0.352], "texture": "#1"},
				"down": {"uv": [0, 0, 0.096, 0.352], "texture": "#1"}
			}
		},
		{
			"from": [7.85, 0.8, 7.5],
			"to": [8.15, 1.95, 8.6],
			"rotation": {"angle": 0, "axis": "y", "origin": [15.5, 8.05, 15.85]},
			"faces": {
				"north": {"uv": [0, 0, 0.096, 0.368], "texture": "#1"},
				"east": {"uv": [0, 0, 0.352, 0.368], "texture": "#1"},
				"south": {"uv": [0, 0, 0.096, 0.368], "texture": "#1"},
				"west": {"uv": [0, 0, 0.352, 0.368], "texture": "#1"},
				"up": {"uv": [0, 0, 0.096, 0.352], "texture": "#1"},
				"down": {"uv": [0, 0, 0.096, 0.352], "texture": "#1"}
			}
		},
		{
			"from": [7.85, 0.7, 7.4],
			"to": [8.15, 1.65, 8.5],
			"rotation": {"angle": 0, "axis": "y", "origin": [15.5, 7.75, 15.75]},
			"faces": {
				"north": {"uv": [0, 0, 0.096, 0.304], "texture": "#1"},
				"east": {"uv": [0, 0, 0.352, 0.304], "texture": "#1"},
				"south": {"uv": [0, 0, 0.096, 0.304], "texture": "#1"},
				"west": {"uv": [0, 0, 0.352, 0.304], "texture": "#1"},
				"up": {"uv": [0, 0, 0.096, 0.352], "texture": "#1"},
				"down": {"uv": [0, 0, 0.096, 0.352], "texture": "#1"}
			}
		},
		{
			"from": [7.85, 0.5, 7.4],
			"to": [8.15, 1.45, 8.5],
			"rotation": {"angle": 0, "axis": "y", "origin": [15.5, 7.55, 15.75]},
			"faces": {
				"north": {"uv": [0, 0, 0.096, 0.304], "texture": "#1"},
				"east": {"uv": [0, 0, 0.352, 0.304], "texture": "#1"},
				"south": {"uv": [0, 0, 0.096, 0.304], "texture": "#1"},
				"west": {"uv": [0, 0, 0.352, 0.304], "texture": "#1"},
				"up": {"uv": [0, 0, 0.096, 0.352], "texture": "#1"},
				"down": {"uv": [0, 0, 0.096, 0.352], "texture": "#1"}
			}
		},
		{
			"from": [7.85, 0.2, 7.3],
			"to": [8.15, 1.15, 8.4],
			"rotation": {"angle": 0, "axis": "y", "origin": [15.5, 7.25, 15.65]},
			"faces": {
				"north": {"uv": [0, 0, 0.096, 0.304], "texture": "#1"},
				"east": {"uv": [0, 0, 0.352, 0.304], "texture": "#1"},
				"south": {"uv": [0, 0, 0.096, 0.304], "texture": "#1"},
				"west": {"uv": [0, 0, 0.352, 0.304], "texture": "#1"},
				"up": {"uv": [0, 0, 0.096, 0.352], "texture": "#1"},
				"down": {"uv": [0, 0, 0.096, 0.352], "texture": "#1"}
			}
		},
		{
			"from": [7.85, -0.05, 7.25],
			"to": [8.15, 0.9, 8.3],
			"rotation": {"angle": 0, "axis": "y", "origin": [15.5, 7, 15.6]},
			"faces": {
				"north": {"uv": [0, 0, 0.096, 0.304], "texture": "#1"},
				"east": {"uv": [0, 0, 0.336, 0.304], "texture": "#1"},
				"south": {"uv": [0, 0, 0.096, 0.304], "texture": "#1"},
				"west": {"uv": [0, 0, 0.336, 0.304], "texture": "#1"},
				"up": {"uv": [0, 0, 0.096, 0.336], "texture": "#1"},
				"down": {"uv": [0, 0, 0.096, 0.336], "texture": "#1"}
			}
		},
		{
			"from": [7.75, 1.9, 7.9],
			"to": [8.25, 2.15, 9.25],
			"rotation": {"angle": 0, "axis": "y", "origin": [15.5, 9.15, 16.25]},
			"faces": {
				"north": {"uv": [0, 0, 0.16, 0.08], "texture": "#0"},
				"east": {"uv": [0, 0, 0.432, 0.08], "texture": "#0"},
				"south": {"uv": [0, 0, 0.16, 0.08], "texture": "#0"},
				"west": {"uv": [0, 0, 0.432, 0.08], "texture": "#0"},
				"up": {"uv": [0, 0, 0.16, 0.432], "texture": "#0"},
				"down": {"uv": [0, 0, 0.16, 0.432], "texture": "#0"}
			}
		},
		{
			"from": [7.75, 1.8, 8.1],
			"to": [8.25, 2.05, 9.25],
			"rotation": {"angle": 0, "axis": "y", "origin": [15.5, 9.05, 16.25]},
			"faces": {
				"north": {"uv": [0, 0, 0.16, 0.08], "texture": "#0"},
				"east": {"uv": [0, 0, 0.368, 0.08], "texture": "#0"},
				"south": {"uv": [0, 0, 0.16, 0.08], "texture": "#0"},
				"west": {"uv": [0, 0, 0.368, 0.08], "texture": "#0"},
				"up": {"uv": [0, 0, 0.16, 0.368], "texture": "#0"},
				"down": {"uv": [0, 0, 0.16, 0.368], "texture": "#0"}
			}
		},
		{
			"from": [7.75, 2.75, 10],
			"to": [8.25, 3, 10.75],
			"rotation": {"angle": 0, "axis": "y", "origin": [15.5, 10, 17.75]},
			"faces": {
				"north": {"uv": [0, 0, 0.16, 0.08], "texture": "#0"},
				"east": {"uv": [0, 0, 0.24, 0.08], "texture": "#0"},
				"south": {"uv": [0, 0, 0.16, 0.08], "texture": "#0"},
				"west": {"uv": [0, 0, 0.24, 0.08], "texture": "#0"},
				"up": {"uv": [0, 0, 0.16, 0.24], "texture": "#0"},
				"down": {"uv": [0, 0, 0.16, 0.24], "texture": "#0"}
			}
		}
	],
	"display": {
		"thirdperson_righthand": {
			"translation": [-1.5, 6, -1.5]
		},
		"thirdperson_lefthand": {
			"translation": [-1, 5.5, -2.25]
		},
		"firstperson_righthand": {
			"translation": [0, 8, 0]
		},
		"firstperson_lefthand": {
			"translation": [0, 7, 0]
		},
		"ground": {
			"rotation": [0, 0, 90]
		},
		"gui": {
			"rotation": [-86.25, -134, -86.75],
			"translation": [-3, 3.5, 0]
		},
		"fixed": {
			"rotation": [89.5, 47, -88.5],
			"translation": [3.5, 4.25, -0.5]
		}
	},
	"groups": [
		{
			"name": "ストック",
			"origin": [8, 8, 8],
			"children": [0, 1, 2, 3, 4, 5, 6, 7, 8,
				{
					"name": "グリップ",
					"origin": [8, 8, 8],
					"children": [9, 10, 11, 12, 13, 14, 15, 16, 17, 18, 19, 20, 21,
						{
							"name": "本体",
							"origin": [15.5, 12, 17],
							"children": [22, 23, 24, 25, 26, 27, 28, 29, 30, 31, 32, 33, 34, 35, 36, 37, 38, 39, 40, 41, 42, 43, 44, 45, 46, 47, 48, 49, 50, 51, 52, 53, 54, 55, 56]
						}
					]
				}
			]
		}
	]
}