{
	"credit": "Made with Blockbench",
	"textures": {
		"0": "item/m700",
		"1": "item/bareru",
		"particle": "item/m700"
	},
	"elements": [
		{
			"from": [7.8, 0.25, 15],
			"to": [8.2, 3, 16],
			"rotation": {"angle": 0, "axis": "y", "origin": [15.5, 8, 22]},
			"faces": {
				"north": {"uv": [0, 0, 0.4, 2.75], "texture": "#0"},
				"east": {"uv": [0, 0, 1, 2.75], "texture": "#0"},
				"south": {"uv": [0, 0, 0.4, 2.75], "texture": "#0"},
				"west": {"uv": [0, 0, 1, 2.75], "texture": "#0"},
				"up": {"uv": [0, 0, 0.4, 1], "texture": "#0"},
				"down": {"uv": [0, 0, 0.4, 1], "texture": "#0"}
			}
		},
		{
			"from": [7.8, 0.5, 14.5],
			"to": [8.2, 3, 15.5],
			"rotation": {"angle": 0, "axis": "y", "origin": [15.5, 8, 21.5]},
			"faces": {
				"north": {"uv": [0, 0, 0.4, 2.5], "texture": "#0"},
				"east": {"uv": [0, 0, 1, 2.5], "texture": "#0"},
				"south": {"uv": [0, 0, 0.4, 2.5], "texture": "#0"},
				"west": {"uv": [0, 0, 1, 2.5], "texture": "#0"},
				"up": {"uv": [0, 0, 0.4, 1], "texture": "#0"},
				"down": {"uv": [0, 0, 0.4, 1], "texture": "#0"}
			}
		},
		{
			"from": [7.8, 0.75, 14],
			"to": [8.2, 3, 15],
			"rotation": {"angle": 0, "axis": "y", "origin": [15.5, 8, 21]},
			"faces": {
				"north": {"uv": [0, 0, 0.4, 2.25], "texture": "#0"},
				"east": {"uv": [0, 0, 1, 2.25], "texture": "#0"},
				"south": {"uv": [0, 0, 0.4, 2.25], "texture": "#0"},
				"west": {"uv": [0, 0, 1, 2.25], "texture": "#0"},
				"up": {"uv": [0, 0, 0.4, 1], "texture": "#0"},
				"down": {"uv": [0, 0, 0.4, 1], "texture": "#0"}
			}
		},
		{
			"from": [7.8, 1, 13.5],
			"to": [8.2, 3, 14.5],
			"rotation": {"angle": 0, "axis": "y", "origin": [15.5, 8, 20.5]},
			"faces": {
				"north": {"uv": [0, 0, 0.4, 2], "texture": "#0"},
				"east": {"uv": [0, 0, 1, 2], "texture": "#0"},
				"south": {"uv": [0, 0, 0.4, 2], "texture": "#0"},
				"west": {"uv": [0, 0, 1, 2], "texture": "#0"},
				"up": {"uv": [0, 0, 0.4, 1], "texture": "#0"},
				"down": {"uv": [0, 0, 0.4, 1], "texture": "#0"}
			}
		},
		{
			"from": [7.8, 1.25, 13],
			"to": [8.2, 3, 14],
			"rotation": {"angle": 0, "axis": "y", "origin": [15.5, 8, 20]},
			"faces": {
				"north": {"uv": [0, 0, 0.4, 1.75], "texture": "#0"},
				"east": {"uv": [0, 0, 1, 1.75], "texture": "#0"},
				"south": {"uv": [0, 0, 0.4, 1.75], "texture": "#0"},
				"west": {"uv": [0, 0, 1, 1.75], "texture": "#0"},
				"up": {"uv": [0, 0, 0.4, 1], "texture": "#0"},
				"down": {"uv": [0, 0, 0.4, 1], "texture": "#0"}
			}
		},
		{
			"from": [7.8, 1.5, 12.5],
			"to": [8.2, 3, 13.5],
			"rotation": {"angle": 0, "axis": "y", "origin": [15.5, 8, 19.5]},
			"faces": {
				"north": {"uv": [0, 0, 0.4, 1.5], "texture": "#0"},
				"east": {"uv": [0, 0, 1, 1.5], "texture": "#0"},
				"south": {"uv": [0, 0, 0.4, 1.5], "texture": "#0"},
				"west": {"uv": [0, 0, 1, 1.5], "texture": "#0"},
				"up": {"uv": [0, 0, 0.4, 1], "texture": "#0"},
				"down": {"uv": [0, 0, 0.4, 1], "texture": "#0"}
			}
		},
		{
			"from": [7.8, 1.5, 12.25],
			"to": [8.2, 2.75, 13.25],
			"rotation": {"angle": 0, "axis": "y", "origin": [15.5, 8, 19.25]},
			"faces": {
				"north": {"uv": [0, 0, 0.4, 1.25], "texture": "#0"},
				"east": {"uv": [0, 0, 1, 1.25], "texture": "#0"},
				"south": {"uv": [0, 0, 0.4, 1.25], "texture": "#0"},
				"west": {"uv": [0, 0, 1, 1.25], "texture": "#0"},
				"up": {"uv": [0, 0, 0.4, 1], "texture": "#0"},
				"down": {"uv": [0, 0, 0.4, 1], "texture": "#0"}
			}
		},
		{
			"from": [7.8, 1.25, 12],
			"to": [8.2, 2.5, 12.5],
			"rotation": {"angle": 0, "axis": "y", "origin": [15.5, 7.75, 18.5]},
			"faces": {
				"north": {"uv": [0, 0, 0.4, 1.25], "texture": "#0"},
				"east": {"uv": [0, 0, 0.5, 1.25], "texture": "#0"},
				"south": {"uv": [0, 0, 0.4, 1.25], "texture": "#0"},
				"west": {"uv": [0, 0, 0.5, 1.25], "texture": "#0"},
				"up": {"uv": [0, 0, 0.4, 0.5], "texture": "#0"},
				"down": {"uv": [0, 0, 0.4, 0.5], "texture": "#0"}
			}
		},
		{
			"from": [7.8, 1.75, 11.5],
			"to": [8.2, 2.5, 12],
			"rotation": {"angle": 0, "axis": "y", "origin": [15.5, 8.25, 18]},
			"faces": {
				"north": {"uv": [0, 0, 0.4, 0.75], "texture": "#0"},
				"east": {"uv": [0, 0, 0.5, 0.75], "texture": "#0"},
				"south": {"uv": [0, 0, 0.4, 0.75], "texture": "#0"},
				"west": {"uv": [0, 0, 0.5, 0.75], "texture": "#0"},
				"up": {"uv": [0, 0, 0.4, 0.5], "texture": "#0"},
				"down": {"uv": [0, 0, 0.4, 0.5], "texture": "#0"}
			}
		},
		{
			"from": [7.8, 2, 11],
			"to": [8.2, 2.75, 11.5],
			"rotation": {"angle": 0, "axis": "y", "origin": [15.5, 8.25, 17.5]},
			"faces": {
				"north": {"uv": [0, 0, 0.4, 0.75], "texture": "#0"},
				"east": {"uv": [0, 0, 0.5, 0.75], "texture": "#0"},
				"south": {"uv": [0, 0, 0.4, 0.75], "texture": "#0"},
				"west": {"uv": [0, 0, 0.5, 0.75], "texture": "#0"},
				"up": {"uv": [0, 0, 0.4, 0.5], "texture": "#0"},
				"down": {"uv": [0, 0, 0.4, 0.5], "texture": "#0"}
			}
		},
		{
			"from": [7.85, 2.75, 4],
			"to": [8.15, 3.05, 10.5],
			"rotation": {"angle": 0, "axis": "y", "origin": [15.5, 8.75, 16.5]},
			"faces": {
				"north": {"uv": [0, 0, 0.3, 0.3], "texture": "#1"},
				"east": {"uv": [0, 0, 6.5, 0.3], "texture": "#1"},
				"south": {"uv": [0, 0, 0.3, 0.3], "texture": "#1"},
				"west": {"uv": [0, 0, 6.5, 0.3], "texture": "#1"},
				"up": {"uv": [0, 0, 0.3, 6.5], "texture": "#1"},
				"down": {"uv": [0, 0, 0.3, 6.5], "texture": "#1"}
			}
		},
		{
			"from": [7.85, 2.75, 0],
			"to": [8.15, 3.05, 4],
			"rotation": {"angle": 0, "axis": "y", "origin": [15.5, 8.75, 10]},
			"faces": {
				"north": {"uv": [0, 0, 0.3, 0.3], "texture": "#1"},
				"east": {"uv": [0, 0, 4, 0.3], "texture": "#1"},
				"south": {"uv": [0, 0, 0.3, 0.3], "texture": "#1"},
				"west": {"uv": [0, 0, 4, 0.3], "texture": "#1"},
				"up": {"uv": [0, 0, 0.3, 4], "texture": "#1"},
				"down": {"uv": [0, 0, 0.3, 4], "texture": "#1"}
			}
		},
		{
			"from": [7.85, 3.05, 0.1],
			"to": [8.1, 3.35, 0.7],
			"rotation": {"angle": 0, "axis": "y", "origin": [15.5, 9.05, 10.1]},
			"faces": {
				"north": {"uv": [0, 0, 0.25, 0.3], "texture": "#0"},
				"east": {"uv": [0, 0, 0.6, 0.3], "texture": "#0"},
				"south": {"uv": [0, 0, 0.25, 0.3], "texture": "#0"},
				"west": {"uv": [0, 0, 0.6, 0.3], "texture": "#0"},
				"up": {"uv": [0, 0, 0.25, 0.6], "texture": "#0"},
				"down": {"uv": [0, 0, 0.25, 0.6], "texture": "#0"}
			}
		},
		{
			"from": [7.8, 2, 10.5],
			"to": [8.2, 2.75, 11],
			"rotation": {"angle": 0, "axis": "y", "origin": [15.5, 8.25, 17]},
			"faces": {
				"north": {"uv": [0, 0, 0.4, 0.75], "texture": "#0"},
				"east": {"uv": [0, 0, 0.5, 0.75], "texture": "#0"},
				"south": {"uv": [0, 0, 0.4, 0.75], "texture": "#0"},
				"west": {"uv": [0, 0, 0.5, 0.75], "texture": "#0"},
				"up": {"uv": [0, 0, 0.4, 0.5], "texture": "#0"},
				"down": {"uv": [0, 0, 0.4, 0.5], "texture": "#0"}
			}
		},
		{
			"from": [8.3, 2.3, 10],
			"to": [8.4, 2.95, 10.2],
			"rotation": {"angle": 0, "axis": "y", "origin": [16, 8.55, 16.2]},
			"faces": {
				"north": {"uv": [0, 0, 0.1, 0.65], "texture": "#0"},
				"east": {"uv": [0, 0, 0.2, 0.65], "texture": "#0"},
				"south": {"uv": [0, 0, 0.1, 0.65], "texture": "#0"},
				"west": {"uv": [0, 0, 0.2, 0.65], "texture": "#0"},
				"up": {"uv": [0, 0, 0.1, 0.2], "texture": "#0"},
				"down": {"uv": [0, 0, 0.1, 0.2], "texture": "#0"}
			}
		},
		{
			"from": [8.1, 2.8, 10],
			"to": [8.3, 2.95, 10.2],
			"rotation": {"angle": 0, "axis": "y", "origin": [15.9, 8.55, 16.2]},
			"faces": {
				"north": {"uv": [0, 0, 0.2, 0.15], "texture": "#0"},
				"east": {"uv": [0, 0, 0.2, 0.15], "texture": "#0"},
				"south": {"uv": [0, 0, 0.2, 0.15], "texture": "#0"},
				"west": {"uv": [0, 0, 0.2, 0.15], "texture": "#0"},
				"up": {"uv": [0, 0, 0.2, 0.2], "texture": "#0"},
				"down": {"uv": [0, 0, 0.2, 0.2], "texture": "#0"}
			}
		},
		{
			"from": [8.3, 2.3, 10],
			"to": [8.5, 2.45, 10.35],
			"rotation": {"angle": 0, "axis": "y", "origin": [16.1, 8.05, 16.2]},
			"faces": {
				"north": {"uv": [0, 0, 0.2, 0.15], "texture": "#0"},
				"east": {"uv": [0, 0, 0.35, 0.15], "texture": "#0"},
				"south": {"uv": [0, 0, 0.2, 0.15], "texture": "#0"},
				"west": {"uv": [0, 0, 0.35, 0.15], "texture": "#0"},
				"up": {"uv": [0, 0, 0.2, 0.35], "texture": "#0"},
				"down": {"uv": [0, 0, 0.2, 0.35], "texture": "#0"}
			}
		},
		{
			"from": [7.9, 1.7, 10.4],
			"to": [8.1, 2.25, 10.5],
			"rotation": {"angle": 0, "axis": "y", "origin": [15.5, 7.75, 16.5]},
			"faces": {
				"north": {"uv": [0, 0, 0.2, 0.55], "texture": "#0"},
				"east": {"uv": [0, 0, 0.1, 0.55], "texture": "#0"},
				"south": {"uv": [0, 0, 0.2, 0.55], "texture": "#0"},
				"west": {"uv": [0, 0, 0.1, 0.55], "texture": "#0"},
				"up": {"uv": [0, 0, 0.2, 0.1], "texture": "#0"},
				"down": {"uv": [0, 0, 0.2, 0.1], "texture": "#0"}
			}
		},
		{
			"from": [7.9, 1.7, 9.6],
			"to": [8.1, 1.85, 10.4],
			"rotation": {"angle": 0, "axis": "y", "origin": [15.5, 7.65, 16.1]},
			"faces": {
				"north": {"uv": [0, 0, 0.2, 0.15], "texture": "#0"},
				"east": {"uv": [0, 0, 0.8, 0.15], "texture": "#0"},
				"south": {"uv": [0, 0, 0.2, 0.15], "texture": "#0"},
				"west": {"uv": [0, 0, 0.8, 0.15], "texture": "#0"},
				"up": {"uv": [0, 0, 0.2, 0.8], "texture": "#0"},
				"down": {"uv": [0, 0, 0.2, 0.8], "texture": "#0"}
			}
		},
		{
			"from": [7.9, 1.7, 9.5],
			"to": [8.1, 2.25, 9.6],
			"rotation": {"angle": 0, "axis": "y", "origin": [15.5, 7.75, 15.6]},
			"faces": {
				"north": {"uv": [0, 0, 0.2, 0.55], "texture": "#0"},
				"east": {"uv": [0, 0, 0.1, 0.55], "texture": "#0"},
				"south": {"uv": [0, 0, 0.2, 0.55], "texture": "#0"},
				"west": {"uv": [0, 0, 0.1, 0.55], "texture": "#0"},
				"up": {"uv": [0, 0, 0.2, 0.1], "texture": "#0"},
				"down": {"uv": [0, 0, 0.2, 0.1], "texture": "#0"}
			}
		},
		{
			"from": [7.8, 2.25, 4],
			"to": [8.2, 2.75, 10.5],
			"rotation": {"angle": 0, "axis": "y", "origin": [15.5, 8.25, 16]},
			"faces": {
				"north": {"uv": [0, 0, 0.4, 0.5], "texture": "#0"},
				"east": {"uv": [0, 0, 6.5, 0.5], "texture": "#0"},
				"south": {"uv": [0, 0, 0.4, 0.5], "texture": "#0"},
				"west": {"uv": [0, 0, 6.5, 0.5], "texture": "#0"},
				"up": {"uv": [0, 0, 0.4, 6.5], "texture": "#0"},
				"down": {"uv": [0, 0, 0.4, 6.5], "texture": "#0"}
			}
		}
	],
	"display": {
		"thirdperson_righthand": {
			"translation": [-1, 6, -2]
		},
		"firstperson_righthand": {
			"translation": [0, 9, 0]
		},
		"firstperson_lefthand": {
			"translation": [0, 8.75, 0]
		},
		"ground": {
			"rotation": [0, 0, 90]
		},
		"gui": {
			"rotation": [94, -51, 84],
			"translation": [-2.5, 4.5, 0]
		},
		"fixed": {
			"rotation": [-85, 117, 89.75],
			"translation": [2.25, 6, 0]
		}
	},
	"groups": [
		{
			"name": "group",
			"origin": [15.5, 8.25, 16],
			"children": [0, 1, 2, 3, 4, 5, 6, 7, 8, 9, 10, 11, 12, 13, 14, 15, 16, 17, 18, 19, 20]
		}
	]
}