{
	"credit": "Made with Blockbench",
	"texture_size": [4, 4],
	"textures": {
		"0": "item/m7002_texture",
		"1": "item/m7002_trigger",
		"2": "item/m7002_barrel",
		"3": "item/m7002_mount_parts",
		"4": "item/m7002_scope",
		"5": "item/m7002_flame",
		"6": "item/m7002_cheekpad",
		"7": "item/m7002_mg",
		"particle": "item/m7002_texture"
	},
	"elements": [
		{
			"from": [3.1, 2.6, 6],
			"to": [12, 3.4, 7],
			"faces": {
				"north": {"uv": [0, 0, 4, 4], "texture": "#5"},
				"east": {"uv": [0, 32, 4, 38], "texture": "#5"},
				"south": {"uv": [0, 4, 4, 0], "texture": "#5"},
				"west": {"uv": [0, 4, 4, 0], "texture": "#5"},
				"up": {"uv": [0, 0, 4, 4], "texture": "#5"},
				"down": {"uv": [0, 0, 4, 4], "texture": "#5"}
			}
		},
		{
			"from": [3.1, 2.4, 6.2],
			"to": [12, 2.7, 6.8],
			"faces": {
				"north": {"uv": [0, 2, 4.5, 2.5], "texture": "#5"},
				"east": {"uv": [2, 5, 2.5, 5.5], "texture": "#5"},
				"south": {"uv": [0, 2.5, 4.5, 3], "texture": "#5"},
				"west": {"uv": [2.5, 5, 3, 5.5], "texture": "#5"},
				"up": {"uv": [4.5, 3.5, 0, 3], "texture": "#5"},
				"down": {"uv": [4.5, 3.5, 0, 4], "texture": "#5"}
			}
		},
		{
			"from": [3.1, 2.45683, 6.0522],
			"to": [12, 2.73683, 6.3372],
			"rotation": {"angle": -45, "axis": "x", "origin": [7.55, 2.60683, 6.1947]},
			"faces": {
				"north": {"uv": [0, 4, 4.5, 4.5], "texture": "#5"},
				"east": {"uv": [3, 5, 3.5, 5.5], "texture": "#5"},
				"south": {"uv": [0, 4.5, 4.5, 5], "texture": "#5"},
				"west": {"uv": [3.5, 5, 4, 5.5], "texture": "#5"},
				"up": {"uv": [9, 0.5, 4.5, 0], "texture": "#5"},
				"down": {"uv": [9, 0.5, 4.5, 1], "texture": "#5"}
			}
		},
		{
			"from": [3.1, 1.80147, 6.04497],
			"to": [12, 2.08647, 6.34497],
			"rotation": {"angle": 45, "axis": "x", "origin": [7.55, 1.55147, 7.29497]},
			"faces": {
				"north": {"uv": [4.5, 1, 9, 1.5], "texture": "#5"},
				"east": {"uv": [4, 5, 4.5, 5.5], "texture": "#5"},
				"south": {"uv": [4.5, 1.5, 9, 2], "texture": "#5"},
				"west": {"uv": [4.5, 5, 5, 5.5], "texture": "#5"},
				"up": {"uv": [9, 2.5, 4.5, 2], "texture": "#5"},
				"down": {"uv": [9, 2.5, 4.5, 3], "texture": "#5"}
			}
		},
		{
			"from": [11.05, 2.78457, 5.8276],
			"to": [11.35, 3.08457, 6.1276],
			"rotation": {"angle": 22.5, "axis": "x", "origin": [11.2, 3.38457, 5.97758]},
			"faces": {
				"north": {"uv": [0.25, 0.25, 0.75, 0.75], "rotation": 180, "texture": "#2"},
				"east": {"uv": [1.25, 0.25, 1.75, 0.75], "rotation": 90, "texture": "#2"},
				"south": {"uv": [2.25, 0.25, 2.75, 0.75], "texture": "#2"},
				"west": {"uv": [3.25, 0.25, 3.75, 0.75], "rotation": 270, "texture": "#2"},
				"up": {"uv": [4.25, 0.25, 4.75, 0.75], "texture": "#2"},
				"down": {"uv": [5.25, 0.25, 5.75, 0.75], "rotation": 180, "texture": "#2"}
			}
		},
		{
			"from": [11.1, 3.08457, 5.87758],
			"to": [11.3, 3.68457, 6.07758],
			"rotation": {"angle": 22.5, "axis": "x", "origin": [11.2, 3.38457, 5.97758]},
			"faces": {
				"north": {"uv": [6.25, 0.25, 6.75, 0.75], "rotation": 180, "texture": "#2"},
				"east": {"uv": [7.25, 0.25, 7.75, 0.75], "rotation": 90, "texture": "#2"},
				"south": {"uv": [8.25, 0.25, 8.75, 0.75], "texture": "#2"},
				"west": {"uv": [9.25, 0.25, 9.75, 0.75], "rotation": 270, "texture": "#2"},
				"up": {"uv": [10.25, 0.25, 10.75, 0.75], "texture": "#2"},
				"down": {"uv": [11.25, 0.25, 11.75, 0.75], "rotation": 180, "texture": "#2"}
			}
		},
		{
			"from": [11.1, 3.5, 6],
			"to": [11.3, 3.7, 6.4],
			"rotation": {"angle": 0, "axis": "y", "origin": [0.1, 0.05, -0.05]},
			"faces": {
				"north": {"uv": [12.25, 0.25, 12.75, 0.75], "texture": "#2"},
				"east": {"uv": [13.25, 0.25, 13.75, 0.75], "texture": "#2"},
				"south": {"uv": [14.25, 0.25, 14.75, 0.75], "texture": "#2"},
				"west": {"uv": [15.25, 0.25, 15.75, 0.75], "texture": "#2"},
				"up": {"uv": [0.25, 1.25, 0.75, 1.75], "texture": "#2"},
				"down": {"uv": [1.25, 1.25, 1.75, 1.75], "texture": "#2"}
			}
		},
		{
			"from": [11.35433, 3.07039, 6.3],
			"to": [11.95433, 3.57039, 6.7],
			"rotation": {"angle": 0, "axis": "z", "origin": [11.45433, 3.62039, 5.2]},
			"faces": {
				"north": {"uv": [2.25, 1.25, 2.75, 1.75], "texture": "#2"},
				"east": {"uv": [3.25, 1.25, 3.75, 1.75], "texture": "#2"},
				"south": {"uv": [4.25, 1.25, 4.75, 1.75], "texture": "#2"},
				"west": {"uv": [5.25, 1.25, 5.75, 1.75], "texture": "#2"},
				"up": {"uv": [6.25, 1.25, 6.75, 1.75], "texture": "#2"},
				"down": {"uv": [7.25, 1.25, 7.75, 1.75], "texture": "#2"}
			}
		},
		{
			"from": [11.31215, 3.15834, 6.3],
			"to": [11.91215, 3.65834, 6.7],
			"rotation": {"angle": -22.5, "axis": "z", "origin": [11.71215, 3.50834, 5.5]},
			"faces": {
				"north": {"uv": [8.25, 1.25, 8.75, 1.75], "texture": "#2"},
				"east": {"uv": [9.25, 1.25, 9.75, 1.75], "texture": "#2"},
				"south": {"uv": [10.25, 1.25, 10.75, 1.75], "texture": "#2"},
				"west": {"uv": [11.25, 1.25, 11.75, 1.75], "texture": "#2"},
				"up": {"uv": [12.25, 1.25, 12.75, 1.75], "texture": "#2"},
				"down": {"uv": [13.25, 1.25, 13.75, 1.75], "texture": "#2"}
			}
		},
		{
			"from": [-2, 3.4, 6.3],
			"to": [11.4, 3.8, 6.7],
			"faces": {
				"north": {"uv": [14.25, 1.25, 14.75, 1.75], "texture": "#2"},
				"east": {"uv": [15.25, 1.25, 15.75, 1.75], "texture": "#2"},
				"south": {"uv": [0.25, 2.25, 0.75, 2.75], "texture": "#2"},
				"west": {"uv": [1.25, 2.25, 1.75, 2.75], "texture": "#2"},
				"up": {"uv": [2.25, 2.25, 2.75, 2.75], "texture": "#2"},
				"down": {"uv": [3.25, 2.25, 3.75, 2.75], "texture": "#2"}
			}
		},
		{
			"from": [11, 3.3, 6.2],
			"to": [11.4, 3.9, 6.8],
			"rotation": {"angle": 0, "axis": "y", "origin": [0.1, 0.05, -0.05]},
			"faces": {
				"north": {"uv": [4.25, 2.25, 4.75, 2.75], "texture": "#2"},
				"east": {"uv": [5.25, 2.25, 5.75, 2.75], "texture": "#2"},
				"south": {"uv": [6.25, 2.25, 6.75, 2.75], "texture": "#2"},
				"west": {"uv": [7.25, 2.25, 7.75, 2.75], "texture": "#2"},
				"up": {"uv": [8.25, 2.25, 8.75, 2.75], "texture": "#2"},
				"down": {"uv": [9.25, 2.25, 9.75, 2.75], "texture": "#2"}
			}
		},
		{
			"from": [9.6, 3.35, 6.25],
			"to": [10.7, 3.85, 6.75],
			"faces": {
				"north": {"uv": [0.25, 0.25, 0.75, 0.75], "texture": "#3"},
				"east": {"uv": [1.25, 0.25, 1.75, 0.75], "texture": "#3"},
				"south": {"uv": [2.25, 0.25, 2.75, 0.75], "texture": "#3"},
				"west": {"uv": [3.25, 0.25, 3.75, 0.75], "texture": "#3"},
				"up": {"uv": [4.25, 0.25, 4.75, 0.75], "texture": "#3"},
				"down": {"uv": [5.25, 0.25, 5.75, 0.75], "texture": "#3"}
			}
		},
		{
			"from": [9.6, 3.85, 6.25],
			"to": [10.7, 4.05, 6.75],
			"faces": {
				"north": {"uv": [6.25, 0.25, 6.75, 0.75], "texture": "#3"},
				"east": {"uv": [7.25, 0.25, 7.75, 0.75], "texture": "#3"},
				"south": {"uv": [8.25, 0.25, 8.75, 0.75], "texture": "#3"},
				"west": {"uv": [9.25, 0.25, 9.75, 0.75], "texture": "#3"},
				"up": {"uv": [10.25, 0.25, 10.75, 0.75], "texture": "#3"},
				"down": {"uv": [11.25, 0.25, 11.75, 0.75], "texture": "#3"}
			}
		},
		{
			"from": [7.1, 3.85, 6.25],
			"to": [8.2, 4.05, 6.75],
			"faces": {
				"north": {"uv": [12.25, 0.25, 12.75, 0.75], "texture": "#3"},
				"east": {"uv": [13.25, 0.25, 13.75, 0.75], "texture": "#3"},
				"south": {"uv": [14.25, 0.25, 14.75, 0.75], "texture": "#3"},
				"west": {"uv": [15.25, 0.25, 15.75, 0.75], "texture": "#3"},
				"up": {"uv": [0.25, 1.25, 0.75, 1.75], "texture": "#3"},
				"down": {"uv": [1.25, 1.25, 1.75, 1.75], "texture": "#3"}
			}
		},
		{
			"from": [7.1, 3.35, 6.25],
			"to": [8.2, 3.85, 6.75],
			"faces": {
				"north": {"uv": [2.25, 1.25, 2.75, 1.75], "texture": "#3"},
				"east": {"uv": [3.25, 1.25, 3.75, 1.75], "texture": "#3"},
				"south": {"uv": [4.25, 1.25, 4.75, 1.75], "texture": "#3"},
				"west": {"uv": [5.25, 1.25, 5.75, 1.75], "texture": "#3"},
				"up": {"uv": [6.25, 1.25, 6.75, 1.75], "texture": "#3"},
				"down": {"uv": [7.25, 1.25, 7.75, 1.75], "texture": "#3"}
			}
		},
		{
			"from": [13.08931, 1.67953, 6.1],
			"to": [16.48931, 2.67953, 6.9],
			"rotation": {"angle": 0, "axis": "z", "origin": [17.33931, 2.17953, 6.5]},
			"faces": {
				"north": {"uv": [0, 0, 2, 6.8], "rotation": 90, "texture": "#5"},
				"east": {"uv": [0, 0, 2, 1.6], "rotation": 270, "texture": "#5"},
				"south": {"uv": [0, 0, 2, 6.8], "rotation": 270, "texture": "#5"},
				"west": {"uv": [0, 0, 2, 1.6], "rotation": 270, "texture": "#5"},
				"up": {"uv": [0, 0, 1.6, 6.8], "rotation": 270, "texture": "#5"},
				"down": {"uv": [0, 0, 1.6, 6.8], "rotation": 270, "texture": "#5"}
			}
		},
		{
			"from": [13.47748, 0.9146, 6.1],
			"to": [15.67748, 1.9146, 6.9],
			"rotation": {"angle": -22.5, "axis": "z", "origin": [15.42748, -0.2854, 6.5]},
			"faces": {
				"north": {"uv": [0, 0, 4.4, 2], "texture": "#5"},
				"east": {"uv": [0, 0, 1.6, 2], "texture": "#5"},
				"south": {"uv": [0, 0, 4.4, 2], "texture": "#5"},
				"west": {"uv": [0, 0, 1.6, 2], "texture": "#5"},
				"up": {"uv": [0, 0, 4.4, 1.6], "texture": "#5"},
				"down": {"uv": [0, 0, 4.4, 1.6], "texture": "#5"}
			}
		},
		{
			"from": [15.67748, 0.9146, 6],
			"to": [18.67748, 1.9146, 7],
			"rotation": {"angle": -22.5, "axis": "z", "origin": [15.42748, -0.2854, 6.5]},
			"faces": {
				"north": {"uv": [0, 0, 6, 2], "texture": "#5"},
				"east": {"uv": [0, 0, 2, 2], "texture": "#5"},
				"south": {"uv": [0, 0, 6, 2], "texture": "#5"},
				"west": {"uv": [0, 0, 2, 2], "texture": "#5"},
				"up": {"uv": [0, 0, 6, 2], "texture": "#5"},
				"down": {"uv": [0, 0, 6, 2], "texture": "#5"}
			}
		},
		{
			"from": [18.88931, -0.42047, 6],
			"to": [19.88931, 2.67953, 7],
			"rotation": {"angle": 0, "axis": "y", "origin": [0.88931, -1.02047, 0]},
			"faces": {
				"north": {"uv": [0, 0, 2, 6.2], "texture": "#5"},
				"east": {"uv": [0, 0, 2, 6.2], "texture": "#5"},
				"south": {"uv": [0, 0, 2, 6.2], "texture": "#5"},
				"west": {"uv": [0, 0, 2, 6.2], "texture": "#5"},
				"up": {"uv": [0, 0, 2, 2], "texture": "#5"},
				"down": {"uv": [0, 0, 2, 2], "texture": "#5"}
			}
		},
		{
			"name": "cheekpad",
			"from": [16.48931, 0.67953, 5.9],
			"to": [18.88931, 2.87953, 7.1],
			"rotation": {"angle": 0, "axis": "z", "origin": [17.33931, 2.17953, 6.5]},
			"faces": {
				"north": {"uv": [0, 0, 2, 2], "texture": "#6"},
				"east": {"uv": [2, 0, 3, 2], "texture": "#6"},
				"south": {"uv": [0, 2, 2, 4], "texture": "#6"},
				"west": {"uv": [2, 2, 3, 4], "texture": "#6"},
				"up": {"uv": [5, 1, 3, 0], "texture": "#6"},
				"down": {"uv": [5, 1, 3, 2], "texture": "#6"}
			}
		},
		{
			"from": [7.5, 4, 5.95],
			"to": [8, 5.4, 7.05],
			"faces": {
				"north": {"uv": [1, 4, 1.5, 5.375], "texture": "#0"},
				"east": {"uv": [6.725, 0, 12.75, 7.175], "texture": "#0"},
				"south": {"uv": [2, 4, 2.5, 5.375], "texture": "#0"},
				"west": {"uv": [6.75, 0, 12.75, 7.125], "texture": "#0"},
				"up": {"uv": [4.5, 5.125, 4, 4], "texture": "#0"},
				"down": {"uv": [5.5, 0, 5, 1.125], "texture": "#0"}
			}
		},
		{
			"from": [9.9, 4, 5.95],
			"to": [10.4, 5.4, 7.05],
			"faces": {
				"north": {"uv": [0, 4, 0.5, 5.375], "texture": "#0"},
				"east": {"uv": [6.725, 0.025, 12.75, 7.175], "texture": "#0"},
				"south": {"uv": [4, 0, 4.5, 1.375], "texture": "#0"},
				"west": {"uv": [6.75, 0, 12.75, 7.125], "texture": "#0"},
				"up": {"uv": [4.5, 3.15, 4, 2.025], "texture": "#0"},
				"down": {"uv": [3.5, 4, 3, 5.125], "texture": "#0"}
			}
		},
		{
			"from": [11.7, 2.3, 6.1],
			"to": [13.7, 3.2, 6.9],
			"rotation": {"angle": -22.5, "axis": "z", "origin": [12, 3.5, 6.5]},
			"faces": {
				"north": {"uv": [0, 0, 4, 1.8], "texture": "#5"},
				"east": {"uv": [0, 0, 1.6, 1.8], "texture": "#5"},
				"south": {"uv": [0, 0, 4, 1.8], "texture": "#5"},
				"west": {"uv": [0, 0, 1.6, 1.8], "texture": "#5"},
				"up": {"uv": [0, 0, 4, 1.6], "texture": "#5"},
				"down": {"uv": [0, 0, 4, 1.6], "texture": "#5"}
			}
		},
		{
			"from": [13.01022, 1.94047, 6.1],
			"to": [14.81022, 2.84047, 6.9],
			"rotation": {"angle": -45, "axis": "z", "origin": [12.96022, 2.29047, 6.5]},
			"faces": {
				"north": {"uv": [4.5, 3, 5.5, 3.5], "texture": "#5"},
				"east": {"uv": [0, 5, 0.5, 5.5], "texture": "#5"},
				"south": {"uv": [4.5, 3.5, 5.5, 4], "texture": "#5"},
				"west": {"uv": [0.5, 5, 1, 5.5], "texture": "#5"},
				"up": {"uv": [5.5, 4.5, 4.5, 4], "texture": "#5"},
				"down": {"uv": [5.5, 4.5, 4.5, 5], "texture": "#5"}
			}
		},
		{
			"from": [10.22399, 2.139, 6.3],
			"to": [10.32399, 2.639, 6.7],
			"rotation": {"angle": -22.5, "axis": "z", "origin": [10.27399, 2.189, 6.5]},
			"faces": {
				"north": {"uv": [0.25, 0.25, 0.75, 0.75], "texture": "#1"},
				"east": {"uv": [1.25, 0.25, 1.75, 0.75], "texture": "#1"},
				"south": {"uv": [2.25, 0.25, 2.75, 0.75], "texture": "#1"},
				"west": {"uv": [3.25, 0.25, 3.75, 0.75], "texture": "#1"},
				"up": {"uv": [4.25, 0.25, 4.75, 0.75], "texture": "#1"},
				"down": {"uv": [5.25, 0.25, 5.75, 0.75], "texture": "#1"}
			}
		},
		{
			"from": [10.40751, 1.56225, 6.3],
			"to": [10.50751, 2.06225, 6.7],
			"rotation": {"angle": 22.5, "axis": "z", "origin": [10.05751, 1.61225, 6.5]},
			"faces": {
				"north": {"uv": [6.25, 0.25, 6.75, 0.75], "texture": "#1"},
				"east": {"uv": [7.25, 0.25, 7.75, 0.75], "texture": "#1"},
				"south": {"uv": [8.25, 0.25, 8.75, 0.75], "texture": "#1"},
				"west": {"uv": [9.25, 0.25, 9.75, 0.75], "texture": "#1"},
				"up": {"uv": [10.25, 0.25, 10.75, 0.75], "texture": "#1"},
				"down": {"uv": [11.25, 0.25, 11.75, 0.75], "texture": "#1"}
			}
		},
		{
			"from": [11.27601, 2.139, 6.3],
			"to": [11.37601, 2.639, 6.7],
			"rotation": {"angle": 22.5, "axis": "z", "origin": [11.32601, 2.189, 6.5]},
			"faces": {
				"north": {"uv": [12.25, 0.25, 12.75, 0.75], "texture": "#1"},
				"east": {"uv": [13.25, 0.25, 13.75, 0.75], "texture": "#1"},
				"south": {"uv": [14.25, 0.25, 14.75, 0.75], "texture": "#1"},
				"west": {"uv": [15.25, 0.25, 15.75, 0.75], "texture": "#1"},
				"up": {"uv": [0.25, 1.25, 0.75, 1.75], "texture": "#1"},
				"down": {"uv": [1.25, 1.25, 1.75, 1.75], "texture": "#1"}
			}
		},
		{
			"from": [10.90646, 1.93795, 6.3],
			"to": [11.00646, 2.43795, 6.7],
			"rotation": {"angle": 0, "axis": "z", "origin": [10.95646, 2.28795, 6.5]},
			"faces": {
				"north": {"uv": [2.25, 1.25, 2.75, 1.75], "texture": "#1"},
				"east": {"uv": [3.25, 1.25, 3.75, 1.75], "texture": "#1"},
				"south": {"uv": [4.25, 1.25, 4.75, 1.75], "texture": "#1"},
				"west": {"uv": [5.25, 1.25, 5.75, 1.75], "texture": "#1"},
				"up": {"uv": [6.25, 1.25, 6.75, 1.75], "texture": "#1"},
				"down": {"uv": [7.25, 1.25, 7.75, 1.75], "texture": "#1"}
			}
		},
		{
			"from": [11.07336, 1.56606, 6.3],
			"to": [11.17336, 2.06606, 6.7],
			"rotation": {"angle": -22.5, "axis": "z", "origin": [11.52336, 1.56606, 6.5]},
			"faces": {
				"north": {"uv": [8.25, 1.25, 8.75, 1.75], "texture": "#1"},
				"east": {"uv": [9.25, 1.25, 9.75, 1.75], "texture": "#1"},
				"south": {"uv": [10.25, 1.25, 10.75, 1.75], "texture": "#1"},
				"west": {"uv": [11.25, 1.25, 11.75, 1.75], "texture": "#1"},
				"up": {"uv": [12.25, 1.25, 12.75, 1.75], "texture": "#1"},
				"down": {"uv": [13.25, 1.25, 13.75, 1.75], "texture": "#1"}
			}
		},
		{
			"from": [10.4, 1.7, 6.3],
			"to": [11.2, 1.8, 6.7],
			"faces": {
				"north": {"uv": [14.25, 1.25, 14.75, 1.75], "texture": "#1"},
				"east": {"uv": [15.25, 1.25, 15.75, 1.75], "texture": "#1"},
				"south": {"uv": [0.25, 2.25, 0.75, 2.75], "texture": "#1"},
				"west": {"uv": [1.25, 2.25, 1.75, 2.75], "texture": "#1"},
				"up": {"uv": [2.25, 2.25, 2.75, 2.75], "texture": "#1"},
				"down": {"uv": [3.25, 2.25, 3.75, 2.75], "texture": "#1"}
			}
		},
		{
			"from": [-1.5, 3.8, 6.45],
			"to": [-1, 3.9, 6.55],
			"faces": {
				"north": {"uv": [4.25, 2.25, 4.75, 2.75], "texture": "#1"},
				"east": {"uv": [5.25, 2.25, 5.75, 2.75], "texture": "#1"},
				"south": {"uv": [6.25, 2.25, 6.75, 2.75], "texture": "#1"},
				"west": {"uv": [7.25, 2.25, 7.75, 2.75], "texture": "#1"},
				"up": {"uv": [8.25, 2.25, 8.75, 2.75], "texture": "#1"},
				"down": {"uv": [9.25, 2.25, 9.75, 2.75], "texture": "#1"}
			}
		},
		{
			"from": [-1.5, 3.9, 6.45],
			"to": [-1.2, 4, 6.55],
			"faces": {
				"north": {"uv": [10.25, 2.25, 10.75, 2.75], "texture": "#1"},
				"east": {"uv": [11.25, 2.25, 11.75, 2.75], "texture": "#1"},
				"south": {"uv": [12.25, 2.25, 12.75, 2.75], "texture": "#1"},
				"west": {"uv": [13.25, 2.25, 13.75, 2.75], "texture": "#1"},
				"up": {"uv": [14.25, 2.25, 14.75, 2.75], "texture": "#1"},
				"down": {"uv": [15.25, 2.25, 15.75, 2.75], "texture": "#1"}
			}
		},
		{
			"from": [6.1, 5.1, 6.4],
			"to": [11.7, 5.2, 6.6],
			"rotation": {"angle": 0, "axis": "x", "origin": [9.25, 4.7, 6.5]},
			"faces": {
				"north": {"uv": [0.25, 0.25, 0.75, 0.75], "texture": "#4"},
				"east": {"uv": [1.25, 0.25, 1.75, 0.75], "texture": "#4"},
				"south": {"uv": [2.25, 0.25, 2.75, 0.75], "texture": "#4"},
				"west": {"uv": [3.25, 0.25, 3.75, 0.75], "texture": "#4"},
				"up": {"uv": [4.25, 0.25, 4.75, 0.75], "texture": "#4"},
				"down": {"uv": [5.25, 0.25, 5.75, 0.75], "texture": "#4"}
			}
		},
		{
			"from": [6.1, 5.1, 6.4],
			"to": [11.7, 5.2, 6.6],
			"rotation": {"angle": 22.5, "axis": "x", "origin": [9.25, 4.7, 6.5]},
			"faces": {
				"north": {"uv": [6.25, 0.25, 6.75, 0.75], "texture": "#4"},
				"east": {"uv": [7.25, 0.25, 7.75, 0.75], "texture": "#4"},
				"south": {"uv": [8.25, 0.25, 8.75, 0.75], "texture": "#4"},
				"west": {"uv": [9.25, 0.25, 9.75, 0.75], "texture": "#4"},
				"up": {"uv": [10.25, 0.25, 10.75, 0.75], "texture": "#4"},
				"down": {"uv": [11.25, 0.25, 11.75, 0.75], "texture": "#4"}
			}
		},
		{
			"from": [6.1, 5.1, 6.4],
			"to": [11.7, 5.2, 6.6],
			"rotation": {"angle": 45, "axis": "x", "origin": [9.25, 4.7, 6.5]},
			"faces": {
				"north": {"uv": [12.25, 0.25, 12.75, 0.75], "texture": "#4"},
				"east": {"uv": [13.25, 0.25, 13.75, 0.75], "texture": "#4"},
				"south": {"uv": [14.25, 0.25, 14.75, 0.75], "texture": "#4"},
				"west": {"uv": [15.25, 0.25, 15.75, 0.75], "texture": "#4"},
				"up": {"uv": [0.25, 1.25, 0.75, 1.75], "texture": "#4"},
				"down": {"uv": [1.25, 1.25, 1.75, 1.75], "texture": "#4"}
			}
		},
		{
			"from": [6.1, 4.6, 6.9],
			"to": [11.7, 4.8, 7],
			"rotation": {"angle": -22.5, "axis": "x", "origin": [9.25, 4.7, 6.5]},
			"faces": {
				"north": {"uv": [2.25, 1.25, 2.75, 1.75], "rotation": 180, "texture": "#4"},
				"east": {"uv": [3.25, 1.25, 3.75, 1.75], "rotation": 270, "texture": "#4"},
				"south": {"uv": [4.25, 1.25, 4.75, 1.75], "texture": "#4"},
				"west": {"uv": [5.25, 1.25, 5.75, 1.75], "rotation": 90, "texture": "#4"},
				"up": {"uv": [6.25, 1.25, 6.75, 1.75], "rotation": 180, "texture": "#4"},
				"down": {"uv": [7.25, 1.25, 7.75, 1.75], "texture": "#4"}
			}
		},
		{
			"from": [6.1, 4.6, 6.9],
			"to": [11.7, 4.8, 7],
			"rotation": {"angle": 0, "axis": "x", "origin": [9.25, 4.7, 6.5]},
			"faces": {
				"north": {"uv": [8.25, 1.25, 8.75, 1.75], "rotation": 180, "texture": "#4"},
				"east": {"uv": [9.25, 1.25, 9.75, 1.75], "rotation": 270, "texture": "#4"},
				"south": {"uv": [10.25, 1.25, 10.75, 1.75], "texture": "#4"},
				"west": {"uv": [11.25, 1.25, 11.75, 1.75], "rotation": 90, "texture": "#4"},
				"up": {"uv": [12.25, 1.25, 12.75, 1.75], "rotation": 180, "texture": "#4"},
				"down": {"uv": [13.25, 1.25, 13.75, 1.75], "texture": "#4"}
			}
		},
		{
			"from": [6.1, 4.6, 6.9],
			"to": [11.7, 4.8, 7],
			"rotation": {"angle": 22.5, "axis": "x", "origin": [9.25, 4.7, 6.5]},
			"faces": {
				"north": {"uv": [14.25, 1.25, 14.75, 1.75], "rotation": 180, "texture": "#4"},
				"east": {"uv": [15.25, 1.25, 15.75, 1.75], "rotation": 270, "texture": "#4"},
				"south": {"uv": [0.25, 2.25, 0.75, 2.75], "texture": "#4"},
				"west": {"uv": [1.25, 2.25, 1.75, 2.75], "rotation": 90, "texture": "#4"},
				"up": {"uv": [2.25, 2.25, 2.75, 2.75], "rotation": 180, "texture": "#4"},
				"down": {"uv": [3.25, 2.25, 3.75, 2.75], "texture": "#4"}
			}
		},
		{
			"from": [6.1, 4.6, 6.9],
			"to": [11.7, 4.8, 7],
			"rotation": {"angle": 45, "axis": "x", "origin": [9.25, 4.7, 6.5]},
			"faces": {
				"north": {"uv": [4.25, 2.25, 4.75, 2.75], "rotation": 180, "texture": "#4"},
				"east": {"uv": [5.25, 2.25, 5.75, 2.75], "rotation": 270, "texture": "#4"},
				"south": {"uv": [6.25, 2.25, 6.75, 2.75], "texture": "#4"},
				"west": {"uv": [7.25, 2.25, 7.75, 2.75], "rotation": 90, "texture": "#4"},
				"up": {"uv": [8.25, 2.25, 8.75, 2.75], "rotation": 180, "texture": "#4"},
				"down": {"uv": [9.25, 2.25, 9.75, 2.75], "texture": "#4"}
			}
		},
		{
			"from": [6.1, 4.2, 6.4],
			"to": [11.7, 4.3, 6.6],
			"rotation": {"angle": -22.5, "axis": "x", "origin": [9.25, 4.7, 6.5]},
			"faces": {
				"north": {"uv": [10.25, 2.25, 10.75, 2.75], "rotation": 180, "texture": "#4"},
				"east": {"uv": [11.25, 2.25, 11.75, 2.75], "rotation": 180, "texture": "#4"},
				"south": {"uv": [12.25, 2.25, 12.75, 2.75], "rotation": 180, "texture": "#4"},
				"west": {"uv": [13.25, 2.25, 13.75, 2.75], "rotation": 180, "texture": "#4"},
				"up": {"uv": [14.25, 2.25, 14.75, 2.75], "texture": "#4"},
				"down": {"uv": [15.25, 2.25, 15.75, 2.75], "texture": "#4"}
			}
		},
		{
			"from": [6.1, 4.2, 6.4],
			"to": [11.7, 4.3, 6.6],
			"rotation": {"angle": 0, "axis": "x", "origin": [9.25, 4.7, 6.5]},
			"faces": {
				"north": {"uv": [0.25, 3.25, 0.75, 3.75], "rotation": 180, "texture": "#4"},
				"east": {"uv": [1.25, 3.25, 1.75, 3.75], "rotation": 180, "texture": "#4"},
				"south": {"uv": [2.25, 3.25, 2.75, 3.75], "rotation": 180, "texture": "#4"},
				"west": {"uv": [3.25, 3.25, 3.75, 3.75], "rotation": 180, "texture": "#4"},
				"up": {"uv": [4.25, 3.25, 4.75, 3.75], "texture": "#4"},
				"down": {"uv": [5.25, 3.25, 5.75, 3.75], "texture": "#4"}
			}
		},
		{
			"from": [6.1, 4.2, 6.4],
			"to": [11.7, 4.3, 6.6],
			"rotation": {"angle": 22.5, "axis": "x", "origin": [9.25, 4.7, 6.5]},
			"faces": {
				"north": {"uv": [6.25, 3.25, 6.75, 3.75], "rotation": 180, "texture": "#4"},
				"east": {"uv": [7.25, 3.25, 7.75, 3.75], "rotation": 180, "texture": "#4"},
				"south": {"uv": [8.25, 3.25, 8.75, 3.75], "rotation": 180, "texture": "#4"},
				"west": {"uv": [9.25, 3.25, 9.75, 3.75], "rotation": 180, "texture": "#4"},
				"up": {"uv": [10.25, 3.25, 10.75, 3.75], "texture": "#4"},
				"down": {"uv": [11.25, 3.25, 11.75, 3.75], "texture": "#4"}
			}
		},
		{
			"from": [6.1, 4.2, 6.4],
			"to": [11.7, 4.3, 6.6],
			"rotation": {"angle": 45, "axis": "x", "origin": [9.25, 4.7, 6.5]},
			"faces": {
				"north": {"uv": [12.25, 3.25, 12.75, 3.75], "rotation": 180, "texture": "#4"},
				"east": {"uv": [13.25, 3.25, 13.75, 3.75], "rotation": 180, "texture": "#4"},
				"south": {"uv": [14.25, 3.25, 14.75, 3.75], "rotation": 180, "texture": "#4"},
				"west": {"uv": [15.25, 3.25, 15.75, 3.75], "rotation": 180, "texture": "#4"},
				"up": {"uv": [0.25, 4.25, 0.75, 4.75], "texture": "#4"},
				"down": {"uv": [1.25, 4.25, 1.75, 4.75], "texture": "#4"}
			}
		},
		{
			"from": [6.1, 4.6, 6],
			"to": [11.7, 4.8, 6.1],
			"rotation": {"angle": -22.5, "axis": "x", "origin": [9.25, 4.7, 6.5]},
			"faces": {
				"north": {"uv": [2.25, 4.25, 2.75, 4.75], "rotation": 180, "texture": "#4"},
				"east": {"uv": [3.25, 4.25, 3.75, 4.75], "rotation": 90, "texture": "#4"},
				"south": {"uv": [4.25, 4.25, 4.75, 4.75], "texture": "#4"},
				"west": {"uv": [5.25, 4.25, 5.75, 4.75], "rotation": 270, "texture": "#4"},
				"up": {"uv": [6.25, 4.25, 6.75, 4.75], "texture": "#4"},
				"down": {"uv": [7.25, 4.25, 7.75, 4.75], "rotation": 180, "texture": "#4"}
			}
		},
		{
			"from": [6.1, 4.6, 6],
			"to": [11.7, 4.8, 6.1],
			"rotation": {"angle": 0, "axis": "x", "origin": [9.25, 4.7, 6.5]},
			"faces": {
				"north": {"uv": [8.25, 4.25, 8.75, 4.75], "rotation": 180, "texture": "#4"},
				"east": {"uv": [9.25, 4.25, 9.75, 4.75], "rotation": 90, "texture": "#4"},
				"south": {"uv": [10.25, 4.25, 10.75, 4.75], "texture": "#4"},
				"west": {"uv": [11.25, 4.25, 11.75, 4.75], "rotation": 270, "texture": "#4"},
				"up": {"uv": [12.25, 4.25, 12.75, 4.75], "texture": "#4"},
				"down": {"uv": [13.25, 4.25, 13.75, 4.75], "rotation": 180, "texture": "#4"}
			}
		},
		{
			"from": [6.1, 4.6, 6],
			"to": [11.7, 4.8, 6.1],
			"rotation": {"angle": 22.5, "axis": "x", "origin": [9.25, 4.7, 6.5]},
			"faces": {
				"north": {"uv": [14.25, 4.25, 14.75, 4.75], "rotation": 180, "texture": "#4"},
				"east": {"uv": [15.25, 4.25, 15.75, 4.75], "rotation": 90, "texture": "#4"},
				"south": {"uv": [0.25, 5.25, 0.75, 5.75], "texture": "#4"},
				"west": {"uv": [1.25, 5.25, 1.75, 5.75], "rotation": 270, "texture": "#4"},
				"up": {"uv": [2.25, 5.25, 2.75, 5.75], "texture": "#4"},
				"down": {"uv": [3.25, 5.25, 3.75, 5.75], "rotation": 180, "texture": "#4"}
			}
		},
		{
			"from": [6.1, 4.6, 6],
			"to": [11.7, 4.8, 6.1],
			"rotation": {"angle": 45, "axis": "x", "origin": [9.25, 4.7, 6.5]},
			"faces": {
				"north": {"uv": [4.25, 5.25, 4.75, 5.75], "rotation": 180, "texture": "#4"},
				"east": {"uv": [5.25, 5.25, 5.75, 5.75], "rotation": 90, "texture": "#4"},
				"south": {"uv": [6.25, 5.25, 6.75, 5.75], "texture": "#4"},
				"west": {"uv": [7.25, 5.25, 7.75, 5.75], "rotation": 270, "texture": "#4"},
				"up": {"uv": [8.25, 5.25, 8.75, 5.75], "texture": "#4"},
				"down": {"uv": [9.25, 5.25, 9.75, 5.75], "rotation": 180, "texture": "#4"}
			}
		},
		{
			"from": [6.1, 5.1, 6.4],
			"to": [11.7, 5.2, 6.6],
			"rotation": {"angle": -22.5, "axis": "x", "origin": [9.25, 4.7, 6.5]},
			"faces": {
				"north": {"uv": [10.25, 5.25, 10.75, 5.75], "texture": "#4"},
				"east": {"uv": [11.25, 5.25, 11.75, 5.75], "texture": "#4"},
				"south": {"uv": [12.25, 5.25, 12.75, 5.75], "texture": "#4"},
				"west": {"uv": [13.25, 5.25, 13.75, 5.75], "texture": "#4"},
				"up": {"uv": [14.25, 5.25, 14.75, 5.75], "texture": "#4"},
				"down": {"uv": [15.25, 5.25, 15.75, 5.75], "texture": "#4"}
			}
		},
		{
			"from": [8.1, 2, 6.3],
			"to": [9.7, 3, 6.7],
			"faces": {
				"north": {"uv": [0, 0, 6.5, 4], "texture": "#7"},
				"east": {"uv": [8, 4, 9.5, 8], "texture": "#7"},
				"south": {"uv": [0, 4, 6.5, 8], "texture": "#7"},
				"west": {"uv": [8, 8, 9.5, 12], "texture": "#7"},
				"up": {"uv": [6.5, 10, 0, 8], "texture": "#7"},
				"down": {"uv": [14.5, 0, 8, 1.5], "texture": "#7"}
			}
		}
	],
	"display": {
		"thirdperson_righthand": {
			"rotation": [3, -90, 0],
			"translation": [-2.25, 7, -3]
		},
		"firstperson_righthand": {
			"rotation": [0, -90, 0],
			"translation": [-2.5, 11, -1.75],
			"scale": [1.5, 1.5, 1.5]
		},
		"ground": {
			"rotation": [0, 0, -60],
			"translation": [0, 12, 0]
		},
		"gui": {
			"rotation": [0, -180, -35],
			"translation": [-2.5, 5, 0],
			"scale": [0.9, 0.9, 0.9]
		},
		"fixed": {
			"rotation": [0, 0, -40],
			"translation": [2.25, 5.75, 0]
		}
	},
	"groups": [
		0,
		1,
		2,
		3,
		{
			"name": "barrel",
			"origin": [0, 0, 0],
			"color": 0,
			"children": [4, 5, 6, 7, 8, 9, 10]
		},
		11,
		12,
		13,
		14,
		{
			"name": "stock",
			"origin": [17.33931, 2.17953, 6.5],
			"color": 0,
			"children": [15, 16, 17, 18, 19, 20, 21]
		},
		22,
		23,
		{
			"name": "trigger",
			"origin": [0, 0, 0],
			"color": 0,
			"children": [24, 25, 26, 27, 28, 29, 30, 31]
		},
		{
			"name": "scope",
			"origin": [1.75, 0.5, 0.5],
			"color": 0,
			"children": [32, 33, 34, 35, 36, 37, 38, 39, 40, 41, 42, 43, 44, 45, 46, 47]
		},
		48
	]
}