{
	"credit": "Made with Blockbench",
	"textures": {
		"0": "item/black",
		"1": "item/black_2",
		"particle": "item/black"
	},
	"elements": [
		{
			"from": [0, 0.25, 7.4],
			"to": [0.5, 2.5, 8.4],
			"rotation": {"angle": 0, "axis": "y", "origin": [8, 8, 15.5]},
			"faces": {
				"north": {"uv": [0, 0, 0.5, 2.25], "texture": "#0"},
				"east": {"uv": [0, 0, 1, 2.25], "texture": "#0"},
				"south": {"uv": [0, 0, 0.5, 2.25], "texture": "#0"},
				"west": {"uv": [0, 0, 1, 2.25], "texture": "#0"},
				"up": {"uv": [0, 0, 0.5, 1], "texture": "#0"},
				"down": {"uv": [0, 0, 0.5, 1], "texture": "#0"}
			}
		},
		{
			"from": [0.5, 0.25, 7.4],
			"to": [0.75, 2.5, 8.4],
			"rotation": {"angle": 0, "axis": "y", "origin": [8.5, 8, 15.5]},
			"faces": {
				"north": {"uv": [0, 0, 0.25, 2.25], "texture": "#1"},
				"east": {"uv": [0, 0, 1, 2.25], "texture": "#1"},
				"south": {"uv": [0, 0, 0.25, 2.25], "texture": "#1"},
				"west": {"uv": [0, 0, 1, 2.25], "texture": "#1"},
				"up": {"uv": [0, 0, 0.25, 1], "texture": "#1"},
				"down": {"uv": [0, 0, 0.25, 1], "texture": "#1"}
			}
		},
		{
			"from": [0.75, 0.35, 7.4],
			"to": [1.25, 2.5, 8.4],
			"rotation": {"angle": 0, "axis": "y", "origin": [8.75, 8, 15.5]},
			"faces": {
				"north": {"uv": [0, 0, 0.5, 2.15], "texture": "#1"},
				"east": {"uv": [0, 0, 1, 2.15], "texture": "#1"},
				"south": {"uv": [0, 0, 0.5, 2.15], "texture": "#1"},
				"west": {"uv": [0, 0, 1, 2.15], "texture": "#1"},
				"up": {"uv": [0, 0, 0.5, 1], "texture": "#1"},
				"down": {"uv": [0, 0, 0.5, 1], "texture": "#1"}
			}
		},
		{
			"from": [1.25, 0.45, 7.4],
			"to": [1.75, 2.5, 8.4],
			"rotation": {"angle": 0, "axis": "y", "origin": [9.25, 8, 15.5]},
			"faces": {
				"north": {"uv": [0, 0, 0.5, 2.05], "texture": "#1"},
				"east": {"uv": [0, 0, 1, 2.05], "texture": "#1"},
				"south": {"uv": [0, 0, 0.5, 2.05], "texture": "#1"},
				"west": {"uv": [0, 0, 1, 2.05], "texture": "#1"},
				"up": {"uv": [0, 0, 0.5, 1], "texture": "#1"},
				"down": {"uv": [0, 0, 0.5, 1], "texture": "#1"}
			}
		},
		{
			"from": [1.75, 0.55, 7.4],
			"to": [2.25, 2.5, 8.4],
			"rotation": {"angle": 0, "axis": "y", "origin": [9.75, 8, 15.5]},
			"faces": {
				"north": {"uv": [0, 0, 0.5, 1.95], "texture": "#1"},
				"east": {"uv": [0, 0, 1, 1.95], "texture": "#1"},
				"south": {"uv": [0, 0, 0.5, 1.95], "texture": "#1"},
				"west": {"uv": [0, 0, 1, 1.95], "texture": "#1"},
				"up": {"uv": [0, 0, 0.5, 1], "texture": "#1"},
				"down": {"uv": [0, 0, 0.5, 1], "texture": "#1"}
			}
		},
		{
			"from": [2.25, 0.65, 7.4],
			"to": [2.75, 2.5, 8.4],
			"rotation": {"angle": 0, "axis": "y", "origin": [10.25, 8, 15.5]},
			"faces": {
				"north": {"uv": [0, 0, 0.5, 1.85], "texture": "#1"},
				"east": {"uv": [0, 0, 1, 1.85], "texture": "#1"},
				"south": {"uv": [0, 0, 0.5, 1.85], "texture": "#1"},
				"west": {"uv": [0, 0, 1, 1.85], "texture": "#1"},
				"up": {"uv": [0, 0, 0.5, 1], "texture": "#1"},
				"down": {"uv": [0, 0, 0.5, 1], "texture": "#1"}
			}
		},
		{
			"from": [2.75, 0.75, 7.4],
			"to": [3.25, 2.5, 8.4],
			"rotation": {"angle": 0, "axis": "y", "origin": [10.75, 8, 15.5]},
			"faces": {
				"north": {"uv": [0, 0, 0.5, 1.75], "texture": "#1"},
				"east": {"uv": [0, 0, 1, 1.75], "texture": "#1"},
				"south": {"uv": [0, 0, 0.5, 1.75], "texture": "#1"},
				"west": {"uv": [0, 0, 1, 1.75], "texture": "#1"},
				"up": {"uv": [0, 0, 0.5, 1], "texture": "#1"},
				"down": {"uv": [0, 0, 0.5, 1], "texture": "#1"}
			}
		},
		{
			"from": [3.25, 0.85, 7.4],
			"to": [3.75, 2.5, 8.4],
			"rotation": {"angle": 0, "axis": "y", "origin": [11.25, 8, 15.5]},
			"faces": {
				"north": {"uv": [0, 0, 0.5, 1.65], "texture": "#1"},
				"east": {"uv": [0, 0, 1, 1.65], "texture": "#1"},
				"south": {"uv": [0, 0, 0.5, 1.65], "texture": "#1"},
				"west": {"uv": [0, 0, 1, 1.65], "texture": "#1"},
				"up": {"uv": [0, 0, 0.5, 1], "texture": "#1"},
				"down": {"uv": [0, 0, 0.5, 1], "texture": "#1"}
			}
		},
		{
			"from": [3.75, 0.95, 7.4],
			"to": [4.25, 2.5, 8.4],
			"rotation": {"angle": 0, "axis": "y", "origin": [11.75, 8, 15.5]},
			"faces": {
				"north": {"uv": [0, 0, 0.5, 1.55], "texture": "#1"},
				"east": {"uv": [0, 0, 1, 1.55], "texture": "#1"},
				"south": {"uv": [0, 0, 0.5, 1.55], "texture": "#1"},
				"west": {"uv": [0, 0, 1, 1.55], "texture": "#1"},
				"up": {"uv": [0, 0, 0.5, 1], "texture": "#1"},
				"down": {"uv": [0, 0, 0.5, 1], "texture": "#1"}
			}
		},
		{
			"from": [4.25, 1.05, 7.4],
			"to": [4.75, 2.5, 8.4],
			"rotation": {"angle": 0, "axis": "y", "origin": [12.25, 8, 15.5]},
			"faces": {
				"north": {"uv": [0, 0, 0.5, 1.45], "texture": "#1"},
				"east": {"uv": [0, 0, 1, 1.45], "texture": "#1"},
				"south": {"uv": [0, 0, 0.5, 1.45], "texture": "#1"},
				"west": {"uv": [0, 0, 1, 1.45], "texture": "#1"},
				"up": {"uv": [0, 0, 0.5, 1], "texture": "#1"},
				"down": {"uv": [0, 0, 0.5, 1], "texture": "#1"}
			}
		},
		{
			"from": [4.75, 0.8, 7.4],
			"to": [5.05, 2.4, 8.4],
			"rotation": {"angle": 0, "axis": "y", "origin": [12.75, 8, 15.5]},
			"faces": {
				"north": {"uv": [0, 0, 0.3, 1.6], "texture": "#1"},
				"east": {"uv": [0, 0, 1, 1.6], "texture": "#1"},
				"south": {"uv": [0, 0, 0.3, 1.6], "texture": "#1"},
				"west": {"uv": [0, 0, 1, 1.6], "texture": "#1"},
				"up": {"uv": [0, 0, 0.3, 1], "texture": "#1"},
				"down": {"uv": [0, 0, 0.3, 1], "texture": "#1"}
			}
		},
		{
			"from": [5.05, 0.7, 7.4],
			"to": [5.35, 2.15, 8.4],
			"rotation": {"angle": 0, "axis": "y", "origin": [13.05, 8, 15.5]},
			"faces": {
				"north": {"uv": [0, 0, 0.3, 1.45], "texture": "#1"},
				"east": {"uv": [0, 0, 1, 1.45], "texture": "#1"},
				"south": {"uv": [0, 0, 0.3, 1.45], "texture": "#1"},
				"west": {"uv": [0, 0, 1, 1.45], "texture": "#1"},
				"up": {"uv": [0, 0, 0.3, 1], "texture": "#1"},
				"down": {"uv": [0, 0, 0.3, 1], "texture": "#1"}
			}
		},
		{
			"from": [5.35, 0.6, 7.4],
			"to": [5.65, 2.15, 8.4],
			"rotation": {"angle": 0, "axis": "y", "origin": [13.35, 8, 15.5]},
			"faces": {
				"north": {"uv": [0, 0, 0.3, 1.55], "texture": "#1"},
				"east": {"uv": [0, 0, 1, 1.55], "texture": "#1"},
				"south": {"uv": [0, 0, 0.3, 1.55], "texture": "#1"},
				"west": {"uv": [0, 0, 1, 1.55], "texture": "#1"},
				"up": {"uv": [0, 0, 0.3, 1], "texture": "#1"},
				"down": {"uv": [0, 0, 0.3, 1], "texture": "#1"}
			}
		},
		{
			"from": [5.65, 1.2, 7.4],
			"to": [5.95, 2.25, 8.4],
			"rotation": {"angle": 0, "axis": "y", "origin": [13.65, 8, 15.5]},
			"faces": {
				"north": {"uv": [0, 0, 0.3, 1.05], "texture": "#1"},
				"east": {"uv": [0, 0, 1, 1.05], "texture": "#1"},
				"south": {"uv": [0, 0, 0.3, 1.05], "texture": "#1"},
				"west": {"uv": [0, 0, 1, 1.05], "texture": "#1"},
				"up": {"uv": [0, 0, 0.3, 1], "texture": "#1"},
				"down": {"uv": [0, 0, 0.3, 1], "texture": "#1"}
			}
		},
		{
			"from": [5.95, 1.45, 7.4],
			"to": [6.25, 2.35, 8.4],
			"rotation": {"angle": 0, "axis": "y", "origin": [13.95, 8, 15.5]},
			"faces": {
				"north": {"uv": [0, 0, 0.3, 0.9], "texture": "#1"},
				"east": {"uv": [0, 0, 1, 0.9], "texture": "#1"},
				"south": {"uv": [0, 0, 0.3, 0.9], "texture": "#1"},
				"west": {"uv": [0, 0, 1, 0.9], "texture": "#1"},
				"up": {"uv": [0, 0, 0.3, 1], "texture": "#1"},
				"down": {"uv": [0, 0, 0.3, 1], "texture": "#1"}
			}
		},
		{
			"from": [6.25, 1.7, 7.4],
			"to": [6.55, 2.45, 8.4],
			"rotation": {"angle": 0, "axis": "y", "origin": [14.25, 8, 15.5]},
			"faces": {
				"north": {"uv": [0, 0, 0.3, 0.75], "texture": "#1"},
				"east": {"uv": [0, 0, 1, 0.75], "texture": "#1"},
				"south": {"uv": [0, 0, 0.3, 0.75], "texture": "#1"},
				"west": {"uv": [0, 0, 1, 0.75], "texture": "#1"},
				"up": {"uv": [0, 0, 0.3, 1], "texture": "#1"},
				"down": {"uv": [0, 0, 0.3, 1], "texture": "#1"}
			}
		},
		{
			"from": [7, 1.05, 7.4],
			"to": [7.1, 1.8, 8.4],
			"rotation": {"angle": 0, "axis": "y", "origin": [15, 7.35, 15.5]},
			"faces": {
				"north": {"uv": [0, 0, 0.1, 0.75], "texture": "#0"},
				"east": {"uv": [0, 0, 1, 0.75], "texture": "#0"},
				"south": {"uv": [0, 0, 0.1, 0.75], "texture": "#0"},
				"west": {"uv": [0, 0, 1, 0.75], "texture": "#0"},
				"up": {"uv": [0, 0, 0.1, 1], "texture": "#0"},
				"down": {"uv": [0, 0, 0.1, 1], "texture": "#0"}
			}
		},
		{
			"from": [7.2, 1.35, 7.65],
			"to": [7.3, 1.8, 8.15],
			"rotation": {"angle": 0, "axis": "y", "origin": [15.2, 7.35, 15.5]},
			"faces": {
				"north": {"uv": [0, 0, 0.1, 0.45], "texture": "#0"},
				"east": {"uv": [0, 0, 0.5, 0.45], "texture": "#0"},
				"south": {"uv": [0, 0, 0.1, 0.45], "texture": "#0"},
				"west": {"uv": [0, 0, 0.5, 0.45], "texture": "#0"},
				"up": {"uv": [0, 0, 0.1, 0.5], "texture": "#0"},
				"down": {"uv": [0, 0, 0.1, 0.5], "texture": "#0"}
			}
		},
		{
			"from": [8.15, 1.15, 7.4],
			"to": [8.35, 1.8, 8.4],
			"rotation": {"angle": 0, "axis": "y", "origin": [16.15, 7.35, 15.5]},
			"faces": {
				"north": {"uv": [0, 0, 0.2, 0.65], "texture": "#0"},
				"east": {"uv": [0, 0, 1, 0.65], "texture": "#0"},
				"south": {"uv": [0, 0, 0.2, 0.65], "texture": "#0"},
				"west": {"uv": [0, 0, 1, 0.65], "texture": "#0"},
				"up": {"uv": [0, 0, 0.2, 1], "texture": "#0"},
				"down": {"uv": [0, 0, 0.2, 1], "texture": "#0"}
			}
		},
		{
			"from": [8.35, 1.25, 7.4],
			"to": [8.55, 1.8, 8.4],
			"rotation": {"angle": 0, "axis": "y", "origin": [16.45, 7.35, 15.5]},
			"faces": {
				"north": {"uv": [0, 0, 0.2, 0.55], "texture": "#0"},
				"east": {"uv": [0, 0, 1, 0.55], "texture": "#0"},
				"south": {"uv": [0, 0, 0.2, 0.55], "texture": "#0"},
				"west": {"uv": [0, 0, 1, 0.55], "texture": "#0"},
				"up": {"uv": [0, 0, 0.2, 1], "texture": "#0"},
				"down": {"uv": [0, 0, 0.2, 1], "texture": "#0"}
			}
		},
		{
			"from": [8.55, 1.35, 7.4],
			"to": [8.75, 1.8, 8.4],
			"rotation": {"angle": 0, "axis": "y", "origin": [16.65, 7.35, 15.5]},
			"faces": {
				"north": {"uv": [0, 0, 0.2, 0.45], "texture": "#0"},
				"east": {"uv": [0, 0, 1, 0.45], "texture": "#0"},
				"south": {"uv": [0, 0, 0.2, 0.45], "texture": "#0"},
				"west": {"uv": [0, 0, 1, 0.45], "texture": "#0"},
				"up": {"uv": [0, 0, 0.2, 1], "texture": "#0"},
				"down": {"uv": [0, 0, 0.2, 1], "texture": "#0"}
			}
		},
		{
			"from": [8.75, 1.45, 7.4],
			"to": [8.95, 1.8, 8.4],
			"rotation": {"angle": 0, "axis": "y", "origin": [16.85, 7.35, 15.5]},
			"faces": {
				"north": {"uv": [0, 0, 0.2, 0.35], "texture": "#0"},
				"east": {"uv": [0, 0, 1, 0.35], "texture": "#0"},
				"south": {"uv": [0, 0, 0.2, 0.35], "texture": "#0"},
				"west": {"uv": [0, 0, 1, 0.35], "texture": "#0"},
				"up": {"uv": [0, 0, 0.2, 1], "texture": "#0"},
				"down": {"uv": [0, 0, 0.2, 1], "texture": "#0"}
			}
		},
		{
			"from": [8.95, 1.55, 7.4],
			"to": [9.15, 1.8, 8.4],
			"rotation": {"angle": 0, "axis": "y", "origin": [17.05, 7.35, 15.5]},
			"faces": {
				"north": {"uv": [0, 0, 0.2, 0.25], "texture": "#0"},
				"east": {"uv": [0, 0, 1, 0.25], "texture": "#0"},
				"south": {"uv": [0, 0, 0.2, 0.25], "texture": "#0"},
				"west": {"uv": [0, 0, 1, 0.25], "texture": "#0"},
				"up": {"uv": [0, 0, 0.2, 1], "texture": "#0"},
				"down": {"uv": [0, 0, 0.2, 1], "texture": "#0"}
			}
		},
		{
			"from": [9.15, 1.65, 7.4],
			"to": [9.35, 1.8, 8.4],
			"rotation": {"angle": 0, "axis": "y", "origin": [17.25, 7.35, 15.5]},
			"faces": {
				"north": {"uv": [0, 0, 0.2, 0.15], "texture": "#0"},
				"east": {"uv": [0, 0, 1, 0.15], "texture": "#0"},
				"south": {"uv": [0, 0, 0.2, 0.15], "texture": "#0"},
				"west": {"uv": [0, 0, 1, 0.15], "texture": "#0"},
				"up": {"uv": [0, 0, 0.2, 1], "texture": "#0"},
				"down": {"uv": [0, 0, 0.2, 1], "texture": "#0"}
			}
		},
		{
			"from": [8.05, 1.05, 7.4],
			"to": [8.15, 1.8, 8.4],
			"rotation": {"angle": 0, "axis": "y", "origin": [16.05, 7.35, 15.5]},
			"faces": {
				"north": {"uv": [0, 0, 0.1, 0.75], "texture": "#0"},
				"east": {"uv": [0, 0, 1, 0.75], "texture": "#0"},
				"south": {"uv": [0, 0, 0.1, 0.75], "texture": "#0"},
				"west": {"uv": [0, 0, 1, 0.75], "texture": "#0"},
				"up": {"uv": [0, 0, 0.1, 1], "texture": "#0"},
				"down": {"uv": [0, 0, 0.1, 1], "texture": "#0"}
			}
		},
		{
			"from": [7.1, 1.05, 7.4],
			"to": [8.05, 1.15, 8.4],
			"rotation": {"angle": 0, "axis": "y", "origin": [15.25, 7.35, 15.5]},
			"faces": {
				"north": {"uv": [0, 0, 0.95, 0.1], "texture": "#0"},
				"east": {"uv": [0, 0, 1, 0.1], "texture": "#0"},
				"south": {"uv": [0, 0, 0.95, 0.1], "texture": "#0"},
				"west": {"uv": [0, 0, 1, 0.1], "texture": "#0"},
				"up": {"uv": [0, 0, 0.95, 1], "texture": "#0"},
				"down": {"uv": [0, 0, 0.95, 1], "texture": "#0"}
			}
		},
		{
			"from": [6.55, 1.8, 7.4],
			"to": [6.85, 2.45, 8.4],
			"rotation": {"angle": 0, "axis": "y", "origin": [14.55, 8, 15.5]},
			"faces": {
				"north": {"uv": [0, 0, 0.3, 0.65], "texture": "#1"},
				"east": {"uv": [0, 0, 1, 0.65], "texture": "#1"},
				"south": {"uv": [0, 0, 0.3, 0.65], "texture": "#1"},
				"west": {"uv": [0, 0, 1, 0.65], "texture": "#1"},
				"up": {"uv": [0, 0, 0.3, 1], "texture": "#1"},
				"down": {"uv": [0, 0, 0.3, 1], "texture": "#1"}
			}
		},
		{
			"from": [11.25, 2.45, 7.65],
			"to": [18.65, 2.95, 8.15],
			"rotation": {"angle": 0, "axis": "y", "origin": [19.25, 8.4, 15.5]},
			"faces": {
				"north": {"uv": [0, 0, 7.4, 0.5], "texture": "#1"},
				"east": {"uv": [0, 0, 0.5, 0.5], "texture": "#1"},
				"south": {"uv": [0, 0, 7.4, 0.5], "texture": "#1"},
				"west": {"uv": [0, 0, 0.5, 0.5], "texture": "#1"},
				"up": {"uv": [0, 0, 7.4, 0.5], "texture": "#1"},
				"down": {"uv": [0, 0, 7.4, 0.5], "texture": "#1"}
			}
		},
		{
			"from": [11.25, 1.9, 7.65],
			"to": [15.65, 2.4, 8.15],
			"rotation": {"angle": 0, "axis": "y", "origin": [19.25, 7.85, 15.5]},
			"faces": {
				"north": {"uv": [0, 0, 4.4, 0.5], "texture": "#1"},
				"east": {"uv": [0, 0, 0.5, 0.5], "texture": "#1"},
				"south": {"uv": [0, 0, 4.4, 0.5], "texture": "#1"},
				"west": {"uv": [0, 0, 0.5, 0.5], "texture": "#1"},
				"up": {"uv": [0, 0, 4.4, 0.5], "texture": "#1"},
				"down": {"uv": [0, 0, 4.4, 0.5], "texture": "#1"}
			}
		},
		{
			"from": [13.25, 1.8, 7.55],
			"to": [15.4, 2.65, 8.25],
			"rotation": {"angle": 0, "axis": "y", "origin": [19.25, 7.85, 15.5]},
			"faces": {
				"north": {"uv": [0, 0, 2.15, 0.85], "texture": "#0"},
				"east": {"uv": [0, 0, 0.7, 0.85], "texture": "#0"},
				"south": {"uv": [0, 0, 2.15, 0.85], "texture": "#0"},
				"west": {"uv": [0, 0, 0.7, 0.85], "texture": "#0"},
				"up": {"uv": [0, 0, 2.15, 0.7], "texture": "#0"},
				"down": {"uv": [0, 0, 2.15, 0.7], "texture": "#0"}
			}
		},
		{
			"from": [6.85, 1.8, 7.4],
			"to": [11.25, 2.55, 8.4],
			"rotation": {"angle": 0, "axis": "y", "origin": [14.85, 8, 15.5]},
			"faces": {
				"north": {"uv": [0, 0, 4.4, 0.75], "texture": "#0"},
				"east": {"uv": [0, 0, 1, 0.75], "texture": "#0"},
				"south": {"uv": [0, 0, 4.4, 0.75], "texture": "#0"},
				"west": {"uv": [0, 0, 1, 0.75], "texture": "#0"},
				"up": {"uv": [0, 0, 4.4, 1], "texture": "#0"},
				"down": {"uv": [0, 0, 4.4, 1], "texture": "#0"}
			}
		},
		{
			"from": [6.85, 2.55, 7.4],
			"to": [11.25, 2.65, 8.4],
			"rotation": {"angle": 0, "axis": "y", "origin": [14.85, 8.75, 15.5]},
			"faces": {
				"north": {"uv": [0, 0, 4.4, 0.1], "texture": "#0"},
				"east": {"uv": [0, 0, 1, 0.1], "texture": "#0"},
				"south": {"uv": [0, 0, 4.4, 0.1], "texture": "#0"},
				"west": {"uv": [0, 0, 1, 0.1], "texture": "#0"},
				"up": {"uv": [0, 0, 4.4, 1], "texture": "#0"},
				"down": {"uv": [0, 0, 4.4, 1], "texture": "#0"}
			}
		},
		{
			"from": [6.95, 2.65, 7.4],
			"to": [11.25, 2.75, 8.4],
			"rotation": {"angle": 0, "axis": "y", "origin": [14.85, 8.85, 15.5]},
			"faces": {
				"north": {"uv": [0, 0, 4.3, 0.1], "texture": "#0"},
				"east": {"uv": [0, 0, 1, 0.1], "texture": "#0"},
				"south": {"uv": [0, 0, 4.3, 0.1], "texture": "#0"},
				"west": {"uv": [0, 0, 1, 0.1], "texture": "#0"},
				"up": {"uv": [0, 0, 4.3, 1], "texture": "#0"},
				"down": {"uv": [0, 0, 4.3, 1], "texture": "#0"}
			}
		},
		{
			"from": [7.05, 2.75, 7.4],
			"to": [11.25, 2.85, 8.4],
			"rotation": {"angle": 0, "axis": "y", "origin": [14.85, 8.95, 15.5]},
			"faces": {
				"north": {"uv": [0, 0, 4.2, 0.1], "texture": "#0"},
				"east": {"uv": [0, 0, 1, 0.1], "texture": "#0"},
				"south": {"uv": [0, 0, 4.2, 0.1], "texture": "#0"},
				"west": {"uv": [0, 0, 1, 0.1], "texture": "#0"},
				"up": {"uv": [0, 0, 4.2, 1], "texture": "#0"},
				"down": {"uv": [0, 0, 4.2, 1], "texture": "#0"}
			}
		},
		{
			"from": [7.15, 2.85, 7.4],
			"to": [11.25, 2.95, 8.4],
			"rotation": {"angle": 0, "axis": "y", "origin": [14.85, 9.05, 15.5]},
			"faces": {
				"north": {"uv": [0, 0, 4.1, 0.1], "texture": "#0"},
				"east": {"uv": [0, 0, 1, 0.1], "texture": "#0"},
				"south": {"uv": [0, 0, 4.1, 0.1], "texture": "#0"},
				"west": {"uv": [0, 0, 1, 0.1], "texture": "#0"},
				"up": {"uv": [0, 0, 4.1, 1], "texture": "#0"},
				"down": {"uv": [0, 0, 4.1, 1], "texture": "#0"}
			}
		},
		{
			"from": [9.15, 2.95, 7.6],
			"to": [11.25, 3.05, 8.2],
			"rotation": {"angle": 0, "axis": "y", "origin": [14.85, 9.15, 15.5]},
			"faces": {
				"north": {"uv": [0, 0, 2.1, 0.1], "texture": "#0"},
				"east": {"uv": [0, 0, 0.6, 0.1], "texture": "#0"},
				"south": {"uv": [0, 0, 2.1, 0.1], "texture": "#0"},
				"west": {"uv": [0, 0, 0.6, 0.1], "texture": "#0"},
				"up": {"uv": [0, 0, 2.1, 0.6], "texture": "#0"},
				"down": {"uv": [0, 0, 2.1, 0.6], "texture": "#0"}
			}
		},
		{
			"from": [9.15, 3.05, 7.6],
			"to": [9.35, 3.15, 8.2],
			"rotation": {"angle": 0, "axis": "y", "origin": [14.85, 9.25, 15.5]},
			"faces": {
				"north": {"uv": [0, 0, 0.2, 0.1], "texture": "#0"},
				"east": {"uv": [0, 0, 0.6, 0.1], "texture": "#0"},
				"south": {"uv": [0, 0, 0.2, 0.1], "texture": "#0"},
				"west": {"uv": [0, 0, 0.6, 0.1], "texture": "#0"},
				"up": {"uv": [0, 0, 0.2, 0.6], "texture": "#0"},
				"down": {"uv": [0, 0, 0.2, 0.6], "texture": "#0"}
			}
		},
		{
			"from": [9.45, 3.05, 7.6],
			"to": [9.55, 3.15, 8.2],
			"rotation": {"angle": 0, "axis": "y", "origin": [15.15, 9.25, 15.5]},
			"faces": {
				"north": {"uv": [0, 0, 0.1, 0.1], "texture": "#0"},
				"east": {"uv": [0, 0, 0.6, 0.1], "texture": "#0"},
				"south": {"uv": [0, 0, 0.1, 0.1], "texture": "#0"},
				"west": {"uv": [0, 0, 0.6, 0.1], "texture": "#0"},
				"up": {"uv": [0, 0, 0.1, 0.6], "texture": "#0"},
				"down": {"uv": [0, 0, 0.1, 0.6], "texture": "#0"}
			}
		},
		{
			"from": [10.25, 3.05, 7.6],
			"to": [10.35, 3.15, 8.2],
			"rotation": {"angle": 0, "axis": "y", "origin": [15.95, 9.25, 15.5]},
			"faces": {
				"north": {"uv": [0, 0, 0.1, 0.1], "texture": "#0"},
				"east": {"uv": [0, 0, 0.6, 0.1], "texture": "#0"},
				"south": {"uv": [0, 0, 0.1, 0.1], "texture": "#0"},
				"west": {"uv": [0, 0, 0.6, 0.1], "texture": "#0"},
				"up": {"uv": [0, 0, 0.1, 0.6], "texture": "#0"},
				"down": {"uv": [0, 0, 0.1, 0.6], "texture": "#0"}
			}
		},
		{
			"from": [9.85, 3.05, 7.6],
			"to": [9.95, 3.15, 8.2],
			"rotation": {"angle": 0, "axis": "y", "origin": [15.55, 9.25, 15.5]},
			"faces": {
				"north": {"uv": [0, 0, 0.1, 0.1], "texture": "#0"},
				"east": {"uv": [0, 0, 0.6, 0.1], "texture": "#0"},
				"south": {"uv": [0, 0, 0.1, 0.1], "texture": "#0"},
				"west": {"uv": [0, 0, 0.6, 0.1], "texture": "#0"},
				"up": {"uv": [0, 0, 0.1, 0.6], "texture": "#0"},
				"down": {"uv": [0, 0, 0.1, 0.6], "texture": "#0"}
			}
		},
		{
			"from": [10.65, 3.05, 7.6],
			"to": [10.75, 3.15, 8.2],
			"rotation": {"angle": 0, "axis": "y", "origin": [16.35, 9.25, 15.5]},
			"faces": {
				"north": {"uv": [0, 0, 0.1, 0.1], "texture": "#0"},
				"east": {"uv": [0, 0, 0.6, 0.1], "texture": "#0"},
				"south": {"uv": [0, 0, 0.1, 0.1], "texture": "#0"},
				"west": {"uv": [0, 0, 0.6, 0.1], "texture": "#0"},
				"up": {"uv": [0, 0, 0.1, 0.6], "texture": "#0"},
				"down": {"uv": [0, 0, 0.1, 0.6], "texture": "#0"}
			}
		},
		{
			"from": [9.65, 3.05, 7.6],
			"to": [9.75, 3.15, 8.2],
			"rotation": {"angle": 0, "axis": "y", "origin": [15.35, 9.25, 15.5]},
			"faces": {
				"north": {"uv": [0, 0, 0.1, 0.1], "texture": "#0"},
				"east": {"uv": [0, 0, 0.6, 0.1], "texture": "#0"},
				"south": {"uv": [0, 0, 0.1, 0.1], "texture": "#0"},
				"west": {"uv": [0, 0, 0.6, 0.1], "texture": "#0"},
				"up": {"uv": [0, 0, 0.1, 0.6], "texture": "#0"},
				"down": {"uv": [0, 0, 0.1, 0.6], "texture": "#0"}
			}
		},
		{
			"from": [10.45, 3.05, 7.6],
			"to": [10.55, 3.15, 8.2],
			"rotation": {"angle": 0, "axis": "y", "origin": [16.15, 9.25, 15.5]},
			"faces": {
				"north": {"uv": [0, 0, 0.1, 0.1], "texture": "#0"},
				"east": {"uv": [0, 0, 0.6, 0.1], "texture": "#0"},
				"south": {"uv": [0, 0, 0.1, 0.1], "texture": "#0"},
				"west": {"uv": [0, 0, 0.6, 0.1], "texture": "#0"},
				"up": {"uv": [0, 0, 0.1, 0.6], "texture": "#0"},
				"down": {"uv": [0, 0, 0.1, 0.6], "texture": "#0"}
			}
		},
		{
			"from": [10.05, 3.05, 7.6],
			"to": [10.15, 3.15, 8.2],
			"rotation": {"angle": 0, "axis": "y", "origin": [15.75, 9.25, 15.5]},
			"faces": {
				"north": {"uv": [0, 0, 0.1, 0.1], "texture": "#0"},
				"east": {"uv": [0, 0, 0.6, 0.1], "texture": "#0"},
				"south": {"uv": [0, 0, 0.1, 0.1], "texture": "#0"},
				"west": {"uv": [0, 0, 0.6, 0.1], "texture": "#0"},
				"up": {"uv": [0, 0, 0.1, 0.6], "texture": "#0"},
				"down": {"uv": [0, 0, 0.1, 0.6], "texture": "#0"}
			}
		},
		{
			"from": [10.85, 3.05, 7.6],
			"to": [10.95, 3.15, 8.2],
			"rotation": {"angle": 0, "axis": "y", "origin": [16.55, 9.25, 15.5]},
			"faces": {
				"north": {"uv": [0, 0, 0.1, 0.1], "texture": "#0"},
				"east": {"uv": [0, 0, 0.6, 0.1], "texture": "#0"},
				"south": {"uv": [0, 0, 0.1, 0.1], "texture": "#0"},
				"west": {"uv": [0, 0, 0.6, 0.1], "texture": "#0"},
				"up": {"uv": [0, 0, 0.1, 0.6], "texture": "#0"},
				"down": {"uv": [0, 0, 0.1, 0.6], "texture": "#0"}
			}
		},
		{
			"from": [17.55, 2.95, 7.6],
			"to": [18.25, 3.05, 8.1],
			"rotation": {"angle": 0, "axis": "y", "origin": [23.75, 9.15, 15.5]},
			"faces": {
				"north": {"uv": [0, 0, 0.7, 0.1], "texture": "#0"},
				"east": {"uv": [0, 0, 0.5, 0.1], "texture": "#0"},
				"south": {"uv": [0, 0, 0.7, 0.1], "texture": "#0"},
				"west": {"uv": [0, 0, 0.5, 0.1], "texture": "#0"},
				"up": {"uv": [0, 0, 0.7, 0.5], "texture": "#0"},
				"down": {"uv": [0, 0, 0.7, 0.5], "texture": "#0"}
			}
		},
		{
			"from": [17.8, 3.05, 7.6],
			"to": [18.15, 3.15, 8.1],
			"rotation": {"angle": 0, "axis": "y", "origin": [23.75, 9.25, 15.5]},
			"faces": {
				"north": {"uv": [0, 0, 0.35, 0.1], "texture": "#0"},
				"east": {"uv": [0, 0, 0.5, 0.1], "texture": "#0"},
				"south": {"uv": [0, 0, 0.35, 0.1], "texture": "#0"},
				"west": {"uv": [0, 0, 0.5, 0.1], "texture": "#0"},
				"up": {"uv": [0, 0, 0.35, 0.5], "texture": "#0"},
				"down": {"uv": [0, 0, 0.35, 0.5], "texture": "#0"}
			}
		},
		{
			"from": [18, 3.15, 7.6],
			"to": [18.15, 3.25, 8.1],
			"rotation": {"angle": 0, "axis": "y", "origin": [23.75, 9.35, 15.5]},
			"faces": {
				"north": {"uv": [0, 0, 0.15, 0.1], "texture": "#0"},
				"east": {"uv": [0, 0, 0.5, 0.1], "texture": "#0"},
				"south": {"uv": [0, 0, 0.15, 0.1], "texture": "#0"},
				"west": {"uv": [0, 0, 0.5, 0.1], "texture": "#0"},
				"up": {"uv": [0, 0, 0.15, 0.5], "texture": "#0"},
				"down": {"uv": [0, 0, 0.15, 0.5], "texture": "#0"}
			}
		},
		{
			"from": [11.05, 3.05, 7.6],
			"to": [11.25, 3.15, 8.2],
			"rotation": {"angle": 0, "axis": "y", "origin": [16.75, 9.25, 15.5]},
			"faces": {
				"north": {"uv": [0, 0, 0.2, 0.1], "texture": "#0"},
				"east": {"uv": [0, 0, 0.6, 0.1], "texture": "#0"},
				"south": {"uv": [0, 0, 0.2, 0.1], "texture": "#0"},
				"west": {"uv": [0, 0, 0.6, 0.1], "texture": "#0"},
				"up": {"uv": [0, 0, 0.2, 0.6], "texture": "#0"},
				"down": {"uv": [0, 0, 0.2, 0.6], "texture": "#0"}
			}
		}
	],
	"display": {
		"thirdperson_righthand": {
			"rotation": [0, 90, 0],
			"translation": [-0.5, 6.25, -0.5]
		},
		"thirdperson_lefthand": {
			"rotation": [0, -90, 0],
			"translation": [-0.5, 6, 0]
		},
		"firstperson_righthand": {
			"rotation": [0, 90, 0],
			"translation": [-1.25, 4.75, 0]
		},
		"firstperson_lefthand": {
			"rotation": [0, -90, 0],
			"translation": [-1.75, 6.25, 0]
		},
		"gui": {
			"rotation": [0, 0, 45],
			"translation": [-5, 3.25, 0]
		},
		"fixed": {
			"rotation": [0, -180, 45],
			"translation": [5.25, 3.25, 0]
		}
	},
	"groups": [
		{
			"name": "group",
			"origin": [14.55, 8, 15.5],
			"children": [0, 1, 2, 3, 4, 5, 6, 7, 8, 9, 10, 11, 12, 13, 14, 15, 16, 17, 18, 19, 20, 21, 22, 23, 24, 25, 26, 27, 28, 29, 30, 31, 32, 33, 34, 35, 36, 37, 38, 39, 40, 41, 42, 43, 44, 45, 46, 47, 48]
		}
	]
}