{
	"credit": "Made with Blockbench",
	"texture_size": [50, 50],
	"textures": {
		"0": "item/m9",
		"1": "item/m9_1",
		"2": "item/m9_2",
		"particle": "item/m9"
	},
	"elements": [
		{
			"from": [7.5, 2, 8],
			"to": [8.5, 3, 9.55],
			"rotation": {"angle": 0, "axis": "y", "origin": [15, 8, 17]},
			"faces": {
				"north": {"uv": [0, 0, 0.32, 0.32], "texture": "#2"},
				"east": {"uv": [0, 0, 0.496, 0.32], "texture": "#2"},
				"south": {"uv": [0, 0, 0.32, 0.32], "texture": "#2"},
				"west": {"uv": [0, 0, 0.496, 0.32], "texture": "#2"},
				"up": {"uv": [0, 0, 0.32, 0.496], "texture": "#2"},
				"down": {"uv": [0, 0, 0.32, 0.496], "texture": "#2"}
			}
		},
		{
			"from": [7.85, 2.6, 7.55],
			"to": [8.1, 3.2, 7.65],
			"rotation": {"angle": 0, "axis": "y", "origin": [15, 8, 15.75]},
			"faces": {
				"north": {"uv": [0, 0, 0.08, 0.192], "texture": "#0"},
				"east": {"uv": [0, 0, 0.032, 0.192], "texture": "#0"},
				"south": {"uv": [0, 0, 0.08, 0.192], "texture": "#0"},
				"west": {"uv": [0, 0, 0.032, 0.192], "texture": "#0"},
				"up": {"uv": [0, 0, 0.08, 0.032], "texture": "#0"},
				"down": {"uv": [0, 0, 0.08, 0.032], "texture": "#0"}
			}
		},
		{
			"from": [7.85, 2.4, 7.5],
			"to": [8.1, 2.7, 7.6],
			"rotation": {"angle": 0, "axis": "y", "origin": [15, 7.8, 15.7]},
			"faces": {
				"north": {"uv": [0, 0, 0.08, 0.096], "texture": "#0"},
				"east": {"uv": [0, 0, 0.032, 0.096], "texture": "#0"},
				"south": {"uv": [0, 0, 0.08, 0.096], "texture": "#0"},
				"west": {"uv": [0, 0, 0.032, 0.096], "texture": "#0"},
				"up": {"uv": [0, 0, 0.08, 0.032], "texture": "#0"},
				"down": {"uv": [0, 0, 0.08, 0.032], "texture": "#0"}
			}
		},
		{
			"from": [7.5, 1.75, 8.1],
			"to": [8.5, 2.75, 9.55],
			"rotation": {"angle": 0, "axis": "y", "origin": [15, 7.75, 17.1]},
			"faces": {
				"north": {"uv": [0, 0, 0.32, 0.32], "texture": "#2"},
				"east": {"uv": [0, 0, 0.464, 0.32], "texture": "#2"},
				"south": {"uv": [0, 0, 0.32, 0.32], "texture": "#2"},
				"west": {"uv": [0, 0, 0.464, 0.32], "texture": "#2"},
				"up": {"uv": [0, 0, 0.32, 0.464], "texture": "#2"},
				"down": {"uv": [0, 0, 0.32, 0.464], "texture": "#2"}
			}
		},
		{
			"from": [7.5, 1.25, 8.3],
			"to": [8.5, 2.25, 9.8],
			"rotation": {"angle": 0, "axis": "y", "origin": [15, 7.25, 17.3]},
			"faces": {
				"north": {"uv": [0, 0, 0.32, 0.32], "texture": "#2"},
				"east": {"uv": [0, 0, 0.48, 0.32], "texture": "#2"},
				"south": {"uv": [0, 0, 0.32, 0.32], "texture": "#2"},
				"west": {"uv": [0, 0, 0.48, 0.32], "texture": "#2"},
				"up": {"uv": [0, 0, 0.32, 0.48], "texture": "#2"},
				"down": {"uv": [0, 0, 0.32, 0.48], "texture": "#2"}
			}
		},
		{
			"from": [7.5, 1, 8.4],
			"to": [8.5, 2, 9.9],
			"rotation": {"angle": 0, "axis": "y", "origin": [15, 7, 17.4]},
			"faces": {
				"north": {"uv": [0, 0, 0.32, 0.32], "texture": "#2"},
				"east": {"uv": [0, 0, 0.48, 0.32], "texture": "#2"},
				"south": {"uv": [0, 0, 0.32, 0.32], "texture": "#2"},
				"west": {"uv": [0, 0, 0.48, 0.32], "texture": "#2"},
				"up": {"uv": [0, 0, 0.32, 0.48], "texture": "#2"},
				"down": {"uv": [0, 0, 0.32, 0.48], "texture": "#2"}
			}
		},
		{
			"from": [7.5, 0.75, 8.5],
			"to": [8.5, 1.75, 10],
			"rotation": {"angle": 0, "axis": "y", "origin": [15, 6.75, 17.5]},
			"faces": {
				"north": {"uv": [0, 0, 0.32, 0.32], "texture": "#2"},
				"east": {"uv": [0, 0, 0.48, 0.32], "texture": "#2"},
				"south": {"uv": [0, 0, 0.32, 0.32], "texture": "#2"},
				"west": {"uv": [0, 0, 0.48, 0.32], "texture": "#2"},
				"up": {"uv": [0, 0, 0.32, 0.48], "texture": "#2"},
				"down": {"uv": [0, 0, 0.32, 0.48], "texture": "#2"}
			}
		},
		{
			"from": [7.5, 0.5, 8.6],
			"to": [8.5, 1.5, 10.1],
			"rotation": {"angle": 0, "axis": "y", "origin": [15, 6.5, 17.6]},
			"faces": {
				"north": {"uv": [0, 0, 0.32, 0.32], "texture": "#2"},
				"east": {"uv": [0, 0, 0.48, 0.32], "texture": "#2"},
				"south": {"uv": [0, 0, 0.32, 0.32], "texture": "#2"},
				"west": {"uv": [0, 0, 0.48, 0.32], "texture": "#2"},
				"up": {"uv": [0, 0, 0.32, 0.48], "texture": "#2"},
				"down": {"uv": [0, 0, 0.32, 0.48], "texture": "#2"}
			}
		},
		{
			"from": [7.5, 0.25, 8.6],
			"to": [8.5, 1.25, 10.2],
			"rotation": {"angle": 0, "axis": "y", "origin": [15, 6.25, 17.6]},
			"faces": {
				"north": {"uv": [0, 0, 0.32, 0.32], "texture": "#2"},
				"east": {"uv": [0, 0, 0.512, 0.32], "texture": "#2"},
				"south": {"uv": [0, 0, 0.32, 0.32], "texture": "#2"},
				"west": {"uv": [0, 0, 0.512, 0.32], "texture": "#2"},
				"up": {"uv": [0, 0, 0.32, 0.512], "texture": "#2"},
				"down": {"uv": [0, 0, 0.32, 0.512], "texture": "#2"}
			}
		},
		{
			"from": [7.5, 0.25, 8.45],
			"to": [8.5, 0.3, 10.15],
			"rotation": {"angle": 0, "axis": "y", "origin": [15, 6.25, 17.6]},
			"faces": {
				"north": {"uv": [0, 0, 0.32, 0.016], "texture": "#2"},
				"east": {"uv": [0, 0, 0.544, 0.016], "texture": "#2"},
				"south": {"uv": [0, 0, 0.32, 0.016], "texture": "#2"},
				"west": {"uv": [0, 0, 0.544, 0.016], "texture": "#2"},
				"up": {"uv": [0, 0, 0.32, 0.544], "texture": "#2"},
				"down": {"uv": [0, 0, 0.32, 0.544], "texture": "#2"}
			}
		},
		{
			"from": [7.65, 2.25, 6.45],
			"to": [8.35, 2.3, 8.6],
			"rotation": {"angle": 0, "axis": "y", "origin": [15, 8.25, 15.6]},
			"faces": {
				"north": {"uv": [0, 0, 0.224, 0.016], "texture": "#2"},
				"east": {"uv": [0, 0, 0.688, 0.016], "texture": "#2"},
				"south": {"uv": [0, 0, 0.224, 0.016], "texture": "#2"},
				"west": {"uv": [0, 0, 0.688, 0.016], "texture": "#2"},
				"up": {"uv": [0, 0, 0.224, 0.688], "texture": "#2"},
				"down": {"uv": [0, 0, 0.224, 0.688], "texture": "#2"}
			}
		},
		{
			"from": [7.65, 2.25, 6.45],
			"to": [8.35, 3.15, 6.5],
			"rotation": {"angle": 0, "axis": "y", "origin": [15, 8, 14.5]},
			"faces": {
				"north": {"uv": [0, 0, 0.224, 0.288], "texture": "#2"},
				"east": {"uv": [0, 0, 0.016, 0.288], "texture": "#2"},
				"south": {"uv": [0, 0, 0.224, 0.288], "texture": "#2"},
				"west": {"uv": [0, 0, 0.016, 0.288], "texture": "#2"},
				"up": {"uv": [0, 0, 0.224, 0.016], "texture": "#2"},
				"down": {"uv": [0, 0, 0.224, 0.016], "texture": "#2"}
			}
		},
		{
			"from": [7.5, 1.5, 8.2],
			"to": [8.5, 2.5, 9.7],
			"rotation": {"angle": 0, "axis": "y", "origin": [15, 7.5, 17.2]},
			"faces": {
				"north": {"uv": [0, 0, 0.32, 0.32], "texture": "#2"},
				"east": {"uv": [0, 0, 0.48, 0.32], "texture": "#2"},
				"south": {"uv": [0, 0, 0.32, 0.32], "texture": "#2"},
				"west": {"uv": [0, 0, 0.48, 0.32], "texture": "#2"},
				"up": {"uv": [0, 0, 0.32, 0.48], "texture": "#2"},
				"down": {"uv": [0, 0, 0.32, 0.48], "texture": "#2"}
			}
		},
		{
			"from": [7.5, 3.25, 4],
			"to": [8.5, 3.5, 9.85],
			"rotation": {"angle": 0, "axis": "y", "origin": [15, 11, 17]},
			"faces": {
				"north": {"uv": [0, 0, 0.32, 0.08], "texture": "#0"},
				"east": {"uv": [0, 0, 1.872, 0.08], "texture": "#0"},
				"south": {"uv": [0, 0, 0.32, 0.08], "texture": "#0"},
				"west": {"uv": [0, 0, 1.872, 0.08], "texture": "#0"},
				"up": {"uv": [0, 0, 0.32, 1.872], "texture": "#0"},
				"down": {"uv": [0, 0, 0.32, 1.872], "texture": "#0"}
			}
		},
		{
			"from": [7.5, 3.5, 4],
			"to": [8.5, 4.05, 7.35],
			"rotation": {"angle": 0, "axis": "y", "origin": [15, 11.25, 17]},
			"faces": {
				"north": {"uv": [0, 0, 0.32, 0.176], "texture": "#0"},
				"east": {"uv": [0, 0, 1.072, 0.176], "texture": "#0"},
				"south": {"uv": [0, 0, 0.32, 0.176], "texture": "#0"},
				"west": {"uv": [0, 0, 1.072, 0.176], "texture": "#0"},
				"up": {"uv": [0, 0, 0.32, 1.072], "texture": "#0"},
				"down": {"uv": [0, 0, 0.32, 1.072], "texture": "#0"}
			}
		},
		{
			"from": [8.4, 3.5, 7.35],
			"to": [8.5, 4.25, 9.45],
			"rotation": {"angle": 0, "axis": "y", "origin": [14.8, 11.25, 17]},
			"faces": {
				"north": {"uv": [0, 0, 0.032, 0.24], "texture": "#0"},
				"east": {"uv": [0, 0, 0.672, 0.24], "texture": "#0"},
				"south": {"uv": [0, 0, 0.032, 0.24], "texture": "#0"},
				"west": {"uv": [0, 0, 0.672, 0.24], "texture": "#0"},
				"up": {"uv": [0, 0, 0.032, 0.672], "texture": "#0"},
				"down": {"uv": [0, 0, 0.032, 0.672], "texture": "#0"}
			}
		},
		{
			"from": [8.4, 3.5, 3.95],
			"to": [8.5, 4.15, 7.35],
			"rotation": {"angle": 0, "axis": "y", "origin": [14.8, 11.25, 14.9]},
			"faces": {
				"north": {"uv": [0, 0, 0.032, 0.208], "texture": "#0"},
				"east": {"uv": [0, 0, 1.088, 0.208], "texture": "#0"},
				"south": {"uv": [0, 0, 0.032, 0.208], "texture": "#0"},
				"west": {"uv": [0, 0, 1.088, 0.208], "texture": "#0"},
				"up": {"uv": [0, 0, 0.032, 1.088], "texture": "#0"},
				"down": {"uv": [0, 0, 0.032, 1.088], "texture": "#0"}
			}
		},
		{
			"from": [7.5, 3.5, 3.95],
			"to": [7.6, 4.15, 7.35],
			"rotation": {"angle": 0, "axis": "y", "origin": [13.9, 11.25, 14.9]},
			"faces": {
				"north": {"uv": [0, 0, 0.032, 0.208], "texture": "#0"},
				"east": {"uv": [0, 0, 1.088, 0.208], "texture": "#0"},
				"south": {"uv": [0, 0, 0.032, 0.208], "texture": "#0"},
				"west": {"uv": [0, 0, 1.088, 0.208], "texture": "#0"},
				"up": {"uv": [0, 0, 0.032, 1.088], "texture": "#0"},
				"down": {"uv": [0, 0, 0.032, 1.088], "texture": "#0"}
			}
		},
		{
			"from": [7.5, 3.5, 7.35],
			"to": [7.6, 4.25, 9.45],
			"rotation": {"angle": 0, "axis": "y", "origin": [14.9, 11.25, 17]},
			"faces": {
				"north": {"uv": [0, 0, 0.032, 0.24], "texture": "#0"},
				"east": {"uv": [0, 0, 0.672, 0.24], "texture": "#0"},
				"south": {"uv": [0, 0, 0.032, 0.24], "texture": "#0"},
				"west": {"uv": [0, 0, 0.672, 0.24], "texture": "#0"},
				"up": {"uv": [0, 0, 0.032, 0.672], "texture": "#0"},
				"down": {"uv": [0, 0, 0.032, 0.672], "texture": "#0"}
			}
		},
		{
			"from": [7.7, 3.6, 8.35],
			"to": [7.9, 4.4, 8.85],
			"rotation": {"angle": 0, "axis": "y", "origin": [15.2, 11.35, 17]},
			"faces": {
				"north": {"uv": [0, 0, 0.064, 0.256], "texture": "#0"},
				"east": {"uv": [0, 0, 0.16, 0.256], "texture": "#0"},
				"south": {"uv": [0, 0, 0.064, 0.256], "texture": "#0"},
				"west": {"uv": [0, 0, 0.16, 0.256], "texture": "#0"},
				"up": {"uv": [0, 0, 0.064, 0.16], "texture": "#0"},
				"down": {"uv": [0, 0, 0.064, 0.16], "texture": "#0"}
			}
		},
		{
			"from": [8.1, 3.6, 8.35],
			"to": [8.3, 4.4, 8.85],
			"rotation": {"angle": 0, "axis": "y", "origin": [15.6, 11.35, 17]},
			"faces": {
				"north": {"uv": [0, 0, 0.064, 0.256], "texture": "#0"},
				"east": {"uv": [0, 0, 0.16, 0.256], "texture": "#0"},
				"south": {"uv": [0, 0, 0.064, 0.256], "texture": "#0"},
				"west": {"uv": [0, 0, 0.16, 0.256], "texture": "#0"},
				"up": {"uv": [0, 0, 0.064, 0.16], "texture": "#0"},
				"down": {"uv": [0, 0, 0.064, 0.16], "texture": "#0"}
			}
		},
		{
			"from": [7.85, 3.65, 9.6],
			"to": [8.15, 4.15, 9.85],
			"rotation": {"angle": 0, "axis": "y", "origin": [15.2, 11.35, 18]},
			"faces": {
				"north": {"uv": [0, 0, 0.096, 0.16], "texture": "#1"},
				"east": {"uv": [0, 0, 0.08, 0.16], "texture": "#1"},
				"south": {"uv": [0, 0, 0.096, 0.16], "texture": "#1"},
				"west": {"uv": [0, 0, 0.08, 0.16], "texture": "#1"},
				"up": {"uv": [0, 0, 0.096, 0.08], "texture": "#1"},
				"down": {"uv": [0, 0, 0.096, 0.08], "texture": "#1"}
			}
		},
		{
			"from": [7.85, 3.9, 9.85],
			"to": [8.15, 4.15, 10],
			"rotation": {"angle": 0, "axis": "y", "origin": [15.2, 11.35, 18.25]},
			"faces": {
				"north": {"uv": [0, 0, 0.096, 0.08], "texture": "#1"},
				"east": {"uv": [0, 0, 0.048, 0.08], "texture": "#1"},
				"south": {"uv": [0, 0, 0.096, 0.08], "texture": "#1"},
				"west": {"uv": [0, 0, 0.048, 0.08], "texture": "#1"},
				"up": {"uv": [0, 0, 0.096, 0.048], "texture": "#1"},
				"down": {"uv": [0, 0, 0.096, 0.048], "texture": "#1"}
			}
		},
		{
			"from": [7.6, 3.5, 7.35],
			"to": [8.4, 4.25, 9.45],
			"rotation": {"angle": 0, "axis": "y", "origin": [15, 11.25, 20.35]},
			"faces": {
				"north": {"uv": [0, 0, 0.256, 0.24], "texture": "#0"},
				"east": {"uv": [0, 0, 0.672, 0.24], "texture": "#0"},
				"south": {"uv": [0, 0, 0.256, 0.24], "texture": "#0"},
				"west": {"uv": [0, 0, 0.672, 0.24], "texture": "#0"},
				"up": {"uv": [0, 0, 0.256, 0.672], "texture": "#0"},
				"down": {"uv": [0, 0, 0.256, 0.672], "texture": "#0"}
			}
		},
		{
			"from": [7.6, 3.5, 9.45],
			"to": [8.4, 3.75, 9.8],
			"rotation": {"angle": 0, "axis": "y", "origin": [15, 11.25, 22.45]},
			"faces": {
				"north": {"uv": [0, 0, 0.256, 0.08], "texture": "#0"},
				"east": {"uv": [0, 0, 0.112, 0.08], "texture": "#0"},
				"south": {"uv": [0, 0, 0.256, 0.08], "texture": "#0"},
				"west": {"uv": [0, 0, 0.112, 0.08], "texture": "#0"},
				"up": {"uv": [0, 0, 0.256, 0.112], "texture": "#0"},
				"down": {"uv": [0, 0, 0.256, 0.112], "texture": "#0"}
			}
		},
		{
			"from": [7.6, 3.75, 9.45],
			"to": [8.4, 4, 9.7],
			"rotation": {"angle": 0, "axis": "y", "origin": [15, 11.5, 22.45]},
			"faces": {
				"north": {"uv": [0, 0, 0.256, 0.08], "texture": "#0"},
				"east": {"uv": [0, 0, 0.08, 0.08], "texture": "#0"},
				"south": {"uv": [0, 0, 0.256, 0.08], "texture": "#0"},
				"west": {"uv": [0, 0, 0.08, 0.08], "texture": "#0"},
				"up": {"uv": [0, 0, 0.256, 0.08], "texture": "#0"},
				"down": {"uv": [0, 0, 0.256, 0.08], "texture": "#0"}
			}
		},
		{
			"from": [7.6, 4, 9.45],
			"to": [8.4, 4.25, 9.6],
			"rotation": {"angle": 0, "axis": "y", "origin": [15, 11.75, 22.45]},
			"faces": {
				"north": {"uv": [0, 0, 0.256, 0.08], "texture": "#0"},
				"east": {"uv": [0, 0, 0.048, 0.08], "texture": "#0"},
				"south": {"uv": [0, 0, 0.256, 0.08], "texture": "#0"},
				"west": {"uv": [0, 0, 0.048, 0.08], "texture": "#0"},
				"up": {"uv": [0, 0, 0.256, 0.048], "texture": "#0"},
				"down": {"uv": [0, 0, 0.256, 0.048], "texture": "#0"}
			}
		},
		{
			"from": [7.5, 3, 4.25],
			"to": [8.5, 3.25, 9.75],
			"rotation": {"angle": 0, "axis": "y", "origin": [15, 10.75, 17]},
			"faces": {
				"north": {"uv": [0, 0, 0.32, 0.08], "texture": "#2"},
				"east": {"uv": [0, 0, 1.76, 0.08], "texture": "#2"},
				"south": {"uv": [0, 0, 0.32, 0.08], "texture": "#2"},
				"west": {"uv": [0, 0, 1.76, 0.08], "texture": "#2"},
				"up": {"uv": [0, 0, 0.32, 1.76], "texture": "#2"},
				"down": {"uv": [0, 0, 0.32, 1.76], "texture": "#2"}
			}
		},
		{
			"from": [7.65, 3, 3.7],
			"to": [8.35, 3.25, 4.25],
			"rotation": {"angle": 0, "axis": "y", "origin": [15, 10.75, 17]},
			"faces": {
				"north": {"uv": [0, 0, 0.224, 0.08], "texture": "#2"},
				"east": {"uv": [0, 0, 0.176, 0.08], "texture": "#2"},
				"south": {"uv": [0, 0, 0.224, 0.08], "texture": "#2"},
				"west": {"uv": [0, 0, 0.176, 0.08], "texture": "#2"},
				"up": {"uv": [0, 0, 0.224, 0.176], "texture": "#2"},
				"down": {"uv": [0, 0, 0.224, 0.176], "texture": "#2"}
			}
		},
		{
			"from": [7.75, 3.1, 2.85],
			"to": [8.25, 3.25, 3.75],
			"rotation": {"angle": 0, "axis": "y", "origin": [15, 10.75, 16.25]},
			"faces": {
				"north": {"uv": [0, 0, 0.16, 0.048], "texture": "#2"},
				"east": {"uv": [0, 0, 0.288, 0.048], "texture": "#2"},
				"south": {"uv": [0, 0, 0.16, 0.048], "texture": "#2"},
				"west": {"uv": [0, 0, 0.288, 0.048], "texture": "#2"},
				"up": {"uv": [0, 0, 0.16, 0.288], "texture": "#2"},
				"down": {"uv": [0, 0, 0.16, 0.288], "texture": "#2"}
			}
		},
		{
			"from": [7.75, 3.25, 2.75],
			"to": [8.25, 3.5, 4],
			"rotation": {"angle": 0, "axis": "y", "origin": [15, 11, 17]},
			"faces": {
				"north": {"uv": [0, 0, 0.16, 0.08], "texture": "#0"},
				"east": {"uv": [0, 0, 0.4, 0.08], "texture": "#0"},
				"south": {"uv": [0, 0, 0.16, 0.08], "texture": "#0"},
				"west": {"uv": [0, 0, 0.4, 0.08], "texture": "#0"},
				"up": {"uv": [0, 0, 0.16, 0.4], "texture": "#0"},
				"down": {"uv": [0, 0, 0.16, 0.4], "texture": "#0"}
			}
		},
		{
			"from": [7.75, 3.5, 2.75],
			"to": [8.25, 4.25, 3.25],
			"rotation": {"angle": 0, "axis": "y", "origin": [15, 11.25, 17]},
			"faces": {
				"north": {"uv": [0, 0, 0.16, 0.24], "texture": "#0"},
				"east": {"uv": [0, 0, 0.16, 0.24], "texture": "#0"},
				"south": {"uv": [0, 0, 0.16, 0.24], "texture": "#0"},
				"west": {"uv": [0, 0, 0.16, 0.24], "texture": "#0"},
				"up": {"uv": [0, 0, 0.16, 0.16], "texture": "#0"},
				"down": {"uv": [0, 0, 0.16, 0.16], "texture": "#0"}
			}
		},
		{
			"from": [7.75, 3.5, 3.25],
			"to": [8.25, 4.15, 4],
			"rotation": {"angle": 0, "axis": "y", "origin": [15, 11.25, 17.5]},
			"faces": {
				"north": {"uv": [0, 0, 0.16, 0.208], "texture": "#0"},
				"east": {"uv": [0, 0, 0.24, 0.208], "texture": "#0"},
				"south": {"uv": [0, 0, 0.16, 0.208], "texture": "#0"},
				"west": {"uv": [0, 0, 0.24, 0.208], "texture": "#0"},
				"up": {"uv": [0, 0, 0.16, 0.24], "texture": "#0"},
				"down": {"uv": [0, 0, 0.16, 0.24], "texture": "#0"}
			}
		},
		{
			"from": [7.85, 3.6, 3.25],
			"to": [8.15, 4.25, 7.4],
			"rotation": {"angle": 0, "axis": "y", "origin": [15, 11.35, 18.5]},
			"faces": {
				"north": {"uv": [0, 0, 0.096, 0.208], "texture": "#0"},
				"east": {"uv": [0, 0, 1.328, 0.208], "texture": "#0"},
				"south": {"uv": [0, 0, 0.096, 0.208], "texture": "#0"},
				"west": {"uv": [0, 0, 1.328, 0.208], "texture": "#0"},
				"up": {"uv": [0, 0, 0.096, 1.328], "texture": "#0"},
				"down": {"uv": [0, 0, 0.096, 1.328], "texture": "#0"}
			}
		},
		{
			"from": [7.85, 3.8, 2.55],
			"to": [8.15, 4.15, 3.1],
			"rotation": {"angle": 0, "axis": "y", "origin": [15, 11.25, 16.1]},
			"faces": {
				"north": {"uv": [0, 0, 0.096, 0.112], "texture": "#0"},
				"east": {"uv": [0, 0, 0.176, 0.112], "texture": "#0"},
				"south": {"uv": [0, 0, 0.096, 0.112], "texture": "#0"},
				"west": {"uv": [0, 0, 0.176, 0.112], "texture": "#0"},
				"up": {"uv": [0, 0, 0.096, 0.176], "texture": "#0"},
				"down": {"uv": [0, 0, 0.096, 0.176], "texture": "#0"}
			}
		},
		{
			"from": [7.95, 4.1, 2.8],
			"to": [8.05, 4.35, 3.1],
			"rotation": {"angle": 0, "axis": "y", "origin": [15, 11.55, 16.35]},
			"faces": {
				"north": {"uv": [0, 0, 0.032, 0.08], "texture": "#0"},
				"east": {"uv": [0, 0, 0.096, 0.08], "texture": "#0"},
				"south": {"uv": [0, 0, 0.032, 0.08], "texture": "#0"},
				"west": {"uv": [0, 0, 0.096, 0.08], "texture": "#0"},
				"up": {"uv": [0, 0, 0.032, 0.096], "texture": "#0"},
				"down": {"uv": [0, 0, 0.032, 0.096], "texture": "#0"}
			}
		},
		{
			"from": [7.85, 3.3, 2.65],
			"to": [8.15, 3.55, 3.1],
			"rotation": {"angle": 0, "axis": "y", "origin": [15, 10.65, 16.1]},
			"faces": {
				"north": {"uv": [0, 0, 0.096, 0.08], "texture": "#0"},
				"east": {"uv": [0, 0, 0.144, 0.08], "texture": "#0"},
				"south": {"uv": [0, 0, 0.096, 0.08], "texture": "#0"},
				"west": {"uv": [0, 0, 0.144, 0.08], "texture": "#0"},
				"up": {"uv": [0, 0, 0.096, 0.144], "texture": "#0"},
				"down": {"uv": [0, 0, 0.096, 0.144], "texture": "#0"}
			}
		},
		{
			"from": [8.25, 3.25, 3.65],
			"to": [8.4, 4.15, 4],
			"rotation": {"angle": 0, "axis": "y", "origin": [15.5, 11.25, 17]},
			"faces": {
				"north": {"uv": [0, 0, 0.048, 0.288], "texture": "#0"},
				"east": {"uv": [0, 0, 0.112, 0.288], "texture": "#0"},
				"south": {"uv": [0, 0, 0.048, 0.288], "texture": "#0"},
				"west": {"uv": [0, 0, 0.112, 0.288], "texture": "#0"},
				"up": {"uv": [0, 0, 0.048, 0.112], "texture": "#0"},
				"down": {"uv": [0, 0, 0.048, 0.112], "texture": "#0"}
			}
		},
		{
			"from": [7.6, 3.25, 3.65],
			"to": [7.75, 4.15, 4],
			"rotation": {"angle": 0, "axis": "y", "origin": [15.5, 11.25, 17]},
			"faces": {
				"north": {"uv": [0, 0, 0.048, 0.288], "texture": "#0"},
				"east": {"uv": [0, 0, 0.112, 0.288], "texture": "#0"},
				"south": {"uv": [0, 0, 0.048, 0.288], "texture": "#0"},
				"west": {"uv": [0, 0, 0.112, 0.288], "texture": "#0"},
				"up": {"uv": [0, 0, 0.048, 0.112], "texture": "#0"},
				"down": {"uv": [0, 0, 0.048, 0.112], "texture": "#0"}
			}
		}
	],
	"display": {
		"thirdperson_righthand": {
			"translation": [0, 5, 0]
		},
		"firstperson_righthand": {
			"translation": [1, 7.25, 0]
		},
		"firstperson_lefthand": {
			"translation": [1.75, 6.75, 0]
		},
		"gui": {
			"rotation": [65.5, -48.75, 67.5],
			"translation": [-4.25, 2.25, 0]
		},
		"fixed": {
			"rotation": [92.5, 49.5, -92],
			"translation": [5, 2, -0.5]
		}
	},
	"groups": [
		{
			"name": "group",
			"origin": [8, 8, 8],
			"children": [0, 1, 2, 3, 4, 5, 6, 7, 8, 9, 10, 11, 12, 13, 14, 15, 16, 17, 18, 19, 20, 21, 22, 23, 24, 25, 26, 27, 28, 29, 30, 31, 32, 33, 34, 35, 36, 37, 38]
		}
	]
}