{
	"credit": "Made with Blockbench",
	"textures": {
		"0": "item/magaratati_black",
		"1": "item/magaratati_purple",
		"particle": "item/magaratati_black"
	},
	"elements": [
		{
			"from": [7.1, 0, 7],
			"to": [8.1, 5, 8],
			"rotation": {"angle": 0, "axis": "y", "origin": [0, -3, 0]},
			"faces": {
				"north": {"uv": [0, 0, 1, 5], "texture": "#0"},
				"east": {"uv": [1, 0, 2, 5], "texture": "#0"},
				"south": {"uv": [2, 0, 3, 5], "texture": "#0"},
				"west": {"uv": [3, 0, 4, 5], "texture": "#0"},
				"up": {"uv": [5, 1, 4, 0], "texture": "#0"},
				"down": {"uv": [5, 1, 4, 2], "texture": "#0"}
			}
		},
		{
			"from": [7.71313, 4.57695, 7],
			"to": [8.51313, 7.07695, 8],
			"rotation": {"angle": -22.5, "axis": "z", "origin": [8.11313, 6.07695, 7.5]},
			"faces": {
				"north": {"uv": [0, 0, 0.8, 2.5], "texture": "#0"},
				"east": {"uv": [0, 0, 1, 2.5], "texture": "#0"},
				"south": {"uv": [0, 0, 0.8, 2.5], "texture": "#0"},
				"west": {"uv": [0, 0, 1, 2.5], "texture": "#0"},
				"up": {"uv": [0, 0, 0.8, 1], "texture": "#0"},
				"down": {"uv": [0, 0, 0.8, 1], "texture": "#0"}
			}
		},
		{
			"from": [8.12626, 6.65391, 7],
			"to": [8.42626, 9.05391, 8],
			"rotation": {"angle": 0, "axis": "y", "origin": [-0.07374, -3.14609, 0]},
			"faces": {
				"north": {"uv": [0, 0, 0.3, 2.4], "texture": "#0"},
				"east": {"uv": [0, 0, 1, 2.4], "texture": "#0"},
				"south": {"uv": [0, 0, 0.3, 2.4], "texture": "#0"},
				"west": {"uv": [0, 0, 1, 2.4], "texture": "#0"},
				"up": {"uv": [0, 0, 0.3, 1], "texture": "#0"},
				"down": {"uv": [0, 0, 0.3, 1], "texture": "#0"}
			}
		},
		{
			"from": [7.11746, 5.29598, 7],
			"to": [7.71746, 7.79598, 8],
			"rotation": {"angle": 22.5, "axis": "z", "origin": [8.01746, 5.84598, 7.5]},
			"faces": {
				"north": {"uv": [0, 0, 0.6, 2.5], "texture": "#0"},
				"east": {"uv": [0, 0, 1, 2.5], "texture": "#0"},
				"south": {"uv": [0, 0, 0.6, 2.5], "texture": "#0"},
				"west": {"uv": [0, 0, 1, 2.5], "texture": "#0"},
				"up": {"uv": [0, 0, 0.6, 1], "texture": "#0"},
				"down": {"uv": [0, 0, 0.6, 1], "texture": "#0"}
			}
		},
		{
			"from": [6.52138, 5.58041, 7],
			"to": [7.32138, 5.68041, 8],
			"rotation": {"angle": 45, "axis": "z", "origin": [6.27138, 5.88041, 7.5]},
			"faces": {
				"north": {"uv": [0, 0, 0.1, 0.8], "rotation": 90, "texture": "#0"},
				"east": {"uv": [0, 0, 0.1, 1], "rotation": 270, "texture": "#0"},
				"south": {"uv": [0, 0, 0.1, 0.8], "rotation": 270, "texture": "#0"},
				"west": {"uv": [0, 0, 0.1, 1], "rotation": 270, "texture": "#0"},
				"up": {"uv": [0, 0, 1, 0.8], "rotation": 270, "texture": "#0"},
				"down": {"uv": [0, 0, 1, 0.8], "rotation": 270, "texture": "#0"}
			}
		},
		{
			"from": [6.49313, 6.30718, 7],
			"to": [7.39313, 6.40718, 8],
			"rotation": {"angle": 22.5, "axis": "z", "origin": [6.94313, 6.05718, 7.5]},
			"faces": {
				"north": {"uv": [0, 0, 0.1, 0.9], "rotation": 90, "texture": "#0"},
				"east": {"uv": [0, 0, 0.1, 1], "rotation": 270, "texture": "#0"},
				"south": {"uv": [0, 0, 0.1, 0.9], "rotation": 270, "texture": "#0"},
				"west": {"uv": [0, 0, 0.1, 1], "rotation": 270, "texture": "#0"},
				"up": {"uv": [0, 0, 1, 0.9], "rotation": 270, "texture": "#0"},
				"down": {"uv": [0, 0, 1, 0.9], "rotation": 270, "texture": "#0"}
			}
		},
		{
			"from": [6.24005, 6.57673, 7],
			"to": [7.24005, 6.77673, 8],
			"rotation": {"angle": 22.5, "axis": "z", "origin": [6.79005, 6.42673, 7.5]},
			"faces": {
				"north": {"uv": [0, 0, 0.2, 1], "rotation": 90, "texture": "#0"},
				"east": {"uv": [0, 0, 0.2, 1], "rotation": 270, "texture": "#0"},
				"south": {"uv": [0, 0, 0.2, 1], "rotation": 270, "texture": "#0"},
				"west": {"uv": [0, 0, 0.2, 1], "rotation": 270, "texture": "#0"},
				"up": {"uv": [0, 0, 1, 1], "rotation": 270, "texture": "#0"},
				"down": {"uv": [0, 0, 1, 1], "rotation": 270, "texture": "#0"}
			}
		},
		{
			"from": [5.89512, 6.90812, 7],
			"to": [6.99512, 7.20812, 8],
			"rotation": {"angle": 0, "axis": "y", "origin": [6.49512, 7.00812, 7.5]},
			"faces": {
				"north": {"uv": [0, 0, 0.3, 1.1], "rotation": 90, "texture": "#0"},
				"east": {"uv": [0, 0, 0.3, 1], "rotation": 270, "texture": "#0"},
				"south": {"uv": [0, 0, 0.3, 1.1], "rotation": 270, "texture": "#0"},
				"west": {"uv": [0, 0, 0.3, 1], "rotation": 270, "texture": "#0"},
				"up": {"uv": [0, 0, 1, 1.1], "rotation": 270, "texture": "#0"},
				"down": {"uv": [0, 0, 1, 1.1], "rotation": 270, "texture": "#0"}
			}
		},
		{
			"from": [5.79512, 7.50812, 7],
			"to": [6.99512, 7.90812, 8],
			"rotation": {"angle": -22.5, "axis": "z", "origin": [6.34512, 7.70812, 7.5]},
			"faces": {
				"north": {"uv": [0, 0, 0.4, 1.2], "rotation": 90, "texture": "#0"},
				"east": {"uv": [0, 0, 0.4, 1], "rotation": 270, "texture": "#0"},
				"south": {"uv": [0, 0, 0.4, 1.2], "rotation": 270, "texture": "#0"},
				"west": {"uv": [0, 0, 0.4, 1], "rotation": 270, "texture": "#0"},
				"up": {"uv": [0, 0, 1, 1.2], "rotation": 270, "texture": "#0"},
				"down": {"uv": [0, 0, 1, 1.2], "rotation": 270, "texture": "#0"}
			}
		},
		{
			"from": [6.43974, 7.30313, 7],
			"to": [7.03974, 8.90313, 8],
			"rotation": {"angle": 0, "axis": "y", "origin": [6.73974, 6.45313, 7.5]},
			"faces": {
				"north": {"uv": [0, 0, 0.6, 1.6], "texture": "#0"},
				"east": {"uv": [0, 0, 1, 1.6], "texture": "#0"},
				"south": {"uv": [0, 0, 0.6, 1.6], "texture": "#0"},
				"west": {"uv": [0, 0, 1, 1.6], "texture": "#0"},
				"up": {"uv": [0, 0, 0.6, 1], "texture": "#0"},
				"down": {"uv": [0, 0, 0.6, 1], "texture": "#0"}
			}
		},
		{
			"from": [6.43974, 8.90313, 7],
			"to": [9.23974, 9.40313, 8],
			"rotation": {"angle": 0, "axis": "y", "origin": [6.93974, 6.75313, 7.5]},
			"faces": {
				"north": {"uv": [0, 0, 2.8, 0.5], "texture": "#0"},
				"east": {"uv": [0, 0, 1, 0.5], "texture": "#0"},
				"south": {"uv": [0, 0, 2.8, 0.5], "texture": "#0"},
				"west": {"uv": [0, 0, 1, 0.5], "texture": "#0"},
				"up": {"uv": [0, 0, 2.8, 1], "texture": "#0"},
				"down": {"uv": [0, 0, 2.8, 1], "texture": "#0"}
			}
		},
		{
			"from": [8.53974, 9.40313, 7],
			"to": [9.23974, 10.40313, 8],
			"rotation": {"angle": 0, "axis": "y", "origin": [6.93974, 6.75313, 7.5]},
			"faces": {
				"north": {"uv": [0, 0, 0.7, 1], "texture": "#0"},
				"east": {"uv": [0, 0, 1, 1], "texture": "#0"},
				"south": {"uv": [0, 0, 0.7, 1], "texture": "#0"},
				"west": {"uv": [0, 0, 1, 1], "texture": "#0"},
				"up": {"uv": [0, 0, 0.7, 1], "texture": "#0"},
				"down": {"uv": [0, 0, 0.7, 1], "texture": "#0"}
			}
		},
		{
			"from": [6.76289, 10.01679, 7],
			"to": [9.16289, 10.71679, 8],
			"rotation": {"angle": -22.5, "axis": "z", "origin": [8.41289, 10.36679, 7.5]},
			"faces": {
				"north": {"uv": [0, 0, 0.7, 2.4], "rotation": 90, "texture": "#0"},
				"east": {"uv": [0, 0, 0.7, 1], "rotation": 270, "texture": "#0"},
				"south": {"uv": [0, 0, 0.7, 2.4], "rotation": 270, "texture": "#0"},
				"west": {"uv": [0, 0, 0.7, 1], "rotation": 270, "texture": "#0"},
				"up": {"uv": [0, 0, 1, 2.4], "rotation": 270, "texture": "#0"},
				"down": {"uv": [0, 0, 1, 2.4], "rotation": 270, "texture": "#0"}
			}
		},
		{
			"from": [6.75455, 10.67486, 7],
			"to": [7.45455, 28.67486, 8],
			"rotation": {"angle": 0, "axis": "y", "origin": [7.10455, 11.87486, 7.5]},
			"faces": {
				"north": {"uv": [0, 0, 0.7, 16], "texture": "#0"},
				"east": {"uv": [0, 0, 1, 16], "texture": "#0"},
				"south": {"uv": [0, 0, 0.7, 16], "texture": "#0"},
				"west": {"uv": [0, 0, 1, 16], "texture": "#0"},
				"up": {"uv": [0, 0, 0.7, 1], "texture": "#0"},
				"down": {"uv": [0, 0, 0.7, 1], "texture": "#0"}
			}
		},
		{
			"from": [4.73974, 9.40313, 7.1],
			"to": [9.13974, 10.40313, 7.9],
			"rotation": {"angle": 0, "axis": "y", "origin": [6.93974, 6.75313, 7.5]},
			"faces": {
				"north": {"uv": [0, 0, 4, 1], "texture": "#1"},
				"east": {"uv": [0, 4, 1, 5], "texture": "#1"},
				"south": {"uv": [0, 1, 4, 2], "texture": "#1"},
				"west": {"uv": [15, 0, 16, 1], "texture": "#1"},
				"up": {"uv": [4, 3, 0, 2], "texture": "#1"},
				"down": {"uv": [4, 3, 0, 4], "texture": "#1"}
			}
		},
		{
			"from": [4.75178, 9.86367, 7.1],
			"to": [7.45178, 11.56367, 7.9],
			"rotation": {"angle": -22.5, "axis": "z", "origin": [6.10178, 10.16367, 7.5]},
			"faces": {
				"north": {"uv": [0, 0, 3, 2], "texture": "#1"},
				"east": {"uv": [3, 2, 4, 4], "texture": "#1"},
				"south": {"uv": [0, 2, 3, 4], "texture": "#1"},
				"west": {"uv": [8, 14, 9, 16], "texture": "#1"},
				"up": {"uv": [6, 1, 3, 0], "texture": "#1"},
				"down": {"uv": [6, 1, 3, 2], "texture": "#1"}
			}
		},
		{
			"from": [5.3903, 11.27373, 7.1],
			"to": [6.7903, 27.77373, 7.9],
			"rotation": {"angle": 0, "axis": "y", "origin": [6.7403, 12.27373, 7.5]},
			"faces": {
				"north": {"uv": [12, 0, 16, 16], "texture": "#1"},
				"east": {"uv": [0, 0, 0.8, 16], "texture": "#1"},
				"south": {"uv": [16, 0, 12, 16], "texture": "#1"},
				"west": {"uv": [15, 0, 16, 1], "texture": "#1"},
				"up": {"uv": [0, 0, 1.4, 0.8], "texture": "#1"},
				"down": {"uv": [0, 0, 1.4, 0.8], "texture": "#1"}
			}
		},
		{
			"from": [5.81537, 27.4107, 7.1],
			"to": [7.21537, 28.6107, 7.9],
			"rotation": {"angle": -22.5, "axis": "z", "origin": [6.51537, 28.6607, 7.5]},
			"faces": {
				"north": {"uv": [12, 0, 16, 1], "texture": "#1"},
				"east": {"uv": [0, 1, 1, 2], "texture": "#1"},
				"south": {"uv": [16, 0, 12, 1], "texture": "#1"},
				"west": {"uv": [15, 0, 16, 1], "texture": "#1"},
				"up": {"uv": [1, 3, 0, 2], "texture": "#1"},
				"down": {"uv": [3, 0, 2, 1], "texture": "#1"}
			}
		},
		{
			"from": [6.52838, 28.02129, 7.1],
			"to": [7.92838, 28.52129, 7.9],
			"rotation": {"angle": -45, "axis": "z", "origin": [7.22838, 29.27129, 7.5]},
			"faces": {
				"north": {"uv": [12, 0, 16, 1], "texture": "#1"},
				"east": {"uv": [0, 0, 0.8, 0.5], "texture": "#1"},
				"south": {"uv": [16, 0, 12, 1], "texture": "#1"},
				"west": {"uv": [15, 0, 16, 1], "texture": "#1"},
				"up": {"uv": [0, 0, 1.4, 0.8], "texture": "#1"},
				"down": {"uv": [0, 0, 1.4, 0.8], "texture": "#1"}
			}
		},
		{
			"from": [7.14156, 27.56106, 7.1],
			"to": [7.24156, 29.93873, 7.9],
			"rotation": {"angle": -22.5, "axis": "z", "origin": [7.04156, 28.74989, 7.5]},
			"faces": {
				"north": {"uv": [9, 16, 8, 8], "texture": "#1"},
				"east": {"uv": [8, 16, 9, 8], "texture": "#1"},
				"south": {"uv": [8, 16, 9, 8], "texture": "#1"},
				"west": {"uv": [0, 0, 0.8, 2.37766], "texture": "#1"},
				"up": {"uv": [15, 0, 16, 1], "texture": "#1"},
				"down": {"uv": [0, 0, 0.1, 0.8], "texture": "#1"}
			}
		},
		{
			"from": [6.5479, 29.60235, 7.1],
			"to": [8.0479, 29.70235, 7.9],
			"rotation": {"angle": 22.5, "axis": "z", "origin": [7.5479, 28.60235, 7.5]},
			"faces": {
				"north": {"uv": [15, 0, 16, 1], "rotation": 90, "texture": "#1"},
				"east": {"uv": [0, 0, 0.1, 0.8], "rotation": 270, "texture": "#1"},
				"south": {"uv": [16, 0, 15, 1], "rotation": 270, "texture": "#1"},
				"west": {"uv": [0, 0, 0.1, 0.8], "rotation": 270, "texture": "#1"},
				"up": {"uv": [15, 0, 16, 1], "rotation": 270, "texture": "#1"},
				"down": {"uv": [0, 0, 0.8, 1.5], "rotation": 270, "texture": "#1"}
			}
		},
		{
			"from": [7.5479, 29.40235, 7.1],
			"to": [7.8479, 29.60235, 7.9],
			"rotation": {"angle": 22.5, "axis": "z", "origin": [7.5479, 28.60235, 7.5]},
			"faces": {
				"north": {"uv": [15, 0, 16, 1], "rotation": 90, "texture": "#1"},
				"east": {"uv": [0, 0, 0.2, 0.8], "rotation": 270, "texture": "#1"},
				"south": {"uv": [15, 0, 16, 1], "rotation": 270, "texture": "#1"},
				"west": {"uv": [0, 0, 0.2, 0.8], "rotation": 270, "texture": "#1"},
				"up": {"uv": [0, 0, 0.8, 0.6], "rotation": 270, "texture": "#1"},
				"down": {"uv": [0, 0, 0.8, 0.6], "rotation": 270, "texture": "#1"}
			}
		},
		{
			"from": [7.1479, 29.30235, 7.099],
			"to": [7.7479, 29.60235, 7.1],
			"rotation": {"angle": 22.5, "axis": "z", "origin": [7.5479, 28.60235, 7.5]},
			"faces": {
				"north": {"uv": [16, 0, 15, 1], "rotation": 90, "texture": "#1"},
				"east": {"uv": [0, 0, 0.2, 0.8], "rotation": 270, "texture": "#1"},
				"south": {"uv": [15, 0, 16, 1], "rotation": 270, "texture": "#1"},
				"west": {"uv": [0, 0, 0.2, 0.8], "rotation": 270, "texture": "#1"},
				"up": {"uv": [0, 0, 0.8, 0.6], "rotation": 270, "texture": "#1"},
				"down": {"uv": [0, 0, 0.8, 0.6], "rotation": 270, "texture": "#1"}
			}
		},
		{
			"from": [7.1479, 29.30235, 7.9],
			"to": [7.7479, 29.70235, 7.901],
			"rotation": {"angle": 22.5, "axis": "z", "origin": [7.5479, 28.60235, 7.5]},
			"faces": {
				"north": {"uv": [0, 0, 0.2, 0.6], "rotation": 90, "texture": "#1"},
				"east": {"uv": [0, 0, 0.2, 0.8], "rotation": 270, "texture": "#1"},
				"south": {"uv": [15, 0, 16, 1], "rotation": 270, "texture": "#1"},
				"west": {"uv": [0, 0, 0.2, 0.8], "rotation": 270, "texture": "#1"},
				"up": {"uv": [0, 0, 0.8, 0.6], "rotation": 270, "texture": "#1"},
				"down": {"uv": [0, 0, 0.8, 0.6], "rotation": 270, "texture": "#1"}
			}
		},
		{
			"from": [6.55, 29.11495, 7.099],
			"to": [7.4, 29.71495, 7.1],
			"rotation": {"angle": 22.5, "axis": "z", "origin": [7.60859, 28.61495, 7.5]},
			"faces": {
				"north": {"uv": [12, 13, 9, 16], "rotation": 90, "texture": "#1"},
				"east": {"uv": [0, 0, 0.6, 0.8], "rotation": 270, "texture": "#1"},
				"south": {"uv": [9, 13, 12, 16], "rotation": 270, "texture": "#1"},
				"west": {"uv": [0, 0, 0.6, 0.8], "rotation": 270, "texture": "#1"},
				"up": {"uv": [0, 0, 0.8, 0.75], "rotation": 270, "texture": "#1"},
				"down": {"uv": [0, 0, 0.8, 0.75], "rotation": 270, "texture": "#1"}
			}
		},
		{
			"from": [6.55, 29.11495, 7.9],
			"to": [7.3, 29.71495, 7.901],
			"rotation": {"angle": 22.5, "axis": "z", "origin": [7.60859, 28.61495, 7.5]},
			"faces": {
				"north": {"uv": [0, 0, 0.6, 0.75], "rotation": 90, "texture": "#1"},
				"east": {"uv": [0, 0, 0.6, 0.8], "rotation": 270, "texture": "#1"},
				"south": {"uv": [9, 13, 12, 16], "rotation": 270, "texture": "#1"},
				"west": {"uv": [0, 0, 0.6, 0.8], "rotation": 270, "texture": "#1"},
				"up": {"uv": [0, 0, 0.8, 0.75], "rotation": 270, "texture": "#1"},
				"down": {"uv": [0, 0, 0.8, 0.75], "rotation": 270, "texture": "#1"}
			}
		},
		{
			"from": [6.70859, 28.61495, 7.1],
			"to": [7.20859, 29.51495, 7.9],
			"rotation": {"angle": -22.5, "axis": "z", "origin": [6.70859, 28.91495, 7.5]},
			"faces": {
				"north": {"uv": [12, 0, 12.5, 1], "rotation": 180, "texture": "#1"},
				"east": {"uv": [0, 0, 0.8, 1], "rotation": 180, "texture": "#1"},
				"south": {"uv": [12, 0, 14, 1], "rotation": 180, "texture": "#1"},
				"west": {"uv": [0, 0, 0.8, 1], "rotation": 180, "texture": "#1"},
				"up": {"uv": [0, 0, 0.5, 0.8], "rotation": 180, "texture": "#1"},
				"down": {"uv": [0, 0, 0.5, 0.8], "rotation": 180, "texture": "#1"}
			}
		},
		{
			"from": [7.10859, 29.01495, 7.1],
			"to": [7.20859, 29.96495, 7.9],
			"rotation": {"angle": -22.5, "axis": "z", "origin": [6.70859, 28.91495, 7.5]},
			"faces": {
				"north": {"uv": [8, 12, 9, 16], "rotation": 180, "texture": "#1"},
				"east": {"uv": [0, 0, 0.8, 0.55], "rotation": 180, "texture": "#1"},
				"south": {"uv": [8, 12, 9, 16], "rotation": 180, "texture": "#1"},
				"west": {"uv": [0, 0, 0.8, 0.55], "rotation": 180, "texture": "#1"},
				"up": {"uv": [0, 0, 0.1, 0.8], "rotation": 180, "texture": "#1"},
				"down": {"uv": [0, 0, 0.1, 0.8], "rotation": 180, "texture": "#1"}
			}
		}
	],
	"display": {
		"thirdperson_righthand": {
			"rotation": [0, -90, 0],
			"translation": [-0.25, -0.25, 1]
		},
		"firstperson_righthand": {
			"rotation": [0, -90, 20],
			"translation": [2, -0.25, 2]
		},
		"ground": {
			"rotation": [0, 0, 45],
			"translation": [0, 3, 0],
			"scale": [0.7, 0.7, 0.7]
		},
		"gui": {
			"rotation": [0, 180, 45],
			"translation": [-4, -3, 0],
			"scale": [0.7, 0.7, 0.7]
		},
		"fixed": {
			"rotation": [0, 0, 45],
			"translation": [4.25, -3.25, 0],
			"scale": [0.7, 0.7, 0.7]
		}
	},
	"groups": [
		{
			"name": "group",
			"origin": [0, 0, 0],
			"color": 0,
			"children": [0, 1, 2, 3, 4, 5, 6, 7, 8, 9, 10, 11, 12, 13]
		},
		{
			"name": "group",
			"origin": [6.70859, 28.91495, 7.5],
			"color": 0,
			"children": [14, 15, 16, 17, 18, 19, 20, 21, 22, 23, 24, 25, 26, 27]
		}
	]
}