{
	"credit": "Made with Blockbench",
	"textures": {
		"0": "item/black",
		"particle": "item/black"
	},
	"elements": [
		{
			"from": [6, 1.5, 7.5],
			"to": [7, 3, 8.5],
			"rotation": {"angle": 0, "axis": "y", "origin": [14, 8, 15.5]},
			"faces": {
				"north": {"uv": [0, 0, 1, 1.5], "texture": "#0"},
				"east": {"uv": [0, 0, 1, 1.5], "texture": "#0"},
				"south": {"uv": [0, 0, 1, 1.5], "texture": "#0"},
				"west": {"uv": [0, 0, 1, 1.5], "texture": "#0"},
				"up": {"uv": [0, 0, 1, 1], "texture": "#0"},
				"down": {"uv": [0, 0, 1, 1], "texture": "#0"}
			}
		},
		{
			"from": [7.2, 2.3, 7.5],
			"to": [8, 2.35, 8.5],
			"rotation": {"angle": 0, "axis": "y", "origin": [15, 8.1, 15.5]},
			"faces": {
				"north": {"uv": [0, 0, 0.8, 0.05], "texture": "#0"},
				"east": {"uv": [0, 0, 1, 0.05], "texture": "#0"},
				"south": {"uv": [0, 0, 0.8, 0.05], "texture": "#0"},
				"west": {"uv": [0, 0, 1, 0.05], "texture": "#0"},
				"up": {"uv": [0, 0, 0.8, 1], "texture": "#0"},
				"down": {"uv": [0, 0, 0.8, 1], "texture": "#0"}
			}
		},
		{
			"from": [7.1, 2.35, 7.5],
			"to": [7.15, 2.4, 8.5],
			"rotation": {"angle": 0, "axis": "y", "origin": [14.65, 8.15, 15.5]},
			"faces": {
				"north": {"uv": [0, 0, 0.05, 0.05], "texture": "#0"},
				"east": {"uv": [0, 0, 1, 0.05], "texture": "#0"},
				"south": {"uv": [0, 0, 0.05, 0.05], "texture": "#0"},
				"west": {"uv": [0, 0, 1, 0.05], "texture": "#0"},
				"up": {"uv": [0, 0, 0.05, 1], "texture": "#0"},
				"down": {"uv": [0, 0, 0.05, 1], "texture": "#0"}
			}
		},
		{
			"from": [7.45, 2.55, 7.75],
			"to": [7.5, 2.6, 8.25],
			"rotation": {"angle": 0, "axis": "y", "origin": [15, 8.35, 15.5]},
			"faces": {
				"north": {"uv": [0, 0, 0.05, 0.05], "texture": "#0"},
				"east": {"uv": [0, 0, 0.5, 0.05], "texture": "#0"},
				"south": {"uv": [0, 0, 0.05, 0.05], "texture": "#0"},
				"west": {"uv": [0, 0, 0.5, 0.05], "texture": "#0"},
				"up": {"uv": [0, 0, 0.05, 0.5], "texture": "#0"},
				"down": {"uv": [0, 0, 0.05, 0.5], "texture": "#0"}
			}
		},
		{
			"from": [7.5, 2.5, 7.75],
			"to": [7.55, 2.55, 8.25],
			"rotation": {"angle": 0, "axis": "y", "origin": [15.05, 8.3, 15.5]},
			"faces": {
				"north": {"uv": [0, 0, 0.05, 0.05], "texture": "#0"},
				"east": {"uv": [0, 0, 0.5, 0.05], "texture": "#0"},
				"south": {"uv": [0, 0, 0.05, 0.05], "texture": "#0"},
				"west": {"uv": [0, 0, 0.5, 0.05], "texture": "#0"},
				"up": {"uv": [0, 0, 0.05, 0.5], "texture": "#0"},
				"down": {"uv": [0, 0, 0.05, 0.5], "texture": "#0"}
			}
		},
		{
			"from": [7.05, 2.4, 7.5],
			"to": [7.1, 2.45, 8.5],
			"rotation": {"angle": 0, "axis": "y", "origin": [14.6, 8.2, 15.5]},
			"faces": {
				"north": {"uv": [0, 0, 0.05, 0.05], "texture": "#0"},
				"east": {"uv": [0, 0, 1, 0.05], "texture": "#0"},
				"south": {"uv": [0, 0, 0.05, 0.05], "texture": "#0"},
				"west": {"uv": [0, 0, 1, 0.05], "texture": "#0"},
				"up": {"uv": [0, 0, 0.05, 1], "texture": "#0"},
				"down": {"uv": [0, 0, 0.05, 1], "texture": "#0"}
			}
		},
		{
			"from": [7, 2.45, 7.5],
			"to": [7.05, 2.5, 8.5],
			"rotation": {"angle": 0, "axis": "y", "origin": [14.55, 8.25, 15.5]},
			"faces": {
				"north": {"uv": [0, 0, 0.05, 0.05], "texture": "#0"},
				"east": {"uv": [0, 0, 1, 0.05], "texture": "#0"},
				"south": {"uv": [0, 0, 0.05, 0.05], "texture": "#0"},
				"west": {"uv": [0, 0, 1, 0.05], "texture": "#0"},
				"up": {"uv": [0, 0, 0.05, 1], "texture": "#0"},
				"down": {"uv": [0, 0, 0.05, 1], "texture": "#0"}
			}
		},
		{
			"from": [7.15, 2.3, 7.5],
			"to": [7.2, 2.35, 8.5],
			"rotation": {"angle": 0, "axis": "y", "origin": [14.7, 8.1, 15.5]},
			"faces": {
				"north": {"uv": [0, 0, 0.05, 0.05], "texture": "#0"},
				"east": {"uv": [0, 0, 1, 0.05], "texture": "#0"},
				"south": {"uv": [0, 0, 0.05, 0.05], "texture": "#0"},
				"west": {"uv": [0, 0, 1, 0.05], "texture": "#0"},
				"up": {"uv": [0, 0, 0.05, 1], "texture": "#0"},
				"down": {"uv": [0, 0, 0.05, 1], "texture": "#0"}
			}
		},
		{
			"from": [7.9, 2.35, 7.5],
			"to": [8, 3, 8.5],
			"rotation": {"angle": 0, "axis": "y", "origin": [15, 8, 15.5]},
			"faces": {
				"north": {"uv": [0, 0, 0.1, 0.65], "texture": "#0"},
				"east": {"uv": [0, 0, 1, 0.65], "texture": "#0"},
				"south": {"uv": [0, 0, 0.1, 0.65], "texture": "#0"},
				"west": {"uv": [0, 0, 1, 0.65], "texture": "#0"},
				"up": {"uv": [0, 0, 0.1, 1], "texture": "#0"},
				"down": {"uv": [0, 0, 0.1, 1], "texture": "#0"}
			}
		},
		{
			"from": [7.4, 2.6, 7.75],
			"to": [7.45, 3, 8.25],
			"rotation": {"angle": 0, "axis": "y", "origin": [14.5, 8, 15.5]},
			"faces": {
				"north": {"uv": [0, 0, 0.05, 0.4], "texture": "#0"},
				"east": {"uv": [0, 0, 0.5, 0.4], "texture": "#0"},
				"south": {"uv": [0, 0, 0.05, 0.4], "texture": "#0"},
				"west": {"uv": [0, 0, 0.5, 0.4], "texture": "#0"},
				"up": {"uv": [0, 0, 0.05, 0.5], "texture": "#0"},
				"down": {"uv": [0, 0, 0.05, 0.5], "texture": "#0"}
			}
		},
		{
			"from": [6.1, 1.35, 7.5],
			"to": [7, 1.5, 8.5],
			"rotation": {"angle": 0, "axis": "y", "origin": [14, 6.5, 15.5]},
			"faces": {
				"north": {"uv": [0, 0, 0.9, 0.15], "texture": "#0"},
				"east": {"uv": [0, 0, 1, 0.15], "texture": "#0"},
				"south": {"uv": [0, 0, 0.9, 0.15], "texture": "#0"},
				"west": {"uv": [0, 0, 1, 0.15], "texture": "#0"},
				"up": {"uv": [0, 0, 0.9, 1], "texture": "#0"},
				"down": {"uv": [0, 0, 0.9, 1], "texture": "#0"}
			}
		},
		{
			"from": [6.2, 1.3, 7.5],
			"to": [7, 1.35, 8.5],
			"rotation": {"angle": 0, "axis": "y", "origin": [14, 6.35, 15.5]},
			"faces": {
				"north": {"uv": [0, 0, 0.8, 0.05], "texture": "#0"},
				"east": {"uv": [0, 0, 1, 0.05], "texture": "#0"},
				"south": {"uv": [0, 0, 0.8, 0.05], "texture": "#0"},
				"west": {"uv": [0, 0, 1, 0.05], "texture": "#0"},
				"up": {"uv": [0, 0, 0.8, 1], "texture": "#0"},
				"down": {"uv": [0, 0, 0.8, 1], "texture": "#0"}
			}
		},
		{
			"from": [6.3, 0.25, 7.7],
			"to": [6.95, 1.3, 8.3],
			"rotation": {"angle": 0, "axis": "y", "origin": [14, 6.3, 15.5]},
			"faces": {
				"north": {"uv": [0, 0, 0.65, 1.05], "texture": "#0"},
				"east": {"uv": [0, 0, 0.6, 1.05], "texture": "#0"},
				"south": {"uv": [0, 0, 0.65, 1.05], "texture": "#0"},
				"west": {"uv": [0, 0, 0.6, 1.05], "texture": "#0"},
				"up": {"uv": [0, 0, 0.65, 0.6], "texture": "#0"},
				"down": {"uv": [0, 0, 0.65, 0.6], "texture": "#0"}
			}
		},
		{
			"from": [5, 3, 7.5],
			"to": [8, 4, 8.5],
			"rotation": {"angle": 0, "axis": "y", "origin": [14, 11, 15.5]},
			"faces": {
				"north": {"uv": [0, 0, 3, 1], "texture": "#0"},
				"east": {"uv": [0, 0, 1, 1], "texture": "#0"},
				"south": {"uv": [0, 0, 3, 1], "texture": "#0"},
				"west": {"uv": [0, 0, 1, 1], "texture": "#0"},
				"up": {"uv": [0, 0, 3, 1], "texture": "#0"},
				"down": {"uv": [0, 0, 3, 1], "texture": "#0"}
			}
		},
		{
			"from": [8, 3.5, 7.5],
			"to": [10, 4, 8.5],
			"rotation": {"angle": 0, "axis": "y", "origin": [16, 11, 15.5]},
			"faces": {
				"north": {"uv": [0, 0, 2, 0.5], "texture": "#0"},
				"east": {"uv": [0, 0, 1, 0.5], "texture": "#0"},
				"south": {"uv": [0, 0, 2, 0.5], "texture": "#0"},
				"west": {"uv": [0, 0, 1, 0.5], "texture": "#0"},
				"up": {"uv": [0, 0, 2, 1], "texture": "#0"},
				"down": {"uv": [0, 0, 2, 1], "texture": "#0"}
			}
		},
		{
			"from": [9.6, 4, 7.8],
			"to": [10, 4.25, 7.9],
			"rotation": {"angle": 0, "axis": "y", "origin": [16.1, 11.5, 15.5]},
			"faces": {
				"north": {"uv": [0, 0, 0.4, 0.25], "texture": "#0"},
				"east": {"uv": [0, 0, 0.1, 0.25], "texture": "#0"},
				"south": {"uv": [0, 0, 0.4, 0.25], "texture": "#0"},
				"west": {"uv": [0, 0, 0.1, 0.25], "texture": "#0"},
				"up": {"uv": [0, 0, 0.4, 0.1], "texture": "#0"},
				"down": {"uv": [0, 0, 0.4, 0.1], "texture": "#0"}
			}
		},
		{
			"from": [5, 4, 7.8],
			"to": [5.6, 4.3, 7.9],
			"rotation": {"angle": 0, "axis": "y", "origin": [11.5, 11.5, 15.5]},
			"faces": {
				"north": {"uv": [0, 0, 0.6, 0.3], "texture": "#0"},
				"east": {"uv": [0, 0, 0.1, 0.3], "texture": "#0"},
				"south": {"uv": [0, 0, 0.6, 0.3], "texture": "#0"},
				"west": {"uv": [0, 0, 0.1, 0.3], "texture": "#0"},
				"up": {"uv": [0, 0, 0.6, 0.1], "texture": "#0"},
				"down": {"uv": [0, 0, 0.6, 0.1], "texture": "#0"}
			}
		},
		{
			"from": [5, 4, 8.1],
			"to": [5.6, 4.3, 8.2],
			"rotation": {"angle": 0, "axis": "y", "origin": [11.5, 11.5, 15.8]},
			"faces": {
				"north": {"uv": [0, 0, 0.6, 0.3], "texture": "#0"},
				"east": {"uv": [0, 0, 0.1, 0.3], "texture": "#0"},
				"south": {"uv": [0, 0, 0.6, 0.3], "texture": "#0"},
				"west": {"uv": [0, 0, 0.1, 0.3], "texture": "#0"},
				"up": {"uv": [0, 0, 0.6, 0.1], "texture": "#0"},
				"down": {"uv": [0, 0, 0.6, 0.1], "texture": "#0"}
			}
		},
		{
			"from": [5, 4, 7.9],
			"to": [5.6, 4.15, 8.1],
			"rotation": {"angle": 0, "axis": "y", "origin": [11.5, 11.5, 15.7]},
			"faces": {
				"north": {"uv": [0, 0, 0.6, 0.15], "texture": "#0"},
				"east": {"uv": [0, 0, 0.2, 0.15], "texture": "#0"},
				"south": {"uv": [0, 0, 0.6, 0.15], "texture": "#0"},
				"west": {"uv": [0, 0, 0.2, 0.15], "texture": "#0"},
				"up": {"uv": [0, 0, 0.6, 0.2], "texture": "#0"},
				"down": {"uv": [0, 0, 0.6, 0.2], "texture": "#0"}
			}
		},
		{
			"from": [9.6, 4, 7.9],
			"to": [10, 4.15, 8.1],
			"rotation": {"angle": 0, "axis": "y", "origin": [15.9, 11.5, 15.7]},
			"faces": {
				"north": {"uv": [0, 0, 0.4, 0.15], "texture": "#0"},
				"east": {"uv": [0, 0, 0.2, 0.15], "texture": "#0"},
				"south": {"uv": [0, 0, 0.4, 0.15], "texture": "#0"},
				"west": {"uv": [0, 0, 0.2, 0.15], "texture": "#0"},
				"up": {"uv": [0, 0, 0.4, 0.2], "texture": "#0"},
				"down": {"uv": [0, 0, 0.4, 0.2], "texture": "#0"}
			}
		},
		{
			"from": [9.75, 4.15, 7.95],
			"to": [9.85, 4.25, 8.05],
			"rotation": {"angle": 0, "axis": "y", "origin": [15.9, 11.6, 15.7]},
			"faces": {
				"north": {"uv": [0, 0, 0.1, 0.1], "texture": "#0"},
				"east": {"uv": [0, 0, 0.1, 0.1], "texture": "#0"},
				"south": {"uv": [0, 0, 0.1, 0.1], "texture": "#0"},
				"west": {"uv": [0, 0, 0.1, 0.1], "texture": "#0"},
				"up": {"uv": [0, 0, 0.1, 0.1], "texture": "#0"},
				"down": {"uv": [0, 0, 0.1, 0.1], "texture": "#0"}
			}
		},
		{
			"from": [5.25, 4.15, 7.9],
			"to": [5.35, 4.25, 8.1],
			"rotation": {"angle": 0, "axis": "y", "origin": [11.4, 11.6, 15.7]},
			"faces": {
				"north": {"uv": [0, 0, 0.1, 0.1], "texture": "#0"},
				"east": {"uv": [0, 0, 0.2, 0.1], "texture": "#0"},
				"south": {"uv": [0, 0, 0.1, 0.1], "texture": "#0"},
				"west": {"uv": [0, 0, 0.2, 0.1], "texture": "#0"},
				"up": {"uv": [0, 0, 0.1, 0.2], "texture": "#0"},
				"down": {"uv": [0, 0, 0.1, 0.2], "texture": "#0"}
			}
		},
		{
			"from": [9.75, 4.25, 8],
			"to": [9.85, 4.35, 8],
			"rotation": {"angle": 0, "axis": "y", "origin": [15.9, 11.7, 15.7]},
			"faces": {
				"north": {"uv": [0, 0, 0.1, 0.1], "texture": "#0"},
				"east": {"uv": [0, 0, 0, 0.1], "texture": "#0"},
				"south": {"uv": [0, 0, 0.1, 0.1], "texture": "#0"},
				"west": {"uv": [0, 0, 0, 0.1], "texture": "#0"},
				"up": {"uv": [0, 0, 0.1, 0], "texture": "#0"},
				"down": {"uv": [0, 0, 0.1, 0], "texture": "#0"}
			}
		},
		{
			"from": [5.25, 4.25, 7.9],
			"to": [5.3, 4.3, 8.1],
			"rotation": {"angle": 0, "axis": "y", "origin": [11.4, 11.7, 15.7]},
			"faces": {
				"north": {"uv": [0, 0, 0.05, 0.05], "texture": "#0"},
				"east": {"uv": [0, 0, 0.2, 0.05], "texture": "#0"},
				"south": {"uv": [0, 0, 0.05, 0.05], "texture": "#0"},
				"west": {"uv": [0, 0, 0.2, 0.05], "texture": "#0"},
				"up": {"uv": [0, 0, 0.05, 0.2], "texture": "#0"},
				"down": {"uv": [0, 0, 0.05, 0.2], "texture": "#0"}
			}
		},
		{
			"from": [5.25, 4.35, 7.9],
			"to": [5.3, 4.4, 8.1],
			"rotation": {"angle": 0, "axis": "y", "origin": [11.4, 11.8, 15.7]},
			"faces": {
				"north": {"uv": [0, 0, 0.05, 0.05], "texture": "#0"},
				"east": {"uv": [0, 0, 0.2, 0.05], "texture": "#0"},
				"south": {"uv": [0, 0, 0.05, 0.05], "texture": "#0"},
				"west": {"uv": [0, 0, 0.2, 0.05], "texture": "#0"},
				"up": {"uv": [0, 0, 0.05, 0.2], "texture": "#0"},
				"down": {"uv": [0, 0, 0.05, 0.2], "texture": "#0"}
			}
		},
		{
			"from": [5.25, 4.3, 8.05],
			"to": [5.3, 4.35, 8.1],
			"rotation": {"angle": 0, "axis": "y", "origin": [11.4, 11.75, 15.7]},
			"faces": {
				"north": {"uv": [0, 0, 0.05, 0.05], "texture": "#0"},
				"east": {"uv": [0, 0, 0.05, 0.05], "texture": "#0"},
				"south": {"uv": [0, 0, 0.05, 0.05], "texture": "#0"},
				"west": {"uv": [0, 0, 0.05, 0.05], "texture": "#0"},
				"up": {"uv": [0, 0, 0.05, 0.05], "texture": "#0"},
				"down": {"uv": [0, 0, 0.05, 0.05], "texture": "#0"}
			}
		},
		{
			"from": [5.25, 4.3, 7.9],
			"to": [5.3, 4.35, 7.95],
			"rotation": {"angle": 0, "axis": "y", "origin": [11.4, 11.75, 15.55]},
			"faces": {
				"north": {"uv": [0, 0, 0.05, 0.05], "texture": "#0"},
				"east": {"uv": [0, 0, 0.05, 0.05], "texture": "#0"},
				"south": {"uv": [0, 0, 0.05, 0.05], "texture": "#0"},
				"west": {"uv": [0, 0, 0.05, 0.05], "texture": "#0"},
				"up": {"uv": [0, 0, 0.05, 0.05], "texture": "#0"},
				"down": {"uv": [0, 0, 0.05, 0.05], "texture": "#0"}
			}
		},
		{
			"from": [8, 4, 7.9],
			"to": [8.25, 4.25, 8.1],
			"rotation": {"angle": 0, "axis": "y", "origin": [14.5, 11.5, 15.65]},
			"faces": {
				"north": {"uv": [0, 0, 0.25, 0.25], "texture": "#0"},
				"east": {"uv": [0, 0, 0.2, 0.25], "texture": "#0"},
				"south": {"uv": [0, 0, 0.25, 0.25], "texture": "#0"},
				"west": {"uv": [0, 0, 0.2, 0.25], "texture": "#0"},
				"up": {"uv": [0, 0, 0.25, 0.2], "texture": "#0"},
				"down": {"uv": [0, 0, 0.25, 0.2], "texture": "#0"}
			}
		},
		{
			"from": [9.7, 4.25, 7.8],
			"to": [9.9, 4.35, 7.9],
			"rotation": {"angle": 0, "axis": "y", "origin": [16.1, 11.6, 15.5]},
			"faces": {
				"north": {"uv": [0, 0, 0.2, 0.1], "texture": "#0"},
				"east": {"uv": [0, 0, 0.1, 0.1], "texture": "#0"},
				"south": {"uv": [0, 0, 0.2, 0.1], "texture": "#0"},
				"west": {"uv": [0, 0, 0.1, 0.1], "texture": "#0"},
				"up": {"uv": [0, 0, 0.2, 0.1], "texture": "#0"},
				"down": {"uv": [0, 0, 0.2, 0.1], "texture": "#0"}
			}
		},
		{
			"from": [5.1, 4.3, 7.8],
			"to": [5.5, 4.4, 7.9],
			"rotation": {"angle": 0, "axis": "y", "origin": [11.5, 11.6, 15.5]},
			"faces": {
				"north": {"uv": [0, 0, 0.4, 0.1], "texture": "#0"},
				"east": {"uv": [0, 0, 0.1, 0.1], "texture": "#0"},
				"south": {"uv": [0, 0, 0.4, 0.1], "texture": "#0"},
				"west": {"uv": [0, 0, 0.1, 0.1], "texture": "#0"},
				"up": {"uv": [0, 0, 0.4, 0.1], "texture": "#0"},
				"down": {"uv": [0, 0, 0.4, 0.1], "texture": "#0"}
			}
		},
		{
			"from": [9.7, 4.25, 8.1],
			"to": [9.9, 4.35, 8.2],
			"rotation": {"angle": 0, "axis": "y", "origin": [16.1, 11.6, 15.8]},
			"faces": {
				"north": {"uv": [0, 0, 0.2, 0.1], "texture": "#0"},
				"east": {"uv": [0, 0, 0.1, 0.1], "texture": "#0"},
				"south": {"uv": [0, 0, 0.2, 0.1], "texture": "#0"},
				"west": {"uv": [0, 0, 0.1, 0.1], "texture": "#0"},
				"up": {"uv": [0, 0, 0.2, 0.1], "texture": "#0"},
				"down": {"uv": [0, 0, 0.2, 0.1], "texture": "#0"}
			}
		},
		{
			"from": [5.1, 4.3, 8.1],
			"to": [5.5, 4.4, 8.2],
			"rotation": {"angle": 0, "axis": "y", "origin": [11.5, 11.6, 15.8]},
			"faces": {
				"north": {"uv": [0, 0, 0.4, 0.1], "texture": "#0"},
				"east": {"uv": [0, 0, 0.1, 0.1], "texture": "#0"},
				"south": {"uv": [0, 0, 0.4, 0.1], "texture": "#0"},
				"west": {"uv": [0, 0, 0.1, 0.1], "texture": "#0"},
				"up": {"uv": [0, 0, 0.4, 0.1], "texture": "#0"},
				"down": {"uv": [0, 0, 0.4, 0.1], "texture": "#0"}
			}
		},
		{
			"from": [9.6, 4, 8.1],
			"to": [10, 4.25, 8.2],
			"rotation": {"angle": 0, "axis": "y", "origin": [16.1, 11.5, 15.8]},
			"faces": {
				"north": {"uv": [0, 0, 0.4, 0.25], "texture": "#0"},
				"east": {"uv": [0, 0, 0.1, 0.25], "texture": "#0"},
				"south": {"uv": [0, 0, 0.4, 0.25], "texture": "#0"},
				"west": {"uv": [0, 0, 0.1, 0.25], "texture": "#0"},
				"up": {"uv": [0, 0, 0.4, 0.1], "texture": "#0"},
				"down": {"uv": [0, 0, 0.4, 0.1], "texture": "#0"}
			}
		},
		{
			"from": [8, 2.75, 7.4],
			"to": [10, 3.5, 8.6],
			"rotation": {"angle": 0, "axis": "y", "origin": [14, 11, 15.5]},
			"faces": {
				"north": {"uv": [0, 0, 2, 0.75], "texture": "#0"},
				"east": {"uv": [0, 0, 1.2, 0.75], "texture": "#0"},
				"south": {"uv": [0, 0, 2, 0.75], "texture": "#0"},
				"west": {"uv": [0, 0, 1.2, 0.75], "texture": "#0"},
				"up": {"uv": [0, 0, 2, 1.2], "texture": "#0"},
				"down": {"uv": [0, 0, 2, 1.2], "texture": "#0"}
			}
		},
		{
			"from": [10, 3.2, 7.75],
			"to": [10.5, 3.75, 8.25],
			"rotation": {"angle": 0, "axis": "y", "origin": [15, 11.1, 15.5]},
			"faces": {
				"north": {"uv": [0, 0, 0.5, 0.55], "texture": "#0"},
				"east": {"uv": [0, 0, 0.5, 0.55], "texture": "#0"},
				"south": {"uv": [0, 0, 0.5, 0.55], "texture": "#0"},
				"west": {"uv": [0, 0, 0.5, 0.55], "texture": "#0"},
				"up": {"uv": [0, 0, 0.5, 0.5], "texture": "#0"},
				"down": {"uv": [0, 0, 0.5, 0.5], "texture": "#0"}
			}
		},
		{
			"from": [10.5, 3.3, 7.85],
			"to": [11.5, 3.65, 8.15],
			"rotation": {"angle": 0, "axis": "y", "origin": [15.5, 11.1, 15.5]},
			"faces": {
				"north": {"uv": [0, 0, 1, 0.35], "texture": "#0"},
				"east": {"uv": [0, 0, 0.3, 0.35], "texture": "#0"},
				"south": {"uv": [0, 0, 1, 0.35], "texture": "#0"},
				"west": {"uv": [0, 0, 0.3, 0.35], "texture": "#0"},
				"up": {"uv": [0, 0, 1, 0.3], "texture": "#0"},
				"down": {"uv": [0, 0, 1, 0.3], "texture": "#0"}
			}
		}
	],
	"display": {
		"thirdperson_righthand": {
			"rotation": [0, 90, 0],
			"translation": [-0.75, 5.25, -0.5]
		},
		"thirdperson_lefthand": {
			"rotation": [0, -90, 0],
			"translation": [-0.75, 5, -0.5]
		},
		"firstperson_righthand": {
			"rotation": [0, 90, 0],
			"translation": [-1, 7, 0.25]
		},
		"firstperson_lefthand": {
			"rotation": [0, -90, 0],
			"translation": [-3.25, 5.75, 0]
		},
		"gui": {
			"rotation": [0, 0, 45],
			"translation": [-3.5, 2.5, 0]
		},
		"fixed": {
			"rotation": [0, -180, 45],
			"translation": [3.75, 2.5, 0]
		}
	},
	"groups": [
		{
			"name": "group",
			"origin": [15.5, 11.1, 15.5],
			"children": [0, 1, 2, 3, 4, 5, 6, 7, 8, 9, 10, 11, 12, 13, 14, 15, 16, 17, 18, 19, 20, 21, 22, 23, 24, 25, 26, 27, 28, 29, 30, 31, 32, 33, 34, 35]
		}
	]
}