{
	"credit": "Made with Blockbench",
	"textures": {
		"0": "item/minigun_rotatingbase",
		"1": "item/minigun_burrel",
		"2": "item/minigun_rotation",
		"3": "item/minigun_handle",
		"4": "item/minigun_sight",
		"particle": "item/minigun_rotatingbase"
	},
	"elements": [
		{
			"from": [5.75, 5.96996, 6.0534],
			"to": [20.75, 6.56996, 6.6534],
			"rotation": {"angle": 0, "axis": "y", "origin": [5.75, 0.06996, -4.99657]},
			"faces": {
				"north": {"uv": [0, 0, 15, 1], "texture": "#1"},
				"east": {"uv": [0, 4, 1, 5], "texture": "#1"},
				"south": {"uv": [0, 1, 15, 2], "texture": "#1"},
				"west": {"uv": [1, 4, 2, 5], "texture": "#1"},
				"up": {"uv": [15, 3, 0, 2], "texture": "#1"},
				"down": {"uv": [15, 3, 0, 4], "texture": "#1"}
			}
		},
		{
			"from": [5.75, 3.46996, 6.0534],
			"to": [20.75, 4.06996, 6.6534],
			"rotation": {"angle": 0, "axis": "y", "origin": [5.75, 0.06996, -4.99657]},
			"faces": {
				"north": {"uv": [0, 2, 7.5, 2.5], "texture": "#1"},
				"east": {"uv": [1, 8, 1.5, 8.5], "texture": "#1"},
				"south": {"uv": [0, 2.5, 7.5, 3], "texture": "#1"},
				"west": {"uv": [1.5, 8, 2, 8.5], "texture": "#1"},
				"up": {"uv": [7.5, 3.5, 0, 3], "texture": "#1"},
				"down": {"uv": [7.5, 3.5, 0, 4], "texture": "#1"}
			}
		},
		{
			"from": [5.75, 3.6828, 5.186],
			"to": [20.75, 4.2828, 5.786],
			"rotation": {"angle": -45, "axis": "x", "origin": [6.75, 4.03282, 5.286]},
			"faces": {
				"north": {"uv": [0, 4, 7.5, 4.5], "texture": "#1"},
				"east": {"uv": [2, 8, 2.5, 8.5], "texture": "#1"},
				"south": {"uv": [0, 4.5, 7.5, 5], "texture": "#1"},
				"west": {"uv": [2.5, 8, 3, 8.5], "texture": "#1"},
				"up": {"uv": [7.5, 5.5, 0, 5], "texture": "#1"},
				"down": {"uv": [7.5, 5.5, 0, 6], "texture": "#1"}
			}
		},
		{
			"from": [5.75, 3.6828, 7.686],
			"to": [20.75, 4.2828, 8.286],
			"rotation": {"angle": -45, "axis": "x", "origin": [6.75, 4.03282, 5.286]},
			"faces": {
				"north": {"uv": [0, 6, 7.5, 6.5], "texture": "#1"},
				"east": {"uv": [3, 8, 3.5, 8.5], "texture": "#1"},
				"south": {"uv": [0, 6.5, 7.5, 7], "texture": "#1"},
				"west": {"uv": [3.5, 8, 4, 8.5], "texture": "#1"},
				"up": {"uv": [7.5, 7.5, 0, 7], "texture": "#1"},
				"down": {"uv": [7.5, 7.5, 0, 8], "texture": "#1"}
			}
		},
		{
			"from": [5.75, 4.7295, 4.79386],
			"to": [20.75, 5.3295, 5.39386],
			"rotation": {"angle": 0, "axis": "x", "origin": [6.75, 5.07953, 4.89386]},
			"faces": {
				"north": {"uv": [7.5, 0, 15, 0.5], "texture": "#1"},
				"east": {"uv": [4, 8, 4.5, 8.5], "texture": "#1"},
				"south": {"uv": [7.5, 0.5, 15, 1], "texture": "#1"},
				"west": {"uv": [4.5, 8, 5, 8.5], "texture": "#1"},
				"up": {"uv": [15, 1.5, 7.5, 1], "texture": "#1"},
				"down": {"uv": [15, 1.5, 7.5, 2], "texture": "#1"}
			}
		},
		{
			"from": [5.75, 4.7295, 7.29386],
			"to": [20.75, 5.3295, 7.89386],
			"rotation": {"angle": 0, "axis": "x", "origin": [6.75, 5.07953, 4.89386]},
			"faces": {
				"north": {"uv": [7.5, 2, 15, 2.5], "texture": "#1"},
				"east": {"uv": [5, 8, 5.5, 8.5], "texture": "#1"},
				"south": {"uv": [7.5, 2.5, 15, 3], "texture": "#1"},
				"west": {"uv": [5.5, 8, 6, 8.5], "texture": "#1"},
				"up": {"uv": [15, 3.5, 7.5, 3], "texture": "#1"},
				"down": {"uv": [15, 3.5, 7.5, 4], "texture": "#1"}
			}
		},
		{
			"from": [5.75, 5.59696, 5.0067],
			"to": [20.75, 6.19696, 5.6067],
			"rotation": {"angle": -45, "axis": "x", "origin": [6.75, 6.09696, 5.35671]},
			"faces": {
				"north": {"uv": [7.5, 4, 15, 4.5], "texture": "#1"},
				"east": {"uv": [6, 8, 6.5, 8.5], "texture": "#1"},
				"south": {"uv": [7.5, 4.5, 15, 5], "texture": "#1"},
				"west": {"uv": [6.5, 8, 7, 8.5], "texture": "#1"},
				"up": {"uv": [15, 5.5, 7.5, 5], "texture": "#1"},
				"down": {"uv": [15, 5.5, 7.5, 6], "texture": "#1"}
			}
		},
		{
			"from": [5.75, 3.09696, 5.0067],
			"to": [20.75, 3.69696, 5.6067],
			"rotation": {"angle": -45, "axis": "x", "origin": [6.75, 6.09696, 5.35671]},
			"faces": {
				"north": {"uv": [7.5, 6, 15, 6.5], "texture": "#1"},
				"east": {"uv": [7, 8, 7.5, 8.5], "texture": "#1"},
				"south": {"uv": [7.5, 6.5, 15, 7], "texture": "#1"},
				"west": {"uv": [7.5, 8, 8, 8.5], "texture": "#1"},
				"up": {"uv": [15, 7.5, 7.5, 7], "texture": "#1"},
				"down": {"uv": [15, 7.5, 7.5, 8], "texture": "#1"}
			}
		},
		{
			"from": [5, 3.26996, 6.00343],
			"to": [5.75, 6.76996, 6.70343],
			"rotation": {"angle": 0, "axis": "y", "origin": [5.375, 5.01996, 6.40343]},
			"faces": {
				"north": {"uv": [9, 8, 10, 11], "texture": "#2"},
				"east": {"uv": [1, 10, 2, 13], "texture": "#2"},
				"south": {"uv": [10, 1, 11, 4], "texture": "#2"},
				"west": {"uv": [10, 4, 11, 7], "texture": "#2"},
				"up": {"uv": [10, 2, 9, 1], "texture": "#2"},
				"down": {"uv": [11, 7, 10, 8], "texture": "#2"}
			}
		},
		{
			"from": [5, 3.30751, 5.99596],
			"to": [5.75, 6.80751, 6.69596],
			"rotation": {"angle": -22.5, "axis": "x", "origin": [5.375, 5.05751, 6.39596]},
			"faces": {
				"north": {"uv": [0, 0, 1, 4], "texture": "#2"},
				"east": {"uv": [1, 0, 2, 4], "texture": "#2"},
				"south": {"uv": [2, 0, 3, 4], "texture": "#2"},
				"west": {"uv": [3, 0, 4, 4], "texture": "#2"},
				"up": {"uv": [11, 9, 10, 8], "texture": "#2"},
				"down": {"uv": [11, 9, 10, 10], "texture": "#2"}
			}
		},
		{
			"from": [5, 4.67953, 4.59386],
			"to": [5.75, 5.37953, 8.09386],
			"rotation": {"angle": 0, "axis": "x", "origin": [5.375, 5.07953, 6.34386]},
			"faces": {
				"north": {"uv": [10, 10, 11, 11], "texture": "#2"},
				"east": {"uv": [0, 4, 4, 5], "texture": "#2"},
				"south": {"uv": [11, 1, 12, 2], "texture": "#2"},
				"west": {"uv": [4, 0, 8, 1], "texture": "#2"},
				"up": {"uv": [5, 5, 4, 1], "texture": "#2"},
				"down": {"uv": [1, 5, 0, 9], "texture": "#2"}
			}
		},
		{
			"from": [5, 4.67206, 4.57545],
			"to": [5.75, 5.37206, 8.07545],
			"rotation": {"angle": -22.5, "axis": "x", "origin": [5.375, 5.07206, 6.32545]},
			"faces": {
				"north": {"uv": [2, 11, 3, 12], "texture": "#2"},
				"east": {"uv": [1, 5, 5, 6], "texture": "#2"},
				"south": {"uv": [11, 2, 12, 3], "texture": "#2"},
				"west": {"uv": [5, 1, 9, 2], "texture": "#2"},
				"up": {"uv": [6, 6, 5, 2], "texture": "#2"},
				"down": {"uv": [2, 6, 1, 10], "texture": "#2"}
			}
		},
		{
			"from": [5, 4.65812, 4.56131],
			"to": [5.75, 5.35812, 8.06131],
			"rotation": {"angle": -45, "axis": "x", "origin": [5.375, 5.05812, 6.31131]},
			"faces": {
				"north": {"uv": [3, 11, 4, 12], "texture": "#2"},
				"east": {"uv": [2, 6, 6, 7], "texture": "#2"},
				"south": {"uv": [11, 3, 12, 4], "texture": "#2"},
				"west": {"uv": [6, 2, 10, 3], "texture": "#2"},
				"up": {"uv": [7, 7, 6, 3], "texture": "#2"},
				"down": {"uv": [3, 7, 2, 11], "texture": "#2"}
			}
		},
		{
			"from": [5, 3.28983, 6.00357],
			"to": [5.75, 6.78983, 6.70357],
			"rotation": {"angle": 22.5, "axis": "x", "origin": [5.375, 5.03983, 6.30357]},
			"faces": {
				"north": {"uv": [3, 7, 4, 11], "texture": "#2"},
				"east": {"uv": [7, 3, 8, 7], "texture": "#2"},
				"south": {"uv": [4, 7, 5, 11], "texture": "#2"},
				"west": {"uv": [5, 7, 6, 11], "texture": "#2"},
				"up": {"uv": [5, 12, 4, 11], "texture": "#2"},
				"down": {"uv": [12, 4, 11, 5], "texture": "#2"}
			}
		},
		{
			"from": [5, 4.67939, 4.61372],
			"to": [5.75, 5.37939, 8.11372],
			"rotation": {"angle": 22.5, "axis": "x", "origin": [5.375, 5.07939, 6.36372]},
			"faces": {
				"north": {"uv": [5, 11, 6, 12], "texture": "#2"},
				"east": {"uv": [6, 7, 10, 8], "texture": "#2"},
				"south": {"uv": [11, 5, 12, 6], "texture": "#2"},
				"west": {"uv": [8, 0, 12, 1], "texture": "#2"},
				"up": {"uv": [9, 7, 8, 3], "texture": "#2"},
				"down": {"uv": [7, 8, 6, 12], "texture": "#2"}
			}
		},
		{
			"from": [5, 3.32165, 5.98202],
			"to": [5.75, 6.82165, 6.68202],
			"rotation": {"angle": -45, "axis": "x", "origin": [5.375, 5.07165, 6.38202]},
			"faces": {
				"north": {"uv": [7, 8, 8, 12], "texture": "#2"},
				"east": {"uv": [8, 8, 9, 12], "texture": "#2"},
				"south": {"uv": [0, 9, 1, 13], "texture": "#2"},
				"west": {"uv": [9, 3, 10, 7], "texture": "#2"},
				"up": {"uv": [12, 7, 11, 6], "texture": "#2"},
				"down": {"uv": [12, 7, 11, 8], "texture": "#2"}
			}
		},
		{
			"from": [19.7, 3.26996, 6.00343],
			"to": [20.45, 6.76996, 6.70343],
			"rotation": {"angle": 0, "axis": "y", "origin": [20.075, 5.01996, 6.40343]},
			"faces": {
				"north": {"uv": [0, 0, 0.75, 3.5], "texture": "#0"},
				"east": {"uv": [0, 0, 0.7, 3.5], "texture": "#0"},
				"south": {"uv": [0, 0, 0.75, 3.5], "texture": "#0"},
				"west": {"uv": [0, 0, 0.7, 3.5], "texture": "#0"},
				"up": {"uv": [0, 0, 0.75, 0.7], "texture": "#0"},
				"down": {"uv": [0, 0, 0.75, 0.7], "texture": "#0"}
			}
		},
		{
			"from": [19.7, 3.30751, 5.99596],
			"to": [20.45, 6.80751, 6.69596],
			"rotation": {"angle": -22.5, "axis": "x", "origin": [20.075, 5.05751, 6.39596]},
			"faces": {
				"north": {"uv": [0, 0, 0.75, 3.5], "texture": "#0"},
				"east": {"uv": [0, 0, 0.7, 3.5], "texture": "#0"},
				"south": {"uv": [0, 0, 0.75, 3.5], "texture": "#0"},
				"west": {"uv": [0, 0, 0.7, 3.5], "texture": "#0"},
				"up": {"uv": [0, 0, 0.75, 0.7], "texture": "#0"},
				"down": {"uv": [0, 0, 0.75, 0.7], "texture": "#0"}
			}
		},
		{
			"from": [19.7, 4.67953, 4.59386],
			"to": [20.45, 5.37953, 8.09386],
			"rotation": {"angle": 0, "axis": "x", "origin": [20.075, 5.07953, 6.34386]},
			"faces": {
				"north": {"uv": [0, 0, 0.75, 0.7], "rotation": 180, "texture": "#0"},
				"east": {"uv": [0, 0, 0.7, 3.5], "rotation": 90, "texture": "#0"},
				"south": {"uv": [0, 0, 0.75, 0.7], "texture": "#0"},
				"west": {"uv": [0, 0, 0.7, 3.5], "rotation": 270, "texture": "#0"},
				"up": {"uv": [0, 0, 0.75, 3.5], "texture": "#0"},
				"down": {"uv": [0, 0, 0.75, 3.5], "rotation": 180, "texture": "#0"}
			}
		},
		{
			"from": [19.7, 4.67206, 4.57545],
			"to": [20.45, 5.37206, 8.07545],
			"rotation": {"angle": -22.5, "axis": "x", "origin": [20.075, 5.07206, 6.32545]},
			"faces": {
				"north": {"uv": [0, 0, 0.75, 0.7], "rotation": 180, "texture": "#0"},
				"east": {"uv": [0, 0, 0.7, 3.5], "rotation": 90, "texture": "#0"},
				"south": {"uv": [0, 0, 0.75, 0.7], "texture": "#0"},
				"west": {"uv": [0, 0, 0.7, 3.5], "rotation": 270, "texture": "#0"},
				"up": {"uv": [0, 0, 0.75, 3.5], "texture": "#0"},
				"down": {"uv": [0, 0, 0.75, 3.5], "rotation": 180, "texture": "#0"}
			}
		},
		{
			"from": [19.7, 4.65812, 4.56131],
			"to": [20.45, 5.35812, 8.06131],
			"rotation": {"angle": -45, "axis": "x", "origin": [20.075, 5.05812, 6.31131]},
			"faces": {
				"north": {"uv": [0, 0, 0.75, 0.7], "rotation": 180, "texture": "#0"},
				"east": {"uv": [0, 0, 0.7, 3.5], "rotation": 90, "texture": "#0"},
				"south": {"uv": [0, 0, 0.75, 0.7], "texture": "#0"},
				"west": {"uv": [0, 0, 0.7, 3.5], "rotation": 270, "texture": "#0"},
				"up": {"uv": [0, 0, 0.75, 3.5], "texture": "#0"},
				"down": {"uv": [0, 0, 0.75, 3.5], "rotation": 180, "texture": "#0"}
			}
		},
		{
			"from": [19.7, 3.28983, 6.00357],
			"to": [20.45, 6.78983, 6.70357],
			"rotation": {"angle": 22.5, "axis": "x", "origin": [20.075, 5.03983, 6.30357]},
			"faces": {
				"north": {"uv": [0, 0, 0.75, 3.5], "rotation": 180, "texture": "#0"},
				"east": {"uv": [0, 0, 0.7, 3.5], "rotation": 180, "texture": "#0"},
				"south": {"uv": [0, 0, 0.75, 3.5], "rotation": 180, "texture": "#0"},
				"west": {"uv": [0, 0, 0.7, 3.5], "rotation": 180, "texture": "#0"},
				"up": {"uv": [0, 0, 0.75, 0.7], "texture": "#0"},
				"down": {"uv": [0, 0, 0.75, 0.7], "texture": "#0"}
			}
		},
		{
			"from": [19.7, 4.67939, 4.61372],
			"to": [20.45, 5.37939, 8.11372],
			"rotation": {"angle": 22.5, "axis": "x", "origin": [20.075, 5.07939, 6.36372]},
			"faces": {
				"north": {"uv": [0.25, 0.25, 0.75, 0.75], "rotation": 180, "texture": "#0"},
				"east": {"uv": [1.25, 0.25, 1.75, 0.75], "rotation": 90, "texture": "#0"},
				"south": {"uv": [2.25, 0.25, 2.75, 0.75], "texture": "#0"},
				"west": {"uv": [3.25, 0.25, 3.75, 0.75], "rotation": 270, "texture": "#0"},
				"up": {"uv": [4.25, 0.25, 4.75, 0.75], "texture": "#0"},
				"down": {"uv": [5.25, 0.25, 5.75, 0.75], "rotation": 180, "texture": "#0"}
			}
		},
		{
			"from": [19.7, 3.32165, 5.98202],
			"to": [20.45, 6.82165, 6.68202],
			"rotation": {"angle": -45, "axis": "x", "origin": [20.075, 5.07165, 6.38202]},
			"faces": {
				"north": {"uv": [0, 0, 0.75, 3.5], "texture": "#0"},
				"east": {"uv": [0, 0, 0.7, 3.5], "texture": "#0"},
				"south": {"uv": [0, 0, 0.75, 3.5], "texture": "#0"},
				"west": {"uv": [0, 0, 0.7, 3.5], "texture": "#0"},
				"up": {"uv": [0, 0, 0.75, 0.7], "texture": "#0"},
				"down": {"uv": [0, 0, 0.75, 0.7], "texture": "#0"}
			}
		},
		{
			"from": [11.7, 3.26996, 6.00343],
			"to": [12.45, 6.76996, 6.70343],
			"rotation": {"angle": 0, "axis": "y", "origin": [12.075, 5.01996, 6.40343]},
			"faces": {
				"north": {"uv": [0, 0, 0.75, 3.5], "texture": "#0"},
				"east": {"uv": [0, 0, 0.7, 3.5], "texture": "#0"},
				"south": {"uv": [0, 0, 0.75, 3.5], "texture": "#0"},
				"west": {"uv": [0, 0, 0.7, 3.5], "texture": "#0"},
				"up": {"uv": [0, 0, 0.75, 0.7], "texture": "#0"},
				"down": {"uv": [0, 0, 0.75, 0.7], "texture": "#0"}
			}
		},
		{
			"from": [11.7, 3.30751, 5.99596],
			"to": [12.45, 6.80751, 6.69596],
			"rotation": {"angle": -22.5, "axis": "x", "origin": [12.075, 5.05751, 6.39596]},
			"faces": {
				"north": {"uv": [0, 0, 0.75, 3.5], "texture": "#0"},
				"east": {"uv": [0, 0, 0.7, 3.5], "texture": "#0"},
				"south": {"uv": [0, 0, 0.75, 3.5], "texture": "#0"},
				"west": {"uv": [0, 0, 0.7, 3.5], "texture": "#0"},
				"up": {"uv": [0, 0, 0.75, 0.7], "texture": "#0"},
				"down": {"uv": [0, 0, 0.75, 0.7], "texture": "#0"}
			}
		},
		{
			"from": [11.7, 4.67953, 4.59386],
			"to": [12.45, 5.37953, 8.09386],
			"rotation": {"angle": 0, "axis": "x", "origin": [12.075, 5.07953, 6.34386]},
			"faces": {
				"north": {"uv": [0, 0, 0.75, 0.7], "rotation": 180, "texture": "#0"},
				"east": {"uv": [0, 0, 0.7, 3.5], "rotation": 90, "texture": "#0"},
				"south": {"uv": [0, 0, 0.75, 0.7], "texture": "#0"},
				"west": {"uv": [0, 0, 0.7, 3.5], "rotation": 270, "texture": "#0"},
				"up": {"uv": [0, 0, 0.75, 3.5], "texture": "#0"},
				"down": {"uv": [0, 0, 0.75, 3.5], "rotation": 180, "texture": "#0"}
			}
		},
		{
			"from": [11.7, 4.67206, 4.57545],
			"to": [12.45, 5.37206, 8.07545],
			"rotation": {"angle": -22.5, "axis": "x", "origin": [12.075, 5.07206, 6.32545]},
			"faces": {
				"north": {"uv": [0, 0, 0.75, 0.7], "rotation": 180, "texture": "#0"},
				"east": {"uv": [0, 0, 0.7, 3.5], "rotation": 90, "texture": "#0"},
				"south": {"uv": [0, 0, 0.75, 0.7], "texture": "#0"},
				"west": {"uv": [0, 0, 0.7, 3.5], "rotation": 270, "texture": "#0"},
				"up": {"uv": [0, 0, 0.75, 3.5], "texture": "#0"},
				"down": {"uv": [0, 0, 0.75, 3.5], "rotation": 180, "texture": "#0"}
			}
		},
		{
			"from": [11.7, 4.65812, 4.56131],
			"to": [12.45, 5.35812, 8.06131],
			"rotation": {"angle": -45, "axis": "x", "origin": [12.075, 5.05812, 6.31131]},
			"faces": {
				"north": {"uv": [0, 0, 0.75, 0.7], "rotation": 180, "texture": "#0"},
				"east": {"uv": [0, 0, 0.7, 3.5], "rotation": 90, "texture": "#0"},
				"south": {"uv": [0, 0, 0.75, 0.7], "texture": "#0"},
				"west": {"uv": [0, 0, 0.7, 3.5], "rotation": 270, "texture": "#0"},
				"up": {"uv": [0, 0, 0.75, 3.5], "texture": "#0"},
				"down": {"uv": [0, 0, 0.75, 3.5], "rotation": 180, "texture": "#0"}
			}
		},
		{
			"from": [11.7, 3.28983, 6.00357],
			"to": [12.45, 6.78983, 6.70357],
			"rotation": {"angle": 22.5, "axis": "x", "origin": [12.075, 5.03983, 6.30357]},
			"faces": {
				"north": {"uv": [0, 0, 0.75, 3.5], "rotation": 180, "texture": "#0"},
				"east": {"uv": [0, 0, 0.7, 3.5], "rotation": 180, "texture": "#0"},
				"south": {"uv": [0, 0, 0.75, 3.5], "rotation": 180, "texture": "#0"},
				"west": {"uv": [0, 0, 0.7, 3.5], "rotation": 180, "texture": "#0"},
				"up": {"uv": [0, 0, 0.75, 0.7], "texture": "#0"},
				"down": {"uv": [0, 0, 0.75, 0.7], "texture": "#0"}
			}
		},
		{
			"from": [11.7, 4.67939, 4.61372],
			"to": [12.45, 5.37939, 8.11372],
			"rotation": {"angle": 22.5, "axis": "x", "origin": [12.075, 5.07939, 6.36372]},
			"faces": {
				"north": {"uv": [0, 0, 0.75, 0.7], "rotation": 180, "texture": "#0"},
				"east": {"uv": [0, 0, 0.7, 3.5], "rotation": 90, "texture": "#0"},
				"south": {"uv": [0, 0, 0.75, 0.7], "texture": "#0"},
				"west": {"uv": [0, 0, 0.7, 3.5], "rotation": 270, "texture": "#0"},
				"up": {"uv": [0, 0, 0.75, 3.5], "texture": "#0"},
				"down": {"uv": [0, 0, 0.75, 3.5], "rotation": 180, "texture": "#0"}
			}
		},
		{
			"from": [11.7, 3.32165, 5.98202],
			"to": [12.45, 6.82165, 6.68202],
			"rotation": {"angle": -45, "axis": "x", "origin": [12.075, 5.07165, 6.38202]},
			"faces": {
				"north": {"uv": [0, 0, 0.75, 3.5], "texture": "#0"},
				"east": {"uv": [0, 0, 0.7, 3.5], "texture": "#0"},
				"south": {"uv": [0, 0, 0.75, 3.5], "texture": "#0"},
				"west": {"uv": [0, 0, 0.7, 3.5], "texture": "#0"},
				"up": {"uv": [0, 0, 0.75, 0.7], "texture": "#0"},
				"down": {"uv": [0, 0, 0.75, 0.7], "texture": "#0"}
			}
		},
		{
			"from": [17.7, 3.26996, 6.00343],
			"to": [18.45, 6.76996, 6.70343],
			"rotation": {"angle": 0, "axis": "y", "origin": [18.075, 5.01996, 6.40343]},
			"faces": {
				"north": {"uv": [0, 0, 0.75, 3.5], "texture": "#0"},
				"east": {"uv": [0, 0, 0.7, 3.5], "texture": "#0"},
				"south": {"uv": [0, 0, 0.75, 3.5], "texture": "#0"},
				"west": {"uv": [0, 0, 0.7, 3.5], "texture": "#0"},
				"up": {"uv": [0, 0, 0.75, 0.7], "texture": "#0"},
				"down": {"uv": [0, 0, 0.75, 0.7], "texture": "#0"}
			}
		},
		{
			"from": [17.7, 3.30751, 5.99596],
			"to": [18.45, 6.80751, 6.69596],
			"rotation": {"angle": -22.5, "axis": "x", "origin": [18.075, 5.05751, 6.39596]},
			"faces": {
				"north": {"uv": [0, 0, 0.75, 3.5], "texture": "#0"},
				"east": {"uv": [0, 0, 0.7, 3.5], "texture": "#0"},
				"south": {"uv": [0, 0, 0.75, 3.5], "texture": "#0"},
				"west": {"uv": [0, 0, 0.7, 3.5], "texture": "#0"},
				"up": {"uv": [0, 0, 0.75, 0.7], "texture": "#0"},
				"down": {"uv": [0, 0, 0.75, 0.7], "texture": "#0"}
			}
		},
		{
			"from": [17.7, 4.67953, 4.59386],
			"to": [18.45, 5.37953, 8.09386],
			"rotation": {"angle": 0, "axis": "x", "origin": [18.075, 5.07953, 6.34386]},
			"faces": {
				"north": {"uv": [0, 0, 0.75, 0.7], "rotation": 180, "texture": "#0"},
				"east": {"uv": [0, 0, 0.7, 3.5], "rotation": 90, "texture": "#0"},
				"south": {"uv": [0, 0, 0.75, 0.7], "texture": "#0"},
				"west": {"uv": [0, 0, 0.7, 3.5], "rotation": 270, "texture": "#0"},
				"up": {"uv": [0, 0, 0.75, 3.5], "texture": "#0"},
				"down": {"uv": [0, 0, 0.75, 3.5], "rotation": 180, "texture": "#0"}
			}
		},
		{
			"from": [17.7, 4.67206, 4.57545],
			"to": [18.45, 5.37206, 8.07545],
			"rotation": {"angle": -22.5, "axis": "x", "origin": [18.075, 5.07206, 6.32545]},
			"faces": {
				"north": {"uv": [0, 0, 0.75, 0.7], "rotation": 180, "texture": "#0"},
				"east": {"uv": [0, 0, 0.7, 3.5], "rotation": 90, "texture": "#0"},
				"south": {"uv": [0, 0, 0.75, 0.7], "texture": "#0"},
				"west": {"uv": [0, 0, 0.7, 3.5], "rotation": 270, "texture": "#0"},
				"up": {"uv": [0, 0, 0.75, 3.5], "texture": "#0"},
				"down": {"uv": [0, 0, 0.75, 3.5], "rotation": 180, "texture": "#0"}
			}
		},
		{
			"from": [17.7, 4.65812, 4.56131],
			"to": [18.45, 5.35812, 8.06131],
			"rotation": {"angle": -45, "axis": "x", "origin": [18.075, 5.05812, 6.31131]},
			"faces": {
				"north": {"uv": [0, 0, 0.75, 0.7], "rotation": 180, "texture": "#0"},
				"east": {"uv": [0, 0, 0.7, 3.5], "rotation": 90, "texture": "#0"},
				"south": {"uv": [0, 0, 0.75, 0.7], "texture": "#0"},
				"west": {"uv": [0, 0, 0.7, 3.5], "rotation": 270, "texture": "#0"},
				"up": {"uv": [0, 0, 0.75, 3.5], "texture": "#0"},
				"down": {"uv": [0, 0, 0.75, 3.5], "rotation": 180, "texture": "#0"}
			}
		},
		{
			"from": [17.7, 3.28983, 6.00357],
			"to": [18.45, 6.78983, 6.70357],
			"rotation": {"angle": 22.5, "axis": "x", "origin": [18.075, 5.03983, 6.30357]},
			"faces": {
				"north": {"uv": [0, 0, 0.75, 3.5], "rotation": 180, "texture": "#0"},
				"east": {"uv": [0, 0, 0.7, 3.5], "rotation": 180, "texture": "#0"},
				"south": {"uv": [0, 0, 0.75, 3.5], "rotation": 180, "texture": "#0"},
				"west": {"uv": [0, 0, 0.7, 3.5], "rotation": 180, "texture": "#0"},
				"up": {"uv": [0, 0, 0.75, 0.7], "texture": "#0"},
				"down": {"uv": [0, 0, 0.75, 0.7], "texture": "#0"}
			}
		},
		{
			"from": [17.7, 4.67939, 4.61372],
			"to": [18.45, 5.37939, 8.11372],
			"rotation": {"angle": 22.5, "axis": "x", "origin": [18.075, 5.07939, 6.36372]},
			"faces": {
				"north": {"uv": [0, 0, 0.75, 0.7], "rotation": 180, "texture": "#0"},
				"east": {"uv": [0, 0, 0.7, 3.5], "rotation": 90, "texture": "#0"},
				"south": {"uv": [0, 0, 0.75, 0.7], "texture": "#0"},
				"west": {"uv": [0, 0, 0.7, 3.5], "rotation": 270, "texture": "#0"},
				"up": {"uv": [0, 0, 0.75, 3.5], "texture": "#0"},
				"down": {"uv": [0, 0, 0.75, 3.5], "rotation": 180, "texture": "#0"}
			}
		},
		{
			"from": [17.7, 3.32165, 5.98202],
			"to": [18.45, 6.82165, 6.68202],
			"rotation": {"angle": -45, "axis": "x", "origin": [18.075, 5.07165, 6.38202]},
			"faces": {
				"north": {"uv": [0, 0, 0.75, 3.5], "texture": "#0"},
				"east": {"uv": [0, 0, 0.7, 3.5], "texture": "#0"},
				"south": {"uv": [0, 0, 0.75, 3.5], "texture": "#0"},
				"west": {"uv": [0, 0, 0.7, 3.5], "texture": "#0"},
				"up": {"uv": [0, 0, 0.75, 0.7], "texture": "#0"},
				"down": {"uv": [0, 0, 0.75, 0.7], "texture": "#0"}
			}
		},
		{
			"name": "gripfound",
			"from": [-2.5, 3.8, 5.15],
			"to": [-2, 6.3, 7.7],
			"faces": {
				"north": {"uv": [0, 0, 0.5, 2.5], "texture": "#1"},
				"east": {"uv": [0, 0, 2.55, 2.5], "texture": "#1"},
				"south": {"uv": [0, 0, 0.5, 2.5], "texture": "#1"},
				"west": {"uv": [0, 0, 2.55, 2.5], "texture": "#1"},
				"up": {"uv": [0, 0, 0.5, 2.55], "texture": "#1"},
				"down": {"uv": [0, 0, 0.5, 2.55], "texture": "#1"}
			}
		},
		{
			"name": "box",
			"from": [-3, 4.05, 5.65],
			"to": [-2.5, 6.3, 7.2],
			"faces": {
				"north": {"uv": [0, 0, 0.5, 2.25], "texture": "#1"},
				"east": {"uv": [0, 0, 1.55, 2.25], "texture": "#1"},
				"south": {"uv": [0, 0, 0.5, 2.25], "texture": "#1"},
				"west": {"uv": [0, 0, 1.55, 2.25], "texture": "#1"},
				"up": {"uv": [0, 0, 0.5, 1.55], "texture": "#1"},
				"down": {"uv": [0, 0, 0.5, 1.55], "texture": "#1"}
			}
		},
		{
			"name": "box",
			"from": [-4.5, 4.3, 6.05],
			"to": [-3, 5.05, 6.8],
			"faces": {
				"north": {"uv": [0, 0, 1.5, 0.75], "texture": "#1"},
				"east": {"uv": [0, 0, 0.75, 0.75], "texture": "#1"},
				"south": {"uv": [0, 0, 1.5, 0.75], "texture": "#1"},
				"west": {"uv": [0, 0, 0.75, 0.75], "texture": "#1"},
				"up": {"uv": [0, 0, 1.5, 0.75], "texture": "#1"},
				"down": {"uv": [0, 0, 1.5, 0.75], "texture": "#1"}
			}
		},
		{
			"name": "box",
			"from": [-5, 4.3, 6.05],
			"to": [-4.25, 6.3, 6.8],
			"rotation": {"angle": 0, "axis": "z", "origin": [-4.875, 5.05, 6.425]},
			"faces": {
				"north": {"uv": [0, 0, 2, 0.75], "rotation": 270, "texture": "#1"},
				"east": {"uv": [0, 0, 2, 0.75], "rotation": 90, "texture": "#1"},
				"south": {"uv": [0, 0, 2, 0.75], "rotation": 90, "texture": "#1"},
				"west": {"uv": [0, 0, 2, 0.75], "rotation": 90, "texture": "#1"},
				"up": {"uv": [0, 0, 0.75, 0.75], "rotation": 90, "texture": "#1"},
				"down": {"uv": [0, 0, 0.75, 0.75], "rotation": 90, "texture": "#1"}
			}
		},
		{
			"name": "box",
			"from": [-4.84467, 5.925, 6.05],
			"to": [-4.09467, 6.675, 6.8],
			"rotation": {"angle": -45, "axis": "z", "origin": [-4.46967, 6.3, 6.425]},
			"faces": {
				"north": {"uv": [0, 0, 0.75, 0.75], "rotation": 270, "texture": "#1"},
				"east": {"uv": [0, 0, 0.75, 0.75], "rotation": 90, "texture": "#1"},
				"south": {"uv": [0, 0, 0.75, 0.75], "rotation": 90, "texture": "#1"},
				"west": {"uv": [0, 0, 0.75, 0.75], "rotation": 90, "texture": "#1"},
				"up": {"uv": [0, 0, 0.75, 0.75], "rotation": 90, "texture": "#1"},
				"down": {"uv": [0, 0, 0.75, 0.75], "rotation": 90, "texture": "#1"}
			}
		},
		{
			"name": "box",
			"from": [-5.13358, 6.83609, 6.25],
			"to": [-4.58358, 6.88609, 6.6],
			"rotation": {"angle": -45, "axis": "z", "origin": [-4.85858, 5.91109, 6.425]},
			"faces": {
				"north": {"uv": [0, 0, 0.05, 0.55], "rotation": 270, "texture": "#0"},
				"east": {"uv": [0, 0, 0.05, 0.35], "rotation": 90, "texture": "#0"},
				"south": {"uv": [0, 0, 0.05, 0.55], "rotation": 90, "texture": "#0"},
				"west": {"uv": [0, 0, 0.05, 0.35], "rotation": 90, "texture": "#0"},
				"up": {"uv": [0, 0, 0.35, 0.55], "rotation": 90, "texture": "#0"},
				"down": {"uv": [0, 0, 0.35, 0.55], "rotation": 90, "texture": "#0"}
			}
		},
		{
			"from": [4, 4.49706, 5.24833],
			"to": [5, 5.29706, 6.14833],
			"rotation": {"angle": -22.5, "axis": "x", "origin": [5.5, 0.60399, 6.94084]},
			"faces": {
				"north": {"uv": [6, 0, 7, 1], "texture": "#3"},
				"east": {"uv": [6, 1, 7, 2], "texture": "#3"},
				"south": {"uv": [2, 6, 3, 7], "texture": "#3"},
				"west": {"uv": [6, 2, 7, 3], "texture": "#3"},
				"up": {"uv": [4, 7, 3, 6], "texture": "#3"},
				"down": {"uv": [7, 4, 6, 5], "texture": "#3"}
			}
		},
		{
			"from": [4, 3.34166, 2.51813],
			"to": [5, 6.24166, 3.26813],
			"rotation": {"angle": -45, "axis": "x", "origin": [4.5, 5.09166, 2.89313]},
			"faces": {
				"north": {"uv": [2, 2, 3, 5], "texture": "#3"},
				"east": {"uv": [3, 2, 4, 5], "texture": "#3"},
				"south": {"uv": [4, 2, 5, 5], "texture": "#3"},
				"west": {"uv": [5, 0, 6, 3], "texture": "#3"},
				"up": {"uv": [6, 7, 5, 6], "texture": "#3"},
				"down": {"uv": [7, 5, 6, 6], "texture": "#3"}
			}
		},
		{
			"from": [4, 7.03942, 2.13167],
			"to": [5, 7.78942, 6.98167],
			"rotation": {"angle": -45, "axis": "x", "origin": [4.5, 6.33204, 4.56821]},
			"faces": {
				"north": {"uv": [6, 6, 7, 7], "texture": "#3"},
				"east": {"uv": [0, 0, 5, 1], "texture": "#3"},
				"south": {"uv": [0, 7, 1, 8], "texture": "#3"},
				"west": {"uv": [0, 1, 5, 2], "texture": "#3"},
				"up": {"uv": [1, 7, 0, 2], "texture": "#3"},
				"down": {"uv": [2, 2, 1, 7], "texture": "#3"}
			}
		},
		{
			"from": [4, 7.36831, 4.53976],
			"to": [5, 8.11831, 6.73976],
			"rotation": {"angle": 45, "axis": "x", "origin": [4.5, 7.74331, 6.03976]},
			"faces": {
				"north": {"uv": [7, 0, 8, 1], "texture": "#3"},
				"east": {"uv": [2, 5, 4, 6], "texture": "#3"},
				"south": {"uv": [1, 7, 2, 8], "texture": "#3"},
				"west": {"uv": [5, 3, 7, 4], "texture": "#3"},
				"up": {"uv": [5, 7, 4, 5], "texture": "#3"},
				"down": {"uv": [6, 4, 5, 6], "texture": "#3"}
			}
		},
		{
			"from": [4, 7.0391, 6.00343],
			"to": [5, 7.5391, 6.80343],
			"rotation": {"angle": 0, "axis": "x", "origin": [2.5, 4.0391, 6.50343]},
			"faces": {
				"north": {"uv": [7, 1, 8, 2], "texture": "#3"},
				"east": {"uv": [2, 7, 3, 8], "texture": "#3"},
				"south": {"uv": [7, 2, 8, 3], "texture": "#3"},
				"west": {"uv": [3, 7, 4, 8], "texture": "#3"},
				"up": {"uv": [8, 4, 7, 3], "texture": "#3"},
				"down": {"uv": [5, 7, 4, 8], "texture": "#3"}
			}
		},
		{
			"from": [-2, 3.02816, 6.01436],
			"to": [5, 7.02816, 6.81436],
			"rotation": {"angle": -22.5, "axis": "x", "origin": [2.5, 5.02816, 6.41436]},
			"faces": {
				"north": {"uv": [9, 5, 16, 9], "rotation": 180, "texture": "#1"},
				"east": {"uv": [8, 5, 8.8, 9], "rotation": 180, "texture": "#1"},
				"south": {"uv": [9, 5, 16, 9], "rotation": 180, "texture": "#1"},
				"west": {"uv": [8, 5, 8.8, 9], "rotation": 180, "texture": "#1"},
				"up": {"uv": [9, 5, 16, 5.8], "texture": "#1"},
				"down": {"uv": [9, 5, 16, 5.8], "texture": "#1"}
			}
		},
		{
			"from": [-2, 4.63996, 4.4518],
			"to": [5, 5.43996, 8.4518],
			"rotation": {"angle": -22.5, "axis": "x", "origin": [2.5, 4.93996, 6.4518]},
			"faces": {
				"north": {"uv": [9, 5, 16, 5.8], "rotation": 180, "texture": "#1"},
				"east": {"uv": [8, 5, 8.8, 9], "rotation": 270, "texture": "#1"},
				"south": {"uv": [9, 5, 16, 5.8], "texture": "#1"},
				"west": {"uv": [8, 5, 8.8, 9], "rotation": 90, "texture": "#1"},
				"up": {"uv": [9, 5, 16, 9], "rotation": 180, "texture": "#1"},
				"down": {"uv": [9, 5, 16, 9], "texture": "#1"}
			}
		},
		{
			"from": [-2, 4.62816, 4.41436],
			"to": [5, 5.42816, 8.41436],
			"rotation": {"angle": 45, "axis": "x", "origin": [2.5, 5.02816, 6.41436]},
			"faces": {
				"north": {"uv": [9, 5, 16, 5.8], "rotation": 180, "texture": "#1"},
				"east": {"uv": [8, 5, 8.8, 9], "rotation": 270, "texture": "#1"},
				"south": {"uv": [9, 5, 16, 5.8], "texture": "#1"},
				"west": {"uv": [8, 5, 8.8, 9], "rotation": 90, "texture": "#1"},
				"up": {"uv": [9, 5, 16, 9], "rotation": 180, "texture": "#1"},
				"down": {"uv": [9, 5, 16, 9], "texture": "#1"}
			}
		},
		{
			"from": [-2, 4.62816, 4.41436],
			"to": [5, 5.42816, 8.41436],
			"rotation": {"angle": 22.5, "axis": "x", "origin": [2.5, 5.02816, 6.41436]},
			"faces": {
				"north": {"uv": [9, 5, 16, 5.8], "rotation": 180, "texture": "#1"},
				"east": {"uv": [8, 5, 8.8, 9], "rotation": 270, "texture": "#1"},
				"south": {"uv": [9, 5, 16, 5.8], "texture": "#1"},
				"west": {"uv": [8, 5, 8.8, 9], "rotation": 90, "texture": "#1"},
				"up": {"uv": [9, 5, 16, 9], "rotation": 180, "texture": "#1"},
				"down": {"uv": [9, 5, 16, 9], "texture": "#1"}
			}
		},
		{
			"from": [-2, 4.62816, 4.41436],
			"to": [5, 5.42816, 8.41436],
			"rotation": {"angle": 0, "axis": "x", "origin": [2.5, 4.92816, 6.41436]},
			"faces": {
				"north": {"uv": [9, 5, 16, 5.8], "rotation": 180, "texture": "#1"},
				"east": {"uv": [8, 5, 8.8, 9], "rotation": 270, "texture": "#1"},
				"south": {"uv": [9, 5, 16, 5.8], "texture": "#1"},
				"west": {"uv": [8, 5, 8.8, 9], "rotation": 90, "texture": "#1"},
				"up": {"uv": [9, 5, 16, 9], "rotation": 180, "texture": "#1"},
				"down": {"uv": [9, 5, 16, 9], "texture": "#1"}
			}
		},
		{
			"from": [-2, 2.96519, 5.98187],
			"to": [5, 6.96519, 6.78187],
			"rotation": {"angle": 45, "axis": "x", "origin": [2.5, 4.96519, 6.48187]},
			"faces": {
				"north": {"uv": [9, 5, 16, 9], "texture": "#1"},
				"east": {"uv": [8, 5, 8.8, 9], "texture": "#1"},
				"south": {"uv": [9, 5, 16, 9], "texture": "#1"},
				"west": {"uv": [8, 5, 8.8, 9], "texture": "#1"},
				"up": {"uv": [9, 5, 16, 5.8], "texture": "#1"},
				"down": {"uv": [9, 5, 16, 5.8], "texture": "#1"}
			}
		},
		{
			"from": [-2, 3, 6],
			"to": [5, 7, 6.8],
			"rotation": {"angle": 22.5, "axis": "x", "origin": [2.5, 5, 6.5]},
			"faces": {
				"north": {"uv": [9, 5, 16, 9], "texture": "#1"},
				"east": {"uv": [8, 5, 8.8, 9], "texture": "#1"},
				"south": {"uv": [9, 5, 16, 9], "texture": "#1"},
				"west": {"uv": [8, 5, 8.8, 9], "texture": "#1"},
				"up": {"uv": [9, 5, 16, 5.8], "texture": "#1"},
				"down": {"uv": [9, 5, 16, 5.8], "texture": "#1"}
			}
		},
		{
			"from": [-2, 3.0391, 6.00343],
			"to": [5, 7.0391, 6.80343],
			"rotation": {"angle": 0, "axis": "y", "origin": [2.5, 5.0391, 7.30343]},
			"faces": {
				"north": {"uv": [9, 5, 16, 9], "texture": "#1"},
				"east": {"uv": [8, 5, 8.8, 9], "texture": "#1"},
				"south": {"uv": [9, 5, 16, 9], "texture": "#1"},
				"west": {"uv": [8, 5, 8.8, 9], "texture": "#1"},
				"up": {"uv": [9, 5, 16, 5.8], "texture": "#1"},
				"down": {"uv": [9, 5, 16, 5.8], "texture": "#1"}
			}
		},
		{
			"from": [7.2, 6.8391, 6.1534],
			"to": [7.4, 8.4391, 6.6534],
			"rotation": {"angle": 0, "axis": "x", "origin": [4.65, 8.6891, 6.50343]},
			"faces": {
				"north": {"uv": [0, 0, 1, 2], "texture": "#4"},
				"east": {"uv": [1, 0, 2, 2], "texture": "#4"},
				"south": {"uv": [0, 2, 1, 4], "texture": "#4"},
				"west": {"uv": [2, 0, 3, 2], "texture": "#4"},
				"up": {"uv": [6, 4, 5, 3], "texture": "#4"},
				"down": {"uv": [7, 0, 6, 1], "texture": "#4"}
			}
		},
		{
			"from": [5, 6.8391, 6.00343],
			"to": [7.4, 7.0391, 6.80343],
			"rotation": {"angle": 0, "axis": "x", "origin": [4.65, 8.6891, 6.50343]},
			"faces": {
				"north": {"uv": [1, 2, 3, 3], "texture": "#4"},
				"east": {"uv": [1, 6, 2, 7], "texture": "#4"},
				"south": {"uv": [3, 0, 5, 1], "texture": "#4"},
				"west": {"uv": [6, 1, 7, 2], "texture": "#4"},
				"up": {"uv": [3, 4, 1, 3], "texture": "#4"},
				"down": {"uv": [5, 1, 3, 2], "texture": "#4"}
			}
		},
		{
			"from": [5.44142, 7.02194, 6.00343],
			"to": [7.54142, 7.22194, 6.80343],
			"rotation": {"angle": 45, "axis": "z", "origin": [5.74142, 7.12194, 6.40343]},
			"faces": {
				"north": {"uv": [3, 2, 5, 3], "texture": "#4"},
				"east": {"uv": [3, 6, 4, 7], "texture": "#4"},
				"south": {"uv": [3, 3, 5, 4], "texture": "#4"},
				"west": {"uv": [6, 3, 7, 4], "texture": "#4"},
				"up": {"uv": [2, 5, 0, 4], "texture": "#4"},
				"down": {"uv": [4, 4, 2, 5], "texture": "#4"}
			}
		},
		{
			"from": [6.68492, 8.32402, 6.00343],
			"to": [7.68492, 8.52402, 6.80343],
			"rotation": {"angle": 0, "axis": "x", "origin": [9.58492, 13.36313, 14.10685]},
			"faces": {
				"north": {"uv": [4, 6, 5, 7], "texture": "#4"},
				"east": {"uv": [6, 4, 7, 5], "texture": "#4"},
				"south": {"uv": [6, 5, 7, 6], "texture": "#4"},
				"west": {"uv": [6, 6, 7, 7], "texture": "#4"},
				"up": {"uv": [8, 1, 7, 0], "texture": "#4"},
				"down": {"uv": [2, 7, 1, 8], "texture": "#4"}
			}
		},
		{
			"from": [6.95, 8.42784, 5.52341],
			"to": [7.55, 9.72784, 5.82341],
			"rotation": {"angle": 0, "axis": "x", "origin": [14.98848, 18.90578, 21.71028]},
			"faces": {
				"north": {"uv": [7, 1, 8, 2], "texture": "#4"},
				"east": {"uv": [2, 7, 3, 8], "texture": "#4"},
				"south": {"uv": [7, 2, 8, 3], "texture": "#4"},
				"west": {"uv": [3, 7, 4, 8], "texture": "#4"},
				"up": {"uv": [8, 4, 7, 3], "texture": "#4"},
				"down": {"uv": [5, 7, 4, 8], "texture": "#4"}
			}
		},
		{
			"from": [6.95, 9.52784, 5.62341],
			"to": [7.55, 9.82784, 7.22341],
			"rotation": {"angle": 0, "axis": "x", "origin": [14.98848, 18.90578, 21.71028]},
			"faces": {
				"north": {"uv": [7, 4, 8, 5], "texture": "#4"},
				"east": {"uv": [4, 4, 6, 5], "texture": "#4"},
				"south": {"uv": [5, 7, 6, 8], "texture": "#4"},
				"west": {"uv": [0, 5, 2, 6], "texture": "#4"},
				"up": {"uv": [6, 2, 5, 0], "texture": "#4"},
				"down": {"uv": [3, 5, 2, 7], "texture": "#4"}
			}
		},
		{
			"from": [6.95, 8.42784, 7.02341],
			"to": [7.55, 9.72784, 7.32341],
			"rotation": {"angle": 0, "axis": "x", "origin": [14.98848, 18.90578, 21.71028]},
			"faces": {
				"north": {"uv": [7, 5, 8, 6], "texture": "#4"},
				"east": {"uv": [6, 7, 7, 8], "texture": "#4"},
				"south": {"uv": [7, 6, 8, 7], "texture": "#4"},
				"west": {"uv": [7, 7, 8, 8], "texture": "#4"},
				"up": {"uv": [1, 9, 0, 8], "texture": "#4"},
				"down": {"uv": [9, 0, 8, 1], "texture": "#4"}
			}
		},
		{
			"from": [6.95, 8.32784, 5.62341],
			"to": [7.55, 8.62784, 7.22341],
			"rotation": {"angle": 0, "axis": "x", "origin": [14.98848, 18.90578, 21.71028]},
			"faces": {
				"north": {"uv": [1, 8, 2, 9], "texture": "#4"},
				"east": {"uv": [5, 2, 7, 3], "texture": "#4"},
				"south": {"uv": [8, 1, 9, 2], "texture": "#4"},
				"west": {"uv": [3, 5, 5, 6], "texture": "#4"},
				"up": {"uv": [6, 7, 5, 5], "texture": "#4"},
				"down": {"uv": [1, 6, 0, 8], "texture": "#4"}
			}
		},
		{
			"from": [0.8, 0.53875, 3.6761],
			"to": [3.2, 0.93875, 4.4261],
			"rotation": {"angle": 0, "axis": "x", "origin": [2, 0.73875, 4.0511]},
			"faces": {
				"north": {"uv": [0, 0, 2.4, 0.4], "rotation": 180, "texture": "#0"},
				"east": {"uv": [0, 0, 0.4, 0.75], "rotation": 270, "texture": "#0"},
				"south": {"uv": [0, 0, 2.4, 0.4], "texture": "#0"},
				"west": {"uv": [0, 0, 0.4, 0.75], "rotation": 90, "texture": "#0"},
				"up": {"uv": [0, 0, 2.4, 0.75], "rotation": 180, "texture": "#0"},
				"down": {"uv": [0, 0, 2.4, 0.75], "texture": "#0"}
			}
		},
		{
			"from": [0.8, 0.66704, 4.32102],
			"to": [3.2, 1.06704, 5.07102],
			"rotation": {"angle": -22.5, "axis": "x", "origin": [2, 0.86704, 4.69602]},
			"faces": {
				"north": {"uv": [0, 0, 2.4, 0.4], "rotation": 180, "texture": "#0"},
				"east": {"uv": [0, 0, 0.4, 0.75], "rotation": 270, "texture": "#0"},
				"south": {"uv": [0, 0, 2.4, 0.4], "texture": "#0"},
				"west": {"uv": [0, 0, 0.4, 0.75], "rotation": 90, "texture": "#0"},
				"up": {"uv": [0, 0, 2.4, 0.75], "rotation": 180, "texture": "#0"},
				"down": {"uv": [0, 0, 2.4, 0.75], "texture": "#0"}
			}
		},
		{
			"from": [0.8, 0.85735, 5.04275],
			"to": [3.2, 1.60735, 5.44275],
			"rotation": {"angle": 45, "axis": "x", "origin": [2, 1.23235, 5.24275]},
			"faces": {
				"north": {"uv": [0, 0, 2.4, 0.75], "texture": "#0"},
				"east": {"uv": [0, 0, 0.4, 0.75], "texture": "#0"},
				"south": {"uv": [0, 0, 2.4, 0.75], "texture": "#0"},
				"west": {"uv": [0, 0, 0.4, 0.75], "texture": "#0"},
				"up": {"uv": [0, 0, 2.4, 0.4], "texture": "#0"},
				"down": {"uv": [0, 0, 2.4, 0.4], "texture": "#0"}
			}
		},
		{
			"from": [0.8, 1.40409, 5.40807],
			"to": [3.2, 2.15409, 5.80807],
			"rotation": {"angle": 22.5, "axis": "x", "origin": [2, 1.77909, 5.60807]},
			"faces": {
				"north": {"uv": [0, 0, 2.4, 0.75], "texture": "#0"},
				"east": {"uv": [0, 0, 0.4, 0.75], "texture": "#0"},
				"south": {"uv": [0, 0, 2.4, 0.75], "texture": "#0"},
				"west": {"uv": [0, 0, 0.4, 0.75], "texture": "#0"},
				"up": {"uv": [0, 0, 2.4, 0.4], "texture": "#0"},
				"down": {"uv": [0, 0, 2.4, 0.4], "texture": "#0"}
			}
		},
		{
			"from": [0.8, 2.04901, 5.53635],
			"to": [3.2, 2.79901, 5.93635],
			"rotation": {"angle": 0, "axis": "x", "origin": [2, 2.42401, 5.73635]},
			"faces": {
				"north": {"uv": [0, 0, 2.4, 0.75], "texture": "#0"},
				"east": {"uv": [0, 0, 0.4, 0.75], "texture": "#0"},
				"south": {"uv": [0, 0, 2.4, 0.75], "texture": "#0"},
				"west": {"uv": [0, 0, 0.4, 0.75], "texture": "#0"},
				"up": {"uv": [0, 0, 2.4, 0.4], "texture": "#0"},
				"down": {"uv": [0, 0, 2.4, 0.4], "texture": "#0"}
			}
		},
		{
			"from": [0.8, 2.69392, 5.40807],
			"to": [3.2, 3.44392, 5.80807],
			"rotation": {"angle": -22.5, "axis": "x", "origin": [-1, 3.06892, 5.60807]},
			"faces": {
				"north": {"uv": [0, 0, 2.4, 0.75], "texture": "#0"},
				"east": {"uv": [0, 0, 0.4, 0.75], "texture": "#0"},
				"south": {"uv": [0, 0, 2.4, 0.75], "texture": "#0"},
				"west": {"uv": [0, 0, 0.4, 0.75], "texture": "#0"},
				"up": {"uv": [0, 0, 2.4, 0.4], "texture": "#0"},
				"down": {"uv": [0, 0, 2.4, 0.4], "texture": "#0"}
			}
		},
		{
			"from": [0.8, 2.69392, 5.40807],
			"to": [3.2, 3.44392, 5.80807],
			"rotation": {"angle": -22.5, "axis": "x", "origin": [-1, 3.06892, 5.60807]},
			"faces": {
				"north": {"uv": [0, 0, 2.4, 0.75], "texture": "#0"},
				"east": {"uv": [0, 0, 0.4, 0.75], "texture": "#0"},
				"south": {"uv": [0, 0, 2.4, 0.75], "texture": "#0"},
				"west": {"uv": [0, 0, 0.4, 0.75], "texture": "#0"},
				"up": {"uv": [0, 0, 2.4, 0.4], "texture": "#0"},
				"down": {"uv": [0, 0, 2.4, 0.4], "texture": "#0"}
			}
		},
		{
			"from": [0.2, 0.93875, 3.7761],
			"to": [3.8, 3.93875, 4.3761],
			"rotation": {"angle": 0, "axis": "x", "origin": [2, 2.43875, 4.0761]},
			"faces": {
				"north": {"uv": [0, 13, 3.6, 16], "rotation": 180, "texture": "#1"},
				"east": {"uv": [0, 15.4, 3, 16], "rotation": 270, "texture": "#1"},
				"south": {"uv": [0, 13, 3.6, 16], "texture": "#1"},
				"west": {"uv": [0, 15.4, 3, 16], "rotation": 90, "texture": "#1"},
				"up": {"uv": [7.6, 15.4, 4, 16], "rotation": 180, "texture": "#1"},
				"down": {"uv": [4, 15.4, 7.6, 16], "texture": "#1"}
			}
		},
		{
			"from": [0.2, 0.93875, 3.7761],
			"to": [3.8, 3.93875, 4.3761],
			"rotation": {"angle": 45, "axis": "x", "origin": [2, 2.43875, 4.0761]},
			"faces": {
				"north": {"uv": [0, 13, 3.6, 16], "rotation": 180, "texture": "#1"},
				"east": {"uv": [0, 15.4, 3, 16], "rotation": 270, "texture": "#1"},
				"south": {"uv": [0, 13, 3.6, 16], "texture": "#1"},
				"west": {"uv": [0, 15.4, 3, 16], "rotation": 90, "texture": "#1"},
				"up": {"uv": [7.6, 15.4, 4, 16], "rotation": 180, "texture": "#1"},
				"down": {"uv": [4, 15.4, 7.6, 16], "texture": "#1"}
			}
		},
		{
			"from": [0.2, 2.13875, 2.5761],
			"to": [3.8, 2.73875, 5.5761],
			"rotation": {"angle": -22.5, "axis": "x", "origin": [2, 2.43875, 4.0761]},
			"faces": {
				"north": {"uv": [4, 15.4, 7.6, 16], "rotation": 180, "texture": "#1"},
				"east": {"uv": [0, 15.4, 3, 16], "rotation": 180, "texture": "#1"},
				"south": {"uv": [7.6, 15.4, 4, 16], "rotation": 180, "texture": "#1"},
				"west": {"uv": [0, 15.4, 3, 16], "rotation": 180, "texture": "#1"},
				"up": {"uv": [0, 13, 3.6, 16], "texture": "#1"},
				"down": {"uv": [0, 13, 3.6, 16], "texture": "#1"}
			}
		},
		{
			"from": [0.2, 2.13875, 2.5761],
			"to": [3.8, 2.73875, 5.5761],
			"rotation": {"angle": 22.5, "axis": "x", "origin": [2, 2.43875, 4.0761]},
			"faces": {
				"north": {"uv": [4, 15.4, 7.6, 16], "rotation": 180, "texture": "#1"},
				"east": {"uv": [0, 15.4, 3, 16], "rotation": 180, "texture": "#1"},
				"south": {"uv": [7.6, 15.4, 4, 16], "rotation": 180, "texture": "#1"},
				"west": {"uv": [0, 15.4, 3, 16], "rotation": 180, "texture": "#1"},
				"up": {"uv": [0, 13, 3.6, 16], "texture": "#1"},
				"down": {"uv": [0, 13, 3.6, 16], "texture": "#1"}
			}
		},
		{
			"from": [0.2, 2.13875, 2.5761],
			"to": [3.8, 2.73875, 5.5761],
			"rotation": {"angle": 45, "axis": "x", "origin": [2, 2.43875, 4.0761]},
			"faces": {
				"north": {"uv": [4, 15.4, 7.6, 16], "rotation": 180, "texture": "#1"},
				"east": {"uv": [0, 15.4, 3, 16], "rotation": 180, "texture": "#1"},
				"south": {"uv": [7.6, 15.4, 4, 16], "rotation": 180, "texture": "#1"},
				"west": {"uv": [0, 15.4, 3, 16], "rotation": 180, "texture": "#1"},
				"up": {"uv": [0, 13, 3.6, 16], "texture": "#1"},
				"down": {"uv": [0, 13, 3.6, 16], "texture": "#1"}
			}
		},
		{
			"from": [0.2, 0.93875, 3.7761],
			"to": [3.8, 3.93875, 4.3761],
			"rotation": {"angle": -22.5, "axis": "x", "origin": [2, 2.43875, 4.0761]},
			"faces": {
				"north": {"uv": [0, 13, 3.6, 16], "rotation": 180, "texture": "#1"},
				"east": {"uv": [0, 15.4, 3, 16], "rotation": 90, "texture": "#1"},
				"south": {"uv": [0, 13, 3.6, 16], "texture": "#1"},
				"west": {"uv": [0, 15.4, 3, 16], "rotation": 270, "texture": "#1"},
				"up": {"uv": [4, 15.4, 7.6, 16], "texture": "#1"},
				"down": {"uv": [7.6, 15.4, 4, 16], "rotation": 180, "texture": "#1"}
			}
		},
		{
			"from": [0.2, 2.13875, 2.5761],
			"to": [3.8, 2.73875, 5.5761],
			"rotation": {"angle": 0, "axis": "x", "origin": [2, 2.43875, 4.0761]},
			"faces": {
				"north": {"uv": [4, 15.4, 7.6, 16], "rotation": 180, "texture": "#1"},
				"east": {"uv": [0, 15.4, 3, 16], "rotation": 180, "texture": "#1"},
				"south": {"uv": [7.6, 15.4, 4, 16], "rotation": 180, "texture": "#1"},
				"west": {"uv": [0, 15.4, 3, 16], "rotation": 180, "texture": "#1"},
				"up": {"uv": [0, 13, 3.6, 16], "texture": "#1"},
				"down": {"uv": [0, 13, 3.6, 16], "texture": "#1"}
			}
		},
		{
			"from": [0.2, 0.93875, 3.7761],
			"to": [3.8, 3.93875, 4.3761],
			"rotation": {"angle": 22.5, "axis": "x", "origin": [2, 2.43875, 4.0761]},
			"faces": {
				"north": {"uv": [0, 13, 3.6, 16], "rotation": 180, "texture": "#1"},
				"east": {"uv": [0, 15.4, 3, 16], "rotation": 270, "texture": "#1"},
				"south": {"uv": [0, 13, 3.6, 16], "texture": "#1"},
				"west": {"uv": [0, 15.4, 3, 16], "rotation": 90, "texture": "#1"},
				"up": {"uv": [7.6, 15.4, 4, 16], "rotation": 180, "texture": "#1"},
				"down": {"uv": [4, 15.4, 7.6, 16], "texture": "#1"}
			}
		}
	],
	"display": {
		"thirdperson_righthand": {
			"rotation": [-2, 141, 47],
			"translation": [-4.25, 9.75, -7.25]
		},
		"firstperson_righthand": {
			"rotation": [0, 90, 0],
			"translation": [-0.75, 6, 1]
		},
		"ground": {
			"rotation": [0, 0, 35],
			"translation": [0, 3.25, 0],
			"scale": [0.5, 0.5, 0.5]
		},
		"gui": {
			"rotation": [0, 0, 40],
			"translation": [-1.5, 1.75, 0],
			"scale": [0.7, 0.7, 0.7]
		},
		"fixed": {
			"rotation": [0, 180, 41],
			"translation": [1, 2.25, -1.25],
			"scale": [0.7, 0.7, 0.7]
		}
	},
	"groups": [
		{
			"name": "barrels",
			"origin": [6.75, 6.09696, 5.35671],
			"color": 0,
			"children": [0, 1, 2, 3, 4, 5, 6, 7]
		},
		{
			"name": "RotatingBase",
			"origin": [7.375, 5.07165, 6.38202],
			"color": 0,
			"children": [
				{
					"name": "set1",
					"origin": [7.375, 5.07165, 6.38202],
					"color": 0,
					"children": [8, 9, 10, 11, 12, 13, 14, 15]
				},
				{
					"name": "set2",
					"origin": [16.075, 5.07165, 6.38202],
					"color": 0,
					"children": [16, 17, 18, 19, 20, 21, 22, 23]
				},
				{
					"name": "set3",
					"origin": [16.075, 5.07165, 6.38202],
					"color": 0,
					"children": [24, 25, 26, 27, 28, 29, 30, 31]
				},
				{
					"name": "set4",
					"origin": [16.075, 5.07165, 6.38202],
					"color": 0,
					"children": [32, 33, 34, 35, 36, 37, 38, 39]
				}
			]
		},
		{
			"name": "foundation",
			"origin": [2.5, 2.0391, 1.30343],
			"color": 0,
			"children": [
				{
					"name": "trriger",
					"origin": [-4.85858, 5.91109, 6.425],
					"color": 0,
					"children": [40, 41, 42, 43, 44, 45]
				},
				{
					"name": "handle",
					"origin": [2.5, 4.0391, 6.50343],
					"color": 0,
					"children": [46, 47, 48, 49, 50]
				},
				{
					"name": "receiver",
					"origin": [2.5, 5.0391, 7.30343],
					"color": 0,
					"children": [51, 52, 53, 54, 55, 56, 57, 58]
				},
				{
					"name": "sight",
					"origin": [14.98848, 18.90578, 21.71028],
					"color": 0,
					"children": [59, 60, 61, 62, 63, 64, 65, 66]
				},
				{
					"name": "magcatch",
					"origin": [-0.5, 3.06892, 5.60807],
					"color": 0,
					"children": [67, 68, 69, 70, 71, 72, 73]
				}
			]
		},
		{
			"name": "mag",
			"origin": [2, 2.43875, 4.0761],
			"color": 0,
			"children": [74, 75, 76, 77, 78, 79, 80, 81]
		}
	]
}