{
	"credit": "Made with Blockbench",
	"textures": {
		"0": "item/mp-5",
		"1": "item/mp-5_1",
		"particle": "item/mp-5"
	},
	"elements": [
		{
			"from": [0, 1.1, 7.6],
			"to": [0.3, 4.1, 8.4],
			"rotation": {"angle": 0, "axis": "y", "origin": [8, 9.1, 15.5]},
			"faces": {
				"north": {"uv": [0, 0, 0.3, 3], "texture": "#1"},
				"east": {"uv": [0, 0, 0.8, 3], "texture": "#1"},
				"south": {"uv": [0, 0, 0.3, 3], "texture": "#1"},
				"west": {"uv": [0, 0, 0.8, 3], "texture": "#1"},
				"up": {"uv": [0, 0, 0.3, 0.8], "texture": "#1"},
				"down": {"uv": [0, 0, 0.3, 0.8], "texture": "#1"}
			}
		},
		{
			"from": [0.3, 1.2, 7.6],
			"to": [0.5, 4.1, 8.4],
			"rotation": {"angle": 0, "axis": "y", "origin": [8.3, 9.1, 15.5]},
			"faces": {
				"north": {"uv": [0, 0, 0.2, 2.9], "texture": "#1"},
				"east": {"uv": [0, 0, 0.8, 2.9], "texture": "#1"},
				"south": {"uv": [0, 0, 0.2, 2.9], "texture": "#1"},
				"west": {"uv": [0, 0, 0.8, 2.9], "texture": "#1"},
				"up": {"uv": [0, 0, 0.2, 0.8], "texture": "#1"},
				"down": {"uv": [0, 0, 0.2, 0.8], "texture": "#1"}
			}
		},
		{
			"from": [0.5, 1.3, 7.6],
			"to": [0.7, 4.1, 8.4],
			"rotation": {"angle": 0, "axis": "y", "origin": [8.5, 9.1, 15.5]},
			"faces": {
				"north": {"uv": [0, 0, 0.2, 2.8], "texture": "#1"},
				"east": {"uv": [0, 0, 0.8, 2.8], "texture": "#1"},
				"south": {"uv": [0, 0, 0.2, 2.8], "texture": "#1"},
				"west": {"uv": [0, 0, 0.8, 2.8], "texture": "#1"},
				"up": {"uv": [0, 0, 0.2, 0.8], "texture": "#1"},
				"down": {"uv": [0, 0, 0.2, 0.8], "texture": "#1"}
			}
		},
		{
			"from": [0.7, 1.4, 7.6],
			"to": [0.9, 4.1, 8.4],
			"rotation": {"angle": 0, "axis": "y", "origin": [8.7, 9.1, 15.5]},
			"faces": {
				"north": {"uv": [0, 0, 0.2, 2.7], "texture": "#1"},
				"east": {"uv": [0, 0, 0.8, 2.7], "texture": "#1"},
				"south": {"uv": [0, 0, 0.2, 2.7], "texture": "#1"},
				"west": {"uv": [0, 0, 0.8, 2.7], "texture": "#1"},
				"up": {"uv": [0, 0, 0.2, 0.8], "texture": "#1"},
				"down": {"uv": [0, 0, 0.2, 0.8], "texture": "#1"}
			}
		},
		{
			"from": [0.9, 1.5, 7.6],
			"to": [1.1, 4.1, 8.4],
			"rotation": {"angle": 0, "axis": "y", "origin": [8.9, 9.1, 15.5]},
			"faces": {
				"north": {"uv": [0, 0, 0.2, 2.6], "texture": "#1"},
				"east": {"uv": [0, 0, 0.8, 2.6], "texture": "#1"},
				"south": {"uv": [0, 0, 0.2, 2.6], "texture": "#1"},
				"west": {"uv": [0, 0, 0.8, 2.6], "texture": "#1"},
				"up": {"uv": [0, 0, 0.2, 0.8], "texture": "#1"},
				"down": {"uv": [0, 0, 0.2, 0.8], "texture": "#1"}
			}
		},
		{
			"from": [1.1, 1.6, 7.6],
			"to": [1.3, 4.1, 8.4],
			"rotation": {"angle": 0, "axis": "y", "origin": [9.1, 9.1, 15.5]},
			"faces": {
				"north": {"uv": [0, 0, 0.2, 2.5], "texture": "#1"},
				"east": {"uv": [0, 0, 0.8, 2.5], "texture": "#1"},
				"south": {"uv": [0, 0, 0.2, 2.5], "texture": "#1"},
				"west": {"uv": [0, 0, 0.8, 2.5], "texture": "#1"},
				"up": {"uv": [0, 0, 0.2, 0.8], "texture": "#1"},
				"down": {"uv": [0, 0, 0.2, 0.8], "texture": "#1"}
			}
		},
		{
			"from": [1.3, 1.7, 7.6],
			"to": [1.5, 4.1, 8.4],
			"rotation": {"angle": 0, "axis": "y", "origin": [9.3, 9.1, 15.5]},
			"faces": {
				"north": {"uv": [0, 0, 0.2, 2.4], "texture": "#1"},
				"east": {"uv": [0, 0, 0.8, 2.4], "texture": "#1"},
				"south": {"uv": [0, 0, 0.2, 2.4], "texture": "#1"},
				"west": {"uv": [0, 0, 0.8, 2.4], "texture": "#1"},
				"up": {"uv": [0, 0, 0.2, 0.8], "texture": "#1"},
				"down": {"uv": [0, 0, 0.2, 0.8], "texture": "#1"}
			}
		},
		{
			"from": [1.5, 1.8, 7.6],
			"to": [1.7, 4.1, 8.4],
			"rotation": {"angle": 0, "axis": "y", "origin": [9.5, 9.1, 15.5]},
			"faces": {
				"north": {"uv": [0, 0, 0.2, 2.3], "texture": "#1"},
				"east": {"uv": [0, 0, 0.8, 2.3], "texture": "#1"},
				"south": {"uv": [0, 0, 0.2, 2.3], "texture": "#1"},
				"west": {"uv": [0, 0, 0.8, 2.3], "texture": "#1"},
				"up": {"uv": [0, 0, 0.2, 0.8], "texture": "#1"},
				"down": {"uv": [0, 0, 0.2, 0.8], "texture": "#1"}
			}
		},
		{
			"from": [1.7, 1.9, 7.6],
			"to": [1.9, 4.1, 8.4],
			"rotation": {"angle": 0, "axis": "y", "origin": [9.7, 9.1, 15.5]},
			"faces": {
				"north": {"uv": [0, 0, 0.2, 2.2], "texture": "#1"},
				"east": {"uv": [0, 0, 0.8, 2.2], "texture": "#1"},
				"south": {"uv": [0, 0, 0.2, 2.2], "texture": "#1"},
				"west": {"uv": [0, 0, 0.8, 2.2], "texture": "#1"},
				"up": {"uv": [0, 0, 0.2, 0.8], "texture": "#1"},
				"down": {"uv": [0, 0, 0.2, 0.8], "texture": "#1"}
			}
		},
		{
			"from": [1.9, 2, 7.6],
			"to": [2.1, 4.1, 8.4],
			"rotation": {"angle": 0, "axis": "y", "origin": [9.9, 9.1, 15.5]},
			"faces": {
				"north": {"uv": [0, 0, 0.2, 2.1], "texture": "#1"},
				"east": {"uv": [0, 0, 0.8, 2.1], "texture": "#1"},
				"south": {"uv": [0, 0, 0.2, 2.1], "texture": "#1"},
				"west": {"uv": [0, 0, 0.8, 2.1], "texture": "#1"},
				"up": {"uv": [0, 0, 0.2, 0.8], "texture": "#1"},
				"down": {"uv": [0, 0, 0.2, 0.8], "texture": "#1"}
			}
		},
		{
			"from": [2.1, 2.1, 7.6],
			"to": [2.3, 4.1, 8.4],
			"rotation": {"angle": 0, "axis": "y", "origin": [10.1, 9.1, 15.5]},
			"faces": {
				"north": {"uv": [0, 0, 0.2, 2], "texture": "#1"},
				"east": {"uv": [0, 0, 0.8, 2], "texture": "#1"},
				"south": {"uv": [0, 0, 0.2, 2], "texture": "#1"},
				"west": {"uv": [0, 0, 0.8, 2], "texture": "#1"},
				"up": {"uv": [0, 0, 0.2, 0.8], "texture": "#1"},
				"down": {"uv": [0, 0, 0.2, 0.8], "texture": "#1"}
			}
		},
		{
			"from": [2.3, 2.2, 7.6],
			"to": [2.5, 4.1, 8.4],
			"rotation": {"angle": 0, "axis": "y", "origin": [10.3, 9.1, 15.5]},
			"faces": {
				"north": {"uv": [0, 0, 0.2, 1.9], "texture": "#1"},
				"east": {"uv": [0, 0, 0.8, 1.9], "texture": "#1"},
				"south": {"uv": [0, 0, 0.2, 1.9], "texture": "#1"},
				"west": {"uv": [0, 0, 0.8, 1.9], "texture": "#1"},
				"up": {"uv": [0, 0, 0.2, 0.8], "texture": "#1"},
				"down": {"uv": [0, 0, 0.2, 0.8], "texture": "#1"}
			}
		},
		{
			"from": [2.5, 2.3, 7.6],
			"to": [2.7, 4.1, 8.4],
			"rotation": {"angle": 0, "axis": "y", "origin": [10.5, 9.1, 15.5]},
			"faces": {
				"north": {"uv": [0, 0, 0.2, 1.8], "texture": "#1"},
				"east": {"uv": [0, 0, 0.8, 1.8], "texture": "#1"},
				"south": {"uv": [0, 0, 0.2, 1.8], "texture": "#1"},
				"west": {"uv": [0, 0, 0.8, 1.8], "texture": "#1"},
				"up": {"uv": [0, 0, 0.2, 0.8], "texture": "#1"},
				"down": {"uv": [0, 0, 0.2, 0.8], "texture": "#1"}
			}
		},
		{
			"from": [2.7, 2.4, 7.6],
			"to": [2.9, 4.1, 8.4],
			"rotation": {"angle": 0, "axis": "y", "origin": [10.7, 9.1, 15.5]},
			"faces": {
				"north": {"uv": [0, 0, 0.2, 1.7], "texture": "#1"},
				"east": {"uv": [0, 0, 0.8, 1.7], "texture": "#1"},
				"south": {"uv": [0, 0, 0.2, 1.7], "texture": "#1"},
				"west": {"uv": [0, 0, 0.8, 1.7], "texture": "#1"},
				"up": {"uv": [0, 0, 0.2, 0.8], "texture": "#1"},
				"down": {"uv": [0, 0, 0.2, 0.8], "texture": "#1"}
			}
		},
		{
			"from": [2.9, 2.5, 7.6],
			"to": [3.1, 4.1, 8.4],
			"rotation": {"angle": 0, "axis": "y", "origin": [10.9, 9.1, 15.5]},
			"faces": {
				"north": {"uv": [0, 0, 0.2, 1.6], "texture": "#1"},
				"east": {"uv": [0, 0, 0.8, 1.6], "texture": "#1"},
				"south": {"uv": [0, 0, 0.2, 1.6], "texture": "#1"},
				"west": {"uv": [0, 0, 0.8, 1.6], "texture": "#1"},
				"up": {"uv": [0, 0, 0.2, 0.8], "texture": "#1"},
				"down": {"uv": [0, 0, 0.2, 0.8], "texture": "#1"}
			}
		},
		{
			"from": [3.1, 2.6, 7.6],
			"to": [3.3, 4.1, 8.4],
			"rotation": {"angle": 0, "axis": "y", "origin": [11.1, 9.1, 15.5]},
			"faces": {
				"north": {"uv": [0, 0, 0.2, 1.5], "texture": "#1"},
				"east": {"uv": [0, 0, 0.8, 1.5], "texture": "#1"},
				"south": {"uv": [0, 0, 0.2, 1.5], "texture": "#1"},
				"west": {"uv": [0, 0, 0.8, 1.5], "texture": "#1"},
				"up": {"uv": [0, 0, 0.2, 0.8], "texture": "#1"},
				"down": {"uv": [0, 0, 0.2, 0.8], "texture": "#1"}
			}
		},
		{
			"from": [3.3, 2.7, 7.6],
			"to": [3.5, 4.1, 8.4],
			"rotation": {"angle": 0, "axis": "y", "origin": [11.3, 9.1, 15.5]},
			"faces": {
				"north": {"uv": [0, 0, 0.2, 1.4], "texture": "#1"},
				"east": {"uv": [0, 0, 0.8, 1.4], "texture": "#1"},
				"south": {"uv": [0, 0, 0.2, 1.4], "texture": "#1"},
				"west": {"uv": [0, 0, 0.8, 1.4], "texture": "#1"},
				"up": {"uv": [0, 0, 0.2, 0.8], "texture": "#1"},
				"down": {"uv": [0, 0, 0.2, 0.8], "texture": "#1"}
			}
		},
		{
			"from": [3.5, 2.8, 7.6],
			"to": [3.7, 4.1, 8.4],
			"rotation": {"angle": 0, "axis": "y", "origin": [11.5, 9.1, 15.5]},
			"faces": {
				"north": {"uv": [0, 0, 0.2, 1.3], "texture": "#1"},
				"east": {"uv": [0, 0, 0.8, 1.3], "texture": "#1"},
				"south": {"uv": [0, 0, 0.2, 1.3], "texture": "#1"},
				"west": {"uv": [0, 0, 0.8, 1.3], "texture": "#1"},
				"up": {"uv": [0, 0, 0.2, 0.8], "texture": "#1"},
				"down": {"uv": [0, 0, 0.2, 0.8], "texture": "#1"}
			}
		},
		{
			"from": [3.7, 2.9, 7.6],
			"to": [3.9, 4.1, 8.4],
			"rotation": {"angle": 0, "axis": "y", "origin": [11.7, 9.1, 15.5]},
			"faces": {
				"north": {"uv": [0, 0, 0.2, 1.2], "texture": "#1"},
				"east": {"uv": [0, 0, 0.8, 1.2], "texture": "#1"},
				"south": {"uv": [0, 0, 0.2, 1.2], "texture": "#1"},
				"west": {"uv": [0, 0, 0.8, 1.2], "texture": "#1"},
				"up": {"uv": [0, 0, 0.2, 0.8], "texture": "#1"},
				"down": {"uv": [0, 0, 0.2, 0.8], "texture": "#1"}
			}
		},
		{
			"from": [3.9, 3, 7.6],
			"to": [4.1, 4.1, 8.4],
			"rotation": {"angle": 0, "axis": "y", "origin": [11.9, 9.1, 15.5]},
			"faces": {
				"north": {"uv": [0, 0, 0.2, 1.1], "texture": "#1"},
				"east": {"uv": [0, 0, 0.8, 1.1], "texture": "#1"},
				"south": {"uv": [0, 0, 0.2, 1.1], "texture": "#1"},
				"west": {"uv": [0, 0, 0.8, 1.1], "texture": "#1"},
				"up": {"uv": [0, 0, 0.2, 0.8], "texture": "#1"},
				"down": {"uv": [0, 0, 0.2, 0.8], "texture": "#1"}
			}
		},
		{
			"from": [4.1, 3.1, 7.6],
			"to": [4.3, 4.2, 8.4],
			"rotation": {"angle": 0, "axis": "y", "origin": [12.1, 9.1, 15.5]},
			"faces": {
				"north": {"uv": [0, 0, 0.2, 1.1], "texture": "#1"},
				"east": {"uv": [0, 0, 0.8, 1.1], "texture": "#1"},
				"south": {"uv": [0, 0, 0.2, 1.1], "texture": "#1"},
				"west": {"uv": [0, 0, 0.8, 1.1], "texture": "#1"},
				"up": {"uv": [0, 0, 0.2, 0.8], "texture": "#1"},
				"down": {"uv": [0, 0, 0.2, 0.8], "texture": "#1"}
			}
		},
		{
			"from": [4.3, 3, 7.6],
			"to": [4.4, 4.3, 8.4],
			"rotation": {"angle": 0, "axis": "y", "origin": [12.3, 9.1, 15.5]},
			"faces": {
				"north": {"uv": [0, 0, 0.1, 1.3], "texture": "#1"},
				"east": {"uv": [0, 0, 0.8, 1.3], "texture": "#1"},
				"south": {"uv": [0, 0, 0.1, 1.3], "texture": "#1"},
				"west": {"uv": [0, 0, 0.8, 1.3], "texture": "#1"},
				"up": {"uv": [0, 0, 0.1, 0.8], "texture": "#1"},
				"down": {"uv": [0, 0, 0.1, 0.8], "texture": "#1"}
			}
		},
		{
			"from": [4.4, 3, 7.6],
			"to": [4.5, 4.4, 8.4],
			"rotation": {"angle": 0, "axis": "y", "origin": [12.4, 9.1, 15.5]},
			"faces": {
				"north": {"uv": [0, 0, 0.1, 1.4], "texture": "#1"},
				"east": {"uv": [0, 0, 0.8, 1.4], "texture": "#1"},
				"south": {"uv": [0, 0, 0.1, 1.4], "texture": "#1"},
				"west": {"uv": [0, 0, 0.8, 1.4], "texture": "#1"},
				"up": {"uv": [0, 0, 0.1, 0.8], "texture": "#1"},
				"down": {"uv": [0, 0, 0.1, 0.8], "texture": "#1"}
			}
		},
		{
			"from": [4.5, 3, 7.6],
			"to": [4.6, 4.5, 8.4],
			"rotation": {"angle": 0, "axis": "y", "origin": [12.5, 9.1, 15.5]},
			"faces": {
				"north": {"uv": [0, 0, 0.1, 1.5], "texture": "#1"},
				"east": {"uv": [0, 0, 0.8, 1.5], "texture": "#1"},
				"south": {"uv": [0, 0, 0.1, 1.5], "texture": "#1"},
				"west": {"uv": [0, 0, 0.8, 1.5], "texture": "#1"},
				"up": {"uv": [0, 0, 0.1, 0.8], "texture": "#1"},
				"down": {"uv": [0, 0, 0.1, 0.8], "texture": "#1"}
			}
		},
		{
			"from": [4.6, 3, 7.6],
			"to": [4.7, 4.6, 8.4],
			"rotation": {"angle": 0, "axis": "y", "origin": [12.6, 9.1, 15.5]},
			"faces": {
				"north": {"uv": [0, 0, 0.1, 1.6], "texture": "#1"},
				"east": {"uv": [0, 0, 0.8, 1.6], "texture": "#1"},
				"south": {"uv": [0, 0, 0.1, 1.6], "texture": "#1"},
				"west": {"uv": [0, 0, 0.8, 1.6], "texture": "#1"},
				"up": {"uv": [0, 0, 0.1, 0.8], "texture": "#1"},
				"down": {"uv": [0, 0, 0.1, 0.8], "texture": "#1"}
			}
		},
		{
			"from": [4.7, 3, 7.6],
			"to": [4.8, 4.7, 8.4],
			"rotation": {"angle": 0, "axis": "y", "origin": [12.7, 9.1, 15.5]},
			"faces": {
				"north": {"uv": [0, 0, 0.1, 1.7], "texture": "#1"},
				"east": {"uv": [0, 0, 0.8, 1.7], "texture": "#1"},
				"south": {"uv": [0, 0, 0.1, 1.7], "texture": "#1"},
				"west": {"uv": [0, 0, 0.8, 1.7], "texture": "#1"},
				"up": {"uv": [0, 0, 0.1, 0.8], "texture": "#1"},
				"down": {"uv": [0, 0, 0.1, 0.8], "texture": "#1"}
			}
		},
		{
			"from": [4.8, 3.4, 7.6],
			"to": [11.9, 4.3, 8.4],
			"rotation": {"angle": 0, "axis": "y", "origin": [12.8, 9.1, 15.5]},
			"faces": {
				"north": {"uv": [0, 0, 7.1, 0.9], "texture": "#0"},
				"east": {"uv": [0, 0, 0.8, 0.9], "texture": "#0"},
				"south": {"uv": [0, 0, 7.1, 0.9], "texture": "#0"},
				"west": {"uv": [0, 0, 0.8, 0.9], "texture": "#0"},
				"up": {"uv": [0, 0, 7.1, 0.8], "texture": "#0"},
				"down": {"uv": [0, 0, 7.1, 0.8], "texture": "#0"}
			}
		},
		{
			"from": [8.6, 3.3, 7.5],
			"to": [11.9, 4.3, 8.5],
			"rotation": {"angle": 0, "axis": "y", "origin": [12.8, 9.1, 15.5]},
			"faces": {
				"north": {"uv": [0, 0, 3.3, 1], "texture": "#1"},
				"east": {"uv": [0, 0, 1, 1], "texture": "#1"},
				"south": {"uv": [0, 0, 3.3, 1], "texture": "#1"},
				"west": {"uv": [0, 0, 1, 1], "texture": "#1"},
				"up": {"uv": [0, 0, 3.3, 1], "texture": "#1"},
				"down": {"uv": [0, 0, 3.3, 1], "texture": "#1"}
			}
		},
		{
			"from": [4.9, 4.3, 7.7],
			"to": [11.9, 4.7, 8.3],
			"rotation": {"angle": 0, "axis": "y", "origin": [12.8, 9.5, 15.5]},
			"faces": {
				"north": {"uv": [0, 0, 7, 0.4], "texture": "#0"},
				"east": {"uv": [0, 0, 0.6, 0.4], "texture": "#0"},
				"south": {"uv": [0, 0, 7, 0.4], "texture": "#0"},
				"west": {"uv": [0, 0, 0.6, 0.4], "texture": "#0"},
				"up": {"uv": [0, 0, 7, 0.6], "texture": "#0"},
				"down": {"uv": [0, 0, 7, 0.6], "texture": "#0"}
			}
		},
		{
			"from": [4.9, 4.3, 7.6],
			"to": [11.9, 4.5, 8.4],
			"rotation": {"angle": 0, "axis": "y", "origin": [12.8, 9.5, 15.5]},
			"faces": {
				"north": {"uv": [0, 0, 7, 0.2], "texture": "#0"},
				"east": {"uv": [0, 0, 0.8, 0.2], "texture": "#0"},
				"south": {"uv": [0, 0, 7, 0.2], "texture": "#0"},
				"west": {"uv": [0, 0, 0.8, 0.2], "texture": "#0"},
				"up": {"uv": [0, 0, 7, 0.8], "texture": "#0"},
				"down": {"uv": [0, 0, 7, 0.8], "texture": "#0"}
			}
		},
		{
			"from": [5, 3.9, 8.4],
			"to": [8.6, 4.3, 8.6],
			"rotation": {"angle": 0, "axis": "y", "origin": [12.4, 9.3, 16.5]},
			"faces": {
				"north": {"uv": [0, 0, 3.6, 0.4], "texture": "#0"},
				"east": {"uv": [0, 0, 0.2, 0.4], "texture": "#0"},
				"south": {"uv": [0, 0, 3.6, 0.4], "texture": "#0"},
				"west": {"uv": [0, 0, 0.2, 0.4], "texture": "#0"},
				"up": {"uv": [0, 0, 3.6, 0.2], "texture": "#0"},
				"down": {"uv": [0, 0, 3.6, 0.2], "texture": "#0"}
			}
		},
		{
			"from": [5, 3.9, 7.4],
			"to": [8.6, 4.3, 7.6],
			"rotation": {"angle": 0, "axis": "y", "origin": [12.4, 9.3, 15.3]},
			"faces": {
				"north": {"uv": [0, 0, 3.6, 0.4], "texture": "#0"},
				"east": {"uv": [0, 0, 0.2, 0.4], "texture": "#0"},
				"south": {"uv": [0, 0, 3.6, 0.4], "texture": "#0"},
				"west": {"uv": [0, 0, 0.2, 0.4], "texture": "#0"},
				"up": {"uv": [0, 0, 3.6, 0.2], "texture": "#0"},
				"down": {"uv": [0, 0, 3.6, 0.2], "texture": "#0"}
			}
		},
		{
			"from": [9.9, 4.6, 7.3],
			"to": [10.1, 4.7, 7.7],
			"rotation": {"angle": 0, "axis": "y", "origin": [15.8, 9.7, 15.3]},
			"faces": {
				"north": {"uv": [0, 0, 0.2, 0.1], "texture": "#1"},
				"east": {"uv": [0, 0, 0.4, 0.1], "texture": "#1"},
				"south": {"uv": [0, 0, 0.2, 0.1], "texture": "#1"},
				"west": {"uv": [0, 0, 0.4, 0.1], "texture": "#1"},
				"up": {"uv": [0, 0, 0.2, 0.4], "texture": "#1"},
				"down": {"uv": [0, 0, 0.2, 0.4], "texture": "#1"}
			}
		},
		{
			"from": [11.9, 3.85, 7.85],
			"to": [13.5, 4.15, 8.15],
			"rotation": {"angle": 0, "axis": "y", "origin": [17.8, 9.25, 16.05]},
			"faces": {
				"north": {"uv": [0, 0, 1.6, 0.3], "texture": "#0"},
				"east": {"uv": [0, 0, 0.3, 0.3], "texture": "#0"},
				"south": {"uv": [0, 0, 1.6, 0.3], "texture": "#0"},
				"west": {"uv": [0, 0, 0.3, 0.3], "texture": "#0"},
				"up": {"uv": [0, 0, 1.6, 0.3], "texture": "#0"},
				"down": {"uv": [0, 0, 1.6, 0.3], "texture": "#0"}
			}
		},
		{
			"from": [11.9, 4.15, 7.95],
			"to": [12.1, 5.05, 8.05],
			"rotation": {"angle": 0, "axis": "y", "origin": [17.8, 9.55, 16.05]},
			"faces": {
				"north": {"uv": [0, 0, 0.2, 0.9], "texture": "#0"},
				"east": {"uv": [0, 0, 0.1, 0.9], "texture": "#0"},
				"south": {"uv": [0, 0, 0.2, 0.9], "texture": "#0"},
				"west": {"uv": [0, 0, 0.1, 0.9], "texture": "#0"},
				"up": {"uv": [0, 0, 0.2, 0.1], "texture": "#0"},
				"down": {"uv": [0, 0, 0.2, 0.1], "texture": "#0"}
			}
		},
		{
			"from": [4.3, 3.9, 8.4],
			"to": [5, 4.3, 8.5],
			"rotation": {"angle": 0, "axis": "y", "origin": [11.7, 9.3, 16.5]},
			"faces": {
				"north": {"uv": [0, 0, 0.7, 0.4], "texture": "#1"},
				"east": {"uv": [0, 0, 0.1, 0.4], "texture": "#1"},
				"south": {"uv": [0, 0, 0.7, 0.4], "texture": "#1"},
				"west": {"uv": [0, 0, 0.1, 0.4], "texture": "#1"},
				"up": {"uv": [0, 0, 0.7, 0.1], "texture": "#1"},
				"down": {"uv": [0, 0, 0.7, 0.1], "texture": "#1"}
			}
		},
		{
			"from": [4.3, 3.9, 7.5],
			"to": [5, 4.3, 7.6],
			"rotation": {"angle": 0, "axis": "y", "origin": [11.7, 9.3, 15.4]},
			"faces": {
				"north": {"uv": [0, 0, 0.7, 0.4], "texture": "#1"},
				"east": {"uv": [0, 0, 0.1, 0.4], "texture": "#1"},
				"south": {"uv": [0, 0, 0.7, 0.4], "texture": "#1"},
				"west": {"uv": [0, 0, 0.1, 0.4], "texture": "#1"},
				"up": {"uv": [0, 0, 0.7, 0.1], "texture": "#1"},
				"down": {"uv": [0, 0, 0.7, 0.1], "texture": "#1"}
			}
		},
		{
			"from": [4.4, 3.9, 8.5],
			"to": [5, 4.3, 8.6],
			"rotation": {"angle": 0, "axis": "y", "origin": [11.7, 9.3, 16.6]},
			"faces": {
				"north": {"uv": [0, 0, 0.6, 0.4], "texture": "#1"},
				"east": {"uv": [0, 0, 0.1, 0.4], "texture": "#1"},
				"south": {"uv": [0, 0, 0.6, 0.4], "texture": "#1"},
				"west": {"uv": [0, 0, 0.1, 0.4], "texture": "#1"},
				"up": {"uv": [0, 0, 0.6, 0.1], "texture": "#1"},
				"down": {"uv": [0, 0, 0.6, 0.1], "texture": "#1"}
			}
		},
		{
			"from": [4.4, 3.9, 7.4],
			"to": [5, 4.3, 7.5],
			"rotation": {"angle": 0, "axis": "y", "origin": [11.7, 9.3, 15.3]},
			"faces": {
				"north": {"uv": [0, 0, 0.6, 0.4], "texture": "#1"},
				"east": {"uv": [0, 0, 0.1, 0.4], "texture": "#1"},
				"south": {"uv": [0, 0, 0.6, 0.4], "texture": "#1"},
				"west": {"uv": [0, 0, 0.1, 0.4], "texture": "#1"},
				"up": {"uv": [0, 0, 0.6, 0.1], "texture": "#1"},
				"down": {"uv": [0, 0, 0.6, 0.1], "texture": "#1"}
			}
		},
		{
			"from": [4.8, 4.3, 7.6],
			"to": [4.9, 4.7, 8.4],
			"rotation": {"angle": 0, "axis": "y", "origin": [12.8, 9.1, 15.5]},
			"faces": {
				"north": {"uv": [0, 0, 0.1, 0.4], "texture": "#1"},
				"east": {"uv": [0, 0, 0.8, 0.4], "texture": "#1"},
				"south": {"uv": [0, 0, 0.1, 0.4], "texture": "#1"},
				"west": {"uv": [0, 0, 0.8, 0.4], "texture": "#1"},
				"up": {"uv": [0, 0, 0.1, 0.8], "texture": "#1"},
				"down": {"uv": [0, 0, 0.1, 0.8], "texture": "#1"}
			}
		},
		{
			"from": [4.8, 3, 7.6],
			"to": [8.4, 3.4, 8.4],
			"rotation": {"angle": 0, "axis": "y", "origin": [12.8, 7.8, 15.5]},
			"faces": {
				"north": {"uv": [0, 0, 3.6, 0.4], "texture": "#0"},
				"east": {"uv": [0, 0, 0.8, 0.4], "texture": "#0"},
				"south": {"uv": [0, 0, 3.6, 0.4], "texture": "#0"},
				"west": {"uv": [0, 0, 0.8, 0.4], "texture": "#0"},
				"up": {"uv": [0, 0, 3.6, 0.8], "texture": "#0"},
				"down": {"uv": [0, 0, 3.6, 0.8], "texture": "#0"}
			}
		},
		{
			"from": [5, 2.6, 7.6],
			"to": [5.7, 3, 8.4],
			"rotation": {"angle": 0, "axis": "y", "origin": [12.8, 7.4, 15.5]},
			"faces": {
				"north": {"uv": [0, 0, 0.7, 0.4], "texture": "#0"},
				"east": {"uv": [0, 0, 0.8, 0.4], "texture": "#0"},
				"south": {"uv": [0, 0, 0.7, 0.4], "texture": "#0"},
				"west": {"uv": [0, 0, 0.8, 0.4], "texture": "#0"},
				"up": {"uv": [0, 0, 0.7, 0.8], "texture": "#0"},
				"down": {"uv": [0, 0, 0.7, 0.8], "texture": "#0"}
			}
		},
		{
			"from": [5.7, 2.5, 7.6],
			"to": [6.6, 2.6, 8.4],
			"rotation": {"angle": 0, "axis": "y", "origin": [13.5, 7.3, 15.5]},
			"faces": {
				"north": {"uv": [0, 0, 0.9, 0.1], "texture": "#0"},
				"east": {"uv": [0, 0, 0.8, 0.1], "texture": "#0"},
				"south": {"uv": [0, 0, 0.9, 0.1], "texture": "#0"},
				"west": {"uv": [0, 0, 0.8, 0.1], "texture": "#0"},
				"up": {"uv": [0, 0, 0.9, 0.8], "texture": "#0"},
				"down": {"uv": [0, 0, 0.9, 0.8], "texture": "#0"}
			}
		},
		{
			"from": [6.6, 2.6, 7.6],
			"to": [6.7, 3, 8.4],
			"rotation": {"angle": 0, "axis": "y", "origin": [14.4, 7.4, 15.5]},
			"faces": {
				"north": {"uv": [0, 0, 0.1, 0.4], "texture": "#0"},
				"east": {"uv": [0, 0, 0.8, 0.4], "texture": "#0"},
				"south": {"uv": [0, 0, 0.1, 0.4], "texture": "#0"},
				"west": {"uv": [0, 0, 0.8, 0.4], "texture": "#0"},
				"up": {"uv": [0, 0, 0.1, 0.8], "texture": "#0"},
				"down": {"uv": [0, 0, 0.1, 0.8], "texture": "#0"}
			}
		},
		{
			"from": [6, 2.7, 7.9],
			"to": [6.1, 3, 8.1],
			"rotation": {"angle": 0, "axis": "y", "origin": [13.8, 7.4, 15.5]},
			"faces": {
				"north": {"uv": [0, 0, 0.1, 0.3], "texture": "#0"},
				"east": {"uv": [0, 0, 0.2, 0.3], "texture": "#0"},
				"south": {"uv": [0, 0, 0.1, 0.3], "texture": "#0"},
				"west": {"uv": [0, 0, 0.2, 0.3], "texture": "#0"},
				"up": {"uv": [0, 0, 0.1, 0.2], "texture": "#0"},
				"down": {"uv": [0, 0, 0.1, 0.2], "texture": "#0"}
			}
		},
		{
			"from": [7.2, 2.7, 7.9],
			"to": [7.3, 3, 8.1],
			"rotation": {"angle": 0, "axis": "y", "origin": [15, 7.4, 15.5]},
			"faces": {
				"north": {"uv": [0, 0, 0.1, 0.3], "texture": "#0"},
				"east": {"uv": [0, 0, 0.2, 0.3], "texture": "#0"},
				"south": {"uv": [0, 0, 0.1, 0.3], "texture": "#0"},
				"west": {"uv": [0, 0, 0.2, 0.3], "texture": "#0"},
				"up": {"uv": [0, 0, 0.1, 0.2], "texture": "#0"},
				"down": {"uv": [0, 0, 0.1, 0.2], "texture": "#0"}
			}
		},
		{
			"from": [7.6, 2.7, 7.7],
			"to": [8.3, 3, 8.3],
			"rotation": {"angle": 0, "axis": "y", "origin": [15.4, 7.4, 15.5]},
			"faces": {
				"north": {"uv": [0, 0, 0.7, 0.3], "texture": "#0"},
				"east": {"uv": [0, 0, 0.6, 0.3], "texture": "#0"},
				"south": {"uv": [0, 0, 0.7, 0.3], "texture": "#0"},
				"west": {"uv": [0, 0, 0.6, 0.3], "texture": "#0"},
				"up": {"uv": [0, 0, 0.7, 0.6], "texture": "#0"},
				"down": {"uv": [0, 0, 0.7, 0.6], "texture": "#0"}
			}
		},
		{
			"from": [7.6, 2.4, 7.7],
			"to": [8.3, 2.7, 8.3],
			"rotation": {"angle": 0, "axis": "y", "origin": [15.4, 7.1, 15.5]},
			"faces": {
				"north": {"uv": [0, 0, 0.7, 0.3], "texture": "#0"},
				"east": {"uv": [0, 0, 0.6, 0.3], "texture": "#0"},
				"south": {"uv": [0, 0, 0.7, 0.3], "texture": "#0"},
				"west": {"uv": [0, 0, 0.6, 0.3], "texture": "#0"},
				"up": {"uv": [0, 0, 0.7, 0.6], "texture": "#0"},
				"down": {"uv": [0, 0, 0.7, 0.6], "texture": "#0"}
			}
		},
		{
			"from": [5, 4.7, 7.8],
			"to": [5.7, 4.8, 8.2],
			"rotation": {"angle": 0, "axis": "y", "origin": [12.8, 9.4, 15.5]},
			"faces": {
				"north": {"uv": [0, 0, 0.7, 0.1], "texture": "#0"},
				"east": {"uv": [0, 0, 0.4, 0.1], "texture": "#0"},
				"south": {"uv": [0, 0, 0.7, 0.1], "texture": "#0"},
				"west": {"uv": [0, 0, 0.4, 0.1], "texture": "#0"},
				"up": {"uv": [0, 0, 0.7, 0.4], "texture": "#0"},
				"down": {"uv": [0, 0, 0.7, 0.4], "texture": "#0"}
			}
		},
		{
			"from": [5, 4.8, 8.1],
			"to": [5.3, 4.9, 8.2],
			"rotation": {"angle": 0, "axis": "y", "origin": [12.8, 9.5, 15.5]},
			"faces": {
				"north": {"uv": [0, 0, 0.3, 0.1], "texture": "#0"},
				"east": {"uv": [0, 0, 0.1, 0.1], "texture": "#0"},
				"south": {"uv": [0, 0, 0.3, 0.1], "texture": "#0"},
				"west": {"uv": [0, 0, 0.1, 0.1], "texture": "#0"},
				"up": {"uv": [0, 0, 0.3, 0.1], "texture": "#0"},
				"down": {"uv": [0, 0, 0.3, 0.1], "texture": "#0"}
			}
		},
		{
			"from": [5, 4.8, 7.8],
			"to": [5.3, 4.9, 7.9],
			"rotation": {"angle": 0, "axis": "y", "origin": [12.8, 9.5, 15.2]},
			"faces": {
				"north": {"uv": [0, 0, 0.3, 0.1], "texture": "#0"},
				"east": {"uv": [0, 0, 0.1, 0.1], "texture": "#0"},
				"south": {"uv": [0, 0, 0.3, 0.1], "texture": "#0"},
				"west": {"uv": [0, 0, 0.1, 0.1], "texture": "#0"},
				"up": {"uv": [0, 0, 0.3, 0.1], "texture": "#0"},
				"down": {"uv": [0, 0, 0.3, 0.1], "texture": "#0"}
			}
		},
		{
			"from": [7.7, 2.1, 7.7],
			"to": [8.4, 2.4, 8.3],
			"rotation": {"angle": 0, "axis": "y", "origin": [15.5, 6.8, 15.5]},
			"faces": {
				"north": {"uv": [0, 0, 0.7, 0.3], "texture": "#0"},
				"east": {"uv": [0, 0, 0.6, 0.3], "texture": "#0"},
				"south": {"uv": [0, 0, 0.7, 0.3], "texture": "#0"},
				"west": {"uv": [0, 0, 0.6, 0.3], "texture": "#0"},
				"up": {"uv": [0, 0, 0.7, 0.6], "texture": "#0"},
				"down": {"uv": [0, 0, 0.7, 0.6], "texture": "#0"}
			}
		},
		{
			"from": [7.8, 1.8, 7.7],
			"to": [8.5, 2.1, 8.3],
			"rotation": {"angle": 0, "axis": "y", "origin": [15.6, 6.5, 15.5]},
			"faces": {
				"north": {"uv": [0, 0, 0.7, 0.3], "texture": "#0"},
				"east": {"uv": [0, 0, 0.6, 0.3], "texture": "#0"},
				"south": {"uv": [0, 0, 0.7, 0.3], "texture": "#0"},
				"west": {"uv": [0, 0, 0.6, 0.3], "texture": "#0"},
				"up": {"uv": [0, 0, 0.7, 0.6], "texture": "#0"},
				"down": {"uv": [0, 0, 0.7, 0.6], "texture": "#0"}
			}
		},
		{
			"from": [7.9, 1.5, 7.7],
			"to": [8.6, 1.8, 8.3],
			"rotation": {"angle": 0, "axis": "y", "origin": [15.7, 6.2, 15.5]},
			"faces": {
				"north": {"uv": [0, 0, 0.7, 0.3], "texture": "#0"},
				"east": {"uv": [0, 0, 0.6, 0.3], "texture": "#0"},
				"south": {"uv": [0, 0, 0.7, 0.3], "texture": "#0"},
				"west": {"uv": [0, 0, 0.6, 0.3], "texture": "#0"},
				"up": {"uv": [0, 0, 0.7, 0.6], "texture": "#0"},
				"down": {"uv": [0, 0, 0.7, 0.6], "texture": "#0"}
			}
		},
		{
			"from": [8, 1.2, 7.7],
			"to": [8.7, 1.5, 8.3],
			"rotation": {"angle": 0, "axis": "y", "origin": [15.8, 5.9, 15.5]},
			"faces": {
				"north": {"uv": [0, 0, 0.7, 0.3], "texture": "#0"},
				"east": {"uv": [0, 0, 0.6, 0.3], "texture": "#0"},
				"south": {"uv": [0, 0, 0.7, 0.3], "texture": "#0"},
				"west": {"uv": [0, 0, 0.6, 0.3], "texture": "#0"},
				"up": {"uv": [0, 0, 0.7, 0.6], "texture": "#0"},
				"down": {"uv": [0, 0, 0.7, 0.6], "texture": "#0"}
			}
		},
		{
			"from": [8.1, 0.9, 7.7],
			"to": [8.8, 1.2, 8.3],
			"rotation": {"angle": 0, "axis": "y", "origin": [15.9, 5.6, 15.5]},
			"faces": {
				"north": {"uv": [0, 0, 0.7, 0.3], "texture": "#0"},
				"east": {"uv": [0, 0, 0.6, 0.3], "texture": "#0"},
				"south": {"uv": [0, 0, 0.7, 0.3], "texture": "#0"},
				"west": {"uv": [0, 0, 0.6, 0.3], "texture": "#0"},
				"up": {"uv": [0, 0, 0.7, 0.6], "texture": "#0"},
				"down": {"uv": [0, 0, 0.7, 0.6], "texture": "#0"}
			}
		},
		{
			"from": [8.2, 0.6, 7.7],
			"to": [8.9, 0.9, 8.3],
			"rotation": {"angle": 0, "axis": "y", "origin": [16, 5.3, 15.5]},
			"faces": {
				"north": {"uv": [0, 0, 0.7, 0.3], "texture": "#0"},
				"east": {"uv": [0, 0, 0.6, 0.3], "texture": "#0"},
				"south": {"uv": [0, 0, 0.7, 0.3], "texture": "#0"},
				"west": {"uv": [0, 0, 0.6, 0.3], "texture": "#0"},
				"up": {"uv": [0, 0, 0.7, 0.6], "texture": "#0"},
				"down": {"uv": [0, 0, 0.7, 0.6], "texture": "#0"}
			}
		},
		{
			"from": [5, 2.5, 7.6],
			"to": [5.7, 2.6, 8.4],
			"rotation": {"angle": 0, "axis": "y", "origin": [12.8, 7, 15.5]},
			"faces": {
				"north": {"uv": [0, 0, 0.7, 0.1], "texture": "#0"},
				"east": {"uv": [0, 0, 0.8, 0.1], "texture": "#0"},
				"south": {"uv": [0, 0, 0.7, 0.1], "texture": "#0"},
				"west": {"uv": [0, 0, 0.8, 0.1], "texture": "#0"},
				"up": {"uv": [0, 0, 0.7, 0.8], "texture": "#0"},
				"down": {"uv": [0, 0, 0.7, 0.8], "texture": "#0"}
			}
		},
		{
			"from": [4.9, 2.4, 7.6],
			"to": [5.6, 2.5, 8.4],
			"rotation": {"angle": 0, "axis": "y", "origin": [12.7, 6.9, 15.5]},
			"faces": {
				"north": {"uv": [0, 0, 0.7, 0.1], "texture": "#0"},
				"east": {"uv": [0, 0, 0.8, 0.1], "texture": "#0"},
				"south": {"uv": [0, 0, 0.7, 0.1], "texture": "#0"},
				"west": {"uv": [0, 0, 0.8, 0.1], "texture": "#0"},
				"up": {"uv": [0, 0, 0.7, 0.8], "texture": "#0"},
				"down": {"uv": [0, 0, 0.7, 0.8], "texture": "#0"}
			}
		},
		{
			"from": [4.8, 2.3, 7.6],
			"to": [5.5, 2.4, 8.4],
			"rotation": {"angle": 0, "axis": "y", "origin": [12.6, 6.8, 15.5]},
			"faces": {
				"north": {"uv": [0, 0, 0.7, 0.1], "texture": "#0"},
				"east": {"uv": [0, 0, 0.8, 0.1], "texture": "#0"},
				"south": {"uv": [0, 0, 0.7, 0.1], "texture": "#0"},
				"west": {"uv": [0, 0, 0.8, 0.1], "texture": "#0"},
				"up": {"uv": [0, 0, 0.7, 0.8], "texture": "#0"},
				"down": {"uv": [0, 0, 0.7, 0.8], "texture": "#0"}
			}
		},
		{
			"from": [4.7, 2.2, 7.6],
			"to": [5.4, 2.3, 8.4],
			"rotation": {"angle": 0, "axis": "y", "origin": [12.5, 6.7, 15.5]},
			"faces": {
				"north": {"uv": [0, 0, 0.7, 0.1], "texture": "#0"},
				"east": {"uv": [0, 0, 0.8, 0.1], "texture": "#0"},
				"south": {"uv": [0, 0, 0.7, 0.1], "texture": "#0"},
				"west": {"uv": [0, 0, 0.8, 0.1], "texture": "#0"},
				"up": {"uv": [0, 0, 0.7, 0.8], "texture": "#0"},
				"down": {"uv": [0, 0, 0.7, 0.8], "texture": "#0"}
			}
		},
		{
			"from": [4.6, 2.1, 7.6],
			"to": [5.3, 2.2, 8.4],
			"rotation": {"angle": 0, "axis": "y", "origin": [12.4, 6.6, 15.5]},
			"faces": {
				"north": {"uv": [0, 0, 0.7, 0.1], "texture": "#0"},
				"east": {"uv": [0, 0, 0.8, 0.1], "texture": "#0"},
				"south": {"uv": [0, 0, 0.7, 0.1], "texture": "#0"},
				"west": {"uv": [0, 0, 0.8, 0.1], "texture": "#0"},
				"up": {"uv": [0, 0, 0.7, 0.8], "texture": "#0"},
				"down": {"uv": [0, 0, 0.7, 0.8], "texture": "#0"}
			}
		},
		{
			"from": [4.5, 2, 7.6],
			"to": [5.2, 2.1, 8.4],
			"rotation": {"angle": 0, "axis": "y", "origin": [12.3, 6.5, 15.5]},
			"faces": {
				"north": {"uv": [0, 0, 0.7, 0.1], "texture": "#0"},
				"east": {"uv": [0, 0, 0.8, 0.1], "texture": "#0"},
				"south": {"uv": [0, 0, 0.7, 0.1], "texture": "#0"},
				"west": {"uv": [0, 0, 0.8, 0.1], "texture": "#0"},
				"up": {"uv": [0, 0, 0.7, 0.8], "texture": "#0"},
				"down": {"uv": [0, 0, 0.7, 0.8], "texture": "#0"}
			}
		},
		{
			"from": [4.4, 1.9, 7.6],
			"to": [5.1, 2, 8.4],
			"rotation": {"angle": 0, "axis": "y", "origin": [12.2, 6.4, 15.5]},
			"faces": {
				"north": {"uv": [0, 0, 0.7, 0.1], "texture": "#0"},
				"east": {"uv": [0, 0, 0.8, 0.1], "texture": "#0"},
				"south": {"uv": [0, 0, 0.7, 0.1], "texture": "#0"},
				"west": {"uv": [0, 0, 0.8, 0.1], "texture": "#0"},
				"up": {"uv": [0, 0, 0.7, 0.8], "texture": "#0"},
				"down": {"uv": [0, 0, 0.7, 0.8], "texture": "#0"}
			}
		},
		{
			"from": [4.3, 1.8, 7.6],
			"to": [5, 1.9, 8.4],
			"rotation": {"angle": 0, "axis": "y", "origin": [12.1, 6.3, 15.5]},
			"faces": {
				"north": {"uv": [0, 0, 0.7, 0.1], "texture": "#0"},
				"east": {"uv": [0, 0, 0.8, 0.1], "texture": "#0"},
				"south": {"uv": [0, 0, 0.7, 0.1], "texture": "#0"},
				"west": {"uv": [0, 0, 0.8, 0.1], "texture": "#0"},
				"up": {"uv": [0, 0, 0.7, 0.8], "texture": "#0"},
				"down": {"uv": [0, 0, 0.7, 0.8], "texture": "#0"}
			}
		},
		{
			"from": [4.4, 1.7, 7.6],
			"to": [5.1, 1.8, 8.4],
			"rotation": {"angle": 0, "axis": "y", "origin": [12.2, 6.2, 15.5]},
			"faces": {
				"north": {"uv": [0, 0, 0.7, 0.1], "texture": "#0"},
				"east": {"uv": [0, 0, 0.8, 0.1], "texture": "#0"},
				"south": {"uv": [0, 0, 0.7, 0.1], "texture": "#0"},
				"west": {"uv": [0, 0, 0.8, 0.1], "texture": "#0"},
				"up": {"uv": [0, 0, 0.7, 0.8], "texture": "#0"},
				"down": {"uv": [0, 0, 0.7, 0.8], "texture": "#0"}
			}
		}
	],
	"display": {
		"thirdperson_righthand": {
			"rotation": [0, 90, 0],
			"translation": [-0.5, 5, -2]
		},
		"thirdperson_lefthand": {
			"rotation": [0, -90, 0],
			"translation": [0, 5, -1.5]
		},
		"gui": {
			"rotation": [0, 0, 45],
			"translation": [-2.5, 3.5, 0]
		},
		"fixed": {
			"rotation": [0, -180, 45],
			"translation": [2.75, 3, -0.25]
		}
	},
	"groups": [
		{
			"name": "group",
			"origin": [12.2, 5.1, 15.5],
			"children": [0, 1, 2, 3, 4, 5, 6, 7, 8, 9, 10, 11, 12, 13, 14, 15, 16, 17, 18, 19, 20, 21, 22, 23, 24, 25, 26, 27, 28, 29, 30, 31, 32, 33, 34, 35, 36, 37, 38, 39, 40, 41, 42, 43, 44, 45, 46, 47, 48, 49, 50, 51, 52, 53, 54, 55, 56, 57, 58, 59, 60, 61, 62, 63, 64, 65]
		}
	]
}