{
	"credit": "Made with Blockbench",
	"textures": {
		"0": "item/mp7_mg",
		"1": "item/mp7_flame",
		"2": "item/mp7_rail",
		"3": "item/mp7_rail2",
		"4": "item/mp7_barrel",
		"5": "item/mp7_chamber",
		"particle": "item/mp7_mg"
	},
	"elements": [
		{
			"from": [1, 7.7, 4.5],
			"to": [1.9, 10.15, 5.4],
			"rotation": {"angle": 0, "axis": "z", "origin": [1.925, 10.75, 4.95]},
			"faces": {
				"north": {"uv": [0, 0, 0.9, 2.45], "texture": "#1"},
				"east": {"uv": [0, 0, 0.9, 2.45], "texture": "#1"},
				"south": {"uv": [0, 0, 0.9, 2.45], "texture": "#1"},
				"west": {"uv": [0, 0, 0.9, 2.45], "texture": "#1"},
				"up": {"uv": [0, 0, 0.9, 0.9], "texture": "#1"},
				"down": {"uv": [0, 0, 0.9, 0.9], "texture": "#1"}
			}
		},
		{
			"from": [1.00555, 7.52208, 4.5],
			"to": [1.90555, 7.67208, 5.4],
			"rotation": {"angle": 22.5, "axis": "z", "origin": [1.45555, 7.59708, 4.95]},
			"faces": {
				"north": {"uv": [0, 0, 0.9, 0.15], "texture": "#1"},
				"east": {"uv": [0, 0, 0.9, 0.15], "texture": "#1"},
				"south": {"uv": [0, 0, 0.9, 0.15], "texture": "#1"},
				"west": {"uv": [0, 0, 0.9, 0.15], "texture": "#1"},
				"up": {"uv": [0, 0, 0.9, 0.9], "texture": "#1"},
				"down": {"uv": [0, 0, 0.9, 0.9], "texture": "#1"}
			}
		},
		{
			"from": [1.00555, 7.62208, 4.5],
			"to": [1.50555, 7.87208, 5.4],
			"rotation": {"angle": 0, "axis": "z", "origin": [1.45555, 7.59708, 4.95]},
			"faces": {
				"north": {"uv": [0, 0, 0.5, 0.25], "texture": "#1"},
				"east": {"uv": [0, 0, 0.9, 0.25], "texture": "#1"},
				"south": {"uv": [0, 0, 0.5, 0.25], "texture": "#1"},
				"west": {"uv": [0, 0, 0.9, 0.25], "texture": "#1"},
				"up": {"uv": [0, 0, 0.5, 0.9], "texture": "#1"},
				"down": {"uv": [0, 0, 0.5, 0.9], "texture": "#1"}
			}
		},
		{
			"from": [1.01111, 7.49417, 4.5],
			"to": [1.36111, 7.99417, 5.4],
			"rotation": {"angle": 0, "axis": "z", "origin": [1.83611, 7.74417, 4.95]},
			"faces": {
				"north": {"uv": [0, 0, 0.5, 0.35], "rotation": 270, "texture": "#1"},
				"east": {"uv": [0, 0, 0.5, 0.9], "rotation": 90, "texture": "#1"},
				"south": {"uv": [0, 0, 0.5, 0.35], "rotation": 90, "texture": "#1"},
				"west": {"uv": [0, 0, 0.5, 0.9], "rotation": 90, "texture": "#1"},
				"up": {"uv": [0, 0, 0.9, 0.35], "rotation": 90, "texture": "#1"},
				"down": {"uv": [0, 0, 0.9, 0.35], "rotation": 90, "texture": "#1"}
			}
		},
		{
			"from": [1, 10.15, 4.4],
			"to": [2, 11, 5.5],
			"rotation": {"angle": 0, "axis": "z", "origin": [1.925, 10.75, 4.95]},
			"faces": {
				"north": {"uv": [0, 0, 1, 0.85], "texture": "#1"},
				"east": {"uv": [0, 0, 1.1, 0.85], "texture": "#1"},
				"south": {"uv": [0, 0, 1, 0.85], "texture": "#1"},
				"west": {"uv": [0, 0, 1.1, 0.85], "texture": "#1"},
				"up": {"uv": [0, 0, 1, 1.1], "texture": "#1"},
				"down": {"uv": [0, 0, 1, 1.1], "texture": "#1"}
			}
		},
		{
			"from": [7.2, 7, 4],
			"to": [9.2, 10.8, 6],
			"faces": {
				"north": {"uv": [0, 0, 2, 3.8], "texture": "#1"},
				"east": {"uv": [0, 0, 2, 3.8], "texture": "#1"},
				"south": {"uv": [0, 0, 2, 3.8], "texture": "#1"},
				"west": {"uv": [0, 0, 2, 3.8], "texture": "#1"},
				"up": {"uv": [0, 0, 2, 2], "texture": "#1"},
				"down": {"uv": [0, 0, 2, 2], "texture": "#1"}
			}
		},
		{
			"from": [5.38204, 9.8262, 4.7],
			"to": [5.58204, 10.8262, 5.3],
			"rotation": {"angle": 0, "axis": "z", "origin": [5.48204, 9.7262, 5]},
			"faces": {
				"north": {"uv": [0, 0, 0.2, 1], "rotation": 180, "texture": "#1"},
				"east": {"uv": [0, 0, 0.6, 1], "rotation": 180, "texture": "#1"},
				"south": {"uv": [0, 0, 0.2, 1], "rotation": 180, "texture": "#1"},
				"west": {"uv": [0, 0, 0.6, 1], "rotation": 180, "texture": "#1"},
				"up": {"uv": [0, 0, 0.2, 0.6], "rotation": 180, "texture": "#1"},
				"down": {"uv": [0, 0, 0.2, 0.6], "rotation": 180, "texture": "#1"}
			}
		},
		{
			"from": [6.38204, 10.1262, 4.7],
			"to": [6.58204, 11.1262, 5.3],
			"rotation": {"angle": -22.5, "axis": "z", "origin": [6.28204, 10.3262, 5]},
			"faces": {
				"north": {"uv": [0, 0, 0.2, 1], "rotation": 180, "texture": "#3"},
				"east": {"uv": [0, 0, 0.6, 1], "rotation": 180, "texture": "#3"},
				"south": {"uv": [0, 0, 0.2, 1], "rotation": 180, "texture": "#3"},
				"west": {"uv": [0, 0, 0.6, 1], "rotation": 180, "texture": "#3"},
				"up": {"uv": [0, 0, 0.2, 0.6], "rotation": 180, "texture": "#3"},
				"down": {"uv": [0, 0, 0.2, 0.6], "rotation": 180, "texture": "#3"}
			}
		},
		{
			"from": [6.63204, 10.9262, 6],
			"to": [7.33204, 11.2262, 6.2],
			"rotation": {"angle": -45, "axis": "z", "origin": [7.45704, 11.0512, 6.1]},
			"faces": {
				"north": {"uv": [0, 0, 0.3, 0.7], "rotation": 90, "texture": "#3"},
				"east": {"uv": [0, 0, 0.2, 0.3], "texture": "#3"},
				"south": {"uv": [0, 0, 0.3, 0.7], "rotation": 270, "texture": "#3"},
				"west": {"uv": [0, 0, 0.2, 0.3], "rotation": 180, "texture": "#3"},
				"up": {"uv": [0, 0, 0.2, 0.7], "rotation": 270, "texture": "#3"},
				"down": {"uv": [0, 0, 0.2, 0.7], "rotation": 270, "texture": "#3"}
			}
		},
		{
			"from": [7.33204, 10.8262, 6],
			"to": [7.73204, 11.2262, 6.2],
			"rotation": {"angle": -45, "axis": "z", "origin": [7.45704, 11.0512, 6.1]},
			"faces": {
				"north": {"uv": [0, 0, 0.4, 0.4], "rotation": 90, "texture": "#3"},
				"east": {"uv": [0, 0, 0.2, 0.4], "texture": "#3"},
				"south": {"uv": [0, 0, 0.4, 0.4], "rotation": 270, "texture": "#3"},
				"west": {"uv": [0, 0, 0.2, 0.4], "rotation": 180, "texture": "#3"},
				"up": {"uv": [0, 0, 0.2, 0.4], "rotation": 270, "texture": "#3"},
				"down": {"uv": [0, 0, 0.2, 0.4], "rotation": 270, "texture": "#3"}
			}
		},
		{
			"from": [5.6, 9.5, 4.7],
			"to": [7.2, 9.7, 5.3],
			"rotation": {"angle": 0, "axis": "y", "origin": [1.2, 0.2, 0]},
			"faces": {
				"north": {"uv": [0, 0, 1.6, 0.2], "texture": "#1"},
				"east": {"uv": [0, 0, 0.6, 0.2], "texture": "#1"},
				"south": {"uv": [0, 0, 1.6, 0.2], "texture": "#1"},
				"west": {"uv": [0, 0, 0.6, 0.2], "texture": "#1"},
				"up": {"uv": [0, 0, 1.6, 0.6], "texture": "#1"},
				"down": {"uv": [0, 0, 1.6, 0.6], "texture": "#1"}
			}
		},
		{
			"from": [5.4127, 9.67208, 4.7],
			"to": [5.6127, 9.87208, 5.3],
			"rotation": {"angle": 22.5, "axis": "z", "origin": [5.5127, 9.77208, 5]},
			"faces": {
				"north": {"uv": [0, 0, 0.2, 0.2], "rotation": 180, "texture": "#1"},
				"east": {"uv": [0, 0, 0.6, 0.2], "rotation": 180, "texture": "#1"},
				"south": {"uv": [0, 0, 0.2, 0.2], "rotation": 180, "texture": "#1"},
				"west": {"uv": [0, 0, 0.6, 0.2], "rotation": 180, "texture": "#1"},
				"up": {"uv": [0, 0, 0.2, 0.6], "rotation": 180, "texture": "#1"},
				"down": {"uv": [0, 0, 0.2, 0.6], "rotation": 180, "texture": "#1"}
			}
		},
		{
			"from": [5.5, 9.54142, 4.7],
			"to": [5.7, 9.74142, 5.3],
			"rotation": {"angle": -45, "axis": "z", "origin": [5.6, 9.64142, 5]},
			"faces": {
				"north": {"uv": [0, 0, 0.2, 0.2], "texture": "#1"},
				"east": {"uv": [0, 0, 0.6, 0.2], "texture": "#1"},
				"south": {"uv": [0, 0, 0.2, 0.2], "texture": "#1"},
				"west": {"uv": [0, 0, 0.6, 0.2], "texture": "#1"},
				"up": {"uv": [0, 0, 0.2, 0.6], "texture": "#1"},
				"down": {"uv": [0, 0, 0.2, 0.6], "texture": "#1"}
			}
		},
		{
			"from": [1.3, 11.1, 6],
			"to": [1.5, 12.1, 6.2],
			"rotation": {"angle": 0, "axis": "x", "origin": [3.5, 13.7, 7.6]},
			"faces": {
				"north": {"uv": [0, 0, 0.2, 1], "rotation": 180, "texture": "#3"},
				"east": {"uv": [0, 0, 1, 0.2], "rotation": 270, "texture": "#3"},
				"south": {"uv": [0, 0, 0.2, 1], "texture": "#3"},
				"west": {"uv": [0, 0, 1, 0.2], "rotation": 90, "texture": "#3"},
				"up": {"uv": [0, 0, 0.2, 0.2], "rotation": 180, "texture": "#3"},
				"down": {"uv": [0, 0, 0.2, 0.2], "texture": "#3"}
			}
		},
		{
			"from": [1.7, 11.1, 6],
			"to": [1.9, 12.1, 6.2],
			"rotation": {"angle": 0, "axis": "x", "origin": [3.5, 13.7, 7.6]},
			"faces": {
				"north": {"uv": [0, 0, 0.2, 1], "rotation": 180, "texture": "#3"},
				"east": {"uv": [0, 0, 1, 0.2], "rotation": 270, "texture": "#3"},
				"south": {"uv": [0, 0, 0.2, 1], "texture": "#3"},
				"west": {"uv": [0, 0, 1, 0.2], "rotation": 90, "texture": "#3"},
				"up": {"uv": [0, 0, 0.2, 0.2], "rotation": 180, "texture": "#3"},
				"down": {"uv": [0, 0, 0.2, 0.2], "texture": "#3"}
			}
		},
		{
			"from": [2.1, 11.1, 6],
			"to": [2.3, 12.1, 6.2],
			"rotation": {"angle": 0, "axis": "x", "origin": [3.5, 13.7, 7.6]},
			"faces": {
				"north": {"uv": [0, 0, 0.2, 1], "rotation": 180, "texture": "#3"},
				"east": {"uv": [0, 0, 1, 0.2], "rotation": 270, "texture": "#3"},
				"south": {"uv": [0, 0, 0.2, 1], "texture": "#3"},
				"west": {"uv": [0, 0, 1, 0.2], "rotation": 90, "texture": "#3"},
				"up": {"uv": [0, 0, 0.2, 0.2], "rotation": 180, "texture": "#3"},
				"down": {"uv": [0, 0, 0.2, 0.2], "texture": "#3"}
			}
		},
		{
			"from": [2.5, 11.1, 6],
			"to": [2.7, 12.1, 6.2],
			"rotation": {"angle": 0, "axis": "x", "origin": [3.5, 13.7, 7.6]},
			"faces": {
				"north": {"uv": [0, 0, 0.2, 1], "rotation": 180, "texture": "#3"},
				"east": {"uv": [0, 0, 1, 0.2], "rotation": 270, "texture": "#3"},
				"south": {"uv": [0, 0, 0.2, 1], "texture": "#3"},
				"west": {"uv": [0, 0, 1, 0.2], "rotation": 90, "texture": "#3"},
				"up": {"uv": [0, 0, 0.2, 0.2], "rotation": 180, "texture": "#3"},
				"down": {"uv": [0, 0, 0.2, 0.2], "texture": "#3"}
			}
		},
		{
			"from": [2.9, 11.1, 6],
			"to": [3.1, 12.1, 6.2],
			"rotation": {"angle": 0, "axis": "x", "origin": [3.5, 13.7, 7.6]},
			"faces": {
				"north": {"uv": [0, 0, 0.2, 1], "rotation": 180, "texture": "#3"},
				"east": {"uv": [0, 0, 1, 0.2], "rotation": 270, "texture": "#3"},
				"south": {"uv": [0, 0, 0.2, 1], "texture": "#3"},
				"west": {"uv": [0, 0, 1, 0.2], "rotation": 90, "texture": "#3"},
				"up": {"uv": [0, 0, 0.2, 0.2], "rotation": 180, "texture": "#3"},
				"down": {"uv": [0, 0, 0.2, 0.2], "texture": "#3"}
			}
		},
		{
			"from": [3.3, 11.1, 6],
			"to": [3.5, 12.1, 6.2],
			"rotation": {"angle": 0, "axis": "x", "origin": [3.5, 13.7, 7.6]},
			"faces": {
				"north": {"uv": [0, 0, 0.2, 1], "rotation": 180, "texture": "#3"},
				"east": {"uv": [0, 0, 1, 0.2], "rotation": 270, "texture": "#3"},
				"south": {"uv": [0, 0, 0.2, 1], "texture": "#3"},
				"west": {"uv": [0, 0, 1, 0.2], "rotation": 90, "texture": "#3"},
				"up": {"uv": [0, 0, 0.2, 0.2], "rotation": 180, "texture": "#3"},
				"down": {"uv": [0, 0, 0.2, 0.2], "texture": "#3"}
			}
		},
		{
			"from": [3.7, 11.1, 6],
			"to": [3.9, 12.1, 6.2],
			"rotation": {"angle": 0, "axis": "x", "origin": [3.5, 13.7, 7.6]},
			"faces": {
				"north": {"uv": [0, 0, 0.2, 1], "rotation": 180, "texture": "#3"},
				"east": {"uv": [0, 0, 1, 0.2], "rotation": 270, "texture": "#3"},
				"south": {"uv": [0, 0, 0.2, 1], "texture": "#3"},
				"west": {"uv": [0, 0, 1, 0.2], "rotation": 90, "texture": "#3"},
				"up": {"uv": [0, 0, 0.2, 0.2], "rotation": 180, "texture": "#3"},
				"down": {"uv": [0, 0, 0.2, 0.2], "texture": "#3"}
			}
		},
		{
			"from": [4.1, 11.1, 6],
			"to": [4.3, 12.1, 6.2],
			"rotation": {"angle": 0, "axis": "x", "origin": [3.5, 13.7, 7.6]},
			"faces": {
				"north": {"uv": [0, 0, 0.2, 1], "rotation": 180, "texture": "#3"},
				"east": {"uv": [0, 0, 1, 0.2], "rotation": 270, "texture": "#3"},
				"south": {"uv": [0, 0, 0.2, 1], "texture": "#3"},
				"west": {"uv": [0, 0, 1, 0.2], "rotation": 90, "texture": "#3"},
				"up": {"uv": [0, 0, 0.2, 0.2], "rotation": 180, "texture": "#3"},
				"down": {"uv": [0, 0, 0.2, 0.2], "texture": "#3"}
			}
		},
		{
			"from": [4.5, 11.1, 6],
			"to": [4.7, 12.1, 6.2],
			"rotation": {"angle": 0, "axis": "x", "origin": [3.5, 13.7, 7.6]},
			"faces": {
				"north": {"uv": [0, 0, 0.2, 1], "rotation": 180, "texture": "#3"},
				"east": {"uv": [0, 0, 1, 0.2], "rotation": 270, "texture": "#3"},
				"south": {"uv": [0, 0, 0.2, 1], "texture": "#3"},
				"west": {"uv": [0, 0, 1, 0.2], "rotation": 90, "texture": "#3"},
				"up": {"uv": [0, 0, 0.2, 0.2], "rotation": 180, "texture": "#3"},
				"down": {"uv": [0, 0, 0.2, 0.2], "texture": "#3"}
			}
		},
		{
			"from": [1.3, 10.85, 5.75],
			"to": [4.8, 12.25, 6.05],
			"rotation": {"angle": 0, "axis": "x", "origin": [6.9, 13.45, 9]},
			"faces": {
				"north": {"uv": [0, 0, 3.5, 1.4], "rotation": 180, "texture": "#3"},
				"east": {"uv": [0, 0, 1.4, 0.3], "rotation": 270, "texture": "#3"},
				"south": {"uv": [0, 0, 3.5, 1.4], "texture": "#3"},
				"west": {"uv": [0, 0, 1.4, 0.3], "rotation": 90, "texture": "#3"},
				"up": {"uv": [0, 0, 3.5, 0.3], "rotation": 180, "texture": "#3"},
				"down": {"uv": [0, 0, 3.5, 0.3], "texture": "#3"}
			}
		},
		{
			"from": [4.5, 11.1, 3.8],
			"to": [4.7, 12.1, 4],
			"rotation": {"angle": 0, "axis": "x", "origin": [3.5, 13.7, 7.6]},
			"faces": {
				"north": {"uv": [0, 0, 0.2, 1], "rotation": 180, "texture": "#3"},
				"east": {"uv": [0, 0, 1, 0.2], "rotation": 270, "texture": "#3"},
				"south": {"uv": [0, 0, 0.2, 1], "texture": "#3"},
				"west": {"uv": [0, 0, 1, 0.2], "rotation": 90, "texture": "#3"},
				"up": {"uv": [0, 0, 0.2, 0.2], "rotation": 180, "texture": "#3"},
				"down": {"uv": [0, 0, 0.2, 0.2], "texture": "#3"}
			}
		},
		{
			"from": [4.1, 11.1, 3.8],
			"to": [4.3, 12.1, 4],
			"rotation": {"angle": 0, "axis": "x", "origin": [3.5, 13.7, 7.6]},
			"faces": {
				"north": {"uv": [0, 0, 0.2, 1], "rotation": 180, "texture": "#3"},
				"east": {"uv": [0, 0, 1, 0.2], "rotation": 270, "texture": "#3"},
				"south": {"uv": [0, 0, 0.2, 1], "texture": "#3"},
				"west": {"uv": [0, 0, 1, 0.2], "rotation": 90, "texture": "#3"},
				"up": {"uv": [0, 0, 0.2, 0.2], "rotation": 180, "texture": "#3"},
				"down": {"uv": [0, 0, 0.2, 0.2], "texture": "#3"}
			}
		},
		{
			"from": [3.7, 11.1, 3.8],
			"to": [3.9, 12.1, 4],
			"rotation": {"angle": 0, "axis": "x", "origin": [3.5, 13.7, 7.6]},
			"faces": {
				"north": {"uv": [0, 0, 0.2, 1], "rotation": 180, "texture": "#3"},
				"east": {"uv": [0, 0, 1, 0.2], "rotation": 270, "texture": "#3"},
				"south": {"uv": [0, 0, 0.2, 1], "texture": "#3"},
				"west": {"uv": [0, 0, 1, 0.2], "rotation": 90, "texture": "#3"},
				"up": {"uv": [0, 0, 0.2, 0.2], "rotation": 180, "texture": "#3"},
				"down": {"uv": [0, 0, 0.2, 0.2], "texture": "#3"}
			}
		},
		{
			"from": [3.3, 11.1, 3.8],
			"to": [3.5, 12.1, 4],
			"rotation": {"angle": 0, "axis": "x", "origin": [3.5, 13.7, 7.6]},
			"faces": {
				"north": {"uv": [0, 0, 0.2, 1], "rotation": 180, "texture": "#3"},
				"east": {"uv": [0, 0, 1, 0.2], "rotation": 270, "texture": "#3"},
				"south": {"uv": [0, 0, 0.2, 1], "texture": "#3"},
				"west": {"uv": [0, 0, 1, 0.2], "rotation": 90, "texture": "#3"},
				"up": {"uv": [0, 0, 0.2, 0.2], "rotation": 180, "texture": "#3"},
				"down": {"uv": [0, 0, 0.2, 0.2], "texture": "#3"}
			}
		},
		{
			"from": [2.9, 11.1, 3.8],
			"to": [3.1, 12.1, 4],
			"rotation": {"angle": 0, "axis": "x", "origin": [3.5, 13.7, 7.6]},
			"faces": {
				"north": {"uv": [0, 0, 0.2, 1], "rotation": 180, "texture": "#3"},
				"east": {"uv": [0, 0, 1, 0.2], "rotation": 270, "texture": "#3"},
				"south": {"uv": [0, 0, 0.2, 1], "texture": "#3"},
				"west": {"uv": [0, 0, 1, 0.2], "rotation": 90, "texture": "#3"},
				"up": {"uv": [0, 0, 0.2, 0.2], "rotation": 180, "texture": "#3"},
				"down": {"uv": [0, 0, 0.2, 0.2], "texture": "#3"}
			}
		},
		{
			"from": [2.5, 11.1, 3.8],
			"to": [2.7, 12.1, 4],
			"rotation": {"angle": 0, "axis": "x", "origin": [3.5, 13.7, 7.6]},
			"faces": {
				"north": {"uv": [0, 0, 0.2, 1], "rotation": 180, "texture": "#3"},
				"east": {"uv": [0, 0, 1, 0.2], "rotation": 270, "texture": "#3"},
				"south": {"uv": [0, 0, 0.2, 1], "texture": "#3"},
				"west": {"uv": [0, 0, 1, 0.2], "rotation": 90, "texture": "#3"},
				"up": {"uv": [0, 0, 0.2, 0.2], "rotation": 180, "texture": "#3"},
				"down": {"uv": [0, 0, 0.2, 0.2], "texture": "#3"}
			}
		},
		{
			"from": [2.1, 11.1, 3.8],
			"to": [2.3, 12.1, 4],
			"rotation": {"angle": 0, "axis": "x", "origin": [3.5, 13.7, 7.6]},
			"faces": {
				"north": {"uv": [0, 0, 0.2, 1], "rotation": 180, "texture": "#3"},
				"east": {"uv": [0, 0, 1, 0.2], "rotation": 270, "texture": "#3"},
				"south": {"uv": [0, 0, 0.2, 1], "texture": "#3"},
				"west": {"uv": [0, 0, 1, 0.2], "rotation": 90, "texture": "#3"},
				"up": {"uv": [0, 0, 0.2, 0.2], "rotation": 180, "texture": "#3"},
				"down": {"uv": [0, 0, 0.2, 0.2], "texture": "#3"}
			}
		},
		{
			"from": [1.7, 11.1, 3.8],
			"to": [1.9, 12.1, 4],
			"rotation": {"angle": 0, "axis": "x", "origin": [3.5, 13.7, 7.6]},
			"faces": {
				"north": {"uv": [0, 0, 0.2, 1], "rotation": 180, "texture": "#3"},
				"east": {"uv": [0, 0, 1, 0.2], "rotation": 270, "texture": "#3"},
				"south": {"uv": [0, 0, 0.2, 1], "texture": "#3"},
				"west": {"uv": [0, 0, 1, 0.2], "rotation": 90, "texture": "#3"},
				"up": {"uv": [0, 0, 0.2, 0.2], "rotation": 180, "texture": "#3"},
				"down": {"uv": [0, 0, 0.2, 0.2], "texture": "#3"}
			}
		},
		{
			"from": [1.3, 11.1, 3.8],
			"to": [1.5, 12.1, 4],
			"rotation": {"angle": 0, "axis": "x", "origin": [3.5, 13.7, 7.6]},
			"faces": {
				"north": {"uv": [0, 0, 0.2, 1], "rotation": 180, "texture": "#3"},
				"east": {"uv": [0, 0, 1, 0.2], "rotation": 270, "texture": "#3"},
				"south": {"uv": [0, 0, 0.2, 1], "texture": "#3"},
				"west": {"uv": [0, 0, 1, 0.2], "rotation": 90, "texture": "#3"},
				"up": {"uv": [0, 0, 0.2, 0.2], "rotation": 180, "texture": "#3"},
				"down": {"uv": [0, 0, 0.2, 0.2], "texture": "#3"}
			}
		},
		{
			"from": [1.3, 10.85, 3.95],
			"to": [4.8, 12.25, 4.25],
			"rotation": {"angle": 0, "axis": "x", "origin": [6.9, 13.45, 9]},
			"faces": {
				"north": {"uv": [0, 0, 3.5, 1.4], "rotation": 180, "texture": "#3"},
				"east": {"uv": [0, 0, 1.4, 0.3], "rotation": 270, "texture": "#3"},
				"south": {"uv": [0, 0, 3.5, 1.4], "texture": "#3"},
				"west": {"uv": [0, 0, 1.4, 0.3], "rotation": 90, "texture": "#3"},
				"up": {"uv": [0, 0, 3.5, 0.3], "rotation": 180, "texture": "#3"},
				"down": {"uv": [0, 0, 3.5, 0.3], "texture": "#3"}
			}
		},
		{
			"from": [4.8, 13.8, 4.4],
			"to": [7, 14.2, 5.6],
			"faces": {
				"north": {"uv": [0, 0, 2.2, 0.4], "texture": "#2"},
				"east": {"uv": [0, 0, 1.2, 0.4], "texture": "#2"},
				"south": {"uv": [0, 0, 2.2, 0.4], "texture": "#2"},
				"west": {"uv": [0, 0, 1.2, 0.4], "texture": "#2"},
				"up": {"uv": [0, 0, 2.2, 1.2], "texture": "#2"},
				"down": {"uv": [0, 0, 2.2, 1.2], "texture": "#2"}
			}
		},
		{
			"from": [4.9, 14.1, 5.6],
			"to": [5.1, 14.4, 5.8],
			"rotation": {"angle": 0, "axis": "x", "origin": [8.3, 14.7, 5]},
			"faces": {
				"north": {"uv": [0, 0, 0.2, 0.3], "rotation": 180, "texture": "#2"},
				"east": {"uv": [0, 0, 0.3, 0.2], "rotation": 90, "texture": "#2"},
				"south": {"uv": [0, 0, 0.2, 0.3], "texture": "#2"},
				"west": {"uv": [0, 0, 0.3, 0.2], "rotation": 270, "texture": "#2"},
				"up": {"uv": [0, 0, 0.2, 0.2], "texture": "#2"},
				"down": {"uv": [0, 0, 0.2, 0.2], "rotation": 180, "texture": "#2"}
			}
		},
		{
			"from": [4.9, 14.3, 5.7],
			"to": [5.1, 14.9, 5.9],
			"rotation": {"angle": 0, "axis": "x", "origin": [8.3, 14.7, 5]},
			"faces": {
				"north": {"uv": [0, 0, 0.2, 0.6], "rotation": 180, "texture": "#2"},
				"east": {"uv": [0, 0, 0.6, 0.2], "rotation": 90, "texture": "#2"},
				"south": {"uv": [0, 0, 0.2, 0.6], "texture": "#2"},
				"west": {"uv": [0, 0, 0.6, 0.2], "rotation": 270, "texture": "#2"},
				"up": {"uv": [0, 0, 0.2, 0.2], "texture": "#2"},
				"down": {"uv": [0, 0, 0.2, 0.2], "rotation": 180, "texture": "#2"}
			}
		},
		{
			"from": [4.9, 14.8, 5.5],
			"to": [5.1, 15, 5.8],
			"rotation": {"angle": 0, "axis": "x", "origin": [5, 15.5, 5.8]},
			"faces": {
				"north": {"uv": [0, 0, 0.2, 0.2], "rotation": 180, "texture": "#2"},
				"east": {"uv": [0, 0, 0.3, 0.2], "rotation": 180, "texture": "#2"},
				"south": {"uv": [0, 0, 0.2, 0.2], "rotation": 180, "texture": "#2"},
				"west": {"uv": [0, 0, 0.3, 0.2], "rotation": 180, "texture": "#2"},
				"up": {"uv": [0, 0, 0.2, 0.3], "texture": "#2"},
				"down": {"uv": [0, 0, 0.2, 0.3], "texture": "#2"}
			}
		},
		{
			"from": [4.9, 15, 5.3],
			"to": [5.1, 15.2, 5.6],
			"rotation": {"angle": 0, "axis": "x", "origin": [5, 15.5, 5.8]},
			"faces": {
				"north": {"uv": [0, 0, 0.2, 0.2], "rotation": 180, "texture": "#2"},
				"east": {"uv": [0, 0, 0.3, 0.2], "rotation": 180, "texture": "#2"},
				"south": {"uv": [0, 0, 0.2, 0.2], "rotation": 180, "texture": "#2"},
				"west": {"uv": [0, 0, 0.3, 0.2], "rotation": 180, "texture": "#2"},
				"up": {"uv": [0, 0, 0.2, 0.3], "texture": "#2"},
				"down": {"uv": [0, 0, 0.2, 0.3], "texture": "#2"}
			}
		},
		{
			"from": [4.9, 15.1, 4.6],
			"to": [5.1, 15.3, 5.4],
			"rotation": {"angle": 0, "axis": "x", "origin": [5, 15.5, 5.8]},
			"faces": {
				"north": {"uv": [0, 0, 0.2, 0.2], "rotation": 180, "texture": "#2"},
				"east": {"uv": [0, 0, 0.8, 0.2], "rotation": 180, "texture": "#2"},
				"south": {"uv": [0, 0, 0.2, 0.2], "rotation": 180, "texture": "#2"},
				"west": {"uv": [0, 0, 0.8, 0.2], "rotation": 180, "texture": "#2"},
				"up": {"uv": [0, 0, 0.2, 0.8], "texture": "#2"},
				"down": {"uv": [0, 0, 0.2, 0.8], "texture": "#2"}
			}
		},
		{
			"from": [4.9, 15, 4.4],
			"to": [5.1, 15.2, 4.7],
			"rotation": {"angle": 0, "axis": "x", "origin": [5, 15.5, 5.8]},
			"faces": {
				"north": {"uv": [0, 0, 0.2, 0.2], "rotation": 180, "texture": "#2"},
				"east": {"uv": [0, 0, 0.3, 0.2], "rotation": 180, "texture": "#2"},
				"south": {"uv": [0, 0, 0.2, 0.2], "rotation": 180, "texture": "#2"},
				"west": {"uv": [0, 0, 0.3, 0.2], "rotation": 180, "texture": "#2"},
				"up": {"uv": [0, 0, 0.2, 0.3], "texture": "#2"},
				"down": {"uv": [0, 0, 0.2, 0.3], "texture": "#2"}
			}
		},
		{
			"from": [4.9, 14.8, 4.2],
			"to": [5.1, 15, 4.5],
			"rotation": {"angle": 0, "axis": "x", "origin": [5, 15.5, 5.8]},
			"faces": {
				"north": {"uv": [0, 0, 0.2, 0.2], "rotation": 180, "texture": "#2"},
				"east": {"uv": [0, 0, 0.3, 0.2], "rotation": 180, "texture": "#2"},
				"south": {"uv": [0, 0, 0.2, 0.2], "rotation": 180, "texture": "#2"},
				"west": {"uv": [0, 0, 0.3, 0.2], "rotation": 180, "texture": "#2"},
				"up": {"uv": [0, 0, 0.2, 0.3], "texture": "#2"},
				"down": {"uv": [0, 0, 0.2, 0.3], "texture": "#2"}
			}
		},
		{
			"from": [4.9, 14.3, 4.1],
			"to": [5.1, 14.9, 4.3],
			"rotation": {"angle": 0, "axis": "x", "origin": [8.3, 14.7, 5]},
			"faces": {
				"north": {"uv": [0, 0, 0.2, 0.6], "rotation": 180, "texture": "#2"},
				"east": {"uv": [0, 0, 0.6, 0.2], "rotation": 90, "texture": "#2"},
				"south": {"uv": [0, 0, 0.2, 0.6], "texture": "#2"},
				"west": {"uv": [0, 0, 0.6, 0.2], "rotation": 270, "texture": "#2"},
				"up": {"uv": [0, 0, 0.2, 0.2], "texture": "#2"},
				"down": {"uv": [0, 0, 0.2, 0.2], "rotation": 180, "texture": "#2"}
			}
		},
		{
			"from": [4.9, 14.1, 4.2],
			"to": [5.1, 14.4, 4.4],
			"rotation": {"angle": 0, "axis": "x", "origin": [8.3, 14.7, 5]},
			"faces": {
				"north": {"uv": [0, 0, 0.2, 0.3], "rotation": 180, "texture": "#2"},
				"east": {"uv": [0, 0, 0.3, 0.2], "rotation": 90, "texture": "#2"},
				"south": {"uv": [0, 0, 0.2, 0.3], "texture": "#2"},
				"west": {"uv": [0, 0, 0.3, 0.2], "rotation": 270, "texture": "#2"},
				"up": {"uv": [0, 0, 0.2, 0.2], "texture": "#2"},
				"down": {"uv": [0, 0, 0.2, 0.2], "rotation": 180, "texture": "#2"}
			}
		},
		{
			"from": [2.2, 13.6, 4.5],
			"to": [2.4, 13.8, 5.5],
			"faces": {
				"north": {"uv": [0, 0, 0.2, 0.2], "texture": "#2"},
				"east": {"uv": [0, 0, 1, 0.2], "texture": "#2"},
				"south": {"uv": [0, 0, 0.2, 0.2], "texture": "#2"},
				"west": {"uv": [0, 0, 1, 0.2], "texture": "#2"},
				"up": {"uv": [0, 0, 0.2, 1], "texture": "#2"},
				"down": {"uv": [0, 0, 0.2, 1], "texture": "#2"}
			}
		},
		{
			"from": [2.6, 13.6, 4.5],
			"to": [2.8, 13.8, 5.5],
			"faces": {
				"north": {"uv": [0, 0, 0.2, 0.2], "texture": "#2"},
				"east": {"uv": [0, 0, 1, 0.2], "texture": "#2"},
				"south": {"uv": [0, 0, 0.2, 0.2], "texture": "#2"},
				"west": {"uv": [0, 0, 1, 0.2], "texture": "#2"},
				"up": {"uv": [0, 0, 0.2, 1], "texture": "#2"},
				"down": {"uv": [0, 0, 0.2, 1], "texture": "#2"}
			}
		},
		{
			"from": [3, 13.6, 4.5],
			"to": [3.2, 13.8, 5.5],
			"faces": {
				"north": {"uv": [0, 0, 0.2, 0.2], "texture": "#2"},
				"east": {"uv": [0, 0, 1, 0.2], "texture": "#2"},
				"south": {"uv": [0, 0, 0.2, 0.2], "texture": "#2"},
				"west": {"uv": [0, 0, 1, 0.2], "texture": "#2"},
				"up": {"uv": [0, 0, 0.2, 1], "texture": "#2"},
				"down": {"uv": [0, 0, 0.2, 1], "texture": "#2"}
			}
		},
		{
			"from": [3.8, 13.6, 4.5],
			"to": [4, 13.8, 5.5],
			"faces": {
				"north": {"uv": [0, 0, 0.2, 0.2], "texture": "#2"},
				"east": {"uv": [0, 0, 1, 0.2], "texture": "#2"},
				"south": {"uv": [0, 0, 0.2, 0.2], "texture": "#2"},
				"west": {"uv": [0, 0, 1, 0.2], "texture": "#2"},
				"up": {"uv": [0, 0, 0.2, 1], "texture": "#2"},
				"down": {"uv": [0, 0, 0.2, 1], "texture": "#2"}
			}
		},
		{
			"from": [3.4, 13.6, 4.5],
			"to": [3.6, 13.8, 5.5],
			"faces": {
				"north": {"uv": [0, 0, 0.2, 0.2], "texture": "#2"},
				"east": {"uv": [0, 0, 1, 0.2], "texture": "#2"},
				"south": {"uv": [0, 0, 0.2, 0.2], "texture": "#2"},
				"west": {"uv": [0, 0, 1, 0.2], "texture": "#2"},
				"up": {"uv": [0, 0, 0.2, 1], "texture": "#2"},
				"down": {"uv": [0, 0, 0.2, 1], "texture": "#2"}
			}
		},
		{
			"from": [4.2, 13.6, 4.5],
			"to": [4.4, 13.8, 5.5],
			"faces": {
				"north": {"uv": [0, 0, 0.2, 0.2], "texture": "#2"},
				"east": {"uv": [0, 0, 1, 0.2], "texture": "#2"},
				"south": {"uv": [0, 0, 0.2, 0.2], "texture": "#2"},
				"west": {"uv": [0, 0, 1, 0.2], "texture": "#2"},
				"up": {"uv": [0, 0, 0.2, 1], "texture": "#2"},
				"down": {"uv": [0, 0, 0.2, 1], "texture": "#2"}
			}
		},
		{
			"from": [4.6, 13.6, 4.5],
			"to": [4.8, 13.8, 5.5],
			"faces": {
				"north": {"uv": [0, 0, 0.2, 0.2], "texture": "#2"},
				"east": {"uv": [0, 0, 1, 0.2], "texture": "#2"},
				"south": {"uv": [0, 0, 0.2, 0.2], "texture": "#2"},
				"west": {"uv": [0, 0, 1, 0.2], "texture": "#2"},
				"up": {"uv": [0, 0, 0.2, 1], "texture": "#2"},
				"down": {"uv": [0, 0, 0.2, 1], "texture": "#2"}
			}
		},
		{
			"from": [5, 13.6, 4.5],
			"to": [5.2, 13.8, 5.5],
			"faces": {
				"north": {"uv": [0, 0, 0.2, 0.2], "texture": "#2"},
				"east": {"uv": [0, 0, 1, 0.2], "texture": "#2"},
				"south": {"uv": [0, 0, 0.2, 0.2], "texture": "#2"},
				"west": {"uv": [0, 0, 1, 0.2], "texture": "#2"},
				"up": {"uv": [0, 0, 0.2, 1], "texture": "#2"},
				"down": {"uv": [0, 0, 0.2, 1], "texture": "#2"}
			}
		},
		{
			"from": [2, 13.3, 4.3],
			"to": [11.8, 13.6, 5.7],
			"faces": {
				"north": {"uv": [0, 0, 9.8, 0.3], "texture": "#2"},
				"east": {"uv": [0, 0, 1.4, 0.3], "texture": "#2"},
				"south": {"uv": [0, 0, 9.8, 0.3], "texture": "#2"},
				"west": {"uv": [0, 0, 1.4, 0.3], "texture": "#2"},
				"up": {"uv": [0, 0, 9.8, 1.4], "texture": "#2"},
				"down": {"uv": [0, 0, 9.8, 1.4], "texture": "#2"}
			}
		},
		{
			"from": [5.4, 13.6, 4.5],
			"to": [5.6, 13.8, 5.5],
			"faces": {
				"north": {"uv": [0, 0, 0.2, 0.2], "texture": "#2"},
				"east": {"uv": [0, 0, 1, 0.2], "texture": "#2"},
				"south": {"uv": [0, 0, 0.2, 0.2], "texture": "#2"},
				"west": {"uv": [0, 0, 1, 0.2], "texture": "#2"},
				"up": {"uv": [0, 0, 0.2, 1], "texture": "#2"},
				"down": {"uv": [0, 0, 0.2, 1], "texture": "#2"}
			}
		},
		{
			"from": [5.8, 13.6, 4.5],
			"to": [6, 13.8, 5.5],
			"faces": {
				"north": {"uv": [0, 0, 0.2, 0.2], "texture": "#2"},
				"east": {"uv": [0, 0, 1, 0.2], "texture": "#2"},
				"south": {"uv": [0, 0, 0.2, 0.2], "texture": "#2"},
				"west": {"uv": [0, 0, 1, 0.2], "texture": "#2"},
				"up": {"uv": [0, 0, 0.2, 1], "texture": "#2"},
				"down": {"uv": [0, 0, 0.2, 1], "texture": "#2"}
			}
		},
		{
			"from": [6.2, 13.6, 4.5],
			"to": [6.4, 13.8, 5.5],
			"faces": {
				"north": {"uv": [0, 0, 0.2, 0.2], "texture": "#2"},
				"east": {"uv": [0, 0, 1, 0.2], "texture": "#2"},
				"south": {"uv": [0, 0, 0.2, 0.2], "texture": "#2"},
				"west": {"uv": [0, 0, 1, 0.2], "texture": "#2"},
				"up": {"uv": [0, 0, 0.2, 1], "texture": "#2"},
				"down": {"uv": [0, 0, 0.2, 1], "texture": "#2"}
			}
		},
		{
			"from": [6.6, 13.6, 4.5],
			"to": [6.8, 13.8, 5.5],
			"faces": {
				"north": {"uv": [0, 0, 0.2, 0.2], "texture": "#2"},
				"east": {"uv": [0, 0, 1, 0.2], "texture": "#2"},
				"south": {"uv": [0, 0, 0.2, 0.2], "texture": "#2"},
				"west": {"uv": [0, 0, 1, 0.2], "texture": "#2"},
				"up": {"uv": [0, 0, 0.2, 1], "texture": "#2"},
				"down": {"uv": [0, 0, 0.2, 1], "texture": "#2"}
			}
		},
		{
			"from": [7, 13.6, 4.5],
			"to": [7.2, 13.8, 5.5],
			"faces": {
				"north": {"uv": [0, 0, 0.2, 0.2], "texture": "#2"},
				"east": {"uv": [0, 0, 1, 0.2], "texture": "#2"},
				"south": {"uv": [0, 0, 0.2, 0.2], "texture": "#2"},
				"west": {"uv": [0, 0, 1, 0.2], "texture": "#2"},
				"up": {"uv": [0, 0, 0.2, 1], "texture": "#2"},
				"down": {"uv": [0, 0, 0.2, 1], "texture": "#2"}
			}
		},
		{
			"from": [7.4, 13.6, 4.5],
			"to": [7.6, 13.8, 5.5],
			"faces": {
				"north": {"uv": [0, 0, 0.2, 0.2], "texture": "#2"},
				"east": {"uv": [0, 0, 1, 0.2], "texture": "#2"},
				"south": {"uv": [0, 0, 0.2, 0.2], "texture": "#2"},
				"west": {"uv": [0, 0, 1, 0.2], "texture": "#2"},
				"up": {"uv": [0, 0, 0.2, 1], "texture": "#2"},
				"down": {"uv": [0, 0, 0.2, 1], "texture": "#2"}
			}
		},
		{
			"from": [7.8, 13.6, 4.5],
			"to": [8, 13.8, 5.5],
			"faces": {
				"north": {"uv": [0, 0, 0.2, 0.2], "texture": "#2"},
				"east": {"uv": [0, 0, 1, 0.2], "texture": "#2"},
				"south": {"uv": [0, 0, 0.2, 0.2], "texture": "#2"},
				"west": {"uv": [0, 0, 1, 0.2], "texture": "#2"},
				"up": {"uv": [0, 0, 0.2, 1], "texture": "#2"},
				"down": {"uv": [0, 0, 0.2, 1], "texture": "#2"}
			}
		},
		{
			"from": [4.8, 13.6, 4.5],
			"to": [7, 13.8, 5.5],
			"faces": {
				"north": {"uv": [0, 0, 2.2, 0.2], "texture": "#2"},
				"east": {"uv": [0, 0, 1, 0.2], "texture": "#2"},
				"south": {"uv": [0, 0, 2.2, 0.2], "texture": "#2"},
				"west": {"uv": [0, 0, 1, 0.2], "texture": "#2"},
				"up": {"uv": [0, 0, 2.2, 1], "texture": "#2"},
				"down": {"uv": [0, 0, 2.2, 1], "texture": "#2"}
			}
		},
		{
			"from": [8.2, 13.6, 4.5],
			"to": [8.4, 13.8, 5.5],
			"faces": {
				"north": {"uv": [0, 0, 0.2, 0.2], "texture": "#2"},
				"east": {"uv": [0, 0, 1, 0.2], "texture": "#2"},
				"south": {"uv": [0, 0, 0.2, 0.2], "texture": "#2"},
				"west": {"uv": [0, 0, 1, 0.2], "texture": "#2"},
				"up": {"uv": [0, 0, 0.2, 1], "texture": "#2"},
				"down": {"uv": [0, 0, 0.2, 1], "texture": "#2"}
			}
		},
		{
			"from": [8.6, 13.6, 4.5],
			"to": [8.8, 13.8, 5.5],
			"faces": {
				"north": {"uv": [0, 0, 0.2, 0.2], "texture": "#2"},
				"east": {"uv": [0, 0, 1, 0.2], "texture": "#2"},
				"south": {"uv": [0, 0, 0.2, 0.2], "texture": "#2"},
				"west": {"uv": [0, 0, 1, 0.2], "texture": "#2"},
				"up": {"uv": [0, 0, 0.2, 1], "texture": "#2"},
				"down": {"uv": [0, 0, 0.2, 1], "texture": "#2"}
			}
		},
		{
			"from": [9, 13.6, 4.5],
			"to": [9.2, 13.8, 5.5],
			"faces": {
				"north": {"uv": [0, 0, 0.2, 0.2], "texture": "#2"},
				"east": {"uv": [0, 0, 1, 0.2], "texture": "#2"},
				"south": {"uv": [0, 0, 0.2, 0.2], "texture": "#2"},
				"west": {"uv": [0, 0, 1, 0.2], "texture": "#2"},
				"up": {"uv": [0, 0, 0.2, 1], "texture": "#2"},
				"down": {"uv": [0, 0, 0.2, 1], "texture": "#2"}
			}
		},
		{
			"from": [9.4, 13.6, 4.5],
			"to": [9.6, 13.8, 5.5],
			"faces": {
				"north": {"uv": [0, 0, 0.2, 0.2], "texture": "#2"},
				"east": {"uv": [0, 0, 1, 0.2], "texture": "#2"},
				"south": {"uv": [0, 0, 0.2, 0.2], "texture": "#2"},
				"west": {"uv": [0, 0, 1, 0.2], "texture": "#2"},
				"up": {"uv": [0, 0, 0.2, 1], "texture": "#2"},
				"down": {"uv": [0, 0, 0.2, 1], "texture": "#2"}
			}
		},
		{
			"from": [9.8, 13.6, 4.5],
			"to": [10, 13.8, 5.5],
			"faces": {
				"north": {"uv": [0, 0, 0.2, 0.2], "texture": "#2"},
				"east": {"uv": [0, 0, 1, 0.2], "texture": "#2"},
				"south": {"uv": [0, 0, 0.2, 0.2], "texture": "#2"},
				"west": {"uv": [0, 0, 1, 0.2], "texture": "#2"},
				"up": {"uv": [0, 0, 0.2, 1], "texture": "#2"},
				"down": {"uv": [0, 0, 0.2, 1], "texture": "#2"}
			}
		},
		{
			"from": [10.2, 13.6, 4.5],
			"to": [10.4, 13.8, 5.5],
			"faces": {
				"north": {"uv": [0, 0, 0.2, 0.2], "texture": "#2"},
				"east": {"uv": [0, 0, 1, 0.2], "texture": "#2"},
				"south": {"uv": [0, 0, 0.2, 0.2], "texture": "#2"},
				"west": {"uv": [0, 0, 1, 0.2], "texture": "#2"},
				"up": {"uv": [0, 0, 0.2, 1], "texture": "#2"},
				"down": {"uv": [0, 0, 0.2, 1], "texture": "#2"}
			}
		},
		{
			"from": [10.6, 13.6, 4.5],
			"to": [10.8, 13.8, 5.5],
			"faces": {
				"north": {"uv": [0, 0, 0.2, 0.2], "texture": "#2"},
				"east": {"uv": [0, 0, 1, 0.2], "texture": "#2"},
				"south": {"uv": [0, 0, 0.2, 0.2], "texture": "#2"},
				"west": {"uv": [0, 0, 1, 0.2], "texture": "#2"},
				"up": {"uv": [0, 0, 0.2, 1], "texture": "#2"},
				"down": {"uv": [0, 0, 0.2, 1], "texture": "#2"}
			}
		},
		{
			"from": [11, 13.6, 4.5],
			"to": [11.2, 13.8, 5.5],
			"faces": {
				"north": {"uv": [0, 0, 0.2, 0.2], "texture": "#2"},
				"east": {"uv": [0, 0, 1, 0.2], "texture": "#2"},
				"south": {"uv": [0, 0, 0.2, 0.2], "texture": "#2"},
				"west": {"uv": [0, 0, 1, 0.2], "texture": "#2"},
				"up": {"uv": [0, 0, 0.2, 1], "texture": "#2"},
				"down": {"uv": [0, 0, 0.2, 1], "texture": "#2"}
			}
		},
		{
			"from": [11.4, 13.6, 4.5],
			"to": [11.6, 13.8, 5.5],
			"faces": {
				"north": {"uv": [0, 0, 0.2, 0.2], "texture": "#2"},
				"east": {"uv": [0, 0, 1, 0.2], "texture": "#2"},
				"south": {"uv": [0, 0, 0.2, 0.2], "texture": "#2"},
				"west": {"uv": [0, 0, 1, 0.2], "texture": "#2"},
				"up": {"uv": [0, 0, 0.2, 1], "texture": "#2"},
				"down": {"uv": [0, 0, 0.2, 1], "texture": "#2"}
			}
		},
		{
			"from": [12.2, 12.9, 4.2],
			"to": [12.6, 13.4, 5.8],
			"faces": {
				"north": {"uv": [0, 0, 0.4, 0.5], "texture": "#3"},
				"east": {"uv": [0, 0, 1.6, 0.5], "texture": "#3"},
				"south": {"uv": [0, 0, 0.4, 0.5], "texture": "#3"},
				"west": {"uv": [0, 0, 1.6, 0.5], "texture": "#3"},
				"up": {"uv": [0, 0, 0.4, 1.6], "texture": "#3"},
				"down": {"uv": [0, 0, 0.4, 1.6], "texture": "#3"}
			}
		},
		{
			"from": [12.6, 12.9, 4.4],
			"to": [12.9, 13.4, 5.6],
			"faces": {
				"north": {"uv": [0, 0, 0.3, 0.5], "texture": "#3"},
				"east": {"uv": [0, 0, 1.2, 0.5], "texture": "#3"},
				"south": {"uv": [0, 0, 0.3, 0.5], "texture": "#3"},
				"west": {"uv": [0, 0, 1.2, 0.5], "texture": "#3"},
				"up": {"uv": [0, 0, 0.3, 1.2], "texture": "#3"},
				"down": {"uv": [0, 0, 0.3, 1.2], "texture": "#3"}
			}
		},
		{
			"from": [7.2, 10.5, 4],
			"to": [12.2, 11.6, 6],
			"faces": {
				"north": {"uv": [9, 7, 14, 8], "texture": "#5"},
				"east": {"uv": [9, 10, 11, 11], "texture": "#5"},
				"south": {"uv": [9, 8, 14, 9], "texture": "#5"},
				"west": {"uv": [0, 11, 2, 12], "texture": "#5"},
				"up": {"uv": [10, 6, 5, 4], "texture": "#5"},
				"down": {"uv": [5, 6, 0, 8], "texture": "#5"}
			}
		},
		{
			"from": [7.2, 12.2, 4],
			"to": [12.2, 13.3, 6],
			"faces": {
				"north": {"uv": [4, 9, 9, 10], "texture": "#5"},
				"east": {"uv": [10, 4, 12, 5], "texture": "#5"},
				"south": {"uv": [9, 6, 14, 7], "texture": "#5"},
				"west": {"uv": [10, 5, 12, 6], "texture": "#5"},
				"up": {"uv": [10, 2, 5, 0], "texture": "#5"},
				"down": {"uv": [10, 2, 5, 4], "texture": "#5"}
			}
		},
		{
			"from": [7.2, 10.5, 4.1],
			"to": [12.2, 13.3, 6],
			"faces": {
				"north": {"uv": [0, 0, 5, 3], "texture": "#5"},
				"east": {"uv": [7, 10, 8, 13], "texture": "#5"},
				"south": {"uv": [0, 3, 5, 6], "texture": "#5"},
				"west": {"uv": [8, 10, 9, 13], "texture": "#5"},
				"up": {"uv": [14, 10, 9, 9], "texture": "#5"},
				"down": {"uv": [15, 0, 10, 1], "texture": "#5"}
			}
		},
		{
			"from": [9.5, 10.5, 4],
			"to": [12.2, 13.3, 6],
			"faces": {
				"north": {"uv": [10, 1, 11, 4], "texture": "#5"},
				"east": {"uv": [5, 6, 7, 9], "texture": "#5"},
				"south": {"uv": [4, 10, 5, 13], "texture": "#5"},
				"west": {"uv": [7, 6, 9, 9], "texture": "#5"},
				"up": {"uv": [12, 3, 11, 1], "texture": "#5"},
				"down": {"uv": [3, 11, 2, 13], "texture": "#5"}
			}
		},
		{
			"from": [7.2, 10.5, 4],
			"to": [7.8, 13.3, 6],
			"faces": {
				"north": {"uv": [5, 10, 6, 13], "texture": "#5"},
				"east": {"uv": [0, 8, 2, 11], "texture": "#5"},
				"south": {"uv": [6, 10, 7, 13], "texture": "#5"},
				"west": {"uv": [2, 8, 4, 11], "texture": "#5"},
				"up": {"uv": [4, 13, 3, 11], "texture": "#5"},
				"down": {"uv": [10, 11, 9, 13], "texture": "#5"}
			}
		},
		{
			"from": [6.58812, 11.62389, 4],
			"to": [7.58812, 13.02389, 6],
			"rotation": {"angle": -22.5, "axis": "z", "origin": [7.58812, 11.62389, 5]},
			"faces": {
				"north": {"uv": [0, 0, 1, 1.4], "texture": "#1"},
				"east": {"uv": [0, 0, 2, 1.4], "texture": "#1"},
				"south": {"uv": [0, 0, 1, 1.4], "texture": "#1"},
				"west": {"uv": [0, 0, 2, 1.4], "texture": "#1"},
				"up": {"uv": [0, 0, 1, 2], "texture": "#1"},
				"down": {"uv": [0, 0, 1, 2], "texture": "#1"}
			}
		},
		{
			"from": [6.66424, 10.90657, 4],
			"to": [7.66424, 12.00657, 6],
			"rotation": {"angle": 0, "axis": "z", "origin": [7.66424, 6.60657, 5]},
			"faces": {
				"north": {"uv": [0, 0, 1, 1.1], "texture": "#1"},
				"east": {"uv": [0, 0, 2, 1.1], "texture": "#1"},
				"south": {"uv": [0, 0, 1, 1.1], "texture": "#1"},
				"west": {"uv": [0, 0, 2, 1.1], "texture": "#1"},
				"up": {"uv": [0, 0, 1, 2], "texture": "#1"},
				"down": {"uv": [0, 0, 1, 2], "texture": "#1"}
			}
		},
		{
			"from": [1, 10.8, 4.2],
			"to": [7.2, 13.3, 5.8],
			"rotation": {"angle": 0, "axis": "y", "origin": [1.925, 10.75, 4.95]},
			"faces": {
				"north": {"uv": [0, 0, 6.2, 2.5], "texture": "#1"},
				"east": {"uv": [0, 0, 1.6, 2.5], "texture": "#1"},
				"south": {"uv": [0, 0, 6.2, 2.5], "texture": "#1"},
				"west": {"uv": [0, 0, 1.6, 2.5], "texture": "#1"},
				"up": {"uv": [0, 0, 6.2, 1.6], "texture": "#1"},
				"down": {"uv": [0, 0, 6.2, 1.6], "texture": "#1"}
			}
		},
		{
			"from": [2.4799, 10.82279, 4.2],
			"to": [3.4799, 12.27279, 5.8],
			"rotation": {"angle": -45, "axis": "z", "origin": [2.9799, 14.57279, 5]},
			"faces": {
				"north": {"uv": [0, 0, 1, 1.45], "texture": "#1"},
				"east": {"uv": [0, 0, 1.6, 1.45], "texture": "#1"},
				"south": {"uv": [0, 0, 1, 1.45], "texture": "#1"},
				"west": {"uv": [0, 0, 1.6, 1.45], "texture": "#1"},
				"up": {"uv": [0, 0, 1, 1.6], "texture": "#1"},
				"down": {"uv": [0, 0, 1, 1.6], "texture": "#1"}
			}
		},
		{
			"from": [-0.34081, 10.38854, 4.2],
			"to": [-0.04081, 12.13854, 5.8],
			"rotation": {"angle": -22.5, "axis": "z", "origin": [0.15919, 11.41354, 5]},
			"faces": {
				"north": {"uv": [0, 0, 0.3, 1.75], "texture": "#1"},
				"east": {"uv": [0, 0, 1.6, 1.75], "texture": "#1"},
				"south": {"uv": [0, 0, 0.3, 1.75], "texture": "#1"},
				"west": {"uv": [0, 0, 1.6, 1.75], "texture": "#1"},
				"up": {"uv": [0, 0, 0.3, 1.6], "texture": "#1"},
				"down": {"uv": [0, 0, 0.3, 1.6], "texture": "#1"}
			}
		},
		{
			"from": [-0.01317, 10.83683, 4.2],
			"to": [1.08683, 12.28683, 5.8],
			"rotation": {"angle": 0, "axis": "y", "origin": [-0.06317, -0.11317, 0]},
			"faces": {
				"north": {"uv": [0, 0, 1.1, 1.45], "texture": "#1"},
				"east": {"uv": [0, 0, 1.6, 1.45], "texture": "#1"},
				"south": {"uv": [0, 0, 1.1, 1.45], "texture": "#1"},
				"west": {"uv": [0, 0, 1.6, 1.45], "texture": "#1"},
				"up": {"uv": [0, 0, 1.1, 1.6], "texture": "#1"},
				"down": {"uv": [0, 0, 1.1, 1.6], "texture": "#1"}
			}
		},
		{
			"from": [-0.31317, 10.83683, 4.2],
			"to": [1.08683, 11.58683, 5.8],
			"rotation": {"angle": 0, "axis": "y", "origin": [-0.06317, -0.11317, 0]},
			"faces": {
				"north": {"uv": [0, 0, 1.4, 0.75], "texture": "#1"},
				"east": {"uv": [0, 0, 1.6, 0.75], "texture": "#1"},
				"south": {"uv": [0, 0, 1.4, 0.75], "texture": "#1"},
				"west": {"uv": [0, 0, 1.6, 0.75], "texture": "#1"},
				"up": {"uv": [0, 0, 1.4, 1.6], "texture": "#1"},
				"down": {"uv": [0, 0, 1.4, 1.6], "texture": "#1"}
			}
		},
		{
			"from": [12.2, 11.8, 4.6],
			"to": [18.2, 12.6, 5.4],
			"faces": {
				"north": {"uv": [0, 0, 6, 0.8], "texture": "#4"},
				"east": {"uv": [0, 0, 0.8, 0.8], "texture": "#4"},
				"south": {"uv": [0, 0, 6, 0.8], "texture": "#4"},
				"west": {"uv": [0, 0, 0.8, 0.8], "texture": "#4"},
				"up": {"uv": [0, 0, 6, 0.8], "texture": "#4"},
				"down": {"uv": [0, 0, 6, 0.8], "texture": "#4"}
			}
		},
		{
			"from": [-1.9, 11.4, 4.7],
			"to": [0.1, 12, 5.3],
			"faces": {
				"north": {"uv": [0, 0, 2, 0.6], "texture": "#4"},
				"east": {"uv": [0, 0, 0.6, 0.6], "texture": "#4"},
				"south": {"uv": [0, 0, 2, 0.6], "texture": "#4"},
				"west": {"uv": [0, 0, 0.6, 0.6], "texture": "#4"},
				"up": {"uv": [0, 0, 2, 0.6], "texture": "#4"},
				"down": {"uv": [0, 0, 2, 0.6], "texture": "#4"}
			}
		},
		{
			"from": [18.2, 10, 4],
			"to": [19, 12.8, 6],
			"rotation": {"angle": 0, "axis": "y", "origin": [0, -0.5, 0]},
			"faces": {
				"north": {"uv": [0, 0, 0.8, 2.8], "texture": "#1"},
				"east": {"uv": [0, 0, 2, 2.8], "texture": "#1"},
				"south": {"uv": [0, 0, 0.8, 2.8], "texture": "#1"},
				"west": {"uv": [0, 0, 2, 2.8], "texture": "#1"},
				"up": {"uv": [0, 0, 0.8, 2], "texture": "#1"},
				"down": {"uv": [0, 0, 0.8, 2], "texture": "#1"}
			}
		},
		{
			"from": [18.52919, 9.14505, 4],
			"to": [18.92919, 10.14505, 6],
			"rotation": {"angle": 22.5, "axis": "z", "origin": [18.72919, 9.24505, 5]},
			"faces": {
				"north": {"uv": [0, 0, 0.4, 1], "texture": "#1"},
				"east": {"uv": [0, 0, 2, 1], "texture": "#1"},
				"south": {"uv": [0, 0, 0.4, 1], "texture": "#1"},
				"west": {"uv": [0, 0, 2, 1], "texture": "#1"},
				"up": {"uv": [0, 0, 0.4, 2], "texture": "#1"},
				"down": {"uv": [0, 0, 0.4, 2], "texture": "#1"}
			}
		},
		{
			"from": [18.6, 9.1, 4],
			"to": [19, 10, 6],
			"rotation": {"angle": 0, "axis": "y", "origin": [0, -0.5, 0]},
			"faces": {
				"north": {"uv": [0, 0, 0.4, 0.9], "texture": "#1"},
				"east": {"uv": [0, 0, 2, 0.9], "texture": "#1"},
				"south": {"uv": [0, 0, 0.4, 0.9], "texture": "#1"},
				"west": {"uv": [0, 0, 2, 0.9], "texture": "#1"},
				"up": {"uv": [0, 0, 0.4, 2], "texture": "#1"},
				"down": {"uv": [0, 0, 0.4, 2], "texture": "#1"}
			}
		},
		{
			"from": [6.9, 3, 4.2],
			"to": [8.6, 4, 5.8],
			"faces": {
				"north": {"uv": [4, 4, 6, 5], "texture": "#0"},
				"east": {"uv": [4, 5, 6, 6], "texture": "#0"},
				"south": {"uv": [0, 6, 2, 7], "texture": "#0"},
				"west": {"uv": [6, 0, 8, 1], "texture": "#0"},
				"up": {"uv": [2, 2, 0, 0], "texture": "#0"},
				"down": {"uv": [2, 2, 0, 4], "texture": "#0"}
			}
		},
		{
			"from": [7, 4, 4.2],
			"to": [8.7, 5, 5.8],
			"faces": {
				"north": {"uv": [6, 1, 8, 2], "texture": "#0"},
				"east": {"uv": [2, 6, 4, 7], "texture": "#0"},
				"south": {"uv": [6, 2, 8, 3], "texture": "#0"},
				"west": {"uv": [6, 3, 8, 4], "texture": "#0"},
				"up": {"uv": [4, 2, 2, 0], "texture": "#0"},
				"down": {"uv": [4, 2, 2, 4], "texture": "#0"}
			}
		},
		{
			"from": [7.1, 5, 4.2],
			"to": [8.8, 6, 5.8],
			"faces": {
				"north": {"uv": [4, 6, 6, 7], "texture": "#0"},
				"east": {"uv": [6, 4, 8, 5], "texture": "#0"},
				"south": {"uv": [6, 5, 8, 6], "texture": "#0"},
				"west": {"uv": [6, 6, 8, 7], "texture": "#0"},
				"up": {"uv": [2, 6, 0, 4], "texture": "#0"},
				"down": {"uv": [6, 0, 4, 2], "texture": "#0"}
			}
		},
		{
			"from": [7.3, 6, 4.2],
			"to": [9, 7, 5.8],
			"faces": {
				"north": {"uv": [0, 7, 2, 8], "texture": "#0"},
				"east": {"uv": [2, 7, 4, 8], "texture": "#0"},
				"south": {"uv": [4, 7, 6, 8], "texture": "#0"},
				"west": {"uv": [6, 7, 8, 8], "texture": "#0"},
				"up": {"uv": [12, 3, 8, 0], "texture": "#0"},
				"down": {"uv": [6, 2, 4, 4], "texture": "#0"}
			}
		}
	],
	"display": {
		"thirdperson_righthand": {
			"rotation": [0, -90, 0],
			"translation": [-2.25, 0, 0.75],
			"scale": [0.6, 0.6, 0.6]
		},
		"firstperson_righthand": {
			"rotation": [0, -90, 0],
			"translation": [-3, 0.75, 1.75]
		},
		"ground": {
			"translation": [0, 4.5, 0]
		},
		"gui": {
			"rotation": [0, -180, -38],
			"translation": [2, -0.75, 0],
			"scale": [0.8, 0.8, 0.8]
		},
		"fixed": {
			"translation": [-0.75, -0.25, 3],
			"scale": [0.9, 0.9, 0.9]
		}
	},
	"groups": [
		{
			"name": "grip",
			"origin": [0, 0, 0],
			"color": 0,
			"children": [0, 1, 2, 3, 4, 5]
		},
		{
			"name": "trigger",
			"origin": [5.6, 9.64142, 5],
			"color": 0,
			"children": [6, 7, 8, 9, 10, 11, 12]
		},
		{
			"name": "rail",
			"origin": [0, 0, 0],
			"color": 0,
			"children": [
				{
					"name": "siderail",
					"origin": [6.9, 13.45, 9],
					"color": 0,
					"children": [13, 14, 15, 16, 17, 18, 19, 20, 21, 22, 23, 24, 25, 26, 27, 28, 29, 30, 31, 32]
				},
				{
					"name": "sight",
					"origin": [8.3, 14.7, 5],
					"color": 0,
					"children": [33, 34, 35, 36, 37, 38, 39, 40, 41, 42]
				},
				{
					"name": "toprail",
					"origin": [0, 0, 0],
					"color": 0,
					"children": [43, 44, 45, 46, 47, 48, 49, 50, 51, 52, 53, 54, 55, 56, 57, 58, 59, 60, 61, 62, 63, 64, 65, 66, 67, 68]
				}
			]
		},
		{
			"name": "handle",
			"origin": [0, 0, 0],
			"color": 0,
			"children": [69, 70]
		},
		{
			"name": "flame",
			"origin": [-0.06317, -0.11317, 0],
			"color": 0,
			"children": [71, 72, 73, 74, 75, 76, 77, 78, 79, 80, 81, 82]
		},
		{
			"name": "stock",
			"origin": [0, -0.5, 0],
			"color": 0,
			"children": [83, 84, 85, 86, 87]
		},
		{
			"name": "mg",
			"origin": [0, 0, 0],
			"color": 0,
			"children": [88, 89, 90, 91]
		}
	]
}