{
	"credit": "Made with Blockbench",
	"textures": {
		"0": "item/lancher_flame",
		"1": "item/lancher_grip",
		"2": "item/lancher_shotring",
		"3": "item/lancher_ammo",
		"particle": "item/lancher_flame"
	},
	"elements": [
		{
			"from": [19, 0, 5.2],
			"to": [20.5, 0.2, 6.3],
			"faces": {
				"north": {"uv": [0, 0, 1.5, 0.2], "texture": "#2"},
				"east": {"uv": [0, 0, 1.1, 0.2], "texture": "#2"},
				"south": {"uv": [0, 0, 1.5, 0.2], "texture": "#2"},
				"west": {"uv": [0, 0, 1.1, 0.2], "texture": "#2"},
				"up": {"uv": [0, 0, 1.5, 1.1], "texture": "#2"},
				"down": {"uv": [0, 0, 1.5, 1.1], "texture": "#2"}
			}
		},
		{
			"from": [19.2, 0.01, 5.3],
			"to": [20.3, 4.01, 6.2],
			"faces": {
				"north": {"uv": [0, 0, 1.1, 4], "texture": "#2"},
				"east": {"uv": [0, 0, 0.9, 4], "texture": "#2"},
				"south": {"uv": [0, 0, 1.1, 4], "texture": "#2"},
				"west": {"uv": [0, 0, 0.9, 4], "texture": "#2"},
				"up": {"uv": [0, 0, 1.1, 0.9], "texture": "#2"},
				"down": {"uv": [0, 0, 1.1, 0.9], "texture": "#2"}
			}
		},
		{
			"from": [19, 3, 5.2],
			"to": [20.5, 3.2, 6.3],
			"faces": {
				"north": {"uv": [0, 0, 1.5, 0.2], "texture": "#2"},
				"east": {"uv": [0, 0, 1.1, 0.2], "texture": "#2"},
				"south": {"uv": [0, 0, 1.5, 0.2], "texture": "#2"},
				"west": {"uv": [0, 0, 1.1, 0.2], "texture": "#2"},
				"up": {"uv": [0, 0, 1.5, 1.1], "texture": "#2"},
				"down": {"uv": [0, 0, 1.5, 1.1], "texture": "#2"}
			}
		},
		{
			"from": [14, 2.5, 5.2],
			"to": [17.2, 4, 6.3],
			"rotation": {"angle": 0, "axis": "y", "origin": [0, 0, 0]},
			"faces": {
				"north": {"uv": [0, 0, 3.2, 1.5], "texture": "#2"},
				"east": {"uv": [0, 0, 1.1, 1.5], "texture": "#2"},
				"south": {"uv": [0, 0, 3.2, 1.5], "texture": "#2"},
				"west": {"uv": [0, 0, 1.1, 1.5], "texture": "#2"},
				"up": {"uv": [0, 0, 3.2, 1.1], "texture": "#2"},
				"down": {"uv": [0, 0, 3.2, 1.1], "texture": "#2"}
			}
		},
		{
			"from": [14, -1, 5.2],
			"to": [15.5, 4, 6.3],
			"rotation": {"angle": 0, "axis": "y", "origin": [0, 0, 0]},
			"faces": {
				"north": {"uv": [0, 0, 1.5, 5], "texture": "#2"},
				"east": {"uv": [0, 0, 1.1, 5], "texture": "#2"},
				"south": {"uv": [0, 0, 1.5, 5], "texture": "#2"},
				"west": {"uv": [0, 0, 1.1, 5], "texture": "#2"},
				"up": {"uv": [0, 0, 1.5, 1.1], "texture": "#2"},
				"down": {"uv": [0, 0, 1.5, 1.1], "texture": "#2"}
			}
		},
		{
			"from": [15.80273, 2.30273, 5.4],
			"to": [16.00273, 2.60273, 6.1],
			"rotation": {"angle": -22.5, "axis": "z", "origin": [15.80273, 2.00273, 5.75]},
			"faces": {
				"north": {"uv": [0, 0, 0.3, 0.2], "rotation": 270, "texture": "#2"},
				"east": {"uv": [0, 0, 0.3, 0.7], "rotation": 90, "texture": "#2"},
				"south": {"uv": [0, 0, 0.3, 0.2], "rotation": 90, "texture": "#2"},
				"west": {"uv": [0, 0, 0.3, 0.7], "rotation": 90, "texture": "#2"},
				"up": {"uv": [0, 0, 0.7, 0.2], "rotation": 90, "texture": "#2"},
				"down": {"uv": [0, 0, 0.7, 0.2], "rotation": 90, "texture": "#2"}
			}
		},
		{
			"from": [15.91754, 1.4799, 5.4],
			"to": [16.11754, 2.2799, 6.1],
			"rotation": {"angle": 0, "axis": "z", "origin": [15.01754, 0.9299, 5.75]},
			"faces": {
				"north": {"uv": [0, 0, 0.8, 0.2], "rotation": 270, "texture": "#2"},
				"east": {"uv": [0, 0, 0.8, 0.7], "rotation": 90, "texture": "#2"},
				"south": {"uv": [0, 0, 0.8, 0.2], "rotation": 90, "texture": "#2"},
				"west": {"uv": [0, 0, 0.8, 0.7], "rotation": 90, "texture": "#2"},
				"up": {"uv": [0, 0, 0.7, 0.2], "rotation": 90, "texture": "#2"},
				"down": {"uv": [0, 0, 0.7, 0.2], "rotation": 90, "texture": "#2"}
			}
		},
		{
			"from": [15.99432, 1.29454, 5.4],
			"to": [16.19432, 1.59454, 6.1],
			"rotation": {"angle": 45, "axis": "z", "origin": [16.09432, 1.44454, 5.75]},
			"faces": {
				"north": {"uv": [0, 0, 0.3, 0.2], "rotation": 270, "texture": "#2"},
				"east": {"uv": [0, 0, 0.3, 0.7], "rotation": 90, "texture": "#2"},
				"south": {"uv": [0, 0, 0.3, 0.2], "rotation": 90, "texture": "#2"},
				"west": {"uv": [0, 0, 0.3, 0.7], "rotation": 90, "texture": "#2"},
				"up": {"uv": [0, 0, 0.7, 0.2], "rotation": 90, "texture": "#2"},
				"down": {"uv": [0, 0, 0.7, 0.2], "rotation": 90, "texture": "#2"}
			}
		},
		{
			"from": [17.10273, -0.59727, 5.4],
			"to": [17.30273, 3.20273, 6.1],
			"rotation": {"angle": 0, "axis": "z", "origin": [16.70273, -0.14727, 5.75]},
			"faces": {
				"north": {"uv": [0, 0, 3.8, 0.2], "rotation": 270, "texture": "#2"},
				"east": {"uv": [0, 0, 3.8, 0.7], "rotation": 90, "texture": "#2"},
				"south": {"uv": [0, 0, 3.8, 0.2], "rotation": 90, "texture": "#2"},
				"west": {"uv": [0, 0, 3.8, 0.7], "rotation": 90, "texture": "#2"},
				"up": {"uv": [0, 0, 0.7, 0.2], "rotation": 90, "texture": "#2"},
				"down": {"uv": [0, 0, 0.7, 0.2], "rotation": 90, "texture": "#2"}
			}
		},
		{
			"from": [12.90273, 9.50273, 5.4],
			"to": [16.70273, 9.70273, 6.1],
			"rotation": {"angle": 0, "axis": "z", "origin": [17.20273, 11.30273, 5.75]},
			"faces": {
				"north": {"uv": [0, 0, 3.8, 0.2], "texture": "#2"},
				"east": {"uv": [0, 0, 0.7, 0.2], "texture": "#2"},
				"south": {"uv": [0, 0, 3.8, 0.2], "texture": "#2"},
				"west": {"uv": [0, 0, 0.7, 0.2], "texture": "#2"},
				"up": {"uv": [0, 0, 3.8, 0.7], "texture": "#2"},
				"down": {"uv": [0, 0, 3.8, 0.7], "texture": "#2"}
			}
		},
		{
			"from": [16.90273, 8.70273, 5.4],
			"to": [17.60273, 8.90273, 6.1],
			"rotation": {"angle": 0, "axis": "z", "origin": [17.20273, 11.30273, 5.75]},
			"faces": {
				"north": {"uv": [0, 0, 0.7, 0.2], "texture": "#2"},
				"east": {"uv": [0, 0, 0.7, 0.2], "texture": "#2"},
				"south": {"uv": [0, 0, 0.7, 0.2], "texture": "#2"},
				"west": {"uv": [0, 0, 0.7, 0.2], "texture": "#2"},
				"up": {"uv": [0, 0, 0.7, 0.7], "texture": "#2"},
				"down": {"uv": [0, 0, 0.7, 0.7], "texture": "#2"}
			}
		},
		{
			"from": [12.00273, 8.70273, 5.4],
			"to": [12.70273, 8.90273, 6.1],
			"rotation": {"angle": 0, "axis": "z", "origin": [17.20273, 11.30273, 5.75]},
			"faces": {
				"north": {"uv": [0, 0, 0.7, 0.2], "texture": "#2"},
				"east": {"uv": [0, 0, 0.7, 0.2], "texture": "#2"},
				"south": {"uv": [0, 0, 0.7, 0.2], "texture": "#2"},
				"west": {"uv": [0, 0, 0.7, 0.2], "texture": "#2"},
				"up": {"uv": [0, 0, 0.7, 0.7], "texture": "#2"},
				"down": {"uv": [0, 0, 0.7, 0.7], "texture": "#2"}
			}
		},
		{
			"from": [16.77822, 8.61775, 5.4],
			"to": [16.97822, 9.71775, 6.1],
			"rotation": {"angle": 22.5, "axis": "z", "origin": [16.87822, 9.01775, 5.75]},
			"faces": {
				"north": {"uv": [0, 0, 1.1, 0.2], "rotation": 270, "texture": "#2"},
				"east": {"uv": [0, 0, 1.1, 0.7], "rotation": 90, "texture": "#2"},
				"south": {"uv": [0, 0, 1.1, 0.2], "rotation": 90, "texture": "#2"},
				"west": {"uv": [0, 0, 1.1, 0.7], "rotation": 90, "texture": "#2"},
				"up": {"uv": [0, 0, 0.7, 0.2], "rotation": 90, "texture": "#2"},
				"down": {"uv": [0, 0, 0.7, 0.2], "rotation": 90, "texture": "#2"}
			}
		},
		{
			"from": [12.68465, 8.60633, 5.4],
			"to": [12.88465, 9.70633, 6.1],
			"rotation": {"angle": -22.5, "axis": "z", "origin": [12.78465, 9.15633, 5.75]},
			"faces": {
				"north": {"uv": [0, 0, 1.1, 0.2], "rotation": 90, "texture": "#2"},
				"east": {"uv": [0, 0, 1.1, 0.7], "rotation": 270, "texture": "#2"},
				"south": {"uv": [0, 0, 1.1, 0.2], "rotation": 270, "texture": "#2"},
				"west": {"uv": [0, 0, 1.1, 0.7], "rotation": 270, "texture": "#2"},
				"up": {"uv": [0, 0, 0.7, 0.2], "rotation": 270, "texture": "#2"},
				"down": {"uv": [0, 0, 0.7, 0.2], "rotation": 270, "texture": "#2"}
			}
		},
		{
			"from": [15.5, -1, 5.4],
			"to": [16.9, -0.8, 6.1],
			"rotation": {"angle": 0, "axis": "z", "origin": [17.05, -0.9, 5.55]},
			"faces": {
				"north": {"uv": [0, 0, 1.4, 0.2], "texture": "#2"},
				"east": {"uv": [0, 0, 0.7, 0.2], "texture": "#2"},
				"south": {"uv": [0, 0, 1.4, 0.2], "texture": "#2"},
				"west": {"uv": [0, 0, 0.7, 0.2], "texture": "#2"},
				"up": {"uv": [0, 0, 1.4, 0.7], "texture": "#2"},
				"down": {"uv": [0, 0, 1.4, 0.7], "texture": "#2"}
			}
		},
		{
			"from": [16.96069, -1.5051, 5.4],
			"to": [17.16069, -1.3051, 6.1],
			"rotation": {"angle": 22.5, "axis": "z", "origin": [15.66069, -1.4051, 5.75]},
			"faces": {
				"north": {"uv": [0, 0, 0.2, 0.2], "rotation": 180, "texture": "#2"},
				"east": {"uv": [0, 0, 0.7, 0.2], "rotation": 180, "texture": "#2"},
				"south": {"uv": [0, 0, 0.2, 0.2], "rotation": 180, "texture": "#2"},
				"west": {"uv": [0, 0, 0.7, 0.2], "rotation": 180, "texture": "#2"},
				"up": {"uv": [0, 0, 0.2, 0.7], "rotation": 180, "texture": "#2"},
				"down": {"uv": [0, 0, 0.2, 0.7], "rotation": 180, "texture": "#2"}
			}
		},
		{
			"from": [16.98478, -0.88204, 5.4],
			"to": [17.18478, -0.68204, 6.1],
			"rotation": {"angle": 45, "axis": "z", "origin": [17.08478, -0.78204, 5.75]},
			"faces": {
				"north": {"uv": [0, 0, 0.2, 0.2], "rotation": 180, "texture": "#2"},
				"east": {"uv": [0, 0, 0.7, 0.2], "rotation": 180, "texture": "#2"},
				"south": {"uv": [0, 0, 0.2, 0.2], "rotation": 180, "texture": "#2"},
				"west": {"uv": [0, 0, 0.7, 0.2], "rotation": 180, "texture": "#2"},
				"up": {"uv": [0, 0, 0.2, 0.7], "rotation": 180, "texture": "#2"},
				"down": {"uv": [0, 0, 0.2, 0.7], "rotation": 180, "texture": "#2"}
			}
		},
		{
			"from": [17.07208, -0.75139, 5.4],
			"to": [17.27208, -0.55139, 6.1],
			"rotation": {"angle": -22.5, "axis": "z", "origin": [17.17208, -0.65139, 5.75]},
			"faces": {
				"north": {"uv": [0, 0, 0.2, 0.2], "rotation": 270, "texture": "#2"},
				"east": {"uv": [0, 0, 0.2, 0.7], "rotation": 90, "texture": "#2"},
				"south": {"uv": [0, 0, 0.2, 0.2], "rotation": 90, "texture": "#2"},
				"west": {"uv": [0, 0, 0.2, 0.7], "rotation": 90, "texture": "#2"},
				"up": {"uv": [0, 0, 0.7, 0.2], "rotation": 90, "texture": "#2"},
				"down": {"uv": [0, 0, 0.7, 0.2], "rotation": 90, "texture": "#2"}
			}
		},
		{
			"from": [4, 3.19203, 4.29325],
			"to": [23, 4.19203, 7.29325],
			"rotation": {"angle": 0, "axis": "y", "origin": [0, -2.80797, 4.29325]},
			"faces": {
				"north": {"uv": [0, 0, 16, 1], "texture": "#0"},
				"east": {"uv": [0, 0, 3, 1], "texture": "#0"},
				"south": {"uv": [0, 0, 16, 1], "texture": "#0"},
				"west": {"uv": [0, 0, 3, 1], "texture": "#0"},
				"up": {"uv": [0, 0, 16, 3], "texture": "#0"},
				"down": {"uv": [0, 0, 16, 3], "texture": "#0"}
			}
		},
		{
			"from": [3.85, 6.3, 4.4],
			"to": [4.15, 7.3, 4.5],
			"rotation": {"angle": 0, "axis": "y", "origin": [3.775, 6, 5.8]},
			"faces": {
				"north": {"uv": [0, 0, 0.3, 1], "texture": "#2"},
				"east": {"uv": [0, 0, 0.1, 1], "texture": "#2"},
				"south": {"uv": [0, 0, 0.3, 1], "texture": "#2"},
				"west": {"uv": [0, 0, 0.1, 1], "texture": "#2"},
				"up": {"uv": [0, 0, 0.3, 0.1], "rotation": 180, "texture": "#2"},
				"down": {"uv": [0, 0, 0.3, 0.1], "rotation": 180, "texture": "#2"}
			}
		},
		{
			"from": [3.85, 7.3, 4.4],
			"to": [4.15, 7.4, 5.4],
			"rotation": {"angle": 0, "axis": "y", "origin": [3.775, 6, 5.8]},
			"faces": {
				"north": {"uv": [0, 0, 0.3, 0.1], "texture": "#2"},
				"east": {"uv": [0, 0, 0.1, 1], "rotation": 270, "texture": "#2"},
				"south": {"uv": [0, 0, 0.3, 0.1], "rotation": 180, "texture": "#2"},
				"west": {"uv": [0, 0, 0.1, 1], "rotation": 90, "texture": "#2"},
				"up": {"uv": [0, 0, 0.3, 1], "rotation": 180, "texture": "#2"},
				"down": {"uv": [0, 0, 0.3, 1], "texture": "#2"}
			}
		},
		{
			"from": [3.85, 6.4, 5.4],
			"to": [4.15, 7.4, 5.5],
			"rotation": {"angle": 0, "axis": "y", "origin": [3.775, 6, 5.8]},
			"faces": {
				"north": {"uv": [0, 0, 0.3, 1], "texture": "#2"},
				"east": {"uv": [0, 0, 0.1, 1], "texture": "#2"},
				"south": {"uv": [0, 0, 0.3, 1], "texture": "#2"},
				"west": {"uv": [0, 0, 0.1, 1], "texture": "#2"},
				"up": {"uv": [0, 0, 0.3, 0.1], "rotation": 180, "texture": "#2"},
				"down": {"uv": [0, 0, 0.3, 0.1], "rotation": 180, "texture": "#2"}
			}
		},
		{
			"from": [3.85, 6.3, 4.5],
			"to": [4.15, 6.4, 5.5],
			"rotation": {"angle": 0, "axis": "y", "origin": [3.775, 6, 5.8]},
			"faces": {
				"north": {"uv": [0, 0, 0.3, 0.1], "texture": "#2"},
				"east": {"uv": [0, 0, 0.1, 1], "rotation": 270, "texture": "#2"},
				"south": {"uv": [0, 0, 0.3, 0.1], "rotation": 180, "texture": "#2"},
				"west": {"uv": [0, 0, 0.1, 1], "rotation": 90, "texture": "#2"},
				"up": {"uv": [0, 0, 0.3, 1], "rotation": 180, "texture": "#2"},
				"down": {"uv": [0, 0, 0.3, 1], "texture": "#2"}
			}
		},
		{
			"from": [3.85, 6.3, 6.1],
			"to": [4.15, 7.3, 6.2],
			"rotation": {"angle": 0, "axis": "y", "origin": [3.775, 6, 5.8]},
			"faces": {
				"north": {"uv": [0, 0, 0.3, 1], "texture": "#2"},
				"east": {"uv": [0, 0, 0.1, 1], "texture": "#2"},
				"south": {"uv": [0, 0, 0.3, 1], "texture": "#2"},
				"west": {"uv": [0, 0, 0.1, 1], "texture": "#2"},
				"up": {"uv": [0, 0, 0.3, 0.1], "rotation": 180, "texture": "#2"},
				"down": {"uv": [0, 0, 0.3, 0.1], "rotation": 180, "texture": "#2"}
			}
		},
		{
			"from": [3.85, 7.3, 6.1],
			"to": [4.15, 7.4, 7.1],
			"rotation": {"angle": 0, "axis": "y", "origin": [3.775, 6, 5.8]},
			"faces": {
				"north": {"uv": [0, 0, 0.3, 0.1], "texture": "#2"},
				"east": {"uv": [0, 0, 0.1, 1], "rotation": 270, "texture": "#2"},
				"south": {"uv": [0, 0, 0.3, 0.1], "rotation": 180, "texture": "#2"},
				"west": {"uv": [0, 0, 0.1, 1], "rotation": 90, "texture": "#2"},
				"up": {"uv": [0, 0, 0.3, 1], "rotation": 180, "texture": "#2"},
				"down": {"uv": [0, 0, 0.3, 1], "texture": "#2"}
			}
		},
		{
			"from": [3.85, 6.4, 7.1],
			"to": [4.15, 7.4, 7.2],
			"rotation": {"angle": 0, "axis": "y", "origin": [3.775, 6, 5.8]},
			"faces": {
				"north": {"uv": [0, 0, 0.3, 1], "texture": "#2"},
				"east": {"uv": [0, 0, 0.1, 1], "texture": "#2"},
				"south": {"uv": [0, 0, 0.3, 1], "texture": "#2"},
				"west": {"uv": [0, 0, 0.1, 1], "texture": "#2"},
				"up": {"uv": [0, 0, 0.3, 0.1], "rotation": 180, "texture": "#2"},
				"down": {"uv": [0, 0, 0.3, 0.1], "rotation": 180, "texture": "#2"}
			}
		},
		{
			"from": [3.85, 6.3, 6.2],
			"to": [4.15, 6.4, 7.2],
			"rotation": {"angle": 0, "axis": "y", "origin": [3.775, 6, 5.8]},
			"faces": {
				"north": {"uv": [0, 0, 0.3, 0.1], "texture": "#2"},
				"east": {"uv": [0, 0, 0.1, 1], "rotation": 270, "texture": "#2"},
				"south": {"uv": [0, 0, 0.3, 0.1], "rotation": 180, "texture": "#2"},
				"west": {"uv": [0, 0, 0.1, 1], "rotation": 90, "texture": "#2"},
				"up": {"uv": [0, 0, 0.3, 1], "rotation": 180, "texture": "#2"},
				"down": {"uv": [0, 0, 0.3, 1], "texture": "#2"}
			}
		},
		{
			"from": [3.85, 5.6, 6.1],
			"to": [4.15, 5.7, 7.1],
			"rotation": {"angle": 0, "axis": "y", "origin": [3.775, 6, 5.8]},
			"faces": {
				"north": {"uv": [0, 0, 0.3, 0.1], "texture": "#2"},
				"east": {"uv": [0, 0, 0.1, 1], "rotation": 270, "texture": "#2"},
				"south": {"uv": [0, 0, 0.3, 0.1], "rotation": 180, "texture": "#2"},
				"west": {"uv": [0, 0, 0.1, 1], "rotation": 90, "texture": "#2"},
				"up": {"uv": [0, 0, 0.3, 1], "rotation": 180, "texture": "#2"},
				"down": {"uv": [0, 0, 0.3, 1], "texture": "#2"}
			}
		},
		{
			"from": [3.85, 4.6, 6.1],
			"to": [4.15, 5.6, 6.2],
			"rotation": {"angle": 0, "axis": "y", "origin": [3.775, 6, 5.8]},
			"faces": {
				"north": {"uv": [0, 0, 0.3, 1], "texture": "#2"},
				"east": {"uv": [0, 0, 0.1, 1], "texture": "#2"},
				"south": {"uv": [0, 0, 0.3, 1], "texture": "#2"},
				"west": {"uv": [0, 0, 0.1, 1], "texture": "#2"},
				"up": {"uv": [0, 0, 0.3, 0.1], "rotation": 180, "texture": "#2"},
				"down": {"uv": [0, 0, 0.3, 0.1], "rotation": 180, "texture": "#2"}
			}
		},
		{
			"from": [3.85, 4.6, 6.2],
			"to": [4.15, 4.7, 7.2],
			"rotation": {"angle": 0, "axis": "y", "origin": [3.775, 6, 5.8]},
			"faces": {
				"north": {"uv": [0, 0, 0.3, 0.1], "texture": "#2"},
				"east": {"uv": [0, 0, 0.1, 1], "rotation": 270, "texture": "#2"},
				"south": {"uv": [0, 0, 0.3, 0.1], "rotation": 180, "texture": "#2"},
				"west": {"uv": [0, 0, 0.1, 1], "rotation": 90, "texture": "#2"},
				"up": {"uv": [0, 0, 0.3, 1], "rotation": 180, "texture": "#2"},
				"down": {"uv": [0, 0, 0.3, 1], "texture": "#2"}
			}
		},
		{
			"from": [3.85, 4.7, 7.1],
			"to": [4.15, 5.7, 7.2],
			"rotation": {"angle": 0, "axis": "y", "origin": [3.775, 6, 5.8]},
			"faces": {
				"north": {"uv": [0, 0, 0.3, 1], "texture": "#2"},
				"east": {"uv": [0, 0, 0.1, 1], "texture": "#2"},
				"south": {"uv": [0, 0, 0.3, 1], "texture": "#2"},
				"west": {"uv": [0, 0, 0.1, 1], "texture": "#2"},
				"up": {"uv": [0, 0, 0.3, 0.1], "rotation": 180, "texture": "#2"},
				"down": {"uv": [0, 0, 0.3, 0.1], "rotation": 180, "texture": "#2"}
			}
		},
		{
			"from": [3.85, 5.6, 4.4],
			"to": [4.15, 5.7, 5.4],
			"rotation": {"angle": 0, "axis": "y", "origin": [3.775, 6, 5.8]},
			"faces": {
				"north": {"uv": [0, 0, 0.3, 0.1], "texture": "#2"},
				"east": {"uv": [0, 0, 0.1, 1], "rotation": 270, "texture": "#2"},
				"south": {"uv": [0, 0, 0.3, 0.1], "rotation": 180, "texture": "#2"},
				"west": {"uv": [0, 0, 0.1, 1], "rotation": 90, "texture": "#2"},
				"up": {"uv": [0, 0, 0.3, 1], "rotation": 180, "texture": "#2"},
				"down": {"uv": [0, 0, 0.3, 1], "texture": "#2"}
			}
		},
		{
			"from": [3.85, 4.6, 4.4],
			"to": [4.15, 5.6, 4.5],
			"rotation": {"angle": 0, "axis": "y", "origin": [3.775, 6, 5.8]},
			"faces": {
				"north": {"uv": [0, 0, 0.3, 1], "texture": "#2"},
				"east": {"uv": [0, 0, 0.1, 1], "texture": "#2"},
				"south": {"uv": [0, 0, 0.3, 1], "texture": "#2"},
				"west": {"uv": [0, 0, 0.1, 1], "texture": "#2"},
				"up": {"uv": [0, 0, 0.3, 0.1], "rotation": 180, "texture": "#2"},
				"down": {"uv": [0, 0, 0.3, 0.1], "rotation": 180, "texture": "#2"}
			}
		},
		{
			"from": [3.85, 4.6, 4.5],
			"to": [4.15, 4.7, 5.5],
			"rotation": {"angle": 0, "axis": "y", "origin": [3.775, 6, 5.8]},
			"faces": {
				"north": {"uv": [0, 0, 0.3, 0.1], "texture": "#2"},
				"east": {"uv": [0, 0, 0.1, 1], "rotation": 270, "texture": "#2"},
				"south": {"uv": [0, 0, 0.3, 0.1], "rotation": 180, "texture": "#2"},
				"west": {"uv": [0, 0, 0.1, 1], "rotation": 90, "texture": "#2"},
				"up": {"uv": [0, 0, 0.3, 1], "rotation": 180, "texture": "#2"},
				"down": {"uv": [0, 0, 0.3, 1], "texture": "#2"}
			}
		},
		{
			"from": [3.85, 4.7, 5.4],
			"to": [4.15, 5.7, 5.5],
			"rotation": {"angle": 0, "axis": "y", "origin": [3.775, 6, 5.8]},
			"faces": {
				"north": {"uv": [0, 0, 0.3, 1], "texture": "#2"},
				"east": {"uv": [0, 0, 0.1, 1], "texture": "#2"},
				"south": {"uv": [0, 0, 0.3, 1], "texture": "#2"},
				"west": {"uv": [0, 0, 0.1, 1], "texture": "#2"},
				"up": {"uv": [0, 0, 0.3, 0.1], "rotation": 180, "texture": "#2"},
				"down": {"uv": [0, 0, 0.3, 0.1], "rotation": 180, "texture": "#2"}
			}
		},
		{
			"from": [4, 4.7, 4.5],
			"to": [6.5, 5.6, 5.4],
			"faces": {
				"north": {"uv": [4, 0, 12, 4], "texture": "#3"},
				"east": {"uv": [0, 0, 4, 4], "texture": "#3"},
				"south": {"uv": [12, 0, 4, 4], "texture": "#3"},
				"west": {"uv": [0, 4, 4, 8], "texture": "#3"},
				"up": {"uv": [12, 4, 4, 0], "texture": "#3"},
				"down": {"uv": [12, 4, 4, 0], "texture": "#3"}
			}
		},
		{
			"from": [4, 4.7, 6.2],
			"to": [6.5, 5.6, 7.1],
			"faces": {
				"north": {"uv": [4, 0, 12, 4], "texture": "#3"},
				"east": {"uv": [0, 0, 4, 4], "texture": "#3"},
				"south": {"uv": [12, 0, 4, 4], "texture": "#3"},
				"west": {"uv": [0, 4, 4, 8], "texture": "#3"},
				"up": {"uv": [12, 4, 4, 0], "texture": "#3"},
				"down": {"uv": [12, 4, 4, 0], "texture": "#3"}
			}
		},
		{
			"from": [4, 6.4, 4.5],
			"to": [6.5, 7.3, 5.4],
			"faces": {
				"north": {"uv": [4, 0, 12, 4], "texture": "#3"},
				"east": {"uv": [0, 0, 4, 4], "texture": "#3"},
				"south": {"uv": [12, 0, 4, 4], "texture": "#3"},
				"west": {"uv": [0, 4, 4, 8], "texture": "#3"},
				"up": {"uv": [12, 4, 4, 0], "texture": "#3"},
				"down": {"uv": [12, 4, 4, 0], "texture": "#3"}
			}
		},
		{
			"from": [4, 6.4, 6.2],
			"to": [6.5, 7.3, 7.1],
			"faces": {
				"north": {"uv": [4, 0, 12, 4], "texture": "#3"},
				"east": {"uv": [0, 0, 4, 4], "texture": "#3"},
				"south": {"uv": [12, 0, 4, 4], "texture": "#3"},
				"west": {"uv": [0, 4, 4, 8], "texture": "#3"},
				"up": {"uv": [12, 4, 4, 0], "texture": "#3"},
				"down": {"uv": [12, 4, 4, 0], "texture": "#3"}
			}
		},
		{
			"from": [4.05, 4.19203, 3.90675],
			"to": [5.05, 7.89203, 7.60675],
			"rotation": {"angle": 0, "axis": "y", "origin": [3.775, 6, 5.8]},
			"faces": {
				"north": {"uv": [0, 0, 1, 3.7], "texture": "#1"},
				"east": {"uv": [0, 0, 3.7, 3.7], "texture": "#1"},
				"south": {"uv": [0, 0, 1, 3.7], "texture": "#1"},
				"west": {"uv": [0, 0, 3.7, 3.7], "texture": "#1"},
				"up": {"uv": [0, 0, 1, 3.7], "rotation": 180, "texture": "#1"},
				"down": {"uv": [0, 0, 1, 3.7], "rotation": 180, "texture": "#1"}
			}
		},
		{
			"from": [4, 4.46482, 3.02046],
			"to": [23, 7.46482, 4.02046],
			"rotation": {"angle": 0, "axis": "x", "origin": [12, 5.96482, 6.52046]},
			"faces": {
				"north": {"uv": [0, 0, 16, 3], "rotation": 180, "texture": "#0"},
				"east": {"uv": [0, 0, 3, 1], "rotation": 270, "texture": "#0"},
				"south": {"uv": [0, 0, 16, 3], "texture": "#0"},
				"west": {"uv": [0, 0, 3, 1], "rotation": 90, "texture": "#0"},
				"up": {"uv": [0, 0, 16, 1], "rotation": 180, "texture": "#0"},
				"down": {"uv": [0, 0, 16, 1], "texture": "#0"}
			}
		},
		{
			"from": [4, 0.83762, 6.81995],
			"to": [23, 2.63762, 7.61995],
			"rotation": {"angle": 45, "axis": "x", "origin": [12, 8.73762, 12.91995]},
			"faces": {
				"north": {"uv": [0, 0, 16, 1.8], "rotation": 180, "texture": "#0"},
				"east": {"uv": [0, 0, 1.8, 0.8], "rotation": 90, "texture": "#0"},
				"south": {"uv": [0, 0, 16, 1.8], "texture": "#0"},
				"west": {"uv": [0, 0, 1.8, 0.8], "rotation": 270, "texture": "#0"},
				"up": {"uv": [0, 0, 16, 0.8], "texture": "#0"},
				"down": {"uv": [0, 0, 16, 0.8], "rotation": 180, "texture": "#0"}
			}
		},
		{
			"from": [4, 7.73762, 4.29325],
			"to": [23, 8.73762, 7.29325],
			"rotation": {"angle": 0, "axis": "y", "origin": [0, -1.46238, 4.29325]},
			"faces": {
				"north": {"uv": [0, 0, 16, 1], "texture": "#0"},
				"east": {"uv": [0, 0, 3, 1], "texture": "#0"},
				"south": {"uv": [0, 0, 16, 1], "texture": "#0"},
				"west": {"uv": [0, 0, 3, 1], "texture": "#0"},
				"up": {"uv": [0, 0, 16, 3], "texture": "#0"},
				"down": {"uv": [0, 0, 16, 3], "texture": "#0"}
			}
		},
		{
			"from": [4, 8.13898, -3.39289],
			"to": [23, 8.93898, -1.59289],
			"rotation": {"angle": 45, "axis": "x", "origin": [12, -4.06102, 1.70711]},
			"faces": {
				"north": {"uv": [0, 0, 16, 0.8], "texture": "#0"},
				"east": {"uv": [0, 0, 1.8, 0.8], "texture": "#0"},
				"south": {"uv": [0, 0, 16, 0.8], "texture": "#0"},
				"west": {"uv": [0, 0, 1.8, 0.8], "texture": "#0"},
				"up": {"uv": [0, 0, 16, 1.8], "texture": "#0"},
				"down": {"uv": [0, 0, 16, 1.8], "texture": "#0"}
			}
		},
		{
			"from": [4, 4.46482, 7.56604],
			"to": [23, 7.46482, 8.56604],
			"rotation": {"angle": 0, "axis": "x", "origin": [12, 5.96482, 8.06604]},
			"faces": {
				"north": {"uv": [0, 0, 16, 3], "rotation": 180, "texture": "#0"},
				"east": {"uv": [0, 0, 3, 1], "rotation": 270, "texture": "#0"},
				"south": {"uv": [0, 0, 16, 3], "texture": "#0"},
				"west": {"uv": [0, 0, 3, 1], "rotation": 90, "texture": "#0"},
				"up": {"uv": [0, 0, 16, 1], "rotation": 180, "texture": "#0"},
				"down": {"uv": [0, 0, 16, 1], "texture": "#0"}
			}
		},
		{
			"from": [4, 6.77731, 12.03762],
			"to": [23, 8.57731, 12.83762],
			"rotation": {"angle": 45, "axis": "x", "origin": [12, 11.67731, 5.73762]},
			"faces": {
				"north": {"uv": [0, 0, 16, 1.8], "rotation": 180, "texture": "#0"},
				"east": {"uv": [0, 0, 1.8, 0.8], "rotation": 90, "texture": "#0"},
				"south": {"uv": [0, 0, 16, 1.8], "texture": "#0"},
				"west": {"uv": [0, 0, 1.8, 0.8], "rotation": 270, "texture": "#0"},
				"up": {"uv": [0, 0, 16, 0.8], "texture": "#0"},
				"down": {"uv": [0, 0, 16, 0.8], "rotation": 180, "texture": "#0"}
			}
		},
		{
			"from": [4, 0.8, 1.66812],
			"to": [23, 1.6, 3.46812],
			"rotation": {"angle": 45, "axis": "x", "origin": [12, 1, 6.76812]},
			"faces": {
				"north": {"uv": [0, 0, 16, 0.8], "texture": "#0"},
				"east": {"uv": [0, 0, 1.8, 0.8], "texture": "#0"},
				"south": {"uv": [0, 0, 16, 0.8], "texture": "#0"},
				"west": {"uv": [0, 0, 1.8, 0.8], "texture": "#0"},
				"up": {"uv": [0, 0, 16, 1.8], "texture": "#0"},
				"down": {"uv": [0, 0, 16, 1.8], "texture": "#0"}
			}
		},
		{
			"from": [22, 4.19203, 3.99325],
			"to": [23, 7.89203, 7.69325],
			"rotation": {"angle": 0, "axis": "x", "origin": [4.75, 7.76482, 7.49325]},
			"faces": {
				"north": {"uv": [0, 0, 1, 3.7], "texture": "#1"},
				"east": {"uv": [0, 0, 3.7, 3.7], "texture": "#1"},
				"south": {"uv": [0, 0, 1, 3.7], "texture": "#1"},
				"west": {"uv": [0, 0, 3.7, 3.7], "texture": "#1"},
				"up": {"uv": [0, 0, 1, 3.7], "texture": "#1"},
				"down": {"uv": [0, 0, 1, 3.7], "texture": "#1"}
			}
		},
		{
			"from": [23, 3.19203, 4.29325],
			"to": [24, 4.19203, 7.29325],
			"rotation": {"angle": 0, "axis": "y", "origin": [0, -2.80797, 4.29325]},
			"faces": {
				"north": {"uv": [0, 0, 1, 1], "texture": "#1"},
				"east": {"uv": [0, 0, 3, 1], "texture": "#1"},
				"south": {"uv": [0, 0, 1, 1], "texture": "#1"},
				"west": {"uv": [0, 0, 3, 1], "texture": "#1"},
				"up": {"uv": [0, 0, 1, 3], "texture": "#1"},
				"down": {"uv": [0, 0, 1, 3], "texture": "#1"}
			}
		},
		{
			"from": [23, 6.77731, 12.03762],
			"to": [24, 8.57731, 12.83762],
			"rotation": {"angle": 45, "axis": "x", "origin": [12, 11.67731, 5.73762]},
			"faces": {
				"north": {"uv": [0, 0, 1, 1.8], "rotation": 180, "texture": "#1"},
				"east": {"uv": [0, 0, 1.8, 0.8], "rotation": 90, "texture": "#1"},
				"south": {"uv": [0, 0, 1, 1.8], "texture": "#1"},
				"west": {"uv": [0, 0, 1.8, 0.8], "rotation": 270, "texture": "#1"},
				"up": {"uv": [0, 0, 1, 0.8], "texture": "#1"},
				"down": {"uv": [0, 0, 1, 0.8], "rotation": 180, "texture": "#1"}
			}
		},
		{
			"from": [23, 4.46482, 7.56604],
			"to": [24, 7.46482, 8.56604],
			"rotation": {"angle": 0, "axis": "x", "origin": [12, 5.96482, 8.06604]},
			"faces": {
				"north": {"uv": [0, 0, 1, 3], "rotation": 180, "texture": "#1"},
				"east": {"uv": [0, 0, 3, 1], "rotation": 270, "texture": "#1"},
				"south": {"uv": [0, 0, 1, 3], "texture": "#1"},
				"west": {"uv": [0, 0, 3, 1], "rotation": 90, "texture": "#1"},
				"up": {"uv": [0, 0, 1, 1], "rotation": 180, "texture": "#1"},
				"down": {"uv": [0, 0, 1, 1], "texture": "#1"}
			}
		},
		{
			"from": [23, 8.13898, -3.39289],
			"to": [24, 8.93898, -1.59289],
			"rotation": {"angle": 45, "axis": "x", "origin": [12, -4.06102, 1.70711]},
			"faces": {
				"north": {"uv": [0, 0, 1, 0.8], "texture": "#1"},
				"east": {"uv": [0, 0, 1.8, 0.8], "texture": "#1"},
				"south": {"uv": [0, 0, 1, 0.8], "texture": "#1"},
				"west": {"uv": [0, 0, 1.8, 0.8], "texture": "#1"},
				"up": {"uv": [0, 0, 1, 1.8], "texture": "#1"},
				"down": {"uv": [0, 0, 1, 1.8], "texture": "#1"}
			}
		},
		{
			"from": [23, 7.73762, 4.29325],
			"to": [24, 8.73762, 7.29325],
			"rotation": {"angle": 0, "axis": "y", "origin": [0, -1.46238, 4.29325]},
			"faces": {
				"north": {"uv": [0, 0, 1, 1], "texture": "#1"},
				"east": {"uv": [0, 0, 3, 1], "texture": "#1"},
				"south": {"uv": [0, 0, 1, 1], "texture": "#1"},
				"west": {"uv": [0, 0, 3, 1], "texture": "#1"},
				"up": {"uv": [0, 0, 1, 3], "texture": "#1"},
				"down": {"uv": [0, 0, 1, 3], "texture": "#1"}
			}
		},
		{
			"from": [23, 0.83762, 6.81995],
			"to": [24, 2.63762, 7.61995],
			"rotation": {"angle": 45, "axis": "x", "origin": [12, 8.73762, 12.91995]},
			"faces": {
				"north": {"uv": [0, 0, 1, 1.8], "rotation": 180, "texture": "#1"},
				"east": {"uv": [0, 0, 1.8, 0.8], "rotation": 90, "texture": "#1"},
				"south": {"uv": [0, 0, 1, 1.8], "texture": "#1"},
				"west": {"uv": [0, 0, 1.8, 0.8], "rotation": 270, "texture": "#1"},
				"up": {"uv": [0, 0, 1, 0.8], "texture": "#1"},
				"down": {"uv": [0, 0, 1, 0.8], "rotation": 180, "texture": "#1"}
			}
		},
		{
			"from": [23, 4.46482, 3.02046],
			"to": [24, 7.46482, 4.02046],
			"rotation": {"angle": 0, "axis": "x", "origin": [12, 5.96482, 6.52046]},
			"faces": {
				"north": {"uv": [0, 0, 1, 3], "rotation": 180, "texture": "#1"},
				"east": {"uv": [0, 0, 3, 1], "rotation": 270, "texture": "#1"},
				"south": {"uv": [0, 0, 1, 3], "texture": "#1"},
				"west": {"uv": [0, 0, 3, 1], "rotation": 90, "texture": "#1"},
				"up": {"uv": [0, 0, 1, 1], "rotation": 180, "texture": "#1"},
				"down": {"uv": [0, 0, 1, 1], "texture": "#1"}
			}
		},
		{
			"from": [23, 0.8, 1.66812],
			"to": [24, 1.6, 3.46812],
			"rotation": {"angle": 45, "axis": "x", "origin": [12, 1, 6.76812]},
			"faces": {
				"north": {"uv": [0, 0, 1, 0.8], "texture": "#1"},
				"east": {"uv": [0, 0, 1.8, 0.8], "texture": "#1"},
				"south": {"uv": [0, 0, 1, 0.8], "texture": "#1"},
				"west": {"uv": [0, 0, 1.8, 0.8], "texture": "#1"},
				"up": {"uv": [0, 0, 1, 1.8], "texture": "#1"},
				"down": {"uv": [0, 0, 1, 1.8], "texture": "#1"}
			}
		},
		{
			"from": [22.9, 4.6, 6.1],
			"to": [23.2, 4.7, 7.1],
			"rotation": {"angle": 0, "axis": "x", "origin": [22.6, 6.95, 11.35]},
			"faces": {
				"north": {"uv": [0, 0, 0.3, 0.1], "rotation": 180, "texture": "#2"},
				"east": {"uv": [0, 0, 0.1, 1], "rotation": 90, "texture": "#2"},
				"south": {"uv": [0, 0, 0.3, 0.1], "texture": "#2"},
				"west": {"uv": [0, 0, 0.1, 1], "rotation": 270, "texture": "#2"},
				"up": {"uv": [0, 0, 0.3, 1], "texture": "#2"},
				"down": {"uv": [0, 0, 0.3, 1], "rotation": 180, "texture": "#2"}
			}
		},
		{
			"from": [22.9, 4.6, 7.1],
			"to": [23.2, 5.6, 7.2],
			"faces": {
				"north": {"uv": [0, 0, 0.3, 1], "texture": "#2"},
				"east": {"uv": [0, 0, 0.1, 1], "texture": "#2"},
				"south": {"uv": [0, 0, 0.3, 1], "texture": "#2"},
				"west": {"uv": [0, 0, 0.1, 1], "texture": "#2"},
				"up": {"uv": [0, 0, 0.3, 0.1], "texture": "#2"},
				"down": {"uv": [0, 0, 0.3, 0.1], "texture": "#2"}
			}
		},
		{
			"from": [22.9, 5.6, 6.2],
			"to": [23.2, 5.7, 7.2],
			"rotation": {"angle": 0, "axis": "x", "origin": [22.6, 6.95, 11.35]},
			"faces": {
				"north": {"uv": [0, 0, 0.3, 0.1], "rotation": 180, "texture": "#2"},
				"east": {"uv": [0, 0, 0.1, 1], "rotation": 90, "texture": "#2"},
				"south": {"uv": [0, 0, 0.3, 0.1], "texture": "#2"},
				"west": {"uv": [0, 0, 0.1, 1], "rotation": 270, "texture": "#2"},
				"up": {"uv": [0, 0, 0.3, 1], "texture": "#2"},
				"down": {"uv": [0, 0, 0.3, 1], "rotation": 180, "texture": "#2"}
			}
		},
		{
			"from": [22.9, 4.7, 6.1],
			"to": [23.2, 5.7, 6.2],
			"faces": {
				"north": {"uv": [0, 0, 0.3, 1], "texture": "#2"},
				"east": {"uv": [0, 0, 0.1, 1], "texture": "#2"},
				"south": {"uv": [0, 0, 0.3, 1], "texture": "#2"},
				"west": {"uv": [0, 0, 0.1, 1], "texture": "#2"},
				"up": {"uv": [0, 0, 0.3, 0.1], "texture": "#2"},
				"down": {"uv": [0, 0, 0.3, 0.1], "texture": "#2"}
			}
		},
		{
			"from": [22.9, 6.3, 6.1],
			"to": [23.2, 6.4, 7.1],
			"rotation": {"angle": 0, "axis": "x", "origin": [22.6, 6.95, 11.35]},
			"faces": {
				"north": {"uv": [0, 0, 0.3, 0.1], "rotation": 180, "texture": "#2"},
				"east": {"uv": [0, 0, 0.1, 1], "rotation": 90, "texture": "#2"},
				"south": {"uv": [0, 0, 0.3, 0.1], "texture": "#2"},
				"west": {"uv": [0, 0, 0.1, 1], "rotation": 270, "texture": "#2"},
				"up": {"uv": [0, 0, 0.3, 1], "texture": "#2"},
				"down": {"uv": [0, 0, 0.3, 1], "rotation": 180, "texture": "#2"}
			}
		},
		{
			"from": [22.9, 6.3, 7.1],
			"to": [23.2, 7.3, 7.2],
			"faces": {
				"north": {"uv": [0, 0, 0.3, 1], "texture": "#2"},
				"east": {"uv": [0, 0, 0.1, 1], "texture": "#2"},
				"south": {"uv": [0, 0, 0.3, 1], "texture": "#2"},
				"west": {"uv": [0, 0, 0.1, 1], "texture": "#2"},
				"up": {"uv": [0, 0, 0.3, 0.1], "texture": "#2"},
				"down": {"uv": [0, 0, 0.3, 0.1], "texture": "#2"}
			}
		},
		{
			"from": [22.9, 7.3, 6.2],
			"to": [23.2, 7.4, 7.2],
			"rotation": {"angle": 0, "axis": "x", "origin": [22.6, 6.95, 11.35]},
			"faces": {
				"north": {"uv": [0, 0, 0.3, 0.1], "rotation": 180, "texture": "#2"},
				"east": {"uv": [0, 0, 0.1, 1], "rotation": 90, "texture": "#2"},
				"south": {"uv": [0, 0, 0.3, 0.1], "texture": "#2"},
				"west": {"uv": [0, 0, 0.1, 1], "rotation": 270, "texture": "#2"},
				"up": {"uv": [0, 0, 0.3, 1], "texture": "#2"},
				"down": {"uv": [0, 0, 0.3, 1], "rotation": 180, "texture": "#2"}
			}
		},
		{
			"from": [22.9, 6.4, 6.1],
			"to": [23.2, 7.4, 6.2],
			"faces": {
				"north": {"uv": [0, 0, 0.3, 1], "texture": "#2"},
				"east": {"uv": [0, 0, 0.1, 1], "texture": "#2"},
				"south": {"uv": [0, 0, 0.3, 1], "texture": "#2"},
				"west": {"uv": [0, 0, 0.1, 1], "texture": "#2"},
				"up": {"uv": [0, 0, 0.3, 0.1], "texture": "#2"},
				"down": {"uv": [0, 0, 0.3, 0.1], "texture": "#2"}
			}
		},
		{
			"from": [22.9, 7.3, 4.5],
			"to": [23.2, 7.4, 5.5],
			"rotation": {"angle": 0, "axis": "x", "origin": [22.6, 6.95, 11.35]},
			"faces": {
				"north": {"uv": [0, 0, 0.3, 0.1], "rotation": 180, "texture": "#2"},
				"east": {"uv": [0, 0, 0.1, 1], "rotation": 90, "texture": "#2"},
				"south": {"uv": [0, 0, 0.3, 0.1], "texture": "#2"},
				"west": {"uv": [0, 0, 0.1, 1], "rotation": 270, "texture": "#2"},
				"up": {"uv": [0, 0, 0.3, 1], "texture": "#2"},
				"down": {"uv": [0, 0, 0.3, 1], "rotation": 180, "texture": "#2"}
			}
		},
		{
			"from": [22.9, 6.3, 5.4],
			"to": [23.2, 7.3, 5.5],
			"faces": {
				"north": {"uv": [0, 0, 0.3, 1], "texture": "#2"},
				"east": {"uv": [0, 0, 0.1, 1], "texture": "#2"},
				"south": {"uv": [0, 0, 0.3, 1], "texture": "#2"},
				"west": {"uv": [0, 0, 0.1, 1], "texture": "#2"},
				"up": {"uv": [0, 0, 0.3, 0.1], "texture": "#2"},
				"down": {"uv": [0, 0, 0.3, 0.1], "texture": "#2"}
			}
		},
		{
			"from": [22.9, 6.3, 4.4],
			"to": [23.2, 6.4, 5.4],
			"rotation": {"angle": 0, "axis": "x", "origin": [22.6, 6.95, 11.35]},
			"faces": {
				"north": {"uv": [0, 0, 0.3, 0.1], "rotation": 180, "texture": "#2"},
				"east": {"uv": [0, 0, 0.1, 1], "rotation": 90, "texture": "#2"},
				"south": {"uv": [0, 0, 0.3, 0.1], "texture": "#2"},
				"west": {"uv": [0, 0, 0.1, 1], "rotation": 270, "texture": "#2"},
				"up": {"uv": [0, 0, 0.3, 1], "texture": "#2"},
				"down": {"uv": [0, 0, 0.3, 1], "rotation": 180, "texture": "#2"}
			}
		},
		{
			"from": [22.9, 6.4, 4.4],
			"to": [23.2, 7.4, 4.5],
			"faces": {
				"north": {"uv": [0, 0, 0.3, 1], "texture": "#2"},
				"east": {"uv": [0, 0, 0.1, 1], "texture": "#2"},
				"south": {"uv": [0, 0, 0.3, 1], "texture": "#2"},
				"west": {"uv": [0, 0, 0.1, 1], "texture": "#2"},
				"up": {"uv": [0, 0, 0.3, 0.1], "texture": "#2"},
				"down": {"uv": [0, 0, 0.3, 0.1], "texture": "#2"}
			}
		},
		{
			"from": [22.9, 5.6, 4.5],
			"to": [23.2, 5.7, 5.5],
			"rotation": {"angle": 0, "axis": "x", "origin": [22.6, 6.95, 11.35]},
			"faces": {
				"north": {"uv": [0, 0, 0.3, 0.1], "rotation": 180, "texture": "#2"},
				"east": {"uv": [0, 0, 0.1, 1], "rotation": 90, "texture": "#2"},
				"south": {"uv": [0, 0, 0.3, 0.1], "texture": "#2"},
				"west": {"uv": [0, 0, 0.1, 1], "rotation": 270, "texture": "#2"},
				"up": {"uv": [0, 0, 0.3, 1], "texture": "#2"},
				"down": {"uv": [0, 0, 0.3, 1], "rotation": 180, "texture": "#2"}
			}
		},
		{
			"from": [22.9, 4.6, 5.4],
			"to": [23.2, 5.6, 5.5],
			"faces": {
				"north": {"uv": [0, 0, 0.3, 1], "texture": "#2"},
				"east": {"uv": [0, 0, 0.1, 1], "texture": "#2"},
				"south": {"uv": [0, 0, 0.3, 1], "texture": "#2"},
				"west": {"uv": [0, 0, 0.1, 1], "texture": "#2"},
				"up": {"uv": [0, 0, 0.3, 0.1], "texture": "#2"},
				"down": {"uv": [0, 0, 0.3, 0.1], "texture": "#2"}
			}
		},
		{
			"from": [22.9, 4.6, 4.4],
			"to": [23.2, 4.7, 5.4],
			"rotation": {"angle": 0, "axis": "x", "origin": [22.6, 6.95, 11.35]},
			"faces": {
				"north": {"uv": [0, 0, 0.3, 0.1], "rotation": 180, "texture": "#2"},
				"east": {"uv": [0, 0, 0.1, 1], "rotation": 90, "texture": "#2"},
				"south": {"uv": [0, 0, 0.3, 0.1], "texture": "#2"},
				"west": {"uv": [0, 0, 0.1, 1], "rotation": 270, "texture": "#2"},
				"up": {"uv": [0, 0, 0.3, 1], "texture": "#2"},
				"down": {"uv": [0, 0, 0.3, 1], "rotation": 180, "texture": "#2"}
			}
		},
		{
			"from": [22.9, 4.7, 4.4],
			"to": [23.2, 5.7, 4.5],
			"faces": {
				"north": {"uv": [0, 0, 0.3, 1], "texture": "#2"},
				"east": {"uv": [0, 0, 0.1, 1], "texture": "#2"},
				"south": {"uv": [0, 0, 0.3, 1], "texture": "#2"},
				"west": {"uv": [0, 0, 0.1, 1], "texture": "#2"},
				"up": {"uv": [0, 0, 0.3, 0.1], "texture": "#2"},
				"down": {"uv": [0, 0, 0.3, 0.1], "texture": "#2"}
			}
		},
		{
			"from": [-4, 9.91543, 4.11838],
			"to": [4, 10.71543, 5.91838],
			"rotation": {"angle": -45, "axis": "x", "origin": [0.75, 7.76482, 7.49325]},
			"faces": {
				"north": {"uv": [0, 0, 8, 0.8], "texture": "#0"},
				"east": {"uv": [0, 0, 1.8, 0.8], "texture": "#0"},
				"south": {"uv": [0, 0, 8, 0.8], "texture": "#0"},
				"west": {"uv": [0, 0, 1.8, 0.8], "texture": "#0"},
				"up": {"uv": [0, 0, 8, 1.8], "texture": "#0"},
				"down": {"uv": [0, 0, 8, 1.8], "texture": "#0"}
			}
		},
		{
			"from": [3, 3.19203, 4.29325],
			"to": [4, 4.19203, 7.29325],
			"rotation": {"angle": 0, "axis": "x", "origin": [0.75, 7.76482, 7.49325]},
			"faces": {
				"north": {"uv": [0, 0, 1, 1], "texture": "#0"},
				"east": {"uv": [0, 0, 3, 1], "texture": "#0"},
				"south": {"uv": [0, 0, 1, 1], "texture": "#0"},
				"west": {"uv": [0, 0, 3, 1], "texture": "#0"},
				"up": {"uv": [0, 0, 1, 3], "texture": "#0"},
				"down": {"uv": [0, 0, 1, 3], "texture": "#0"}
			}
		},
		{
			"from": [2, 6.79411, 1.99706],
			"to": [4, 8.59411, 2.79706],
			"rotation": {"angle": -45, "axis": "x", "origin": [0.75, 7.76482, 7.49325]},
			"faces": {
				"north": {"uv": [0, 0, 2, 1.8], "rotation": 180, "texture": "#0"},
				"east": {"uv": [0, 0, 1.8, 0.8], "rotation": 270, "texture": "#0"},
				"south": {"uv": [0, 0, 2, 1.8], "texture": "#0"},
				"west": {"uv": [0, 0, 1.8, 0.8], "rotation": 90, "texture": "#0"},
				"up": {"uv": [0, 0, 2, 0.8], "rotation": 180, "texture": "#0"},
				"down": {"uv": [0, 0, 2, 0.8], "texture": "#0"}
			}
		},
		{
			"from": [0, 4.46482, 3.02046],
			"to": [4, 7.46482, 4.02046],
			"rotation": {"angle": 0, "axis": "x", "origin": [0.75, 7.76482, 7.49325]},
			"faces": {
				"north": {"uv": [0, 0, 4, 3], "rotation": 180, "texture": "#0"},
				"east": {"uv": [0, 0, 3, 1], "rotation": 270, "texture": "#0"},
				"south": {"uv": [0, 0, 4, 3], "texture": "#0"},
				"west": {"uv": [0, 0, 3, 1], "rotation": 90, "texture": "#0"},
				"up": {"uv": [0, 0, 4, 1], "rotation": 180, "texture": "#0"},
				"down": {"uv": [0, 0, 4, 1], "texture": "#0"}
			}
		},
		{
			"from": [-4, 5.46482, 3.02046],
			"to": [0, 7.46482, 4.02046],
			"rotation": {"angle": 0, "axis": "x", "origin": [0.75, 7.76482, 7.49325]},
			"faces": {
				"north": {"uv": [0, 0, 4, 2], "rotation": 180, "texture": "#0"},
				"east": {"uv": [0, 0, 2, 1], "rotation": 270, "texture": "#0"},
				"south": {"uv": [0, 0, 4, 2], "texture": "#0"},
				"west": {"uv": [0, 0, 2, 1], "rotation": 90, "texture": "#0"},
				"up": {"uv": [0, 0, 4, 1], "rotation": 180, "texture": "#0"},
				"down": {"uv": [0, 0, 4, 1], "texture": "#0"}
			}
		},
		{
			"from": [-4, 7.73762, 4.29325],
			"to": [4, 8.73762, 7.29325],
			"rotation": {"angle": 0, "axis": "x", "origin": [0.75, 7.76482, 7.49325]},
			"faces": {
				"north": {"uv": [0, 0, 8, 1], "texture": "#0"},
				"east": {"uv": [0, 0, 3, 1], "texture": "#0"},
				"south": {"uv": [0, 0, 8, 1], "texture": "#0"},
				"west": {"uv": [0, 0, 3, 1], "texture": "#0"},
				"up": {"uv": [0, 0, 8, 3], "texture": "#0"},
				"down": {"uv": [0, 0, 8, 3], "texture": "#0"}
			}
		},
		{
			"from": [-4, 6.79411, 7.2397],
			"to": [4, 8.59411, 8.0397],
			"rotation": {"angle": -45, "axis": "x", "origin": [0.75, 7.76482, 7.49325]},
			"faces": {
				"north": {"uv": [0, 0, 8, 1.8], "rotation": 180, "texture": "#0"},
				"east": {"uv": [0, 0, 1.8, 0.8], "rotation": 270, "texture": "#0"},
				"south": {"uv": [0, 0, 8, 1.8], "texture": "#0"},
				"west": {"uv": [0, 0, 1.8, 0.8], "rotation": 90, "texture": "#0"},
				"up": {"uv": [0, 0, 8, 0.8], "rotation": 180, "texture": "#0"},
				"down": {"uv": [0, 0, 8, 0.8], "texture": "#0"}
			}
		},
		{
			"from": [-4, 5.46482, 7.56604],
			"to": [0, 7.46482, 8.56604],
			"rotation": {"angle": 0, "axis": "x", "origin": [0.75, 7.76482, 7.49325]},
			"faces": {
				"north": {"uv": [0, 0, 4, 2], "rotation": 180, "texture": "#0"},
				"east": {"uv": [0, 0, 2, 1], "rotation": 270, "texture": "#0"},
				"south": {"uv": [0, 0, 4, 2], "texture": "#0"},
				"west": {"uv": [0, 0, 2, 1], "rotation": 90, "texture": "#0"},
				"up": {"uv": [0, 0, 4, 1], "rotation": 180, "texture": "#0"},
				"down": {"uv": [0, 0, 4, 1], "texture": "#0"}
			}
		},
		{
			"from": [0, 4.46482, 7.56604],
			"to": [4, 7.46482, 8.56604],
			"rotation": {"angle": 0, "axis": "x", "origin": [0.75, 7.76482, 7.49325]},
			"faces": {
				"north": {"uv": [0, 0, 4, 3], "rotation": 180, "texture": "#0"},
				"east": {"uv": [0, 0, 3, 1], "rotation": 270, "texture": "#0"},
				"south": {"uv": [0, 0, 4, 3], "texture": "#0"},
				"west": {"uv": [0, 0, 3, 1], "rotation": 90, "texture": "#0"},
				"up": {"uv": [0, 0, 4, 1], "rotation": 180, "texture": "#0"},
				"down": {"uv": [0, 0, 4, 1], "texture": "#0"}
			}
		},
		{
			"from": [2, 4.67279, 4.11838],
			"to": [4, 5.47279, 5.91838],
			"rotation": {"angle": -45, "axis": "x", "origin": [0.75, 7.76482, 7.49325]},
			"faces": {
				"north": {"uv": [0, 0, 2, 0.8], "texture": "#0"},
				"east": {"uv": [0, 0, 1.8, 0.8], "texture": "#0"},
				"south": {"uv": [0, 0, 2, 0.8], "texture": "#0"},
				"west": {"uv": [0, 0, 1.8, 0.8], "texture": "#0"},
				"up": {"uv": [0, 0, 2, 1.8], "texture": "#0"},
				"down": {"uv": [0, 0, 2, 1.8], "texture": "#0"}
			}
		},
		{
			"from": [11.05, 5.7, 2.95],
			"to": [12.15, 6.6, 3.05],
			"rotation": {"angle": 0, "axis": "y", "origin": [11.1, 6.15, 2.95]},
			"faces": {
				"north": {"uv": [0, 0, 1.1, 0.9], "texture": "#2"},
				"east": {"uv": [0, 0, 0.1, 0.9], "texture": "#2"},
				"south": {"uv": [0, 0, 1.1, 0.9], "texture": "#2"},
				"west": {"uv": [0, 0, 0.1, 0.9], "texture": "#2"},
				"up": {"uv": [0, 0, 1.1, 0.1], "rotation": 180, "texture": "#2"},
				"down": {"uv": [0, 0, 1.1, 0.1], "rotation": 180, "texture": "#2"}
			}
		},
		{
			"from": [12.15, 5.7, 2.75],
			"to": [12.25, 6.6, 3.05],
			"rotation": {"angle": 0, "axis": "y", "origin": [11.1, 6.15, 2.95]},
			"faces": {
				"north": {"uv": [0, 0, 0.1, 0.9], "texture": "#2"},
				"east": {"uv": [0, 0, 0.3, 0.9], "texture": "#2"},
				"south": {"uv": [0, 0, 0.1, 0.9], "texture": "#2"},
				"west": {"uv": [0, 0, 0.3, 0.9], "texture": "#2"},
				"up": {"uv": [0, 0, 0.3, 0.1], "rotation": 90, "texture": "#2"},
				"down": {"uv": [0, 0, 0.3, 0.1], "rotation": 270, "texture": "#2"}
			}
		},
		{
			"from": [12.15, 6.6, 2.75],
			"to": [13.55, 6.7, 3.05],
			"rotation": {"angle": 0, "axis": "y", "origin": [11.1, 6.15, 2.95]},
			"faces": {
				"north": {"uv": [0, 0, 0.1, 1.4], "rotation": 270, "texture": "#2"},
				"east": {"uv": [0, 0, 0.3, 0.1], "rotation": 180, "texture": "#2"},
				"south": {"uv": [0, 0, 0.1, 1.4], "rotation": 90, "texture": "#2"},
				"west": {"uv": [0, 0, 0.3, 0.1], "texture": "#2"},
				"up": {"uv": [0, 0, 0.3, 1.4], "rotation": 90, "texture": "#2"},
				"down": {"uv": [0, 0, 0.3, 1.4], "rotation": 90, "texture": "#2"}
			}
		},
		{
			"from": [13.55, 5.7, 2.75],
			"to": [13.65, 6.7, 3.05],
			"rotation": {"angle": 0, "axis": "y", "origin": [11.1, 6.15, 2.95]},
			"faces": {
				"north": {"uv": [0, 0, 0.1, 1], "texture": "#2"},
				"east": {"uv": [0, 0, 0.3, 1], "texture": "#2"},
				"south": {"uv": [0, 0, 0.1, 1], "texture": "#2"},
				"west": {"uv": [0, 0, 0.3, 1], "texture": "#2"},
				"up": {"uv": [0, 0, 0.3, 0.1], "rotation": 90, "texture": "#2"},
				"down": {"uv": [0, 0, 0.3, 0.1], "rotation": 270, "texture": "#2"}
			}
		},
		{
			"from": [12.9, 5.7, 2.75],
			"to": [12.95, 6, 3.05],
			"rotation": {"angle": 0, "axis": "y", "origin": [11.1, 6.15, 2.95]},
			"faces": {
				"north": {"uv": [0, 0, 0.05, 0.3], "texture": "#2"},
				"east": {"uv": [0, 0, 0.3, 0.3], "texture": "#2"},
				"south": {"uv": [0, 0, 0.05, 0.3], "texture": "#2"},
				"west": {"uv": [0, 0, 0.3, 0.3], "texture": "#2"},
				"up": {"uv": [0, 0, 0.3, 0.05], "rotation": 90, "texture": "#2"},
				"down": {"uv": [0, 0, 0.3, 0.05], "rotation": 270, "texture": "#2"}
			}
		},
		{
			"from": [12.15, 5.6, 2.75],
			"to": [13.65, 5.7, 3.05],
			"rotation": {"angle": 0, "axis": "y", "origin": [11.1, 6.15, 2.95]},
			"faces": {
				"north": {"uv": [0, 0, 0.1, 1.5], "rotation": 270, "texture": "#2"},
				"east": {"uv": [0, 0, 0.3, 0.1], "rotation": 180, "texture": "#2"},
				"south": {"uv": [0, 0, 0.1, 1.5], "rotation": 90, "texture": "#2"},
				"west": {"uv": [0, 0, 0.3, 0.1], "texture": "#2"},
				"up": {"uv": [0, 0, 0.3, 1.5], "rotation": 90, "texture": "#2"},
				"down": {"uv": [0, 0, 0.3, 1.5], "rotation": 90, "texture": "#2"}
			}
		},
		{
			"from": [20.95, 5.7, 2.85],
			"to": [21.05, 6.6, 3.15],
			"rotation": {"angle": 0, "axis": "y", "origin": [22.1, 6.15, 2.95]},
			"faces": {
				"north": {"uv": [0, 0, 0.1, 0.9], "texture": "#2"},
				"east": {"uv": [0, 0, 0.3, 0.9], "texture": "#2"},
				"south": {"uv": [0, 0, 0.1, 0.9], "texture": "#2"},
				"west": {"uv": [0, 0, 0.3, 0.9], "texture": "#2"},
				"up": {"uv": [0, 0, 0.3, 0.1], "rotation": 270, "texture": "#2"},
				"down": {"uv": [0, 0, 0.3, 0.1], "rotation": 90, "texture": "#2"}
			}
		},
		{
			"from": [21.05, 5.7, 2.85],
			"to": [22.15, 6.6, 2.95],
			"rotation": {"angle": 0, "axis": "y", "origin": [22.1, 6.15, 2.95]},
			"faces": {
				"north": {"uv": [0, 0, 1.1, 0.9], "texture": "#2"},
				"east": {"uv": [0, 0, 0.1, 0.9], "texture": "#2"},
				"south": {"uv": [0, 0, 1.1, 0.9], "texture": "#2"},
				"west": {"uv": [0, 0, 0.1, 0.9], "texture": "#2"},
				"up": {"uv": [0, 0, 1.1, 0.1], "texture": "#2"},
				"down": {"uv": [0, 0, 1.1, 0.1], "texture": "#2"}
			}
		},
		{
			"from": [19.55, 5.6, 2.85],
			"to": [21.05, 5.7, 3.15],
			"rotation": {"angle": 0, "axis": "y", "origin": [22.1, 6.15, 2.95]},
			"faces": {
				"north": {"uv": [0, 0, 0.1, 1.5], "rotation": 90, "texture": "#2"},
				"east": {"uv": [0, 0, 0.3, 0.1], "texture": "#2"},
				"south": {"uv": [0, 0, 0.1, 1.5], "rotation": 270, "texture": "#2"},
				"west": {"uv": [0, 0, 0.3, 0.1], "rotation": 180, "texture": "#2"},
				"up": {"uv": [0, 0, 0.3, 1.5], "rotation": 270, "texture": "#2"},
				"down": {"uv": [0, 0, 0.3, 1.5], "rotation": 270, "texture": "#2"}
			}
		},
		{
			"from": [19.65, 6.6, 2.85],
			"to": [21.05, 6.7, 3.15],
			"rotation": {"angle": 0, "axis": "y", "origin": [22.1, 6.15, 2.95]},
			"faces": {
				"north": {"uv": [0, 0, 0.1, 1.4], "rotation": 90, "texture": "#2"},
				"east": {"uv": [0, 0, 0.3, 0.1], "texture": "#2"},
				"south": {"uv": [0, 0, 0.1, 1.4], "rotation": 270, "texture": "#2"},
				"west": {"uv": [0, 0, 0.3, 0.1], "rotation": 180, "texture": "#2"},
				"up": {"uv": [0, 0, 0.3, 1.4], "rotation": 270, "texture": "#2"},
				"down": {"uv": [0, 0, 0.3, 1.4], "rotation": 270, "texture": "#2"}
			}
		},
		{
			"from": [19.55, 5.7, 2.85],
			"to": [19.65, 6.7, 3.15],
			"rotation": {"angle": 0, "axis": "y", "origin": [22.1, 6.15, 2.95]},
			"faces": {
				"north": {"uv": [0, 0, 0.1, 1], "texture": "#2"},
				"east": {"uv": [0, 0, 0.3, 1], "texture": "#2"},
				"south": {"uv": [0, 0, 0.1, 1], "texture": "#2"},
				"west": {"uv": [0, 0, 0.3, 1], "texture": "#2"},
				"up": {"uv": [0, 0, 0.3, 0.1], "rotation": 270, "texture": "#2"},
				"down": {"uv": [0, 0, 0.3, 0.1], "rotation": 90, "texture": "#2"}
			}
		}
	],
	"display": {
		"thirdperson_righthand": {
			"rotation": [0, 90, 0],
			"translation": [3.75, 5.25, 7.5]
		},
		"firstperson_righthand": {
			"rotation": [0, 90, 0],
			"translation": [-1.75, 9.5, 11]
		},
		"ground": {
			"rotation": [0, 0, 48],
			"translation": [0, 6.25, 0]
		},
		"gui": {
			"rotation": [0, 0, 45],
			"translation": [-2.25, 0, 0],
			"scale": [0.7, 0.7, 0.7]
		},
		"fixed": {
			"rotation": [0, -180, 45],
			"translation": [2, 0, -1.5],
			"scale": [0.7, 0.7, 0.7]
		}
	},
	"groups": [
		{
			"name": "grip",
			"origin": [17.17208, -0.65139, 5.75],
			"color": 0,
			"children": [0, 1, 2, 3, 4, 5, 6, 7, 8, 9, 10, 11, 12, 13, 14, 15, 16, 17]
		},
		{
			"name": "mainflame",
			"origin": [12, 1, 6.76812],
			"color": 0,
			"children": [
				{
					"name": "mainback",
					"origin": [3.775, 6, 5.8],
					"color": 0,
					"children": [
						{
							"name": "backring",
							"origin": [3.775, 6, 5.8],
							"color": 0,
							"children": [
								18,
								19,
								20,
								21,
								22,
								23,
								24,
								25,
								26,
								27,
								28,
								29,
								30,
								31,
								32,
								33,
								34,
								{
									"name": "ammo",
									"origin": [0, 0, 0],
									"color": 0,
									"children": [35, 36, 37, 38]
								}
							]
						},
						39
					]
				},
				40,
				41,
				42,
				43,
				44,
				45,
				46
			]
		},
		{
			"name": "frontflame",
			"origin": [12, 1, 6.76812],
			"color": 0,
			"children": [
				47,
				48,
				49,
				50,
				51,
				52,
				53,
				54,
				55,
				{
					"name": "shotring",
					"origin": [0, 0, 0],
					"color": 0,
					"children": [56, 57, 58, 59, 60, 61, 62, 63, 64, 65, 66, 67, 68, 69, 70, 71]
				}
			]
		},
		{
			"name": "backflame",
			"origin": [7, 4.19203, 4.29325],
			"color": 0,
			"children": [72, 73, 74, 75, 76, 77, 78, 79, 80, 81]
		},
		{
			"name": "sight",
			"origin": [22.6, 6.95, 11.35],
			"color": 0,
			"children": [
				{
					"name": "front",
					"origin": [11.1, 6.15, 2.95],
					"color": 0,
					"children": [82, 83, 84, 85, 86, 87]
				},
				{
					"name": "rear",
					"origin": [0, 0, 0],
					"color": 0,
					"children": [88, 89, 90, 91, 92]
				}
			]
		}
	]
}