{
	"credit": "Made with Blockbench",
	"texture_size": [50, 50],
	"textures": {
		"0": "item/negev",
		"1": "item/ammo",
		"2": "item/ammobox",
		"3": "item/negev1",
		"particle": "item/negev"
	},
	"elements": [
		{
			"from": [5.25, 0, 6],
			"to": [9, 2, 7.5],
			"rotation": {"angle": 0, "axis": "y", "origin": [13.75, 8, 14]},
			"faces": {
				"north": {"uv": [0, 0, 0.96, 0.64], "texture": "#2"},
				"east": {"uv": [0, 0, 0.96, 0.64], "texture": "#2"},
				"south": {"uv": [0, 0, 0.96, 0.64], "texture": "#2"},
				"west": {"uv": [0, 0, 0.96, 0.64], "texture": "#2"},
				"up": {"uv": [0, 0, 0.96, 0.64], "texture": "#2"},
				"down": {"uv": [0, 0, 0.96, 0.64], "texture": "#2"}
			}
		},
		{
			"from": [7.25, 2.25, 6],
			"to": [8, 3.25, 11],
			"rotation": {"angle": 0, "axis": "y", "origin": [15, 10.25, 8]},
			"faces": {
				"north": {"uv": [0, 0, 0.24, 0.32], "texture": "#0"},
				"east": {"uv": [0, 0, 1.6, 0.32], "texture": "#0"},
				"south": {"uv": [0, 0, 0.24, 0.32], "texture": "#0"},
				"west": {"uv": [0, 0, 1.6, 0.32], "texture": "#0"},
				"up": {"uv": [0, 0, 0.24, 1.6], "texture": "#0"},
				"down": {"uv": [0, 0, 0.24, 1.6], "texture": "#0"}
			}
		},
		{
			"from": [7.25, 2.25, 11.4],
			"to": [8, 3.25, 14.9],
			"rotation": {"angle": 0, "axis": "y", "origin": [15, 8.25, 16.9]},
			"faces": {
				"north": {"uv": [0, 0, 0.24, 0.32], "texture": "#0"},
				"east": {"uv": [0, 0, 1.12, 0.32], "texture": "#0"},
				"south": {"uv": [0, 0, 0.24, 0.32], "texture": "#0"},
				"west": {"uv": [0, 0, 1.12, 0.32], "texture": "#0"},
				"up": {"uv": [0, 0, 0.24, 1.12], "texture": "#0"},
				"down": {"uv": [0, 0, 0.24, 1.12], "texture": "#0"}
			}
		},
		{
			"from": [7.25, 1.75, 13.35],
			"to": [8, 2, 14],
			"rotation": {"angle": 0, "axis": "y", "origin": [15.25, 9, 22]},
			"faces": {
				"north": {"uv": [0, 0, 0.24, 0.08], "texture": "#0"},
				"east": {"uv": [0, 0, 0.208, 0.08], "texture": "#0"},
				"south": {"uv": [0, 0, 0.24, 0.08], "texture": "#0"},
				"west": {"uv": [0, 0, 0.208, 0.08], "texture": "#0"},
				"up": {"uv": [0, 0, 0.24, 0.208], "texture": "#0"},
				"down": {"uv": [0, 0, 0.24, 0.208], "texture": "#0"}
			}
		},
		{
			"from": [7.25, 1.95, 13.15],
			"to": [8, 2.1, 13.7],
			"rotation": {"angle": 0, "axis": "y", "origin": [15.25, 9.3, 21.4]},
			"faces": {
				"north": {"uv": [0, 0, 0.24, 0.048], "texture": "#0"},
				"east": {"uv": [0, 0, 0.176, 0.048], "texture": "#0"},
				"south": {"uv": [0, 0, 0.24, 0.048], "texture": "#0"},
				"west": {"uv": [0, 0, 0.176, 0.048], "texture": "#0"},
				"up": {"uv": [0, 0, 0.24, 0.176], "texture": "#0"},
				"down": {"uv": [0, 0, 0.24, 0.176], "texture": "#0"}
			}
		},
		{
			"from": [7.25, 2.15, 12.65],
			"to": [8, 2.5, 13.6],
			"rotation": {"angle": 0, "axis": "y", "origin": [15, 9.5, 20.9]},
			"faces": {
				"north": {"uv": [0, 0, 0.24, 0.112], "texture": "#0"},
				"east": {"uv": [0, 0, 0.304, 0.112], "texture": "#0"},
				"south": {"uv": [0, 0, 0.24, 0.112], "texture": "#0"},
				"west": {"uv": [0, 0, 0.304, 0.112], "texture": "#0"},
				"up": {"uv": [0, 0, 0.24, 0.304], "texture": "#0"},
				"down": {"uv": [0, 0, 0.24, 0.304], "texture": "#0"}
			}
		},
		{
			"from": [7.25, 1.3, 14],
			"to": [8, 1.55, 15],
			"rotation": {"angle": 0, "axis": "y", "origin": [15, 8.75, 22]},
			"faces": {
				"north": {"uv": [0, 0, 0.24, 0.08], "texture": "#0"},
				"east": {"uv": [0, 0, 0.32, 0.08], "texture": "#0"},
				"south": {"uv": [0, 0, 0.24, 0.08], "texture": "#0"},
				"west": {"uv": [0, 0, 0.32, 0.08], "texture": "#0"},
				"up": {"uv": [0, 0, 0.24, 0.32], "texture": "#0"},
				"down": {"uv": [0, 0, 0.24, 0.32], "texture": "#0"}
			}
		},
		{
			"from": [7.25, 1.6, 13.6],
			"to": [8, 1.8, 14.3],
			"rotation": {"angle": 0, "axis": "y", "origin": [15.25, 9.1, 21.6]},
			"faces": {
				"north": {"uv": [0, 0, 0.24, 0.064], "texture": "#0"},
				"east": {"uv": [0, 0, 0.224, 0.064], "texture": "#0"},
				"south": {"uv": [0, 0, 0.24, 0.064], "texture": "#0"},
				"west": {"uv": [0, 0, 0.224, 0.064], "texture": "#0"},
				"up": {"uv": [0, 0, 0.24, 0.224], "texture": "#0"},
				"down": {"uv": [0, 0, 0.24, 0.224], "texture": "#0"}
			}
		},
		{
			"from": [7.25, 1.4, 13.8],
			"to": [8, 1.65, 14.7],
			"rotation": {"angle": 0, "axis": "y", "origin": [15, 8.85, 22]},
			"faces": {
				"north": {"uv": [0, 0, 0.24, 0.08], "texture": "#0"},
				"east": {"uv": [0, 0, 0.288, 0.08], "texture": "#0"},
				"south": {"uv": [0, 0, 0.24, 0.08], "texture": "#0"},
				"west": {"uv": [0, 0, 0.288, 0.08], "texture": "#0"},
				"up": {"uv": [0, 0, 0.24, 0.288], "texture": "#0"},
				"down": {"uv": [0, 0, 0.24, 0.288], "texture": "#0"}
			}
		},
		{
			"from": [7.25, 2.05, 13],
			"to": [8, 2.5, 13.6],
			"rotation": {"angle": 0, "axis": "y", "origin": [15.25, 9.5, 21]},
			"faces": {
				"north": {"uv": [0, 0, 0.24, 0.144], "texture": "#0"},
				"east": {"uv": [0, 0, 0.192, 0.144], "texture": "#0"},
				"south": {"uv": [0, 0, 0.24, 0.144], "texture": "#0"},
				"west": {"uv": [0, 0, 0.192, 0.144], "texture": "#0"},
				"up": {"uv": [0, 0, 0.24, 0.192], "texture": "#0"},
				"down": {"uv": [0, 0, 0.24, 0.192], "texture": "#0"}
			}
		},
		{
			"from": [7.3, 2, 9.5],
			"to": [7.9, 3, 10.35],
			"rotation": {"angle": 0, "axis": "y", "origin": [15.1, 10, 17.5]},
			"faces": {
				"north": {"uv": [0, 0, 0.192, 0.32], "texture": "#0"},
				"east": {"uv": [0, 0, 0.272, 0.32], "texture": "#0"},
				"south": {"uv": [0, 0, 0.192, 0.32], "texture": "#0"},
				"west": {"uv": [0, 0, 0.272, 0.32], "texture": "#0"},
				"up": {"uv": [0, 0, 0.192, 0.272], "texture": "#0"},
				"down": {"uv": [0, 0, 0.192, 0.272], "texture": "#0"}
			}
		},
		{
			"from": [7.5, 3, 11],
			"to": [7.8, 3.25, 12],
			"rotation": {"angle": 0, "axis": "y", "origin": [15, 10.25, 11]},
			"faces": {
				"north": {"uv": [0, 0, 0.096, 0.08], "texture": "#0"},
				"east": {"uv": [0, 0, 0.32, 0.08], "texture": "#0"},
				"south": {"uv": [0, 0, 0.096, 0.08], "texture": "#0"},
				"west": {"uv": [0, 0, 0.32, 0.08], "texture": "#0"},
				"up": {"uv": [0, 0, 0.096, 0.32], "texture": "#0"},
				"down": {"uv": [0, 0, 0.096, 0.32], "texture": "#0"}
			}
		},
		{
			"from": [7.75, 2.25, 11],
			"to": [7.75, 2.5, 12],
			"rotation": {"angle": 0, "axis": "y", "origin": [15, 9.5, 11]},
			"faces": {
				"north": {"uv": [0, 0, 0, 0.08], "texture": "#0"},
				"east": {"uv": [0, 0, 0.32, 0.08], "texture": "#0"},
				"south": {"uv": [0, 0, 0, 0.08], "texture": "#0"},
				"west": {"uv": [0, 0, 0.32, 0.08], "texture": "#0"},
				"up": {"uv": [0, 0, 0, 0.32], "texture": "#0"},
				"down": {"uv": [0, 0, 0, 0.32], "texture": "#0"}
			}
		},
		{
			"from": [7.3, 1.25, 9.65],
			"to": [7.9, 2, 10.3],
			"rotation": {"angle": 0, "axis": "y", "origin": [15.1, 9, 17.4]},
			"faces": {
				"north": {"uv": [0, 0, 0.192, 0.24], "texture": "#0"},
				"east": {"uv": [0, 0, 0.208, 0.24], "texture": "#0"},
				"south": {"uv": [0, 0, 0.192, 0.24], "texture": "#0"},
				"west": {"uv": [0, 0, 0.208, 0.24], "texture": "#0"},
				"up": {"uv": [0, 0, 0.192, 0.208], "texture": "#0"},
				"down": {"uv": [0, 0, 0.192, 0.208], "texture": "#0"}
			}
		},
		{
			"from": [7.4, 1.7, 8.6],
			"to": [7.8, 1.85, 9.5],
			"rotation": {"angle": 0, "axis": "y", "origin": [15.1, 9.35, 16.6]},
			"faces": {
				"north": {"uv": [0, 0, 0.128, 0.048], "texture": "#0"},
				"east": {"uv": [0, 0, 0.288, 0.048], "texture": "#0"},
				"south": {"uv": [0, 0, 0.128, 0.048], "texture": "#0"},
				"west": {"uv": [0, 0, 0.288, 0.048], "texture": "#0"},
				"up": {"uv": [0, 0, 0.128, 0.288], "texture": "#0"},
				"down": {"uv": [0, 0, 0.128, 0.288], "texture": "#0"}
			}
		},
		{
			"from": [7.4, 1.7, 9.35],
			"to": [7.8, 2.35, 9.5],
			"rotation": {"angle": 0, "axis": "y", "origin": [15.1, 9.6, 16.6]},
			"faces": {
				"north": {"uv": [0, 0, 0.128, 0.208], "texture": "#0"},
				"east": {"uv": [0, 0, 0.048, 0.208], "texture": "#0"},
				"south": {"uv": [0, 0, 0.128, 0.208], "texture": "#0"},
				"west": {"uv": [0, 0, 0.048, 0.208], "texture": "#0"},
				"up": {"uv": [0, 0, 0.128, 0.048], "texture": "#0"},
				"down": {"uv": [0, 0, 0.128, 0.048], "texture": "#0"}
			}
		},
		{
			"from": [7.5, 1.95, 9.1],
			"to": [7.7, 2.6, 9.25],
			"rotation": {"angle": 0, "axis": "y", "origin": [15.1, 9.85, 16.35]},
			"faces": {
				"north": {"uv": [0, 0, 0.064, 0.208], "texture": "#0"},
				"east": {"uv": [0, 0, 0.048, 0.208], "texture": "#0"},
				"south": {"uv": [0, 0, 0.064, 0.208], "texture": "#0"},
				"west": {"uv": [0, 0, 0.048, 0.208], "texture": "#0"},
				"up": {"uv": [0, 0, 0.064, 0.048], "texture": "#0"},
				"down": {"uv": [0, 0, 0.064, 0.048], "texture": "#0"}
			}
		},
		{
			"from": [7.4, 1.8, 8.5],
			"to": [7.8, 2.35, 8.65],
			"rotation": {"angle": 0, "axis": "y", "origin": [15.1, 9.6, 15.75]},
			"faces": {
				"north": {"uv": [0, 0, 0.128, 0.176], "texture": "#0"},
				"east": {"uv": [0, 0, 0.048, 0.176], "texture": "#0"},
				"south": {"uv": [0, 0, 0.128, 0.176], "texture": "#0"},
				"west": {"uv": [0, 0, 0.048, 0.176], "texture": "#0"},
				"up": {"uv": [0, 0, 0.128, 0.048], "texture": "#0"},
				"down": {"uv": [0, 0, 0.128, 0.048], "texture": "#0"}
			}
		},
		{
			"from": [7.3, 1, 9.8],
			"to": [7.9, 1.75, 10.45],
			"rotation": {"angle": 0, "axis": "y", "origin": [15.1, 8.75, 17.55]},
			"faces": {
				"north": {"uv": [0, 0, 0.192, 0.24], "texture": "#0"},
				"east": {"uv": [0, 0, 0.208, 0.24], "texture": "#0"},
				"south": {"uv": [0, 0, 0.192, 0.24], "texture": "#0"},
				"west": {"uv": [0, 0, 0.208, 0.24], "texture": "#0"},
				"up": {"uv": [0, 0, 0.192, 0.208], "texture": "#0"},
				"down": {"uv": [0, 0, 0.192, 0.208], "texture": "#0"}
			}
		},
		{
			"from": [7.25, 1.4, 14.8],
			"to": [8, 2.4, 14.9],
			"rotation": {"angle": 0, "axis": "y", "origin": [15, 9.4, 21.9]},
			"faces": {
				"north": {"uv": [0, 0, 0.24, 0.32], "texture": "#0"},
				"east": {"uv": [0, 0, 0.032, 0.32], "texture": "#0"},
				"south": {"uv": [0, 0, 0.24, 0.32], "texture": "#0"},
				"west": {"uv": [0, 0, 0.032, 0.32], "texture": "#0"},
				"up": {"uv": [0, 0, 0.24, 0.032], "texture": "#0"},
				"down": {"uv": [0, 0, 0.24, 0.032], "texture": "#0"}
			}
		},
		{
			"from": [7.25, 2.7, 14.9],
			"to": [8, 3.2, 15],
			"rotation": {"angle": 0, "axis": "y", "origin": [15, 10.2, 22]},
			"faces": {
				"north": {"uv": [0, 0, 0.24, 0.16], "texture": "#0"},
				"east": {"uv": [0, 0, 0.032, 0.16], "texture": "#0"},
				"south": {"uv": [0, 0, 0.24, 0.16], "texture": "#0"},
				"west": {"uv": [0, 0, 0.032, 0.16], "texture": "#0"},
				"up": {"uv": [0, 0, 0.24, 0.032], "texture": "#0"},
				"down": {"uv": [0, 0, 0.24, 0.032], "texture": "#0"}
			}
		},
		{
			"from": [7.5, 2.75, 0],
			"to": [7.75, 3, 4],
			"rotation": {"angle": 0, "axis": "y", "origin": [15, 10, 8]},
			"faces": {
				"north": {"uv": [0, 0, 0.08, 0.08], "texture": "#0"},
				"east": {"uv": [0, 0, 1.28, 0.08], "texture": "#0"},
				"south": {"uv": [0, 0, 0.08, 0.08], "texture": "#0"},
				"west": {"uv": [0, 0, 1.28, 0.08], "texture": "#0"},
				"up": {"uv": [0, 0, 0.08, 1.28], "texture": "#0"},
				"down": {"uv": [0, 0, 0.08, 1.28], "texture": "#0"}
			}
		},
		{
			"from": [7.5, 2.5, 3],
			"to": [7.75, 3, 4.25],
			"rotation": {"angle": 0, "axis": "y", "origin": [15, 10, 11]},
			"faces": {
				"north": {"uv": [0, 0, 0.08, 0.16], "texture": "#0"},
				"east": {"uv": [0, 0, 0.4, 0.16], "texture": "#0"},
				"south": {"uv": [0, 0, 0.08, 0.16], "texture": "#0"},
				"west": {"uv": [0, 0, 0.4, 0.16], "texture": "#0"},
				"up": {"uv": [0, 0, 0.08, 0.4], "texture": "#0"},
				"down": {"uv": [0, 0, 0.08, 0.4], "texture": "#0"}
			}
		},
		{
			"from": [7.5, 3, 3],
			"to": [7.75, 3.75, 3.25],
			"rotation": {"angle": 0, "axis": "y", "origin": [15, 11, 11]},
			"faces": {
				"north": {"uv": [0, 0, 0.08, 0.24], "texture": "#0"},
				"east": {"uv": [0, 0, 0.08, 0.24], "texture": "#0"},
				"south": {"uv": [0, 0, 0.08, 0.24], "texture": "#0"},
				"west": {"uv": [0, 0, 0.08, 0.24], "texture": "#0"},
				"up": {"uv": [0, 0, 0.08, 0.08], "texture": "#0"},
				"down": {"uv": [0, 0, 0.08, 0.08], "texture": "#0"}
			}
		},
		{
			"from": [7.25, 3, 10],
			"to": [7.4, 3.5, 10.5],
			"rotation": {"angle": 0, "axis": "y", "origin": [15, 11, 17.5]},
			"faces": {
				"north": {"uv": [0, 0, 0.048, 0.16], "texture": "#0"},
				"east": {"uv": [0, 0, 0.16, 0.16], "texture": "#0"},
				"south": {"uv": [0, 0, 0.048, 0.16], "texture": "#0"},
				"west": {"uv": [0, 0, 0.16, 0.16], "texture": "#0"},
				"up": {"uv": [0, 0, 0.048, 0.16], "texture": "#0"},
				"down": {"uv": [0, 0, 0.048, 0.16], "texture": "#0"}
			}
		},
		{
			"from": [7.85, 3, 10],
			"to": [8, 3.5, 10.5],
			"rotation": {"angle": 0, "axis": "y", "origin": [15.6, 11, 17.5]},
			"faces": {
				"north": {"uv": [0, 0, 0.048, 0.16], "texture": "#0"},
				"east": {"uv": [0, 0, 0.16, 0.16], "texture": "#0"},
				"south": {"uv": [0, 0, 0.048, 0.16], "texture": "#0"},
				"west": {"uv": [0, 0, 0.16, 0.16], "texture": "#0"},
				"up": {"uv": [0, 0, 0.048, 0.16], "texture": "#0"},
				"down": {"uv": [0, 0, 0.048, 0.16], "texture": "#0"}
			}
		},
		{
			"from": [7.85, 2.9, 9.5],
			"to": [8, 3.4, 10],
			"rotation": {"angle": 0, "axis": "y", "origin": [15.6, 10.9, 17]},
			"faces": {
				"north": {"uv": [0, 0, 0.048, 0.16], "texture": "#0"},
				"east": {"uv": [0, 0, 0.16, 0.16], "texture": "#0"},
				"south": {"uv": [0, 0, 0.048, 0.16], "texture": "#0"},
				"west": {"uv": [0, 0, 0.16, 0.16], "texture": "#0"},
				"up": {"uv": [0, 0, 0.048, 0.16], "texture": "#0"},
				"down": {"uv": [0, 0, 0.048, 0.16], "texture": "#0"}
			}
		},
		{
			"from": [7.25, 2.9, 9.5],
			"to": [7.4, 3.4, 10],
			"rotation": {"angle": 0, "axis": "y", "origin": [15, 10.9, 17]},
			"faces": {
				"north": {"uv": [0, 0, 0.048, 0.16], "texture": "#0"},
				"east": {"uv": [0, 0, 0.16, 0.16], "texture": "#0"},
				"south": {"uv": [0, 0, 0.048, 0.16], "texture": "#0"},
				"west": {"uv": [0, 0, 0.16, 0.16], "texture": "#0"},
				"up": {"uv": [0, 0, 0.048, 0.16], "texture": "#0"},
				"down": {"uv": [0, 0, 0.048, 0.16], "texture": "#0"}
			}
		},
		{
			"from": [6.55, 2.35, 6.25],
			"to": [6.7, 2.45, 7.25],
			"rotation": {"angle": 0, "axis": "y", "origin": [13.8, 10.35, 14.25]},
			"faces": {
				"north": {"uv": [0, 0, 0.048, 0.032], "texture": "#1"},
				"east": {"uv": [0, 0, 0.32, 0.032], "texture": "#1"},
				"south": {"uv": [0, 0, 0.048, 0.032], "texture": "#1"},
				"west": {"uv": [0, 0, 0.32, 0.032], "texture": "#1"},
				"up": {"uv": [0, 0, 0.048, 0.32], "texture": "#1"},
				"down": {"uv": [0, 0, 0.048, 0.32], "texture": "#1"}
			}
		},
		{
			"from": [6.45, 2.25, 6.25],
			"to": [6.6, 2.35, 7.25],
			"rotation": {"angle": 0, "axis": "y", "origin": [13.7, 10.25, 14.25]},
			"faces": {
				"north": {"uv": [0, 0, 0.048, 0.032], "texture": "#1"},
				"east": {"uv": [0, 0, 0.32, 0.032], "texture": "#1"},
				"south": {"uv": [0, 0, 0.048, 0.032], "texture": "#1"},
				"west": {"uv": [0, 0, 0.32, 0.032], "texture": "#1"},
				"up": {"uv": [0, 0, 0.048, 0.32], "texture": "#1"},
				"down": {"uv": [0, 0, 0.048, 0.32], "texture": "#1"}
			}
		},
		{
			"from": [6.4, 2.15, 6.25],
			"to": [6.55, 2.25, 7.25],
			"rotation": {"angle": 0, "axis": "y", "origin": [13.65, 10.15, 14.25]},
			"faces": {
				"north": {"uv": [0, 0, 0.048, 0.032], "texture": "#1"},
				"east": {"uv": [0, 0, 0.32, 0.032], "texture": "#1"},
				"south": {"uv": [0, 0, 0.048, 0.032], "texture": "#1"},
				"west": {"uv": [0, 0, 0.32, 0.032], "texture": "#1"},
				"up": {"uv": [0, 0, 0.048, 0.32], "texture": "#1"},
				"down": {"uv": [0, 0, 0.048, 0.32], "texture": "#1"}
			}
		},
		{
			"from": [6.3, 2.05, 6.25],
			"to": [6.45, 2.15, 7.25],
			"rotation": {"angle": 0, "axis": "y", "origin": [13.55, 10.05, 14.25]},
			"faces": {
				"north": {"uv": [0, 0, 0.048, 0.032], "texture": "#1"},
				"east": {"uv": [0, 0, 0.32, 0.032], "texture": "#1"},
				"south": {"uv": [0, 0, 0.048, 0.032], "texture": "#1"},
				"west": {"uv": [0, 0, 0.32, 0.032], "texture": "#1"},
				"up": {"uv": [0, 0, 0.048, 0.32], "texture": "#1"},
				"down": {"uv": [0, 0, 0.048, 0.32], "texture": "#1"}
			}
		},
		{
			"from": [6.25, 1.95, 6.25],
			"to": [6.4, 2.05, 7.25],
			"rotation": {"angle": 0, "axis": "y", "origin": [13.5, 9.95, 14.25]},
			"faces": {
				"north": {"uv": [0, 0, 0.048, 0.032], "texture": "#1"},
				"east": {"uv": [0, 0, 0.32, 0.032], "texture": "#1"},
				"south": {"uv": [0, 0, 0.048, 0.032], "texture": "#1"},
				"west": {"uv": [0, 0, 0.32, 0.032], "texture": "#1"},
				"up": {"uv": [0, 0, 0.048, 0.32], "texture": "#1"},
				"down": {"uv": [0, 0, 0.048, 0.32], "texture": "#1"}
			}
		},
		{
			"from": [6.95, 2.7, 6.25],
			"to": [7.1, 2.8, 7.25],
			"rotation": {"angle": 0, "axis": "y", "origin": [14.2, 10.7, 14.25]},
			"faces": {
				"north": {"uv": [0, 0, 0.048, 0.032], "texture": "#1"},
				"east": {"uv": [0, 0, 0.32, 0.032], "texture": "#1"},
				"south": {"uv": [0, 0, 0.048, 0.032], "texture": "#1"},
				"west": {"uv": [0, 0, 0.32, 0.032], "texture": "#1"},
				"up": {"uv": [0, 0, 0.048, 0.32], "texture": "#1"},
				"down": {"uv": [0, 0, 0.048, 0.32], "texture": "#1"}
			}
		},
		{
			"from": [6.85, 2.6, 6.25],
			"to": [7, 2.7, 7.25],
			"rotation": {"angle": 0, "axis": "y", "origin": [14.1, 10.6, 14.25]},
			"faces": {
				"north": {"uv": [0, 0, 0.048, 0.032], "texture": "#1"},
				"east": {"uv": [0, 0, 0.32, 0.032], "texture": "#1"},
				"south": {"uv": [0, 0, 0.048, 0.032], "texture": "#1"},
				"west": {"uv": [0, 0, 0.32, 0.032], "texture": "#1"},
				"up": {"uv": [0, 0, 0.048, 0.32], "texture": "#1"},
				"down": {"uv": [0, 0, 0.048, 0.32], "texture": "#1"}
			}
		},
		{
			"from": [6.75, 2.5, 6.25],
			"to": [6.9, 2.6, 7.25],
			"rotation": {"angle": 0, "axis": "y", "origin": [14, 10.5, 14.25]},
			"faces": {
				"north": {"uv": [0, 0, 0.048, 0.032], "texture": "#1"},
				"east": {"uv": [0, 0, 0.32, 0.032], "texture": "#1"},
				"south": {"uv": [0, 0, 0.048, 0.032], "texture": "#1"},
				"west": {"uv": [0, 0, 0.32, 0.032], "texture": "#1"},
				"up": {"uv": [0, 0, 0.048, 0.32], "texture": "#1"},
				"down": {"uv": [0, 0, 0.048, 0.32], "texture": "#1"}
			}
		},
		{
			"from": [6.65, 2.4, 6.25],
			"to": [6.8, 2.5, 7.25],
			"rotation": {"angle": 0, "axis": "y", "origin": [13.9, 10.4, 14.25]},
			"faces": {
				"north": {"uv": [0, 0, 0.048, 0.032], "texture": "#1"},
				"east": {"uv": [0, 0, 0.32, 0.032], "texture": "#1"},
				"south": {"uv": [0, 0, 0.048, 0.032], "texture": "#1"},
				"west": {"uv": [0, 0, 0.32, 0.032], "texture": "#1"},
				"up": {"uv": [0, 0, 0.048, 0.32], "texture": "#1"},
				"down": {"uv": [0, 0, 0.048, 0.32], "texture": "#1"}
			}
		},
		{
			"from": [7.05, 2.8, 6.25],
			"to": [7.2, 2.9, 7.25],
			"rotation": {"angle": 0, "axis": "y", "origin": [14.3, 10.8, 14.25]},
			"faces": {
				"north": {"uv": [0, 0, 0.048, 0.032], "texture": "#1"},
				"east": {"uv": [0, 0, 0.32, 0.032], "texture": "#1"},
				"south": {"uv": [0, 0, 0.048, 0.032], "texture": "#1"},
				"west": {"uv": [0, 0, 0.32, 0.032], "texture": "#1"},
				"up": {"uv": [0, 0, 0.048, 0.32], "texture": "#1"},
				"down": {"uv": [0, 0, 0.048, 0.32], "texture": "#1"}
			}
		},
		{
			"from": [7.15, 2.9, 6.25],
			"to": [7.3, 3, 7.25],
			"rotation": {"angle": 0, "axis": "y", "origin": [14.4, 10.9, 14.25]},
			"faces": {
				"north": {"uv": [0, 0, 0.048, 0.032], "texture": "#1"},
				"east": {"uv": [0, 0, 0.32, 0.032], "texture": "#1"},
				"south": {"uv": [0, 0, 0.048, 0.032], "texture": "#1"},
				"west": {"uv": [0, 0, 0.32, 0.032], "texture": "#1"},
				"up": {"uv": [0, 0, 0.048, 0.32], "texture": "#1"},
				"down": {"uv": [0, 0, 0.048, 0.32], "texture": "#1"}
			}
		},
		{
			"from": [7.25, 2.25, 4.25],
			"to": [8, 3.25, 6],
			"rotation": {"angle": 0, "axis": "y", "origin": [15, 10.25, 12.5]},
			"faces": {
				"north": {"uv": [0, 0, 0.24, 0.32], "texture": "#3"},
				"east": {"uv": [0, 0, 0.56, 0.32], "texture": "#3"},
				"south": {"uv": [0, 0, 0.24, 0.32], "texture": "#3"},
				"west": {"uv": [0, 0, 0.56, 0.32], "texture": "#3"},
				"up": {"uv": [0, 0, 0.24, 0.56], "texture": "#3"},
				"down": {"uv": [0, 0, 0.24, 0.56], "texture": "#3"}
			}
		}
	],
	"display": {
		"thirdperson_righthand": {
			"rotation": [0, 1, 0],
			"translation": [0, 5.75, -1.5]
		},
		"firstperson_righthand": {
			"translation": [0, 7, 0]
		},
		"firstperson_lefthand": {
			"translation": [0, 8, 0]
		},
		"gui": {
			"rotation": [83, -43.25, 84.75],
			"translation": [-3.5, 2.5, 0]
		},
		"fixed": {
			"rotation": [88.5, 42.5, -82],
			"translation": [5.5, 2.75, -0.75]
		}
	},
	"groups": [
		{
			"name": "group",
			"origin": [15, 10.9, 17],
			"children": [0, 1, 2, 3, 4, 5, 6, 7, 8, 9, 10, 11, 12, 13, 14, 15, 16, 17, 18, 19, 20, 21, 22, 23, 24, 25, 26, 27, 28, 29, 30, 31, 32, 33, 34, 35, 36, 37, 38, 39]
		}
	]
}