{
	"credit": "Made with Blockbench",
	"textures": {
		"0": "item/p90_black",
		"1": "item/p90_gray",
		"2": "item/p90_magazine",
		"3": "item/p90_sight",
		"particle": "item/p90_black"
	},
	"elements": [
		{
			"from": [11, 5.1, 7.8],
			"to": [15, 6.7, 9.2],
			"faces": {
				"north": {"uv": [0, 0, 4, 2], "texture": "#0"},
				"east": {"uv": [4, 1, 5, 3], "texture": "#0"},
				"south": {"uv": [0, 2, 4, 4], "texture": "#0"},
				"west": {"uv": [4, 3, 5, 5], "texture": "#0"},
				"up": {"uv": [4, 5, 0, 4], "texture": "#0"},
				"down": {"uv": [8, 0, 4, 1], "texture": "#0"}
			}
		},
		{
			"from": [15, 6.6, 7.8],
			"to": [15.2, 6.7, 9.2],
			"faces": {
				"north": {"uv": [0, 0, 0.2, 0.1], "texture": "#0"},
				"east": {"uv": [0, 0, 1.4, 0.1], "texture": "#0"},
				"south": {"uv": [0, 0, 0.2, 0.1], "texture": "#0"},
				"west": {"uv": [0, 0, 1.4, 0.1], "texture": "#0"},
				"up": {"uv": [0, 0, 0.2, 1.4], "texture": "#0"},
				"down": {"uv": [0, 0, 0.2, 1.4], "texture": "#0"}
			}
		},
		{
			"from": [15.09948, 6.0001, 7.8],
			"to": [15.29948, 6.6001, 9.2],
			"rotation": {"angle": -22.5, "axis": "z", "origin": [15.24948, 6.8501, 8.5]},
			"faces": {
				"north": {"uv": [0, 0, 0.2, 0.6], "texture": "#0"},
				"east": {"uv": [0, 0, 1.4, 0.6], "texture": "#0"},
				"south": {"uv": [0, 0, 0.2, 0.6], "texture": "#0"},
				"west": {"uv": [0, 0, 1.4, 0.6], "texture": "#0"},
				"up": {"uv": [0, 0, 0.2, 1.4], "texture": "#0"},
				"down": {"uv": [0, 0, 0.2, 1.4], "texture": "#0"}
			}
		},
		{
			"from": [5.5, 5, 7.9],
			"to": [15, 5.1, 9.1],
			"faces": {
				"north": {"uv": [0, 0, 9.5, 0.1], "texture": "#0"},
				"east": {"uv": [0, 0, 1.2, 0.1], "texture": "#0"},
				"south": {"uv": [0, 0, 9.5, 0.1], "texture": "#0"},
				"west": {"uv": [0, 0, 1.2, 0.1], "texture": "#0"},
				"up": {"uv": [0, 0, 9.5, 1.2], "texture": "#0"},
				"down": {"uv": [0, 0, 9.5, 1.2], "texture": "#0"}
			}
		},
		{
			"from": [11, 3.5, 8],
			"to": [15, 5, 9],
			"faces": {
				"north": {"uv": [0, 0, 4, 1.5], "texture": "#0"},
				"east": {"uv": [0, 0, 1, 1.5], "texture": "#0"},
				"south": {"uv": [0, 0, 4, 1.5], "texture": "#0"},
				"west": {"uv": [0, 0, 1, 1.5], "texture": "#0"},
				"up": {"uv": [0, 0, 4, 1], "texture": "#0"},
				"down": {"uv": [0, 0, 4, 1], "texture": "#0"}
			}
		},
		{
			"from": [11, 3.41819, 9.00307],
			"to": [15.1, 3.71819, 9.10307],
			"rotation": {"angle": 22.5, "axis": "x", "origin": [11, 3.86819, 8.50307]},
			"faces": {
				"north": {"uv": [0, 0, 4.1, 0.3], "texture": "#0"},
				"east": {"uv": [0, 0, 0.1, 0.3], "texture": "#0"},
				"south": {"uv": [0, 0, 4.1, 0.3], "texture": "#0"},
				"west": {"uv": [0, 0, 0.1, 0.3], "texture": "#0"},
				"up": {"uv": [0, 0, 4.1, 0.1], "texture": "#0"},
				"down": {"uv": [0, 0, 4.1, 0.1], "texture": "#0"}
			}
		},
		{
			"from": [11, 3.22284, 8.11481],
			"to": [15.1, 3.52284, 8.86481],
			"rotation": {"angle": 0, "axis": "y", "origin": [11, 3.82284, 8.36481]},
			"faces": {
				"north": {"uv": [0, 0, 4.1, 0.3], "rotation": 180, "texture": "#0"},
				"east": {"uv": [0, 0, 0.3, 0.75], "rotation": 90, "texture": "#0"},
				"south": {"uv": [0, 0, 4.1, 0.3], "texture": "#0"},
				"west": {"uv": [0, 0, 0.3, 0.75], "rotation": 270, "texture": "#0"},
				"up": {"uv": [0, 0, 4.1, 0.75], "texture": "#0"},
				"down": {"uv": [0, 0, 4.1, 0.75], "rotation": 180, "texture": "#0"}
			}
		},
		{
			"from": [11, 3.37992, 7.90454],
			"to": [15.1, 3.67992, 8.00454],
			"rotation": {"angle": -22.5, "axis": "x", "origin": [11, 3.82992, 8.40454]},
			"faces": {
				"north": {"uv": [0, 0, 4.1, 0.3], "texture": "#0"},
				"east": {"uv": [0, 0, 0.1, 0.3], "texture": "#0"},
				"south": {"uv": [0, 0, 4.1, 0.3], "texture": "#0"},
				"west": {"uv": [0, 0, 0.1, 0.3], "texture": "#0"},
				"up": {"uv": [0, 0, 4.1, 0.1], "texture": "#0"},
				"down": {"uv": [0, 0, 4.1, 0.1], "texture": "#0"}
			}
		},
		{
			"from": [14.02744, 3.28665, 8],
			"to": [14.22744, 3.88665, 9],
			"rotation": {"angle": 22.5, "axis": "z", "origin": [14.12744, 5.58665, 8.5]},
			"faces": {
				"north": {"uv": [0, 0, 0.2, 0.6], "texture": "#0"},
				"east": {"uv": [0, 0, 1, 0.6], "texture": "#0"},
				"south": {"uv": [0, 0, 0.2, 0.6], "texture": "#0"},
				"west": {"uv": [0, 0, 1, 0.6], "texture": "#0"},
				"up": {"uv": [0, 0, 0.2, 1], "texture": "#0"},
				"down": {"uv": [0, 0, 0.2, 1], "texture": "#0"}
			}
		},
		{
			"from": [10.5, 6.5, 7.8],
			"to": [11, 6.7, 9.2],
			"faces": {
				"north": {"uv": [0, 0, 0.5, 0.2], "texture": "#0"},
				"east": {"uv": [0, 0, 1.4, 0.2], "texture": "#0"},
				"south": {"uv": [0, 0, 0.5, 0.2], "texture": "#0"},
				"west": {"uv": [0, 0, 1.4, 0.2], "texture": "#0"},
				"up": {"uv": [0, 0, 0.5, 1.4], "texture": "#0"},
				"down": {"uv": [0, 0, 0.5, 1.4], "texture": "#0"}
			}
		},
		{
			"from": [10.52727, 6.2, 7.63436],
			"to": [10.62727, 6.5, 8.03436],
			"rotation": {"angle": 22.5, "axis": "y", "origin": [10.57727, 6.35, 7.83436]},
			"faces": {
				"north": {"uv": [0, 0, 0.1, 0.3], "texture": "#0"},
				"east": {"uv": [0, 0, 0.4, 0.3], "texture": "#0"},
				"south": {"uv": [0, 0, 0.1, 0.3], "texture": "#0"},
				"west": {"uv": [0, 0, 0.4, 0.3], "texture": "#0"},
				"up": {"uv": [0, 0, 0.1, 0.4], "texture": "#0"},
				"down": {"uv": [0, 0, 0.1, 0.4], "texture": "#0"}
			}
		},
		{
			"from": [10.7, 6.2, 8],
			"to": [11, 6.5, 9],
			"faces": {
				"north": {"uv": [0, 0, 0.3, 0.3], "texture": "#0"},
				"east": {"uv": [0, 0, 1, 0.3], "texture": "#0"},
				"south": {"uv": [0, 0, 0.3, 0.3], "texture": "#0"},
				"west": {"uv": [0, 0, 1, 0.3], "texture": "#0"},
				"up": {"uv": [0, 0, 0.3, 1], "texture": "#0"},
				"down": {"uv": [0, 0, 0.3, 1], "texture": "#0"}
			}
		},
		{
			"from": [10.66491, 6.2, 8.87367],
			"to": [10.76491, 6.5, 9.27367],
			"rotation": {"angle": -22.5, "axis": "y", "origin": [10.41491, 6.35, 8.77367]},
			"faces": {
				"north": {"uv": [0, 0, 0.1, 0.3], "texture": "#0"},
				"east": {"uv": [0, 0, 0.4, 0.3], "texture": "#0"},
				"south": {"uv": [0, 0, 0.1, 0.3], "texture": "#0"},
				"west": {"uv": [0, 0, 0.4, 0.3], "texture": "#0"},
				"up": {"uv": [0, 0, 0.1, 0.4], "texture": "#0"},
				"down": {"uv": [0, 0, 0.1, 0.4], "texture": "#0"}
			}
		},
		{
			"from": [5.5, 5.1, 7.8],
			"to": [11, 6.2, 9.2],
			"faces": {
				"north": {"uv": [0, 0, 5.5, 1.1], "texture": "#0"},
				"east": {"uv": [0, 0, 1.4, 1.1], "texture": "#0"},
				"south": {"uv": [0, 0, 5.5, 1.1], "texture": "#0"},
				"west": {"uv": [0, 0, 1.4, 1.1], "texture": "#0"},
				"up": {"uv": [0, 0, 5.5, 1.4], "texture": "#0"},
				"down": {"uv": [0, 0, 5.5, 1.4], "texture": "#0"}
			}
		},
		{
			"from": [9, 3.6, 8.1],
			"to": [11, 5, 8.9],
			"faces": {
				"north": {"uv": [0, 0, 2, 1.4], "texture": "#0"},
				"east": {"uv": [0, 0, 0.8, 1.4], "texture": "#0"},
				"south": {"uv": [0, 0, 2, 1.4], "texture": "#0"},
				"west": {"uv": [0, 0, 0.8, 1.4], "texture": "#0"},
				"up": {"uv": [0, 0, 2, 0.8], "texture": "#0"},
				"down": {"uv": [0, 0, 2, 0.8], "texture": "#0"}
			}
		},
		{
			"from": [8.4908, 5.00799, 8.1],
			"to": [8.8908, 5.10799, 8.9],
			"rotation": {"angle": -22.5, "axis": "z", "origin": [8.5658, 5.05799, 8.5]},
			"faces": {
				"north": {"uv": [0, 0, 0.1, 0.4], "rotation": 90, "texture": "#0"},
				"east": {"uv": [0, 0, 0.1, 0.8], "rotation": 270, "texture": "#0"},
				"south": {"uv": [0, 0, 0.1, 0.4], "rotation": 270, "texture": "#0"},
				"west": {"uv": [0, 0, 0.1, 0.8], "rotation": 270, "texture": "#0"},
				"up": {"uv": [0, 0, 0.8, 0.4], "rotation": 270, "texture": "#0"},
				"down": {"uv": [0, 0, 0.8, 0.4], "rotation": 270, "texture": "#0"}
			}
		},
		{
			"from": [8.89096, 4.51607, 8.1],
			"to": [9.09096, 5.11607, 8.9],
			"rotation": {"angle": 22.5, "axis": "z", "origin": [8.94096, 4.79107, 8.5]},
			"faces": {
				"north": {"uv": [0, 0, 0.2, 0.6], "texture": "#0"},
				"east": {"uv": [0, 0, 0.8, 0.6], "texture": "#0"},
				"south": {"uv": [0, 0, 0.2, 0.6], "texture": "#0"},
				"west": {"uv": [0, 0, 0.8, 0.6], "texture": "#0"},
				"up": {"uv": [0, 0, 0.2, 0.8], "texture": "#0"},
				"down": {"uv": [0, 0, 0.2, 0.8], "texture": "#0"}
			}
		},
		{
			"from": [8.94836, 3.50825, 8.1],
			"to": [9.14836, 4.10825, 8.9],
			"rotation": {"angle": -22.5, "axis": "z", "origin": [8.99836, 3.98325, 8.5]},
			"faces": {
				"north": {"uv": [0, 0, 0.2, 0.6], "rotation": 180, "texture": "#0"},
				"east": {"uv": [0, 0, 0.8, 0.6], "rotation": 180, "texture": "#0"},
				"south": {"uv": [0, 0, 0.2, 0.6], "rotation": 180, "texture": "#0"},
				"west": {"uv": [0, 0, 0.8, 0.6], "rotation": 180, "texture": "#0"},
				"up": {"uv": [0, 0, 0.2, 0.8], "rotation": 180, "texture": "#0"},
				"down": {"uv": [0, 0, 0.2, 0.8], "rotation": 180, "texture": "#0"}
			}
		},
		{
			"from": [8.47558, 3.50429, 8.1],
			"to": [8.87558, 3.70429, 8.9],
			"rotation": {"angle": 22.5, "axis": "z", "origin": [8.75058, 3.65429, 8.5]},
			"faces": {
				"north": {"uv": [0, 0, 0.2, 0.4], "rotation": 90, "texture": "#0"},
				"east": {"uv": [0, 0, 0.2, 0.8], "rotation": 270, "texture": "#0"},
				"south": {"uv": [0, 0, 0.2, 0.4], "rotation": 270, "texture": "#0"},
				"west": {"uv": [0, 0, 0.2, 0.8], "rotation": 270, "texture": "#0"},
				"up": {"uv": [0, 0, 0.8, 0.4], "rotation": 270, "texture": "#0"},
				"down": {"uv": [0, 0, 0.8, 0.4], "rotation": 270, "texture": "#0"}
			}
		},
		{
			"from": [7.57537, 3.58516, 8.1],
			"to": [8.07537, 3.68516, 8.9],
			"rotation": {"angle": -22.5, "axis": "z", "origin": [7.85037, 3.63516, 8.5]},
			"faces": {
				"north": {"uv": [0, 0, 0.1, 0.5], "rotation": 90, "texture": "#0"},
				"east": {"uv": [0, 0, 0.1, 0.8], "rotation": 270, "texture": "#0"},
				"south": {"uv": [0, 0, 0.1, 0.5], "rotation": 270, "texture": "#0"},
				"west": {"uv": [0, 0, 0.1, 0.8], "rotation": 270, "texture": "#0"},
				"up": {"uv": [0, 0, 0.8, 0.5], "rotation": 270, "texture": "#0"},
				"down": {"uv": [0, 0, 0.8, 0.5], "rotation": 270, "texture": "#0"}
			}
		},
		{
			"from": [6.76505, 4.04027, 8.1],
			"to": [7.26505, 5.34027, 8.9],
			"rotation": {"angle": 22.5, "axis": "z", "origin": [7.21505, 4.24027, 8.5]},
			"faces": {
				"north": {"uv": [0, 0, 0.5, 1.3], "texture": "#0"},
				"east": {"uv": [0, 0, 0.8, 1.3], "texture": "#0"},
				"south": {"uv": [0, 0, 0.5, 1.3], "texture": "#0"},
				"west": {"uv": [0, 0, 0.8, 1.3], "texture": "#0"},
				"up": {"uv": [0, 0, 0.5, 0.8], "texture": "#0"},
				"down": {"uv": [0, 0, 0.5, 0.8], "texture": "#0"}
			}
		},
		{
			"from": [7.12298, 4.35179, 8.1],
			"to": [7.22298, 4.65179, 8.9],
			"rotation": {"angle": 0, "axis": "y", "origin": [7.17298, 4.55179, 8.5]},
			"faces": {
				"north": {"uv": [0, 0, 0.1, 0.3], "texture": "#0"},
				"east": {"uv": [0, 0, 0.8, 0.3], "texture": "#0"},
				"south": {"uv": [0, 0, 0.1, 0.3], "texture": "#0"},
				"west": {"uv": [0, 0, 0.8, 0.3], "texture": "#0"},
				"up": {"uv": [0, 0, 0.1, 0.8], "texture": "#0"},
				"down": {"uv": [0, 0, 0.1, 0.8], "texture": "#0"}
			}
		},
		{
			"from": [6.90332, 4.4557, 8.1],
			"to": [7.30332, 4.9557, 8.9],
			"rotation": {"angle": -22.5, "axis": "z", "origin": [7.25332, 4.8557, 8.5]},
			"faces": {
				"north": {"uv": [0, 0, 0.4, 0.5], "texture": "#0"},
				"east": {"uv": [0, 0, 0.8, 0.5], "texture": "#0"},
				"south": {"uv": [0, 0, 0.4, 0.5], "texture": "#0"},
				"west": {"uv": [0, 0, 0.8, 0.5], "texture": "#0"},
				"up": {"uv": [0, 0, 0.4, 0.8], "texture": "#0"},
				"down": {"uv": [0, 0, 0.4, 0.8], "texture": "#0"}
			}
		},
		{
			"from": [7.0585, 4.62037, 8.1],
			"to": [7.4585, 5.22037, 8.9],
			"rotation": {"angle": -45, "axis": "z", "origin": [7.4085, 5.07037, 8.5]},
			"faces": {
				"north": {"uv": [0, 0, 0.4, 0.6], "texture": "#0"},
				"east": {"uv": [0, 0, 0.8, 0.6], "texture": "#0"},
				"south": {"uv": [0, 0, 0.4, 0.6], "texture": "#0"},
				"west": {"uv": [0, 0, 0.8, 0.6], "texture": "#0"},
				"up": {"uv": [0, 0, 0.4, 0.8], "texture": "#0"},
				"down": {"uv": [0, 0, 0.4, 0.8], "texture": "#0"}
			}
		},
		{
			"from": [7.76746, 2.6581, 8.1],
			"to": [8.96746, 3.6081, 8.9],
			"rotation": {"angle": 0, "axis": "y", "origin": [-0.03254, -0.0419, 0]},
			"faces": {
				"north": {"uv": [0, 0, 1.2, 0.95], "texture": "#0"},
				"east": {"uv": [0, 0, 0.8, 0.95], "texture": "#0"},
				"south": {"uv": [0, 0, 1.2, 0.95], "texture": "#0"},
				"west": {"uv": [0, 0, 0.8, 0.95], "texture": "#0"},
				"up": {"uv": [0, 0, 1.2, 0.8], "texture": "#0"},
				"down": {"uv": [0, 0, 1.2, 0.8], "texture": "#0"}
			}
		},
		{
			"from": [8.89525, 3.22112, 8.1],
			"to": [11.09525, 4.12112, 8.9],
			"rotation": {"angle": 22.5, "axis": "z", "origin": [10.09525, 3.17112, 8.5]},
			"faces": {
				"north": {"uv": [0, 0, 2.2, 0.9], "texture": "#0"},
				"east": {"uv": [0, 0, 0.8, 0.9], "texture": "#0"},
				"south": {"uv": [0, 0, 2.2, 0.9], "texture": "#0"},
				"west": {"uv": [0, 0, 0.8, 0.9], "texture": "#0"},
				"up": {"uv": [0, 0, 2.2, 0.8], "texture": "#0"},
				"down": {"uv": [0, 0, 2.2, 0.8], "texture": "#0"}
			}
		},
		{
			"from": [5.53713, 3.39198, 8.1],
			"to": [8.28713, 4.09198, 8.9],
			"rotation": {"angle": -45, "axis": "z", "origin": [7.13713, 3.64198, 8.5]},
			"faces": {
				"north": {"uv": [0, 0, 2.75, 0.7], "texture": "#0"},
				"east": {"uv": [0, 0, 0.8, 0.7], "texture": "#0"},
				"south": {"uv": [0, 0, 2.75, 0.7], "texture": "#0"},
				"west": {"uv": [0, 0, 0.8, 0.7], "texture": "#0"},
				"up": {"uv": [0, 0, 2.75, 0.8], "texture": "#0"},
				"down": {"uv": [0, 0, 2.75, 0.8], "texture": "#0"}
			}
		},
		{
			"from": [2.7246, 3.71454, 8.2],
			"to": [3.2546, 5.16454, 8.8],
			"rotation": {"angle": 0, "axis": "y", "origin": [4.2246, 4.61454, 8.4]},
			"faces": {
				"north": {"uv": [0, 0, 0.53, 1.45], "rotation": 180, "texture": "#0"},
				"east": {"uv": [0, 0, 0.6, 1.45], "rotation": 180, "texture": "#0"},
				"south": {"uv": [0, 0, 0.53, 1.45], "rotation": 180, "texture": "#0"},
				"west": {"uv": [0, 0, 0.6, 1.45], "rotation": 180, "texture": "#0"},
				"up": {"uv": [0, 0, 0.53, 0.6], "rotation": 180, "texture": "#0"},
				"down": {"uv": [0, 0, 0.53, 0.6], "rotation": 180, "texture": "#0"}
			}
		},
		{
			"from": [5.26173, 4.83381, 8.3],
			"to": [5.36173, 5.13381, 8.7],
			"rotation": {"angle": 45, "axis": "z", "origin": [5.36173, 5.03381, 8.5]},
			"faces": {
				"north": {"uv": [0, 0, 0.1, 0.3], "texture": "#0"},
				"east": {"uv": [0, 0, 0.4, 0.3], "texture": "#0"},
				"south": {"uv": [0, 0, 0.1, 0.3], "texture": "#0"},
				"west": {"uv": [0, 0, 0.4, 0.3], "texture": "#0"},
				"up": {"uv": [0, 0, 0.1, 0.4], "texture": "#0"},
				"down": {"uv": [0, 0, 0.1, 0.4], "texture": "#0"}
			}
		},
		{
			"from": [5.24322, 4.88816, 8.3],
			"to": [5.44322, 4.98816, 8.7],
			"rotation": {"angle": 22.5, "axis": "z", "origin": [5.54322, 5.23816, 8.5]},
			"faces": {
				"north": {"uv": [0, 0, 0.2, 0.1], "texture": "#0"},
				"east": {"uv": [0, 0, 0.4, 0.1], "texture": "#0"},
				"south": {"uv": [0, 0, 0.2, 0.1], "texture": "#0"},
				"west": {"uv": [0, 0, 0.4, 0.1], "texture": "#0"},
				"up": {"uv": [0, 0, 0.2, 0.4], "texture": "#0"},
				"down": {"uv": [0, 0, 0.2, 0.4], "texture": "#0"}
			}
		},
		{
			"from": [5.4, 4.2, 8.3],
			"to": [5.8, 5, 8.7],
			"faces": {
				"north": {"uv": [0, 0, 0.4, 0.8], "texture": "#0"},
				"east": {"uv": [0, 0, 0.4, 0.8], "texture": "#0"},
				"south": {"uv": [0, 0, 0.4, 0.8], "texture": "#0"},
				"west": {"uv": [0, 0, 0.4, 0.8], "texture": "#0"},
				"up": {"uv": [0, 0, 0.4, 0.4], "texture": "#0"},
				"down": {"uv": [0, 0, 0.4, 0.4], "texture": "#0"}
			}
		},
		{
			"from": [5.37706, 4.18467, 8.3],
			"to": [5.47706, 4.38467, 8.7],
			"rotation": {"angle": -22.5, "axis": "z", "origin": [5.42706, 4.33467, 8.5]},
			"faces": {
				"north": {"uv": [0, 0, 0.1, 0.2], "texture": "#0"},
				"east": {"uv": [0, 0, 0.4, 0.2], "texture": "#0"},
				"south": {"uv": [0, 0, 0.1, 0.2], "texture": "#0"},
				"west": {"uv": [0, 0, 0.4, 0.2], "texture": "#0"},
				"up": {"uv": [0, 0, 0.1, 0.4], "texture": "#0"},
				"down": {"uv": [0, 0, 0.1, 0.4], "texture": "#0"}
			}
		},
		{
			"from": [5.53536, 4.98536, 8.1],
			"to": [5.73536, 5.08536, 8.9],
			"rotation": {"angle": -45, "axis": "z", "origin": [5.53536, 5.03536, 8.7]},
			"faces": {
				"north": {"uv": [0, 0, 0.1, 0.2], "rotation": 90, "texture": "#0"},
				"east": {"uv": [0, 0, 0.1, 0.8], "rotation": 270, "texture": "#0"},
				"south": {"uv": [0, 0, 0.1, 0.2], "rotation": 270, "texture": "#0"},
				"west": {"uv": [0, 0, 0.1, 0.8], "rotation": 270, "texture": "#0"},
				"up": {"uv": [0, 0, 0.8, 0.2], "rotation": 270, "texture": "#0"},
				"down": {"uv": [0, 0, 0.8, 0.2], "rotation": 270, "texture": "#0"}
			}
		},
		{
			"from": [5.94697, 5.3725, 8.1],
			"to": [6.64697, 6.3725, 8.9],
			"rotation": {"angle": 22.5, "axis": "z", "origin": [9.09697, 4.7475, 8.7]},
			"faces": {
				"north": {"uv": [0, 0, 0.7, 1], "texture": "#0"},
				"east": {"uv": [0, 0, 0.8, 1], "texture": "#0"},
				"south": {"uv": [0, 0, 0.7, 1], "texture": "#0"},
				"west": {"uv": [0, 0, 0.8, 1], "texture": "#0"},
				"up": {"uv": [0, 0, 0.7, 0.8], "texture": "#0"},
				"down": {"uv": [0, 0, 0.7, 0.8], "texture": "#0"}
			}
		},
		{
			"from": [5.71796, 4.4738, 8.1],
			"to": [5.91796, 4.6738, 8.9],
			"rotation": {"angle": 0, "axis": "y", "origin": [5.81796, 4.5738, 8.5]},
			"faces": {
				"north": {"uv": [0, 0, 0.2, 0.2], "texture": "#0"},
				"east": {"uv": [0, 0, 0.8, 0.2], "texture": "#0"},
				"south": {"uv": [0, 0, 0.2, 0.2], "texture": "#0"},
				"west": {"uv": [0, 0, 0.8, 0.2], "texture": "#0"},
				"up": {"uv": [0, 0, 0.2, 0.8], "texture": "#0"},
				"down": {"uv": [0, 0, 0.2, 0.8], "texture": "#0"}
			}
		},
		{
			"from": [5.67208, 4.24315, 8.1],
			"to": [5.97208, 4.64315, 8.9],
			"rotation": {"angle": -22.5, "axis": "z", "origin": [5.77208, 4.34315, 8.5]},
			"faces": {
				"north": {"uv": [0, 0, 0.3, 0.4], "texture": "#0"},
				"east": {"uv": [0, 0, 0.8, 0.4], "texture": "#0"},
				"south": {"uv": [0, 0, 0.3, 0.4], "texture": "#0"},
				"west": {"uv": [0, 0, 0.8, 0.4], "texture": "#0"},
				"up": {"uv": [0, 0, 0.3, 0.8], "texture": "#0"},
				"down": {"uv": [0, 0, 0.3, 0.8], "texture": "#0"}
			}
		},
		{
			"from": [5.04142, 4.08903, 8.1],
			"to": [6.34142, 4.28903, 8.9],
			"rotation": {"angle": 0, "axis": "y", "origin": [5.74142, 4.18903, 8.5]},
			"faces": {
				"north": {"uv": [0, 0, 1.3, 0.2], "texture": "#0"},
				"east": {"uv": [0, 0, 0.8, 0.2], "texture": "#0"},
				"south": {"uv": [0, 0, 1.3, 0.2], "texture": "#0"},
				"west": {"uv": [0, 0, 0.8, 0.2], "texture": "#0"},
				"up": {"uv": [0, 0, 1.3, 0.8], "texture": "#0"},
				"down": {"uv": [0, 0, 1.3, 0.8], "texture": "#0"}
			}
		},
		{
			"from": [5.06806, 4.05509, 8.1],
			"to": [5.46806, 4.25509, 8.9],
			"rotation": {"angle": 45, "axis": "z", "origin": [5.36806, 4.05509, 8.5]},
			"faces": {
				"north": {"uv": [0, 0, 0.4, 0.2], "texture": "#0"},
				"east": {"uv": [0, 0, 0.8, 0.2], "texture": "#0"},
				"south": {"uv": [0, 0, 0.4, 0.2], "texture": "#0"},
				"west": {"uv": [0, 0, 0.8, 0.2], "texture": "#0"},
				"up": {"uv": [0, 0, 0.4, 0.8], "texture": "#0"},
				"down": {"uv": [0, 0, 0.4, 0.8], "texture": "#0"}
			}
		},
		{
			"from": [2.7, 5, 8],
			"to": [5.5, 6.2, 9],
			"faces": {
				"north": {"uv": [0, 0, 2.8, 1.2], "texture": "#0"},
				"east": {"uv": [0, 0, 1, 1.2], "texture": "#0"},
				"south": {"uv": [0, 0, 2.8, 1.2], "texture": "#0"},
				"west": {"uv": [0, 0, 1, 1.2], "texture": "#0"},
				"up": {"uv": [0, 0, 2.8, 1], "texture": "#0"},
				"down": {"uv": [0, 0, 2.8, 1], "texture": "#0"}
			}
		},
		{
			"from": [4.94038, 3.08882, 8.1],
			"to": [5.24038, 4.28882, 8.9],
			"rotation": {"angle": 22.5, "axis": "z", "origin": [5.14038, 3.78882, 8.4]},
			"faces": {
				"north": {"uv": [0, 0, 1.2, 0.3], "rotation": 270, "texture": "#0"},
				"east": {"uv": [0, 0, 1.2, 0.8], "rotation": 90, "texture": "#0"},
				"south": {"uv": [0, 0, 1.2, 0.3], "rotation": 90, "texture": "#0"},
				"west": {"uv": [0, 0, 1.2, 0.8], "rotation": 90, "texture": "#0"},
				"up": {"uv": [0, 0, 0.8, 0.3], "rotation": 90, "texture": "#0"},
				"down": {"uv": [0, 0, 0.8, 0.3], "rotation": 90, "texture": "#0"}
			}
		},
		{
			"from": [4.45665, 3.0675, 8.1],
			"to": [5.05665, 4.2125, 8.9],
			"rotation": {"angle": 0, "axis": "y", "origin": [4.75665, 3.61249, 8.4]},
			"faces": {
				"north": {"uv": [0, 0, 1.145, 0.6], "rotation": 270, "texture": "#0"},
				"east": {"uv": [0, 0, 1.145, 0.8], "rotation": 90, "texture": "#0"},
				"south": {"uv": [0, 0, 1.145, 0.6], "rotation": 90, "texture": "#0"},
				"west": {"uv": [0, 0, 1.145, 0.8], "rotation": 90, "texture": "#0"},
				"up": {"uv": [0, 0, 0.8, 0.6], "rotation": 90, "texture": "#0"},
				"down": {"uv": [0, 0, 0.8, 0.6], "rotation": 90, "texture": "#0"}
			}
		},
		{
			"from": [4.42348, 3.06557, 8.1],
			"to": [5.22348, 3.71557, 8.9],
			"rotation": {"angle": 0, "axis": "y", "origin": [4.72348, 3.61556, 8.4]},
			"faces": {
				"north": {"uv": [0, 0, 0.65, 0.8], "rotation": 270, "texture": "#0"},
				"east": {"uv": [0, 0, 0.65, 0.8], "rotation": 90, "texture": "#0"},
				"south": {"uv": [0, 0, 0.65, 0.8], "rotation": 90, "texture": "#0"},
				"west": {"uv": [0, 0, 0.65, 0.8], "rotation": 90, "texture": "#0"},
				"up": {"uv": [0, 0, 0.8, 0.8], "rotation": 90, "texture": "#0"},
				"down": {"uv": [0, 0, 0.8, 0.8], "rotation": 90, "texture": "#0"}
			}
		},
		{
			"from": [4.3783, 3.1939, 8.1],
			"to": [4.5783, 3.8439, 8.9],
			"rotation": {"angle": -22.5, "axis": "z", "origin": [4.1783, 3.5189, 8.5]},
			"faces": {
				"north": {"uv": [0, 0, 0.65, 0.2], "rotation": 270, "texture": "#0"},
				"east": {"uv": [0, 0, 0.65, 0.8], "rotation": 90, "texture": "#0"},
				"south": {"uv": [0, 0, 0.65, 0.2], "rotation": 90, "texture": "#0"},
				"west": {"uv": [0, 0, 0.65, 0.8], "rotation": 90, "texture": "#0"},
				"up": {"uv": [0, 0, 0.8, 0.2], "rotation": 90, "texture": "#0"},
				"down": {"uv": [0, 0, 0.8, 0.2], "rotation": 90, "texture": "#0"}
			}
		},
		{
			"from": [4.2978, 3.11762, 8.1],
			"to": [4.4978, 3.76762, 8.9],
			"rotation": {"angle": -45, "axis": "z", "origin": [4.3978, 3.44262, 8.5]},
			"faces": {
				"north": {"uv": [0, 0, 0.65, 0.2], "rotation": 270, "texture": "#0"},
				"east": {"uv": [0, 0, 0.65, 0.8], "rotation": 90, "texture": "#0"},
				"south": {"uv": [0, 0, 0.65, 0.2], "rotation": 90, "texture": "#0"},
				"west": {"uv": [0, 0, 0.65, 0.8], "rotation": 90, "texture": "#0"},
				"up": {"uv": [0, 0, 0.8, 0.2], "rotation": 90, "texture": "#0"},
				"down": {"uv": [0, 0, 0.8, 0.2], "rotation": 90, "texture": "#0"}
			}
		},
		{
			"from": [4.02074, 3.4683, 8.1],
			"to": [4.67074, 4.1683, 8.9],
			"rotation": {"angle": 0, "axis": "y", "origin": [4.34574, 3.5683, 8.5]},
			"faces": {
				"north": {"uv": [0, 0, 0.65, 0.7], "rotation": 180, "texture": "#0"},
				"east": {"uv": [0, 0, 0.8, 0.7], "rotation": 180, "texture": "#0"},
				"south": {"uv": [0, 0, 0.65, 0.7], "rotation": 180, "texture": "#0"},
				"west": {"uv": [0, 0, 0.8, 0.7], "rotation": 180, "texture": "#0"},
				"up": {"uv": [0, 0, 0.65, 0.8], "rotation": 180, "texture": "#0"},
				"down": {"uv": [0, 0, 0.65, 0.8], "rotation": 180, "texture": "#0"}
			}
		},
		{
			"from": [4.03427, 3.40028, 8.1],
			"to": [4.68427, 3.60028, 8.9],
			"rotation": {"angle": 22.5, "axis": "z", "origin": [4.35927, 3.50028, 8.5]},
			"faces": {
				"north": {"uv": [0, 0, 0.65, 0.2], "rotation": 180, "texture": "#0"},
				"east": {"uv": [0, 0, 0.8, 0.2], "rotation": 180, "texture": "#0"},
				"south": {"uv": [0, 0, 0.65, 0.2], "rotation": 180, "texture": "#0"},
				"west": {"uv": [0, 0, 0.8, 0.2], "rotation": 180, "texture": "#0"},
				"up": {"uv": [0, 0, 0.65, 0.8], "rotation": 180, "texture": "#0"},
				"down": {"uv": [0, 0, 0.65, 0.8], "rotation": 180, "texture": "#0"}
			}
		},
		{
			"from": [4.44153, 3.88512, 8.1],
			"to": [4.59153, 4.28512, 8.9],
			"rotation": {"angle": -22.5, "axis": "z", "origin": [4.44153, 4.08512, 8.4]},
			"faces": {
				"north": {"uv": [0, 0, 0.4, 0.15], "rotation": 270, "texture": "#0"},
				"east": {"uv": [0, 0, 0.4, 0.8], "rotation": 90, "texture": "#0"},
				"south": {"uv": [0, 0, 0.4, 0.15], "rotation": 90, "texture": "#0"},
				"west": {"uv": [0, 0, 0.4, 0.8], "rotation": 90, "texture": "#0"},
				"up": {"uv": [0, 0, 0.8, 0.15], "rotation": 90, "texture": "#0"},
				"down": {"uv": [0, 0, 0.8, 0.15], "rotation": 90, "texture": "#0"}
			}
		},
		{
			"from": [4.24129, 3.96383, 8.1],
			"to": [4.69129, 4.36383, 8.9],
			"rotation": {"angle": -45, "axis": "z", "origin": [4.34129, 4.16383, 8.4]},
			"faces": {
				"north": {"uv": [0, 0, 0.4, 0.45], "rotation": 270, "texture": "#0"},
				"east": {"uv": [0, 0, 0.4, 0.8], "rotation": 90, "texture": "#0"},
				"south": {"uv": [0, 0, 0.4, 0.45], "rotation": 90, "texture": "#0"},
				"west": {"uv": [0, 0, 0.4, 0.8], "rotation": 90, "texture": "#0"},
				"up": {"uv": [0, 0, 0.8, 0.45], "rotation": 90, "texture": "#0"},
				"down": {"uv": [0, 0, 0.8, 0.45], "rotation": 90, "texture": "#0"}
			}
		},
		{
			"from": [4.08895, 3.79181, 8.1],
			"to": [4.38895, 4.44181, 8.9],
			"rotation": {"angle": 22.5, "axis": "z", "origin": [4.18895, 4.39181, 8.4]},
			"faces": {
				"north": {"uv": [0, 0, 0.3, 0.65], "rotation": 180, "texture": "#0"},
				"east": {"uv": [0, 0, 0.8, 0.65], "rotation": 180, "texture": "#0"},
				"south": {"uv": [0, 0, 0.3, 0.65], "rotation": 180, "texture": "#0"},
				"west": {"uv": [0, 0, 0.8, 0.65], "rotation": 180, "texture": "#0"},
				"up": {"uv": [0, 0, 0.3, 0.8], "rotation": 180, "texture": "#0"},
				"down": {"uv": [0, 0, 0.3, 0.8], "rotation": 180, "texture": "#0"}
			}
		},
		{
			"from": [4.0246, 4.11454, 8.1],
			"to": [4.3546, 5.16454, 8.9],
			"rotation": {"angle": 0, "axis": "y", "origin": [4.2246, 4.61454, 8.4]},
			"faces": {
				"north": {"uv": [0, 0, 0.33, 1.05], "rotation": 180, "texture": "#0"},
				"east": {"uv": [0, 0, 0.8, 1.05], "rotation": 180, "texture": "#0"},
				"south": {"uv": [0, 0, 0.33, 1.05], "rotation": 180, "texture": "#0"},
				"west": {"uv": [0, 0, 0.8, 1.05], "rotation": 180, "texture": "#0"},
				"up": {"uv": [0, 0, 0.33, 0.8], "rotation": 180, "texture": "#0"},
				"down": {"uv": [0, 0, 0.33, 0.8], "rotation": 180, "texture": "#0"}
			}
		},
		{
			"from": [4.09852, 4.73537, 8.1],
			"to": [4.39852, 5.18537, 8.9],
			"rotation": {"angle": -22.5, "axis": "z", "origin": [4.19852, 4.81037, 8.4]},
			"faces": {
				"north": {"uv": [0, 0, 0.3, 0.45], "rotation": 180, "texture": "#0"},
				"east": {"uv": [0, 0, 0.8, 0.45], "rotation": 180, "texture": "#0"},
				"south": {"uv": [0, 0, 0.3, 0.45], "rotation": 180, "texture": "#0"},
				"west": {"uv": [0, 0, 0.8, 0.45], "rotation": 180, "texture": "#0"},
				"up": {"uv": [0, 0, 0.3, 0.8], "rotation": 180, "texture": "#0"},
				"down": {"uv": [0, 0, 0.3, 0.8], "rotation": 180, "texture": "#0"}
			}
		},
		{
			"from": [4.12361, 4.92258, 8.1],
			"to": [4.52361, 5.07258, 8.9],
			"rotation": {"angle": -45, "axis": "z", "origin": [4.32361, 4.99758, 9.4]},
			"faces": {
				"north": {"uv": [0, 0, 0.4, 0.15], "rotation": 180, "texture": "#0"},
				"east": {"uv": [0, 0, 0.8, 0.15], "rotation": 180, "texture": "#0"},
				"south": {"uv": [0, 0, 0.4, 0.15], "rotation": 180, "texture": "#0"},
				"west": {"uv": [0, 0, 0.8, 0.15], "rotation": 180, "texture": "#0"},
				"up": {"uv": [0, 0, 0.4, 0.8], "rotation": 180, "texture": "#0"},
				"down": {"uv": [0, 0, 0.4, 0.8], "rotation": 180, "texture": "#0"}
			}
		},
		{
			"from": [4.33582, 4.92267, 8.1],
			"to": [4.68582, 5.02267, 8.9],
			"rotation": {"angle": 22.5, "axis": "z", "origin": [4.51082, 5.12267, 8.4]},
			"faces": {
				"north": {"uv": [0, 0, 0.1, 0.35], "rotation": 90, "texture": "#0"},
				"east": {"uv": [0, 0, 0.1, 0.8], "rotation": 270, "texture": "#0"},
				"south": {"uv": [0, 0, 0.1, 0.35], "rotation": 270, "texture": "#0"},
				"west": {"uv": [0, 0, 0.1, 0.8], "rotation": 270, "texture": "#0"},
				"up": {"uv": [0, 0, 0.8, 0.35], "rotation": 270, "texture": "#0"},
				"down": {"uv": [0, 0, 0.8, 0.35], "rotation": 270, "texture": "#0"}
			}
		},
		{
			"from": [2.7246, 4.51454, 8.1],
			"to": [4.0546, 5.16454, 8.9],
			"rotation": {"angle": 0, "axis": "y", "origin": [4.2246, 4.61454, 8.4]},
			"faces": {
				"north": {"uv": [0, 0, 1.33, 0.65], "rotation": 180, "texture": "#0"},
				"east": {"uv": [0, 0, 0.8, 0.65], "rotation": 180, "texture": "#0"},
				"south": {"uv": [0, 0, 1.33, 0.65], "rotation": 180, "texture": "#0"},
				"west": {"uv": [0, 0, 0.8, 0.65], "rotation": 180, "texture": "#0"},
				"up": {"uv": [0, 0, 1.33, 0.8], "rotation": 180, "texture": "#0"},
				"down": {"uv": [0, 0, 1.33, 0.8], "rotation": 180, "texture": "#0"}
			}
		},
		{
			"from": [3.7, 5.2, 9],
			"to": [5.5, 5.4, 9.1],
			"faces": {
				"north": {"uv": [0, 0, 2, 1], "texture": "#1"},
				"east": {"uv": [2, 1, 3, 2], "texture": "#1"},
				"south": {"uv": [0, 1, 2, 2], "texture": "#1"},
				"west": {"uv": [2, 2, 3, 3], "texture": "#1"},
				"up": {"uv": [2, 3, 0, 2], "texture": "#1"},
				"down": {"uv": [4, 0, 2, 1], "texture": "#1"}
			}
		},
		{
			"from": [3.7, 5.175, 9],
			"to": [4, 5.425, 9.2],
			"faces": {
				"north": {"uv": [0, 3, 1, 4], "texture": "#1"},
				"east": {"uv": [1, 3, 2, 4], "texture": "#1"},
				"south": {"uv": [3, 1, 4, 2], "texture": "#1"},
				"west": {"uv": [2, 3, 3, 4], "texture": "#1"},
				"up": {"uv": [4, 3, 3, 2], "texture": "#1"},
				"down": {"uv": [4, 3, 3, 4], "texture": "#1"}
			}
		},
		{
			"from": [3.7, 5.375, 9.2],
			"to": [3.8, 5.425, 9.4],
			"faces": {
				"north": {"uv": [0, 4, 1, 5], "texture": "#1"},
				"east": {"uv": [4, 0, 5, 1], "texture": "#1"},
				"south": {"uv": [1, 4, 2, 5], "texture": "#1"},
				"west": {"uv": [4, 1, 5, 2], "texture": "#1"},
				"up": {"uv": [3, 5, 2, 4], "texture": "#1"},
				"down": {"uv": [5, 2, 4, 3], "texture": "#1"}
			}
		},
		{
			"from": [3.65957, 5.3769, 9.3],
			"to": [3.70957, 5.4269, 9.4],
			"rotation": {"angle": 22.5, "axis": "z", "origin": [3.70957, 5.4019, 9.35]},
			"faces": {
				"north": {"uv": [3, 4, 4, 5], "texture": "#1"},
				"east": {"uv": [4, 3, 5, 4], "texture": "#1"},
				"south": {"uv": [4, 4, 5, 5], "texture": "#1"},
				"west": {"uv": [0, 5, 1, 6], "texture": "#1"},
				"up": {"uv": [6, 1, 5, 0], "texture": "#1"},
				"down": {"uv": [2, 5, 1, 6], "texture": "#1"}
			}
		},
		{
			"from": [3.62148, 5.36319, 9.3],
			"to": [3.67148, 5.41319, 9.4],
			"rotation": {"angle": 45, "axis": "z", "origin": [3.67148, 5.38819, 9.35]},
			"faces": {
				"north": {"uv": [5, 1, 6, 2], "texture": "#1"},
				"east": {"uv": [2, 5, 3, 6], "texture": "#1"},
				"south": {"uv": [5, 2, 6, 3], "texture": "#1"},
				"west": {"uv": [3, 5, 4, 6], "texture": "#1"},
				"up": {"uv": [6, 4, 5, 3], "texture": "#1"},
				"down": {"uv": [5, 5, 4, 6], "texture": "#1"}
			}
		},
		{
			"from": [3.60698, 5.31285, 9.3],
			"to": [3.65698, 5.36285, 9.4],
			"rotation": {"angle": -22.5, "axis": "z", "origin": [3.63198, 5.33785, 9.35]},
			"faces": {
				"north": {"uv": [5, 4, 6, 5], "texture": "#1"},
				"east": {"uv": [5, 5, 6, 6], "texture": "#1"},
				"south": {"uv": [0, 6, 1, 7], "texture": "#1"},
				"west": {"uv": [6, 0, 7, 1], "texture": "#1"},
				"up": {"uv": [2, 7, 1, 6], "texture": "#1"},
				"down": {"uv": [7, 1, 6, 2], "texture": "#1"}
			}
		},
		{
			"from": [3.59932, 5.27432, 9.3],
			"to": [3.64932, 5.32432, 9.4],
			"rotation": {"angle": 0, "axis": "y", "origin": [3.62432, 5.29932, 9.35]},
			"faces": {
				"north": {"uv": [2, 6, 3, 7], "texture": "#1"},
				"east": {"uv": [6, 2, 7, 3], "texture": "#1"},
				"south": {"uv": [3, 6, 4, 7], "texture": "#1"},
				"west": {"uv": [6, 3, 7, 4], "texture": "#1"},
				"up": {"uv": [5, 7, 4, 6], "texture": "#1"},
				"down": {"uv": [7, 4, 6, 5], "texture": "#1"}
			}
		},
		{
			"from": [3.60698, 5.23579, 9.3],
			"to": [3.65698, 5.28579, 9.4],
			"rotation": {"angle": 22.5, "axis": "z", "origin": [3.63198, 5.26079, 9.35]},
			"faces": {
				"north": {"uv": [5, 6, 6, 7], "texture": "#1"},
				"east": {"uv": [6, 5, 7, 6], "texture": "#1"},
				"south": {"uv": [6, 6, 7, 7], "texture": "#1"},
				"west": {"uv": [0, 7, 1, 8], "texture": "#1"},
				"up": {"uv": [8, 1, 7, 0], "texture": "#1"},
				"down": {"uv": [2, 7, 1, 8], "texture": "#1"}
			}
		},
		{
			"from": [3.62881, 5.20312, 9.3],
			"to": [3.67881, 5.25312, 9.4],
			"rotation": {"angle": 45, "axis": "z", "origin": [3.65381, 5.22812, 9.35]},
			"faces": {
				"north": {"uv": [7, 1, 8, 2], "texture": "#1"},
				"east": {"uv": [2, 7, 3, 8], "texture": "#1"},
				"south": {"uv": [7, 2, 8, 3], "texture": "#1"},
				"west": {"uv": [3, 7, 4, 8], "texture": "#1"},
				"up": {"uv": [8, 4, 7, 3], "texture": "#1"},
				"down": {"uv": [5, 7, 4, 8], "texture": "#1"}
			}
		},
		{
			"from": [3.66147, 5.1813, 9.3],
			"to": [3.71147, 5.2313, 9.4],
			"rotation": {"angle": -22.5, "axis": "z", "origin": [3.68647, 5.2063, 9.35]},
			"faces": {
				"north": {"uv": [7, 4, 8, 5], "texture": "#1"},
				"east": {"uv": [5, 7, 6, 8], "texture": "#1"},
				"south": {"uv": [7, 5, 8, 6], "texture": "#1"},
				"west": {"uv": [6, 7, 7, 8], "texture": "#1"},
				"up": {"uv": [8, 7, 7, 6], "texture": "#1"},
				"down": {"uv": [8, 7, 7, 8], "texture": "#1"}
			}
		},
		{
			"from": [3.7, 5.17363, 9.2],
			"to": [3.8, 5.22363, 9.4],
			"rotation": {"angle": 0, "axis": "y", "origin": [3.725, 5.19863, 9.35]},
			"faces": {
				"north": {"uv": [0, 8, 1, 9], "texture": "#1"},
				"east": {"uv": [8, 0, 9, 1], "texture": "#1"},
				"south": {"uv": [1, 8, 2, 9], "texture": "#1"},
				"west": {"uv": [8, 1, 9, 2], "texture": "#1"},
				"up": {"uv": [3, 9, 2, 8], "texture": "#1"},
				"down": {"uv": [9, 2, 8, 3], "texture": "#1"}
			}
		},
		{
			"from": [1.9, 5.2, 8.3],
			"to": [2.7, 5.3, 8.4],
			"rotation": {"angle": 0, "axis": "y", "origin": [2.3, 5.25068, 8.55137]},
			"faces": {
				"north": {"uv": [0, 0, 0.8, 0.1], "texture": "#1"},
				"east": {"uv": [0, 0, 0.1, 0.1], "texture": "#1"},
				"south": {"uv": [0, 0, 0.8, 0.1], "texture": "#1"},
				"west": {"uv": [0, 0, 0.1, 0.1], "texture": "#1"},
				"up": {"uv": [0, 0, 0.8, 0.1], "texture": "#1"},
				"down": {"uv": [0, 0, 0.8, 0.1], "texture": "#1"}
			}
		},
		{
			"from": [1.9, 5.20005, 8.30026],
			"to": [2.7, 5.30005, 8.40026],
			"rotation": {"angle": 22.5, "axis": "x", "origin": [2.3, 5.25068, 8.55137]},
			"faces": {
				"north": {"uv": [0, 0, 0.8, 0.1], "texture": "#1"},
				"east": {"uv": [0, 0, 0.1, 0.1], "texture": "#1"},
				"south": {"uv": [0, 0, 0.8, 0.1], "texture": "#1"},
				"west": {"uv": [0, 0, 0.1, 0.1], "texture": "#1"},
				"up": {"uv": [0, 0, 0.8, 0.1], "texture": "#1"},
				"down": {"uv": [0, 0, 0.8, 0.1], "texture": "#1"}
			}
		},
		{
			"from": [1.9, 5.2002, 8.30048],
			"to": [2.7, 5.3002, 8.40048],
			"rotation": {"angle": 45, "axis": "x", "origin": [2.3, 5.25068, 8.55137]},
			"faces": {
				"north": {"uv": [0, 0, 0.8, 0.1], "texture": "#1"},
				"east": {"uv": [0, 0, 0.1, 0.1], "texture": "#1"},
				"south": {"uv": [0, 0, 0.8, 0.1], "texture": "#1"},
				"west": {"uv": [0, 0, 0.1, 0.1], "texture": "#1"},
				"up": {"uv": [0, 0, 0.8, 0.1], "texture": "#1"},
				"down": {"uv": [0, 0, 0.8, 0.1], "texture": "#1"}
			}
		},
		{
			"from": [1.9, 5.40142, 8.50111],
			"to": [2.7, 5.50142, 8.60111],
			"rotation": {"angle": -22.5, "axis": "x", "origin": [2.3, 5.25068, 8.55137]},
			"faces": {
				"north": {"uv": [0, 0, 0.8, 0.1], "rotation": 180, "texture": "#1"},
				"east": {"uv": [0, 0, 0.1, 0.1], "rotation": 270, "texture": "#1"},
				"south": {"uv": [0, 0, 0.8, 0.1], "texture": "#1"},
				"west": {"uv": [0, 0, 0.1, 0.1], "rotation": 90, "texture": "#1"},
				"up": {"uv": [0, 0, 0.8, 0.1], "rotation": 180, "texture": "#1"},
				"down": {"uv": [0, 0, 0.8, 0.1], "texture": "#1"}
			}
		},
		{
			"from": [1.9, 5.40137, 8.50137],
			"to": [2.7, 5.50137, 8.60137],
			"rotation": {"angle": 0, "axis": "y", "origin": [2.3, 5.25068, 8.55137]},
			"faces": {
				"north": {"uv": [0, 0, 0.8, 0.1], "rotation": 180, "texture": "#1"},
				"east": {"uv": [0, 0, 0.1, 0.1], "rotation": 270, "texture": "#1"},
				"south": {"uv": [0, 0, 0.8, 0.1], "texture": "#1"},
				"west": {"uv": [0, 0, 0.1, 0.1], "rotation": 90, "texture": "#1"},
				"up": {"uv": [0, 0, 0.8, 0.1], "rotation": 180, "texture": "#1"},
				"down": {"uv": [0, 0, 0.8, 0.1], "texture": "#1"}
			}
		},
		{
			"from": [1.9, 5.40142, 8.50163],
			"to": [2.7, 5.50142, 8.60163],
			"rotation": {"angle": 22.5, "axis": "x", "origin": [2.3, 5.25068, 8.55137]},
			"faces": {
				"north": {"uv": [0, 0, 0.8, 0.1], "rotation": 180, "texture": "#1"},
				"east": {"uv": [0, 0, 0.1, 0.1], "rotation": 270, "texture": "#1"},
				"south": {"uv": [0, 0, 0.8, 0.1], "texture": "#1"},
				"west": {"uv": [0, 0, 0.1, 0.1], "rotation": 90, "texture": "#1"},
				"up": {"uv": [0, 0, 0.8, 0.1], "rotation": 180, "texture": "#1"},
				"down": {"uv": [0, 0, 0.8, 0.1], "texture": "#1"}
			}
		},
		{
			"from": [1.9, 5.40157, 8.50185],
			"to": [2.7, 5.50157, 8.60185],
			"rotation": {"angle": 45, "axis": "x", "origin": [2.3, 5.25068, 8.55137]},
			"faces": {
				"north": {"uv": [0, 0, 0.8, 0.1], "rotation": 180, "texture": "#1"},
				"east": {"uv": [0, 0, 0.1, 0.1], "rotation": 270, "texture": "#1"},
				"south": {"uv": [0, 0, 0.8, 0.1], "texture": "#1"},
				"west": {"uv": [0, 0, 0.1, 0.1], "rotation": 90, "texture": "#1"},
				"up": {"uv": [0, 0, 0.8, 0.1], "rotation": 180, "texture": "#1"},
				"down": {"uv": [0, 0, 0.8, 0.1], "texture": "#1"}
			}
		},
		{
			"from": [1.9, 5.20005, 8.70247],
			"to": [2.7, 5.30005, 8.80247],
			"rotation": {"angle": -22.5, "axis": "x", "origin": [2.3, 5.25068, 8.55137]},
			"faces": {
				"north": {"uv": [0, 0, 0.8, 0.1], "rotation": 180, "texture": "#1"},
				"east": {"uv": [0, 0, 0.1, 0.1], "rotation": 180, "texture": "#1"},
				"south": {"uv": [0, 0, 0.8, 0.1], "rotation": 180, "texture": "#1"},
				"west": {"uv": [0, 0, 0.1, 0.1], "rotation": 180, "texture": "#1"},
				"up": {"uv": [0, 0, 0.8, 0.1], "texture": "#1"},
				"down": {"uv": [0, 0, 0.8, 0.1], "texture": "#1"}
			}
		},
		{
			"from": [1.9, 5.2, 8.70273],
			"to": [2.7, 5.3, 8.80273],
			"rotation": {"angle": 0, "axis": "y", "origin": [2.3, 5.25068, 8.55137]},
			"faces": {
				"north": {"uv": [0, 0, 0.8, 0.1], "rotation": 180, "texture": "#1"},
				"east": {"uv": [0, 0, 0.1, 0.1], "rotation": 180, "texture": "#1"},
				"south": {"uv": [0, 0, 0.8, 0.1], "rotation": 180, "texture": "#1"},
				"west": {"uv": [0, 0, 0.1, 0.1], "rotation": 180, "texture": "#1"},
				"up": {"uv": [0, 0, 0.8, 0.1], "texture": "#1"},
				"down": {"uv": [0, 0, 0.8, 0.1], "texture": "#1"}
			}
		},
		{
			"from": [1.9, 5.20131, 8.70247],
			"to": [2.7, 5.30131, 8.80247],
			"rotation": {"angle": 22.5, "axis": "x", "origin": [2.3, 5.25068, 8.55137]},
			"faces": {
				"north": {"uv": [0, 0, 0.8, 0.1], "rotation": 180, "texture": "#1"},
				"east": {"uv": [0, 0, 0.1, 0.1], "rotation": 180, "texture": "#1"},
				"south": {"uv": [0, 0, 0.8, 0.1], "rotation": 180, "texture": "#1"},
				"west": {"uv": [0, 0, 0.1, 0.1], "rotation": 180, "texture": "#1"},
				"up": {"uv": [0, 0, 0.8, 0.1], "texture": "#1"},
				"down": {"uv": [0, 0, 0.8, 0.1], "texture": "#1"}
			}
		},
		{
			"from": [1.9, 5.20117, 8.70225],
			"to": [2.7, 5.30117, 8.80225],
			"rotation": {"angle": 45, "axis": "x", "origin": [2.3, 5.25068, 8.55137]},
			"faces": {
				"north": {"uv": [0, 0, 0.8, 0.1], "rotation": 180, "texture": "#1"},
				"east": {"uv": [0, 0, 0.1, 0.1], "rotation": 180, "texture": "#1"},
				"south": {"uv": [0, 0, 0.8, 0.1], "rotation": 180, "texture": "#1"},
				"west": {"uv": [0, 0, 0.1, 0.1], "rotation": 180, "texture": "#1"},
				"up": {"uv": [0, 0, 0.8, 0.1], "texture": "#1"},
				"down": {"uv": [0, 0, 0.8, 0.1], "texture": "#1"}
			}
		},
		{
			"from": [1.9, 4.99995, 8.50163],
			"to": [2.7, 5.09995, 8.60163],
			"rotation": {"angle": -22.5, "axis": "x", "origin": [2.3, 5.25068, 8.55137]},
			"faces": {
				"north": {"uv": [0, 0, 0.8, 0.1], "rotation": 180, "texture": "#1"},
				"east": {"uv": [0, 0, 0.1, 0.1], "rotation": 90, "texture": "#1"},
				"south": {"uv": [0, 0, 0.8, 0.1], "texture": "#1"},
				"west": {"uv": [0, 0, 0.1, 0.1], "rotation": 270, "texture": "#1"},
				"up": {"uv": [0, 0, 0.8, 0.1], "texture": "#1"},
				"down": {"uv": [0, 0, 0.8, 0.1], "rotation": 180, "texture": "#1"}
			}
		},
		{
			"from": [1.9, 5, 8.50137],
			"to": [2.7, 5.1, 8.60137],
			"rotation": {"angle": 0, "axis": "y", "origin": [2.3, 5.25068, 8.55137]},
			"faces": {
				"north": {"uv": [0, 0, 0.8, 0.1], "rotation": 180, "texture": "#1"},
				"east": {"uv": [0, 0, 0.1, 0.1], "rotation": 90, "texture": "#1"},
				"south": {"uv": [0, 0, 0.8, 0.1], "texture": "#1"},
				"west": {"uv": [0, 0, 0.1, 0.1], "rotation": 270, "texture": "#1"},
				"up": {"uv": [0, 0, 0.8, 0.1], "texture": "#1"},
				"down": {"uv": [0, 0, 0.8, 0.1], "rotation": 180, "texture": "#1"}
			}
		},
		{
			"from": [1.9, 4.99995, 8.50111],
			"to": [2.7, 5.09995, 8.60111],
			"rotation": {"angle": 22.5, "axis": "x", "origin": [2.3, 5.25068, 8.55137]},
			"faces": {
				"north": {"uv": [0, 0, 0.8, 0.1], "rotation": 180, "texture": "#1"},
				"east": {"uv": [0, 0, 0.1, 0.1], "rotation": 90, "texture": "#1"},
				"south": {"uv": [0, 0, 0.8, 0.1], "texture": "#1"},
				"west": {"uv": [0, 0, 0.1, 0.1], "rotation": 270, "texture": "#1"},
				"up": {"uv": [0, 0, 0.8, 0.1], "texture": "#1"},
				"down": {"uv": [0, 0, 0.8, 0.1], "rotation": 180, "texture": "#1"}
			}
		},
		{
			"from": [1.9, 4.9998, 8.50088],
			"to": [2.7, 5.0998, 8.60088],
			"rotation": {"angle": 45, "axis": "x", "origin": [2.3, 5.25068, 8.55137]},
			"faces": {
				"north": {"uv": [0, 0, 0.8, 0.1], "rotation": 180, "texture": "#1"},
				"east": {"uv": [0, 0, 0.1, 0.1], "rotation": 90, "texture": "#1"},
				"south": {"uv": [0, 0, 0.8, 0.1], "texture": "#1"},
				"west": {"uv": [0, 0, 0.1, 0.1], "rotation": 270, "texture": "#1"},
				"up": {"uv": [0, 0, 0.8, 0.1], "texture": "#1"},
				"down": {"uv": [0, 0, 0.8, 0.1], "rotation": 180, "texture": "#1"}
			}
		},
		{
			"from": [1.9, 5.20132, 8.30026],
			"to": [2.7, 5.30132, 8.40026],
			"rotation": {"angle": -22.5, "axis": "x", "origin": [2.3, 5.25068, 8.55137]},
			"faces": {
				"north": {"uv": [0, 0, 0.8, 0.1], "texture": "#1"},
				"east": {"uv": [0, 0, 0.1, 0.1], "texture": "#1"},
				"south": {"uv": [0, 0, 0.8, 0.1], "texture": "#1"},
				"west": {"uv": [0, 0, 0.1, 0.1], "texture": "#1"},
				"up": {"uv": [0, 0, 0.8, 0.1], "texture": "#1"},
				"down": {"uv": [0, 0, 0.8, 0.1], "texture": "#1"}
			}
		},
		{
			"from": [3.6, 6.2, 8],
			"to": [10.5, 6.7, 9],
			"faces": {
				"north": {"uv": [16, 11, 0, 16], "texture": "#2"},
				"east": {"uv": [12, 0, 16, 4], "texture": "#2"},
				"south": {"uv": [0, 11, 16, 16], "texture": "#2"},
				"west": {"uv": [8, 0, 12, 4], "texture": "#2"},
				"up": {"uv": [16, 11, 0, 6], "rotation": 180, "texture": "#2"},
				"down": {"uv": [16, 6, 0, 11], "texture": "#2"}
			}
		},
		{
			"from": [2.7, 6.2, 8],
			"to": [3.6, 7.7, 9],
			"faces": {
				"north": {"uv": [0, 0, 0.9, 1.5], "texture": "#0"},
				"east": {"uv": [0, 0, 1, 1.5], "texture": "#0"},
				"south": {"uv": [0, 0, 0.9, 1.5], "texture": "#0"},
				"west": {"uv": [0, 0, 1, 1.5], "texture": "#0"},
				"up": {"uv": [0, 0, 0.9, 1], "texture": "#0"},
				"down": {"uv": [0, 0, 0.9, 1], "texture": "#0"}
			}
		},
		{
			"from": [5.5, 6.2, 9],
			"to": [6.4, 7.4, 9.3],
			"faces": {
				"north": {"uv": [0, 0, 0.9, 1.2], "texture": "#0"},
				"east": {"uv": [0, 0, 0.3, 1.2], "texture": "#0"},
				"south": {"uv": [0, 0, 0.9, 1.2], "texture": "#0"},
				"west": {"uv": [0, 0, 0.3, 1.2], "texture": "#0"},
				"up": {"uv": [0, 0, 0.9, 0.3], "texture": "#0"},
				"down": {"uv": [0, 0, 0.9, 0.3], "texture": "#0"}
			}
		},
		{
			"from": [5.5, 6.2, 7.7],
			"to": [6.4, 7.4, 8],
			"faces": {
				"north": {"uv": [0, 0, 0.9, 1.2], "texture": "#0"},
				"east": {"uv": [0, 0, 0.3, 1.2], "texture": "#0"},
				"south": {"uv": [0, 0, 0.9, 1.2], "texture": "#0"},
				"west": {"uv": [0, 0, 0.3, 1.2], "texture": "#0"},
				"up": {"uv": [0, 0, 0.9, 0.3], "texture": "#0"},
				"down": {"uv": [0, 0, 0.9, 0.3], "texture": "#0"}
			}
		},
		{
			"from": [3.6, 6.9, 8],
			"to": [6.4, 7.7, 9],
			"faces": {
				"north": {"uv": [0, 0, 2.8, 0.8], "texture": "#0"},
				"east": {"uv": [0, 0, 1, 0.8], "texture": "#0"},
				"south": {"uv": [0, 0, 2.8, 0.8], "texture": "#0"},
				"west": {"uv": [0, 0, 1, 0.8], "texture": "#0"},
				"up": {"uv": [0, 0, 2.8, 1], "texture": "#0"},
				"down": {"uv": [0, 0, 2.8, 1], "texture": "#0"}
			}
		},
		{
			"from": [3.6, 7.7, 8],
			"to": [5.1, 7.9, 9],
			"faces": {
				"north": {"uv": [0, 0, 1.5, 0.2], "texture": "#0"},
				"east": {"uv": [0, 0, 1, 0.2], "texture": "#0"},
				"south": {"uv": [0, 0, 1.5, 0.2], "texture": "#0"},
				"west": {"uv": [0, 0, 1, 0.2], "texture": "#0"},
				"up": {"uv": [0, 0, 1.5, 1], "texture": "#0"},
				"down": {"uv": [0, 0, 1.5, 1], "texture": "#0"}
			}
		},
		{
			"from": [3.6, 7.9, 8],
			"to": [4, 8.6, 9],
			"faces": {
				"north": {"uv": [15, 0, 16, 1], "texture": "#3"},
				"east": {"uv": [9, 12, 16, 16], "texture": "#3"},
				"south": {"uv": [15, 0, 16, 1], "texture": "#3"},
				"west": {"uv": [9, 12, 16, 16], "texture": "#3"},
				"up": {"uv": [16, 1, 15, 0], "texture": "#3"},
				"down": {"uv": [16, 0, 15, 1], "texture": "#3"}
			}
		}
	],
	"display": {
		"thirdperson_righthand": {
			"rotation": [0, -90, 0],
			"translation": [0.5, 3.25, 3.25]
		},
		"firstperson_righthand": {
			"rotation": [5, -90, 0],
			"translation": [-1, 5.5, 5.5]
		},
		"ground": {
			"rotation": [0, 0, -45],
			"translation": [0, 4.5, 0]
		},
		"gui": {
			"rotation": [180, 0, 135],
			"translation": [-1.5, 3, 0],
			"scale": [1.2, 1.2, 1.2]
		},
		"fixed": {
			"rotation": [0, 0, -45],
			"translation": [2.5, 3, 0],
			"scale": [1.5, 1.5, 1.5]
		}
	},
	"groups": [
		{
			"name": "group",
			"origin": [8, 8, 8],
			"color": 0,
			"children": [0, 1, 2, 3, 4, 5, 6, 7, 8]
		},
		{
			"name": "group",
			"origin": [10.41491, 6.35, 8.77367],
			"color": 0,
			"children": [9, 10, 11, 12]
		},
		13,
		14,
		{
			"name": "group",
			"origin": [8.71746, 4.7331, 8.5],
			"color": 0,
			"children": [15, 16, 17, 18, 19, 20, 21, 22, 23]
		},
		{
			"name": "group",
			"origin": [-0.03254, -0.0419, 0],
			"color": 0,
			"children": [24, 25, 26]
		},
		{
			"name": "group",
			"origin": [4.2246, 4.61454, 8.4],
			"color": 0,
			"children": [27, 28, 29, 30, 31, 32, 33, 34, 35, 36, 37, 38, 39, 40, 41, 42, 43, 44, 45, 46, 47, 48, 49, 50, 51, 52, 53]
		},
		{
			"name": "group",
			"origin": [3.725, 5.19863, 9.35],
			"color": 0,
			"children": [54, 55, 56, 57, 58, 59, 60, 61, 62, 63, 64]
		},
		{
			"name": "group",
			"origin": [2.2, 5.55068, 8.55137],
			"color": 0,
			"children": [65, 66, 67, 68, 69, 70, 71, 72, 73, 74, 75, 76, 77, 78, 79, 80]
		},
		81,
		{
			"name": "group",
			"origin": [0, 0, 0],
			"color": 0,
			"children": [82, 83, 84, 85]
		},
		{
			"name": "group",
			"origin": [0, 0, 0],
			"color": 0,
			"children": [86, 87]
		}
	]
}