{
	"credit": "Made with Blockbench",
	"textures": {
		"0": "item/plasma_white",
		"4": "item/plasma_black",
		"5": "item/plasma_aaqua",
		"7": "item/plasma_ared",
		"8": "item/plasma_lightgray",
		"9": "item/plasma_red",
		"10": "item/plasma_gray",
		"11": "item/plasma_battery",
		"particle": "item/plasma_white"
	},
	"elements": [
		{
			"from": [-14.62604, 8, 10.37683],
			"to": [-12.62604, 9, 10.62683],
			"rotation": {"angle": 22.5, "axis": "y", "origin": [-13.62604, 8.5, 10.50183]},
			"faces": {
				"north": {"uv": [0, 0, 2, 1], "texture": "#10"},
				"east": {"uv": [0, 0, 0.25, 1], "texture": "#10"},
				"south": {"uv": [0, 0, 2, 1], "texture": "#10"},
				"west": {"uv": [0, 0, 0.25, 1], "texture": "#10"},
				"up": {"uv": [0, 0, 2, 0.25], "texture": "#10"},
				"down": {"uv": [0, 0, 2, 0.25], "texture": "#10"}
			}
		},
		{
			"from": [-12.74791, 6.24634, 8],
			"to": [-5.74791, 6.99634, 9],
			"rotation": {"angle": 0, "axis": "y", "origin": [-20.24791, 4.74634, 0]},
			"faces": {
				"north": {"uv": [0, 0, 7, 0.75], "texture": "#10"},
				"east": {"uv": [0, 0, 1, 0.75], "texture": "#10"},
				"south": {"uv": [0, 0, 7, 0.75], "texture": "#10"},
				"west": {"uv": [0, 0, 1, 0.75], "texture": "#10"},
				"up": {"uv": [0, 0, 7, 1], "texture": "#10"},
				"down": {"uv": [0, 0, 7, 1], "texture": "#10"}
			}
		},
		{
			"from": [-13.29791, 6.49634, 8],
			"to": [-12.24791, 6.74634, 9],
			"rotation": {"angle": 0, "axis": "y", "origin": [-20.24791, 4.74634, 0]},
			"faces": {
				"north": {"uv": [0, 0, 1.05, 0.25], "texture": "#10"},
				"east": {"uv": [0, 0, 1, 0.25], "texture": "#10"},
				"south": {"uv": [0, 0, 1.05, 0.25], "texture": "#10"},
				"west": {"uv": [0, 0, 1, 0.25], "texture": "#10"},
				"up": {"uv": [0, 0, 1.05, 1], "texture": "#10"},
				"down": {"uv": [0, 0, 1.05, 1], "texture": "#10"}
			}
		},
		{
			"from": [-13.89791, 6.24634, 8],
			"to": [-12.74791, 6.49634, 9],
			"rotation": {"angle": 0, "axis": "y", "origin": [-20.24791, 4.74634, 0]},
			"faces": {
				"north": {"uv": [0, 0, 1.15, 0.25], "texture": "#10"},
				"east": {"uv": [0, 0, 1, 0.25], "texture": "#10"},
				"south": {"uv": [0, 0, 1.15, 0.25], "texture": "#10"},
				"west": {"uv": [0, 0, 1, 0.25], "texture": "#10"},
				"up": {"uv": [0, 0, 1.15, 1], "texture": "#10"},
				"down": {"uv": [0, 0, 1.15, 1], "texture": "#10"}
			}
		},
		{
			"from": [-14.5, 6, 8],
			"to": [-5.5, 6.25, 9],
			"rotation": {"angle": 0, "axis": "y", "origin": [-19, 5, 0]},
			"faces": {
				"north": {"uv": [0, 0, 9, 0.25], "texture": "#10"},
				"east": {"uv": [0, 0, 1, 0.25], "texture": "#10"},
				"south": {"uv": [0, 0, 9, 0.25], "texture": "#10"},
				"west": {"uv": [0, 0, 1, 0.25], "texture": "#10"},
				"up": {"uv": [0, 0, 9, 1], "texture": "#10"},
				"down": {"uv": [0, 0, 9, 1], "texture": "#10"}
			}
		},
		{
			"from": [-14.31739, 6.83197, 8],
			"to": [-12.31739, 7.08197, 9],
			"rotation": {"angle": 22.5, "axis": "z", "origin": [-12.31739, 5.95697, 8.5]},
			"faces": {
				"north": {"uv": [0, 0, 2, 0.25], "texture": "#10"},
				"east": {"uv": [0, 0, 1, 0.25], "texture": "#10"},
				"south": {"uv": [0, 0, 2, 0.25], "texture": "#10"},
				"west": {"uv": [0, 0, 1, 0.25], "texture": "#10"},
				"up": {"uv": [0, 0, 2, 1], "texture": "#10"},
				"down": {"uv": [0, 0, 2, 1], "texture": "#10"}
			}
		},
		{
			"from": [-14.49791, 10.74634, 8],
			"to": [-5.49791, 10.99634, 9],
			"rotation": {"angle": 0, "axis": "y", "origin": [-19.99791, 8.74634, 0]},
			"faces": {
				"north": {"uv": [0, 0, 9, 0.25], "texture": "#10"},
				"east": {"uv": [0, 0, 1, 0.25], "texture": "#10"},
				"south": {"uv": [0, 0, 9, 0.25], "texture": "#10"},
				"west": {"uv": [0, 0, 1, 0.25], "texture": "#10"},
				"up": {"uv": [0, 0, 9, 1], "texture": "#10"},
				"down": {"uv": [0, 0, 9, 1], "texture": "#10"}
			}
		},
		{
			"from": [-12.74582, 10, 8],
			"to": [-5.49582, 10.75, 9],
			"rotation": {"angle": 0, "axis": "y", "origin": [-18.99582, 9, 0]},
			"faces": {
				"north": {"uv": [0, 0, 7.25, 0.75], "texture": "#10"},
				"east": {"uv": [0, 0, 1, 0.75], "texture": "#10"},
				"south": {"uv": [0, 0, 7.25, 0.75], "texture": "#10"},
				"west": {"uv": [0, 0, 1, 0.75], "texture": "#10"},
				"up": {"uv": [0, 0, 7.25, 1], "texture": "#10"},
				"down": {"uv": [0, 0, 7.25, 1], "texture": "#10"}
			}
		},
		{
			"from": [-13.94582, 10.5, 8],
			"to": [-12.74582, 10.75, 9],
			"rotation": {"angle": 0, "axis": "y", "origin": [-18.99582, 9, 0]},
			"faces": {
				"north": {"uv": [0, 0, 1.2, 0.25], "texture": "#10"},
				"east": {"uv": [0, 0, 1, 0.25], "texture": "#10"},
				"south": {"uv": [0, 0, 1.2, 0.25], "texture": "#10"},
				"west": {"uv": [0, 0, 1, 0.25], "texture": "#10"},
				"up": {"uv": [0, 0, 1.2, 1], "texture": "#10"},
				"down": {"uv": [0, 0, 1.2, 1], "texture": "#10"}
			}
		},
		{
			"from": [-13.34582, 10.25, 8],
			"to": [-12.74582, 10.5, 9],
			"rotation": {"angle": 0, "axis": "y", "origin": [-18.99582, 9, 0]},
			"faces": {
				"north": {"uv": [0, 0, 0.6, 0.25], "texture": "#10"},
				"east": {"uv": [0, 0, 1, 0.25], "texture": "#10"},
				"south": {"uv": [0, 0, 0.6, 0.25], "texture": "#10"},
				"west": {"uv": [0, 0, 1, 0.25], "texture": "#10"},
				"up": {"uv": [0, 0, 0.6, 1], "texture": "#10"},
				"down": {"uv": [0, 0, 0.6, 1], "texture": "#10"}
			}
		},
		{
			"from": [-15.08067, 10.06661, 8],
			"to": [-13.08067, 10.31661, 9],
			"rotation": {"angle": -22.5, "axis": "z", "origin": [-13.08067, 9.19161, 8.5]},
			"faces": {
				"north": {"uv": [0, 0, 2, 0.25], "texture": "#10"},
				"east": {"uv": [0, 0, 1, 0.25], "texture": "#10"},
				"south": {"uv": [0, 0, 2, 0.25], "texture": "#10"},
				"west": {"uv": [0, 0, 1, 0.25], "texture": "#10"},
				"up": {"uv": [0, 0, 2, 1], "texture": "#10"},
				"down": {"uv": [0, 0, 2, 1], "texture": "#10"}
			}
		},
		{
			"from": [-14.62604, 8, 6.37683],
			"to": [-12.62604, 9, 6.62683],
			"rotation": {"angle": -22.5, "axis": "y", "origin": [-13.62604, 8.5, 6.50183]},
			"faces": {
				"north": {"uv": [0, 0, 2, 1], "texture": "#10"},
				"east": {"uv": [0, 0, 0.25, 1], "texture": "#10"},
				"south": {"uv": [0, 0, 2, 1], "texture": "#10"},
				"west": {"uv": [0, 0, 0.25, 1], "texture": "#10"},
				"up": {"uv": [0, 0, 2, 0.25], "texture": "#10"},
				"down": {"uv": [0, 0, 2, 0.25], "texture": "#10"}
			}
		},
		{
			"from": [-12.75, 8, 6.25],
			"to": [-5, 9, 7],
			"rotation": {"angle": 0, "axis": "y", "origin": [-19, 6, -1]},
			"faces": {
				"north": {"uv": [0, 0, 7.75, 1], "texture": "#10"},
				"east": {"uv": [0, 0, 0.75, 1], "texture": "#10"},
				"south": {"uv": [0, 0, 7.75, 1], "texture": "#10"},
				"west": {"uv": [0, 0, 0.75, 1], "texture": "#10"},
				"up": {"uv": [0, 0, 7.75, 0.75], "texture": "#10"},
				"down": {"uv": [0, 0, 7.75, 0.75], "texture": "#10"}
			}
		},
		{
			"from": [-14, 8, 6.25],
			"to": [-12.25, 9, 6.4],
			"rotation": {"angle": 0, "axis": "y", "origin": [-19, 6, -1]},
			"faces": {
				"north": {"uv": [0, 0, 1.75, 1], "texture": "#10"},
				"east": {"uv": [0, 0, 0.15, 1], "texture": "#10"},
				"south": {"uv": [0, 0, 1.75, 1], "texture": "#10"},
				"west": {"uv": [0, 0, 0.15, 1], "texture": "#10"},
				"up": {"uv": [0, 0, 1.75, 0.15], "texture": "#10"},
				"down": {"uv": [0, 0, 1.75, 0.15], "texture": "#10"}
			}
		},
		{
			"from": [-13.6, 8, 6.35],
			"to": [-12.6, 9, 6.6],
			"rotation": {"angle": 0, "axis": "y", "origin": [-19, 6, -1]},
			"faces": {
				"north": {"uv": [0, 0, 1, 1], "texture": "#10"},
				"east": {"uv": [0, 0, 0.25, 1], "texture": "#10"},
				"south": {"uv": [0, 0, 1, 1], "texture": "#10"},
				"west": {"uv": [0, 0, 0.25, 1], "texture": "#10"},
				"up": {"uv": [0, 0, 1, 0.25], "texture": "#10"},
				"down": {"uv": [0, 0, 1, 0.25], "texture": "#10"}
			}
		},
		{
			"from": [-13.1, 8, 6.5],
			"to": [-12.1, 9, 6.75],
			"rotation": {"angle": 0, "axis": "y", "origin": [-19, 6, -1]},
			"faces": {
				"north": {"uv": [0, 0, 1, 1], "texture": "#10"},
				"east": {"uv": [0, 0, 0.25, 1], "texture": "#10"},
				"south": {"uv": [0, 0, 1, 1], "texture": "#10"},
				"west": {"uv": [0, 0, 0.25, 1], "texture": "#10"},
				"up": {"uv": [0, 0, 1, 0.25], "texture": "#10"},
				"down": {"uv": [0, 0, 1, 0.25], "texture": "#10"}
			}
		},
		{
			"from": [-14.50209, 8, 6.00366],
			"to": [-4.75209, 9, 6.25366],
			"rotation": {"angle": 0, "axis": "y", "origin": [-20.75209, 6, -0.74634]},
			"faces": {
				"north": {"uv": [0, 0, 9.75, 1], "texture": "#10"},
				"east": {"uv": [0, 0, 0.25, 1], "texture": "#10"},
				"south": {"uv": [0, 0, 9.75, 1], "texture": "#10"},
				"west": {"uv": [0, 0, 0.25, 1], "texture": "#10"},
				"up": {"uv": [0, 0, 9.75, 0.25], "texture": "#10"},
				"down": {"uv": [0, 0, 9.75, 0.25], "texture": "#10"}
			}
		},
		{
			"from": [-14.50209, 8, 10.75366],
			"to": [-4.75209, 9, 11.00366],
			"rotation": {"angle": 0, "axis": "y", "origin": [-20.75209, 6, 3.25366]},
			"faces": {
				"north": {"uv": [0, 0, 9.75, 1], "texture": "#10"},
				"east": {"uv": [0, 0, 0.25, 1], "texture": "#10"},
				"south": {"uv": [0, 0, 9.75, 1], "texture": "#10"},
				"west": {"uv": [0, 0, 0.25, 1], "texture": "#10"},
				"up": {"uv": [0, 0, 9.75, 0.25], "texture": "#10"},
				"down": {"uv": [0, 0, 9.75, 0.25], "texture": "#10"}
			}
		},
		{
			"from": [0.49791, 8.3, 10.95366],
			"to": [1.94791, 8.4, 11.10366],
			"rotation": {"angle": 0, "axis": "y", "origin": [-20.75209, 5.7, 3.25366]},
			"faces": {
				"north": {"uv": [0.25, 0.25, 0.75, 0.75], "texture": "#5"},
				"east": {"uv": [1.25, 0.25, 1.75, 0.75], "texture": "#5"},
				"south": {"uv": [2.25, 0.25, 2.75, 0.75], "texture": "#5"},
				"west": {"uv": [3.25, 0.25, 3.75, 0.75], "texture": "#5"},
				"up": {"uv": [4.25, 0.25, 4.75, 0.75], "texture": "#5"},
				"down": {"uv": [5.25, 0.25, 5.75, 0.75], "texture": "#5"}
			}
		},
		{
			"from": [0.49791, 8.25, 5.90366],
			"to": [2.04791, 8.35, 6.05366],
			"rotation": {"angle": 0, "axis": "y", "origin": [-20.75209, 5.65, 3.25366]},
			"faces": {
				"north": {"uv": [0.25, 0.25, 0.75, 0.75], "texture": "#5"},
				"east": {"uv": [1.25, 0.25, 1.75, 0.75], "texture": "#5"},
				"south": {"uv": [2.25, 0.25, 2.75, 0.75], "texture": "#5"},
				"west": {"uv": [3.25, 0.25, 3.75, 0.75], "texture": "#5"},
				"up": {"uv": [4.25, 0.25, 4.75, 0.75], "texture": "#5"},
				"down": {"uv": [5.25, 0.25, 5.75, 0.75], "texture": "#5"}
			}
		},
		{
			"from": [2.44791, 8.25, 8.15366],
			"to": [2.89791, 8.35, 8.30366],
			"rotation": {"angle": -22.5, "axis": "y", "origin": [7.92291, 8.2, 5.97866]},
			"faces": {
				"north": {"uv": [0.25, 0.25, 0.75, 0.75], "texture": "#5"},
				"east": {"uv": [1.25, 0.25, 1.75, 0.75], "texture": "#5"},
				"south": {"uv": [2.25, 0.25, 2.75, 0.75], "texture": "#5"},
				"west": {"uv": [3.25, 0.25, 3.75, 0.75], "texture": "#5"},
				"up": {"uv": [4.25, 0.25, 4.75, 0.75], "texture": "#5"},
				"down": {"uv": [5.25, 0.25, 5.75, 0.75], "texture": "#5"}
			}
		},
		{
			"from": [3.14791, 8.25, 8.15366],
			"to": [3.59791, 8.35, 8.30366],
			"rotation": {"angle": -22.5, "axis": "y", "origin": [7.92291, 8.2, 5.97866]},
			"faces": {
				"north": {"uv": [0.25, 0.25, 0.75, 0.75], "texture": "#5"},
				"east": {"uv": [1.25, 0.25, 1.75, 0.75], "texture": "#5"},
				"south": {"uv": [2.25, 0.25, 2.75, 0.75], "texture": "#5"},
				"west": {"uv": [3.25, 0.25, 3.75, 0.75], "texture": "#5"},
				"up": {"uv": [4.25, 0.25, 4.75, 0.75], "texture": "#5"},
				"down": {"uv": [5.25, 0.25, 5.75, 0.75], "texture": "#5"}
			}
		},
		{
			"from": [2.18983, 8.3, 10.11984],
			"to": [2.63983, 8.4, 10.26984],
			"rotation": {"angle": 22.5, "axis": "y", "origin": [4.16483, 8.25, 11.29484]},
			"faces": {
				"north": {"uv": [0.25, 0.25, 0.75, 0.75], "texture": "#5"},
				"east": {"uv": [1.25, 0.25, 1.75, 0.75], "texture": "#5"},
				"south": {"uv": [2.25, 0.25, 2.75, 0.75], "texture": "#5"},
				"west": {"uv": [3.25, 0.25, 3.75, 0.75], "texture": "#5"},
				"up": {"uv": [4.25, 0.25, 4.75, 0.75], "texture": "#5"},
				"down": {"uv": [5.25, 0.25, 5.75, 0.75], "texture": "#5"}
			}
		},
		{
			"from": [2.88983, 8.3, 10.11984],
			"to": [3.33983, 8.4, 10.26984],
			"rotation": {"angle": 22.5, "axis": "y", "origin": [4.16483, 8.25, 11.29484]},
			"faces": {
				"north": {"uv": [0.25, 0.25, 0.75, 0.75], "texture": "#5"},
				"east": {"uv": [1.25, 0.25, 1.75, 0.75], "texture": "#5"},
				"south": {"uv": [2.25, 0.25, 2.75, 0.75], "texture": "#5"},
				"west": {"uv": [3.25, 0.25, 3.75, 0.75], "texture": "#5"},
				"up": {"uv": [4.25, 0.25, 4.75, 0.75], "texture": "#5"},
				"down": {"uv": [5.25, 0.25, 5.75, 0.75], "texture": "#5"}
			}
		},
		{
			"from": [-12.75, 8, 10],
			"to": [-5, 9, 10.85],
			"rotation": {"angle": 0, "axis": "y", "origin": [-19, 6, 3]},
			"faces": {
				"north": {"uv": [0, 0, 7.75, 1], "texture": "#10"},
				"east": {"uv": [0, 0, 0.85, 1], "texture": "#10"},
				"south": {"uv": [0, 0, 7.75, 1], "texture": "#10"},
				"west": {"uv": [0, 0, 0.85, 1], "texture": "#10"},
				"up": {"uv": [0, 0, 7.75, 0.85], "texture": "#10"},
				"down": {"uv": [0, 0, 7.75, 0.85], "texture": "#10"}
			}
		},
		{
			"from": [-14, 8, 10.6],
			"to": [-12.75, 9, 10.85],
			"rotation": {"angle": 0, "axis": "y", "origin": [-19, 6, 3]},
			"faces": {
				"north": {"uv": [0, 0, 1.25, 1], "texture": "#10"},
				"east": {"uv": [0, 0, 0.25, 1], "texture": "#10"},
				"south": {"uv": [0, 0, 1.25, 1], "texture": "#10"},
				"west": {"uv": [0, 0, 0.25, 1], "texture": "#10"},
				"up": {"uv": [0, 0, 1.25, 0.25], "texture": "#10"},
				"down": {"uv": [0, 0, 1.25, 0.25], "texture": "#10"}
			}
		},
		{
			"from": [-13.6, 8, 10.45],
			"to": [-12.35, 9, 10.7],
			"rotation": {"angle": 0, "axis": "y", "origin": [-19, 6, 3]},
			"faces": {
				"north": {"uv": [0, 0, 1.25, 1], "texture": "#10"},
				"east": {"uv": [0, 0, 0.25, 1], "texture": "#10"},
				"south": {"uv": [0, 0, 1.25, 1], "texture": "#10"},
				"west": {"uv": [0, 0, 0.25, 1], "texture": "#10"},
				"up": {"uv": [0, 0, 1.25, 0.25], "texture": "#10"},
				"down": {"uv": [0, 0, 1.25, 0.25], "texture": "#10"}
			}
		},
		{
			"from": [-13.2, 8, 10.25],
			"to": [-11.95, 9, 10.5],
			"rotation": {"angle": 0, "axis": "y", "origin": [-19, 6, 3]},
			"faces": {
				"north": {"uv": [0, 0, 1.25, 1], "texture": "#10"},
				"east": {"uv": [0, 0, 0.25, 1], "texture": "#10"},
				"south": {"uv": [0, 0, 1.25, 1], "texture": "#10"},
				"west": {"uv": [0, 0, 0.25, 1], "texture": "#10"},
				"up": {"uv": [0, 0, 1.25, 0.25], "texture": "#10"},
				"down": {"uv": [0, 0, 1.25, 0.25], "texture": "#10"}
			}
		},
		{
			"from": [-5.75, 8, 6],
			"to": [2, 9, 7],
			"rotation": {"angle": 0, "axis": "y", "origin": [-19, 6, -1]},
			"faces": {
				"north": {"uv": [0, 0, 7.75, 1], "texture": "#10"},
				"east": {"uv": [0, 0, 1, 1], "texture": "#10"},
				"south": {"uv": [0, 0, 7.75, 1], "texture": "#10"},
				"west": {"uv": [0, 0, 1, 1], "texture": "#10"},
				"up": {"uv": [0, 0, 7.75, 1], "texture": "#10"},
				"down": {"uv": [0, 0, 7.75, 1], "texture": "#10"}
			}
		},
		{
			"from": [1.70399, 8, 6.48813],
			"to": [6.45399, 9, 7.48813],
			"rotation": {"angle": -22.5, "axis": "y", "origin": [3.07899, 8.5, 6.98813]},
			"faces": {
				"north": {"uv": [0, 0, 4.75, 1], "texture": "#10"},
				"east": {"uv": [0, 0, 1, 1], "texture": "#10"},
				"south": {"uv": [0, 0, 4.75, 1], "texture": "#10"},
				"west": {"uv": [0, 0, 1, 1], "texture": "#10"},
				"up": {"uv": [0, 0, 4.75, 1], "texture": "#10"},
				"down": {"uv": [0, 0, 4.75, 1], "texture": "#10"}
			}
		},
		{
			"from": [1.62787, 8, 9.12919],
			"to": [6.37787, 9, 10.12919],
			"rotation": {"angle": 22.5, "axis": "y", "origin": [4.00287, 8.5, 9.62919]},
			"faces": {
				"north": {"uv": [0, 0, 4.75, 1], "texture": "#10"},
				"east": {"uv": [0, 0, 1, 1], "texture": "#10"},
				"south": {"uv": [0, 0, 4.75, 1], "texture": "#10"},
				"west": {"uv": [0, 0, 1, 1], "texture": "#10"},
				"up": {"uv": [0, 0, 4.75, 1], "texture": "#10"},
				"down": {"uv": [0, 0, 4.75, 1], "texture": "#10"}
			}
		},
		{
			"from": [-5.75, 10, 8],
			"to": [5.5, 11, 9],
			"rotation": {"angle": 0, "axis": "y", "origin": [-19, 6, -1]},
			"faces": {
				"north": {"uv": [0, 0, 11.25, 1], "texture": "#10"},
				"east": {"uv": [0, 0, 1, 1], "texture": "#10"},
				"south": {"uv": [0, 0, 11.25, 1], "texture": "#10"},
				"west": {"uv": [0, 0, 1, 1], "texture": "#10"},
				"up": {"uv": [0, 0, 11.25, 1], "texture": "#10"},
				"down": {"uv": [0, 0, 11.25, 1], "texture": "#10"}
			}
		},
		{
			"from": [-5.75, 6, 8],
			"to": [5, 7, 9],
			"rotation": {"angle": 0, "axis": "y", "origin": [-19, 6, -1]},
			"faces": {
				"north": {"uv": [0, 0, 10.75, 1], "texture": "#10"},
				"east": {"uv": [0, 0, 1, 1], "texture": "#10"},
				"south": {"uv": [0, 0, 10.75, 1], "texture": "#10"},
				"west": {"uv": [0, 0, 1, 1], "texture": "#10"},
				"up": {"uv": [0, 0, 10.75, 1], "texture": "#10"},
				"down": {"uv": [0, 0, 10.75, 1], "texture": "#10"}
			}
		},
		{
			"from": [-5.75, 8, 10],
			"to": [2, 9, 11],
			"rotation": {"angle": 0, "axis": "y", "origin": [-19, 6, -1]},
			"faces": {
				"north": {"uv": [0, 0, 7.75, 1], "texture": "#10"},
				"east": {"uv": [0, 0, 1, 1], "texture": "#10"},
				"south": {"uv": [0, 0, 7.75, 1], "texture": "#10"},
				"west": {"uv": [0, 0, 1, 1], "texture": "#10"},
				"up": {"uv": [0, 0, 7.75, 1], "texture": "#10"},
				"down": {"uv": [0, 0, 7.75, 1], "texture": "#10"}
			}
		},
		{
			"from": [6.31416, 9.6, 9.53157],
			"to": [7.16416, 9.6, 9.73157],
			"rotation": {"angle": -22.5, "axis": "y", "origin": [6.83916, 10.25, 9.63157]},
			"faces": {
				"north": {"uv": [0, 0, 0.85, 0], "texture": "#0"},
				"east": {"uv": [0, 0, 0.2, 0], "texture": "#0"},
				"south": {"uv": [0, 0, 0.85, 0], "texture": "#0"},
				"west": {"uv": [0, 0, 0.2, 0], "texture": "#0"},
				"up": {"uv": [0, 0, 0.85, 0.2], "texture": "#0"},
				"down": {"uv": [0, 0, 0.85, 0.2], "texture": "#0"}
			}
		},
		{
			"from": [6.34679, 9.5, 9.29069],
			"to": [6.54679, 9.7, 11.54069],
			"rotation": {"angle": 22.5, "axis": "y", "origin": [6.44679, 10.25, 9.91569]},
			"faces": {
				"north": {"uv": [0, 0, 0.2, 0.2], "texture": "#0"},
				"east": {"uv": [0, 0, 2.25, 0.2], "texture": "#0"},
				"south": {"uv": [0, 0, 0.2, 0.2], "texture": "#0"},
				"west": {"uv": [0, 0, 2.25, 0.2], "texture": "#0"},
				"up": {"uv": [0, 0, 2.25, 0.2], "rotation": 90, "texture": "#0"},
				"down": {"uv": [0, 0, 2.25, 0.2], "rotation": 270, "texture": "#0"}
			}
		},
		{
			"from": [7.13916, 9.5, 8.60657],
			"to": [7.33916, 9.7, 10.35657],
			"rotation": {"angle": -45, "axis": "y", "origin": [6.83916, 10.25, 9.63157]},
			"faces": {
				"north": {"uv": [0, 0, 0.2, 0.2], "texture": "#0"},
				"east": {"uv": [0, 0, 1.75, 0.2], "texture": "#0"},
				"south": {"uv": [0, 0, 0.2, 0.2], "texture": "#0"},
				"west": {"uv": [0, 0, 1.75, 0.2], "texture": "#0"},
				"up": {"uv": [0, 0, 1.75, 0.2], "rotation": 90, "texture": "#0"},
				"down": {"uv": [0, 0, 1.75, 0.2], "rotation": 270, "texture": "#0"}
			}
		},
		{
			"from": [6.21416, 10.8, 9.53157],
			"to": [7.26416, 11, 9.73157],
			"rotation": {"angle": -22.5, "axis": "y", "origin": [6.83916, 10.25, 9.63157]},
			"faces": {
				"north": {"uv": [0, 0, 1.05, 0.2], "texture": "#0"},
				"east": {"uv": [0, 0, 0.2, 0.2], "texture": "#0"},
				"south": {"uv": [0, 0, 1.05, 0.2], "texture": "#0"},
				"west": {"uv": [0, 0, 0.2, 0.2], "texture": "#0"},
				"up": {"uv": [0, 0, 1.05, 0.2], "texture": "#0"},
				"down": {"uv": [0, 0, 1.05, 0.2], "texture": "#0"}
			}
		},
		{
			"from": [7.13916, 10.8, 8.60657],
			"to": [7.33916, 11, 10.35657],
			"rotation": {"angle": -45, "axis": "y", "origin": [6.83916, 10.25, 9.63157]},
			"faces": {
				"north": {"uv": [0, 0, 0.2, 0.2], "texture": "#0"},
				"east": {"uv": [0, 0, 1.75, 0.2], "texture": "#0"},
				"south": {"uv": [0, 0, 0.2, 0.2], "texture": "#0"},
				"west": {"uv": [0, 0, 1.75, 0.2], "texture": "#0"},
				"up": {"uv": [0, 0, 1.75, 0.2], "rotation": 90, "texture": "#0"},
				"down": {"uv": [0, 0, 1.75, 0.2], "rotation": 270, "texture": "#0"}
			}
		},
		{
			"from": [6.34679, 10.8, 9.29069],
			"to": [6.54679, 11, 11.54069],
			"rotation": {"angle": 22.5, "axis": "y", "origin": [6.44679, 10.25, 9.91569]},
			"faces": {
				"north": {"uv": [0, 0, 0.2, 0.2], "texture": "#0"},
				"east": {"uv": [0, 0, 2.25, 0.2], "texture": "#0"},
				"south": {"uv": [0, 0, 0.2, 0.2], "texture": "#0"},
				"west": {"uv": [0, 0, 2.25, 0.2], "texture": "#0"},
				"up": {"uv": [0, 0, 2.25, 0.2], "rotation": 90, "texture": "#0"},
				"down": {"uv": [0, 0, 2.25, 0.2], "rotation": 270, "texture": "#0"}
			}
		},
		{
			"from": [6.92, 8.85, 11.16215],
			"to": [7.12, 11.65, 11.36215],
			"rotation": {"angle": 0, "axis": "y", "origin": [6.5903, 10.9, 10.26215]},
			"faces": {
				"north": {"uv": [0, 0, 0.2, 2.8], "texture": "#0"},
				"east": {"uv": [0, 0, 0.2, 2.8], "texture": "#0"},
				"south": {"uv": [0, 0, 0.2, 2.8], "texture": "#0"},
				"west": {"uv": [0, 0, 0.2, 2.8], "texture": "#0"},
				"up": {"uv": [0, 0, 0.2, 0.2], "rotation": 90, "texture": "#0"},
				"down": {"uv": [0, 0, 0.2, 0.2], "rotation": 270, "texture": "#0"}
			}
		},
		{
			"from": [6.92, 8.85, 14.16215],
			"to": [7.12, 11.65, 14.36215],
			"rotation": {"angle": 0, "axis": "y", "origin": [6.5903, 10.9, 10.26215]},
			"faces": {
				"north": {"uv": [0, 0, 0.2, 2.8], "texture": "#0"},
				"east": {"uv": [0, 0, 0.2, 2.8], "texture": "#0"},
				"south": {"uv": [0, 0, 0.2, 2.8], "texture": "#0"},
				"west": {"uv": [0, 0, 0.2, 2.8], "texture": "#0"},
				"up": {"uv": [0, 0, 0.2, 0.2], "rotation": 90, "texture": "#0"},
				"down": {"uv": [0, 0, 0.2, 0.2], "rotation": 270, "texture": "#0"}
			}
		},
		{
			"from": [6.92, 11.45, 11.16215],
			"to": [7.12, 11.65, 14.36215],
			"rotation": {"angle": 0, "axis": "y", "origin": [6.5903, 10.9, 10.26215]},
			"faces": {
				"north": {"uv": [0, 0, 0.2, 0.2], "texture": "#0"},
				"east": {"uv": [0, 0, 3.2, 0.2], "texture": "#0"},
				"south": {"uv": [0, 0, 0.2, 0.2], "texture": "#0"},
				"west": {"uv": [0, 0, 3.2, 0.2], "texture": "#0"},
				"up": {"uv": [0, 0, 3.2, 0.2], "rotation": 90, "texture": "#0"},
				"down": {"uv": [0, 0, 3.2, 0.2], "rotation": 270, "texture": "#0"}
			}
		},
		{
			"from": [6.92, 8.85, 11.16215],
			"to": [7.12, 9.05, 14.36215],
			"rotation": {"angle": 0, "axis": "y", "origin": [6.5903, 10.9, 10.26215]},
			"faces": {
				"north": {"uv": [0, 0, 0.2, 0.2], "texture": "#0"},
				"east": {"uv": [0, 0, 3.2, 0.2], "texture": "#0"},
				"south": {"uv": [0, 0, 0.2, 0.2], "texture": "#0"},
				"west": {"uv": [0, 0, 3.2, 0.2], "texture": "#0"},
				"up": {"uv": [0, 0, 3.2, 0.2], "rotation": 90, "texture": "#0"},
				"down": {"uv": [0, 0, 3.2, 0.2], "rotation": 270, "texture": "#0"}
			}
		},
		{
			"from": [6.92, 10.85, 12.66215],
			"to": [6.92, 11.05, 12.86215],
			"rotation": {"angle": 0, "axis": "y", "origin": [6.5903, 10.9, 10.26215]},
			"faces": {
				"north": {"uv": [0, 0, 0, 0.2], "texture": "#7"},
				"east": {"uv": [0, 0, 0.2, 0.2], "texture": "#7"},
				"south": {"uv": [0, 0, 0, 0.2], "texture": "#7"},
				"west": {"uv": [0, 0, 0.2, 0.2], "texture": "#7"},
				"up": {"uv": [0, 0, 0.2, 0], "rotation": 90, "texture": "#7"},
				"down": {"uv": [0, 0, 0.2, 0], "rotation": 270, "texture": "#7"}
			}
		},
		{
			"from": [6.92, 9.65, 12.66215],
			"to": [6.92, 9.85, 12.86215],
			"rotation": {"angle": 0, "axis": "y", "origin": [6.5903, 10.9, 10.26215]},
			"faces": {
				"north": {"uv": [0, 0, 0, 0.2], "texture": "#7"},
				"east": {"uv": [0, 0, 0.2, 0.2], "texture": "#7"},
				"south": {"uv": [0, 0, 0, 0.2], "texture": "#7"},
				"west": {"uv": [0, 0, 0.2, 0.2], "texture": "#7"},
				"up": {"uv": [0, 0, 0.2, 0], "rotation": 90, "texture": "#7"},
				"down": {"uv": [0, 0, 0.2, 0], "rotation": 270, "texture": "#7"}
			}
		},
		{
			"from": [6.92, 10.25, 13.26215],
			"to": [6.92, 10.45, 13.46215],
			"rotation": {"angle": 0, "axis": "y", "origin": [6.5903, 10.9, 10.26215]},
			"faces": {
				"north": {"uv": [0, 0, 0, 0.2], "texture": "#7"},
				"east": {"uv": [0, 0, 0.2, 0.2], "texture": "#7"},
				"south": {"uv": [0, 0, 0, 0.2], "texture": "#7"},
				"west": {"uv": [0, 0, 0.2, 0.2], "texture": "#7"},
				"up": {"uv": [0, 0, 0.2, 0], "rotation": 90, "texture": "#7"},
				"down": {"uv": [0, 0, 0.2, 0], "rotation": 270, "texture": "#7"}
			}
		},
		{
			"from": [6.92, 10.25, 12.06215],
			"to": [6.92, 10.45, 12.26215],
			"rotation": {"angle": 0, "axis": "y", "origin": [6.5903, 10.9, 10.26215]},
			"faces": {
				"north": {"uv": [0, 0, 0, 0.2], "texture": "#7"},
				"east": {"uv": [0, 0, 0.2, 0.2], "texture": "#7"},
				"south": {"uv": [0, 0, 0, 0.2], "texture": "#7"},
				"west": {"uv": [0, 0, 0.2, 0.2], "texture": "#7"},
				"up": {"uv": [0, 0, 0.2, 0], "rotation": 90, "texture": "#7"},
				"down": {"uv": [0, 0, 0.2, 0], "rotation": 270, "texture": "#7"}
			}
		},
		{
			"from": [6.5903, 9.6, 10.26215],
			"to": [6.7903, 10.9, 10.46215],
			"rotation": {"angle": 0, "axis": "y", "origin": [6.5903, 10.9, 10.26215]},
			"faces": {
				"north": {"uv": [0, 0, 0.2, 1.3], "texture": "#0"},
				"east": {"uv": [0, 0, 0.2, 1.3], "texture": "#0"},
				"south": {"uv": [0, 0, 0.2, 1.3], "texture": "#0"},
				"west": {"uv": [0, 0, 0.2, 1.3], "texture": "#0"},
				"up": {"uv": [0, 0, 0.2, 0.2], "rotation": 90, "texture": "#0"},
				"down": {"uv": [0, 0, 0.2, 0.2], "rotation": 270, "texture": "#0"}
			}
		},
		{
			"from": [2, 7, 7.5],
			"to": [13, 9.75, 9.5],
			"rotation": {"angle": 0, "axis": "y", "origin": [-6, 5, 0]},
			"faces": {
				"north": {"uv": [0, 0, 15, 4.75], "texture": "#0"},
				"east": {"uv": [0, 0, 4, 11.75], "texture": "#0"},
				"south": {"uv": [0, 0, 15, 7.75], "texture": "#0"},
				"west": {"uv": [0, 0, 4, 10.75], "texture": "#0"},
				"up": {"uv": [0, 0, 15, 4], "texture": "#0"},
				"down": {"uv": [0, 0, 14, 4], "texture": "#0"}
			}
		},
		{
			"from": [10.9, 7, 7],
			"to": [11, 9.75, 7.5],
			"rotation": {"angle": 0, "axis": "y", "origin": [-5, 5, -2]},
			"faces": {
				"north": {"uv": [0, 0, 0.1, 2.75], "texture": "#0"},
				"east": {"uv": [0, 0, 0.5, 2.75], "texture": "#0"},
				"south": {"uv": [0, 0, 0.1, 2.75], "texture": "#0"},
				"west": {"uv": [0, 0, 0.5, 2.75], "texture": "#0"},
				"up": {"uv": [0, 0, 0.1, 0.5], "texture": "#0"},
				"down": {"uv": [0, 0, 0.1, 0.5], "texture": "#0"}
			}
		},
		{
			"from": [8, 9.1, 7],
			"to": [11, 9.75, 7.6],
			"rotation": {"angle": 0, "axis": "y", "origin": [-5, 5, -2.4]},
			"faces": {
				"north": {"uv": [0, 0, 3, 0.65], "texture": "#0"},
				"east": {"uv": [0, 0, 0.6, 0.65], "texture": "#0"},
				"south": {"uv": [0, 0, 3, 0.65], "texture": "#0"},
				"west": {"uv": [0, 0, 0.6, 0.65], "texture": "#0"},
				"up": {"uv": [0, 0, 3, 0.6], "texture": "#0"},
				"down": {"uv": [0, 0, 3, 0.6], "texture": "#0"}
			}
		},
		{
			"from": [8, 7, 7],
			"to": [11, 8.75, 7.6],
			"rotation": {"angle": 0, "axis": "y", "origin": [-5, 2.9, -2.4]},
			"faces": {
				"north": {"uv": [0, 0, 3, 1.75], "texture": "#0"},
				"east": {"uv": [0, 0, 0.6, 1.75], "texture": "#0"},
				"south": {"uv": [0, 0, 3, 1.75], "texture": "#0"},
				"west": {"uv": [0, 0, 0.6, 1.75], "texture": "#0"},
				"up": {"uv": [0, 0, 3, 0.6], "texture": "#0"},
				"down": {"uv": [0, 0, 3, 0.6], "texture": "#0"}
			}
		},
		{
			"from": [8, 8.75, 7.1],
			"to": [10.9, 9.1, 7.6],
			"rotation": {"angle": 0, "axis": "y", "origin": [-5, 2.85, -2.4]},
			"faces": {
				"north": {"uv": [0, 0, 2.9, 0.35], "texture": "#5"},
				"east": {"uv": [0, 0, 0.5, 0.35], "texture": "#5"},
				"south": {"uv": [0, 0, 2.9, 0.35], "texture": "#5"},
				"west": {"uv": [0, 0, 0.5, 0.35], "texture": "#5"},
				"up": {"uv": [0, 0, 2.9, 0.5], "texture": "#5"},
				"down": {"uv": [0, 0, 2.9, 0.5], "texture": "#5"}
			}
		},
		{
			"from": [6.63373, 7, 7.17231],
			"to": [8.13373, 9.75, 7.67231],
			"rotation": {"angle": 22.5, "axis": "y", "origin": [7.63373, 8.375, 7.42231]},
			"faces": {
				"north": {"uv": [0, 0, 1.5, 2.75], "texture": "#0"},
				"east": {"uv": [0, 0, 0.5, 2.75], "texture": "#0"},
				"south": {"uv": [0, 0, 1.5, 2.75], "texture": "#0"},
				"west": {"uv": [0, 0, 0.5, 2.75], "texture": "#0"},
				"up": {"uv": [0, 0, 1.5, 0.5], "texture": "#0"},
				"down": {"uv": [0, 0, 1.5, 0.5], "texture": "#0"}
			}
		},
		{
			"from": [8, 7.65, 9.5],
			"to": [11, 8.05, 9.9],
			"rotation": {"angle": 0, "axis": "y", "origin": [-5, 3.9, 0.4]},
			"faces": {
				"north": {"uv": [0, 0, 3, 0.4], "texture": "#7"},
				"east": {"uv": [0, 0, 0.4, 0.4], "texture": "#7"},
				"south": {"uv": [0, 0, 3, 0.4], "texture": "#7"},
				"west": {"uv": [0, 0, 0.4, 0.4], "texture": "#7"},
				"up": {"uv": [0, 0, 3, 0.4], "texture": "#7"},
				"down": {"uv": [0, 0, 3, 0.4], "texture": "#7"}
			}
		},
		{
			"from": [8, 5.9, 9.4],
			"to": [11, 7.65, 10],
			"rotation": {"angle": 0, "axis": "y", "origin": [-5, 1.8, 0.5]},
			"faces": {
				"north": {"uv": [0, 0, 3, 1.75], "texture": "#0"},
				"east": {"uv": [0, 0, 0.6, 1.75], "texture": "#0"},
				"south": {"uv": [0, 0, 3, 1.75], "texture": "#0"},
				"west": {"uv": [0, 0, 0.6, 1.75], "texture": "#0"},
				"up": {"uv": [0, 0, 3, 0.6], "texture": "#0"},
				"down": {"uv": [0, 0, 3, 0.6], "texture": "#0"}
			}
		},
		{
			"from": [11, 5.9, 9.4],
			"to": [11.25, 8.65, 10],
			"rotation": {"angle": 0, "axis": "y", "origin": [-5, 1.8, 0.5]},
			"faces": {
				"north": {"uv": [0, 0, 0.25, 2.75], "texture": "#0"},
				"east": {"uv": [0, 0, 0.6, 2.75], "texture": "#0"},
				"south": {"uv": [0, 0, 0.25, 2.75], "texture": "#0"},
				"west": {"uv": [0, 0, 0.6, 2.75], "texture": "#0"},
				"up": {"uv": [0, 0, 0.25, 0.6], "texture": "#0"},
				"down": {"uv": [0, 0, 0.25, 0.6], "texture": "#0"}
			}
		},
		{
			"from": [8, 8, 9.4],
			"to": [11, 8.65, 10],
			"rotation": {"angle": 0, "axis": "y", "origin": [-5, 3.9, 0.5]},
			"faces": {
				"north": {"uv": [0, 0, 3, 0.65], "texture": "#0"},
				"east": {"uv": [0, 0, 0.6, 0.65], "texture": "#0"},
				"south": {"uv": [0, 0, 3, 0.65], "texture": "#0"},
				"west": {"uv": [0, 0, 0.6, 0.65], "texture": "#0"},
				"up": {"uv": [0, 0, 3, 0.6], "texture": "#0"},
				"down": {"uv": [0, 0, 3, 0.6], "texture": "#0"}
			}
		},
		{
			"from": [6.63373, 5.9, 9.32769],
			"to": [8.13373, 8.65, 9.82769],
			"rotation": {"angle": -22.5, "axis": "y", "origin": [7.63373, 7.275, 9.57769]},
			"faces": {
				"north": {"uv": [0, 0, 1.5, 2.75], "texture": "#0"},
				"east": {"uv": [0, 0, 0.5, 2.75], "texture": "#0"},
				"south": {"uv": [0, 0, 1.5, 2.75], "texture": "#0"},
				"west": {"uv": [0, 0, 0.5, 2.75], "texture": "#0"},
				"up": {"uv": [0, 0, 1.5, 0.5], "texture": "#0"},
				"down": {"uv": [0, 0, 1.5, 0.5], "texture": "#0"}
			}
		},
		{
			"from": [8, 5.5, 7.5],
			"to": [13, 7.05, 9.5],
			"rotation": {"angle": 0, "axis": "y", "origin": [-6, 5, 0]},
			"faces": {
				"north": {"uv": [0, 0, 10, 3.55], "texture": "#0"},
				"east": {"uv": [0, 0, 4, 10.55], "texture": "#0"},
				"south": {"uv": [0, 0, 9, 6.55], "texture": "#0"},
				"west": {"uv": [0, 0, 4, 9.55], "texture": "#0"},
				"up": {"uv": [0, 0, 9, 4], "texture": "#0"},
				"down": {"uv": [0, 0, 8, 4], "texture": "#0"}
			}
		},
		{
			"from": [5.65, 5.5, 7.5],
			"to": [8, 7, 9.5],
			"rotation": {"angle": 0, "axis": "y", "origin": [-6, 5, 0]},
			"faces": {
				"north": {"uv": [0, 0, 7.35, 3.5], "texture": "#0"},
				"east": {"uv": [0, 0, 4, 10.5], "texture": "#0"},
				"south": {"uv": [0, 0, 6.35, 6.5], "texture": "#0"},
				"west": {"uv": [0, 0, 4, 9.5], "texture": "#0"},
				"up": {"uv": [0, 0, 6.35, 4], "texture": "#0"},
				"down": {"uv": [0, 0, 5.35, 4], "texture": "#0"}
			}
		},
		{
			"from": [11.95, 1, 7.8],
			"to": [12.3, 5.5, 9],
			"rotation": {"angle": 0, "axis": "y", "origin": [-1, 5, 0]},
			"faces": {
				"north": {"uv": [0, 0, 2.65, 15.5], "texture": "#0"},
				"east": {"uv": [0, 0, 3.2, 15.5], "texture": "#0"},
				"south": {"uv": [0, 0, 2.65, 15.5], "texture": "#0"},
				"west": {"uv": [0, 0, 3.2, 15.5], "texture": "#0"},
				"up": {"uv": [0, 0, 0.65, 1.2], "texture": "#0"},
				"down": {"uv": [0, 0, 2.65, 3.2], "texture": "#0"}
			}
		},
		{
			"from": [12.45, 1, 7.8],
			"to": [12.7, 5.5, 9],
			"rotation": {"angle": 0, "axis": "y", "origin": [-0.9, 5, 0]},
			"faces": {
				"north": {"uv": [0, 0, 2.65, 15.5], "texture": "#0"},
				"east": {"uv": [0, 0, 3.2, 15.5], "texture": "#0"},
				"south": {"uv": [0, 0, 2.65, 15.5], "texture": "#0"},
				"west": {"uv": [0, 0, 3.2, 15.5], "texture": "#0"},
				"up": {"uv": [0, 0, 0.65, 1.2], "texture": "#0"},
				"down": {"uv": [0, 0, 2.65, 3.2], "texture": "#0"}
			}
		},
		{
			"from": [12.25, 1, 7.9],
			"to": [12.5, 5.5, 8.9],
			"rotation": {"angle": 0, "axis": "y", "origin": [-1, 5, 0]},
			"faces": {
				"north": {"uv": [0, 0, 2.65, 15.5], "texture": "#5"},
				"east": {"uv": [0, 0, 3.2, 15.5], "texture": "#5"},
				"south": {"uv": [0, 0, 2.65, 15.5], "texture": "#5"},
				"west": {"uv": [0, 0, 3.2, 15.5], "texture": "#5"},
				"up": {"uv": [0, 0, 0.65, 1.2], "texture": "#5"},
				"down": {"uv": [0, 0, 2.65, 3.2], "texture": "#5"}
			}
		},
		{
			"from": [11.15, 3.8, 8.1],
			"to": [11.6, 4.7, 8.7],
			"rotation": {"angle": -22.5, "axis": "z", "origin": [11.775, 2.6, 8.4]},
			"faces": {
				"north": {"uv": [0, 0, 5.45, 5.9], "texture": "#9"},
				"east": {"uv": [0, 0, 5.6, 5.9], "texture": "#9"},
				"south": {"uv": [0, 0, 5.45, 5.9], "texture": "#9"},
				"west": {"uv": [0, 0, 5.6, 5.9], "texture": "#9"},
				"up": {"uv": [0, 0, 5.45, 5.6], "texture": "#9"},
				"down": {"uv": [0, 0, 5.45, 5.6], "texture": "#9"}
			}
		},
		{
			"from": [11.6568, 3.54783, 8.1],
			"to": [12.4068, 3.94783, 8.7],
			"rotation": {"angle": 0, "axis": "y", "origin": [11.7818, 2.64783, 8.4]},
			"faces": {
				"north": {"uv": [0, 0, 5.75, 5.4], "texture": "#9"},
				"east": {"uv": [0, 0, 5.6, 5.4], "texture": "#9"},
				"south": {"uv": [0, 0, 5.75, 5.4], "texture": "#9"},
				"west": {"uv": [0, 0, 5.6, 5.4], "texture": "#9"},
				"up": {"uv": [0, 0, 5.75, 5.6], "texture": "#9"},
				"down": {"uv": [0, 0, 5.75, 5.6], "texture": "#9"}
			}
		},
		{
			"from": [11.91516, 3.24895, 8.1],
			"to": [12.46516, 3.64895, 8.7],
			"rotation": {"angle": 22.5, "axis": "z", "origin": [12.04016, 2.94895, 8.4]},
			"faces": {
				"north": {"uv": [0, 0, 5.55, 5.4], "texture": "#9"},
				"east": {"uv": [0, 0, 5.6, 5.4], "texture": "#9"},
				"south": {"uv": [0, 0, 5.55, 5.4], "texture": "#9"},
				"west": {"uv": [0, 0, 5.6, 5.4], "texture": "#9"},
				"up": {"uv": [0, 0, 5.55, 5.6], "texture": "#9"},
				"down": {"uv": [0, 0, 5.55, 5.6], "texture": "#9"}
			}
		},
		{
			"from": [11.79084, 2.97395, 8.1],
			"to": [12.04084, 3.27395, 8.7],
			"rotation": {"angle": 0, "axis": "y", "origin": [11.91584, 3.17395, 8.4]},
			"faces": {
				"north": {"uv": [0, 0, 5.25, 5.3], "texture": "#9"},
				"east": {"uv": [0, 0, 5.6, 5.3], "texture": "#9"},
				"south": {"uv": [0, 0, 5.25, 5.3], "texture": "#9"},
				"west": {"uv": [0, 0, 5.6, 5.3], "texture": "#9"},
				"up": {"uv": [0, 0, 5.25, 5.6], "texture": "#9"},
				"down": {"uv": [0, 0, 5.25, 5.6], "texture": "#9"}
			}
		},
		{
			"from": [11.91516, 2.09895, 8.1],
			"to": [12.76516, 2.99895, 8.7],
			"rotation": {"angle": -22.5, "axis": "z", "origin": [12.04016, 3.29895, 8.4]},
			"faces": {
				"north": {"uv": [0, 0, 5.85, 5.9], "texture": "#9"},
				"east": {"uv": [0, 0, 5.6, 5.9], "texture": "#9"},
				"south": {"uv": [0, 0, 5.85, 5.9], "texture": "#9"},
				"west": {"uv": [0, 0, 5.6, 5.9], "texture": "#9"},
				"up": {"uv": [0, 0, 5.85, 5.6], "texture": "#9"},
				"down": {"uv": [0, 0, 5.85, 5.6], "texture": "#9"}
			}
		},
		{
			"from": [11.46545, 1.53813, 8.1],
			"to": [12.31545, 2.23813, 8.7],
			"rotation": {"angle": 0, "axis": "y", "origin": [11.59045, 3.93813, 8.4]},
			"faces": {
				"north": {"uv": [0, 0, 5.85, 5.7], "texture": "#9"},
				"east": {"uv": [0, 0, 5.6, 5.7], "texture": "#9"},
				"south": {"uv": [0, 0, 5.85, 5.7], "texture": "#9"},
				"west": {"uv": [0, 0, 5.6, 5.7], "texture": "#9"},
				"up": {"uv": [0, 0, 5.85, 5.6], "texture": "#9"},
				"down": {"uv": [0, 0, 5.85, 5.6], "texture": "#9"}
			}
		},
		{
			"from": [10.49923, 0.69567, 8.1],
			"to": [11.34923, 1.39567, 8.7],
			"rotation": {"angle": 22.5, "axis": "z", "origin": [10.62423, 3.89567, 8.4]},
			"faces": {
				"north": {"uv": [0, 0, 5.85, 5.7], "texture": "#9"},
				"east": {"uv": [0, 0, 5.6, 5.7], "texture": "#9"},
				"south": {"uv": [0, 0, 5.85, 5.7], "texture": "#9"},
				"west": {"uv": [0, 0, 5.6, 5.7], "texture": "#9"},
				"up": {"uv": [0, 0, 5.85, 5.6], "texture": "#9"},
				"down": {"uv": [0, 0, 5.85, 5.6], "texture": "#9"}
			}
		},
		{
			"from": [10.85, 3.9, 7.9],
			"to": [11.1, 5.6, 8.9],
			"rotation": {"angle": -45, "axis": "z", "origin": [11.475, 4.25, 8.4]},
			"faces": {
				"north": {"uv": [0, 0, 5.25, 10.7], "texture": "#0"},
				"east": {"uv": [0, 0, 5, 10.7], "texture": "#0"},
				"south": {"uv": [0, 0, 5.25, 10.7], "texture": "#0"},
				"west": {"uv": [0, 0, 5, 10.7], "texture": "#0"},
				"up": {"uv": [0, 0, 5.25, 3], "texture": "#0"},
				"down": {"uv": [0, 0, 5.25, 3], "texture": "#0"}
			}
		},
		{
			"from": [11.06328, 3.54057, 7.9],
			"to": [11.31328, 4.14057, 8.9],
			"rotation": {"angle": -22.5, "axis": "z", "origin": [11.68828, 4.99057, 8.4]},
			"faces": {
				"north": {"uv": [0, 0, 5.25, 9.6], "texture": "#0"},
				"east": {"uv": [0, 0, 5, 9.6], "texture": "#0"},
				"south": {"uv": [0, 0, 5.25, 9.6], "texture": "#0"},
				"west": {"uv": [0, 0, 5, 9.6], "texture": "#0"},
				"up": {"uv": [0, 0, 5.25, 3], "texture": "#0"},
				"down": {"uv": [0, 0, 5.25, 3], "texture": "#0"}
			}
		},
		{
			"from": [10.55596, 1.29013, 7.9],
			"to": [10.80596, 3.89013, 8.9],
			"rotation": {"angle": 0, "axis": "y", "origin": [11.18096, 5.64013, 8.4]},
			"faces": {
				"north": {"uv": [0, 0, 5.25, 11.6], "texture": "#0"},
				"east": {"uv": [0, 0, 5, 11.6], "texture": "#0"},
				"south": {"uv": [0, 0, 5.25, 11.6], "texture": "#0"},
				"west": {"uv": [0, 0, 5, 11.6], "texture": "#0"},
				"up": {"uv": [0, 0, 5.25, 3], "texture": "#0"},
				"down": {"uv": [0, 0, 5.25, 3], "texture": "#0"}
			}
		},
		{
			"from": [8.72891, 0.37534, 7.9],
			"to": [8.97891, 1.17534, 8.9],
			"rotation": {"angle": 22.5, "axis": "z", "origin": [9.35391, 5.82534, 8.4]},
			"faces": {
				"north": {"uv": [0, 0, 5.25, 9.8], "texture": "#0"},
				"east": {"uv": [0, 0, 5, 9.8], "texture": "#0"},
				"south": {"uv": [0, 0, 5.25, 9.8], "texture": "#0"},
				"west": {"uv": [0, 0, 5, 9.8], "texture": "#0"},
				"up": {"uv": [0, 0, 5.25, 3], "texture": "#0"},
				"down": {"uv": [0, 0, 5.25, 3], "texture": "#0"}
			}
		},
		{
			"from": [12.45, 5.2, 7.8],
			"to": [12.6, 5.7, 9],
			"rotation": {"angle": -45, "axis": "z", "origin": [12.625, 5.25, 8.4]},
			"faces": {
				"north": {"uv": [0, 0, 0.15, 0.5], "texture": "#0"},
				"east": {"uv": [0, 0, 1.2, 0.5], "texture": "#0"},
				"south": {"uv": [0, 0, 0.15, 0.5], "texture": "#0"},
				"west": {"uv": [0, 0, 1.2, 0.5], "texture": "#0"},
				"up": {"uv": [0, 0, 0.15, 1.2], "texture": "#0"},
				"down": {"uv": [0, 0, 0.15, 1.2], "texture": "#0"}
			}
		},
		{
			"from": [4.78494, 8.82565, 8],
			"to": [5.78494, 10.82565, 9],
			"rotation": {"angle": -22.5, "axis": "z", "origin": [-5.96506, 8.67565, 0]},
			"faces": {
				"north": {"uv": [0, 0, 5, 13], "texture": "#0"},
				"east": {"uv": [0, 0, 5, 13], "texture": "#0"},
				"south": {"uv": [0, 0, 6, 14], "texture": "#0"},
				"west": {"uv": [0, 0, 4, 13], "texture": "#0"},
				"up": {"uv": [0, 0, 1, 1], "texture": "#0"},
				"down": {"uv": [0, 0, 5, 5], "texture": "#0"}
			}
		},
		{
			"from": [4.52405, 1.50038, 8],
			"to": [5.02405, 3.95038, 9],
			"rotation": {"angle": 0, "axis": "y", "origin": [-6.72595, 9.80038, 0]},
			"faces": {
				"north": {"uv": [0.25, 0.25, 4.75, 11.75], "texture": "#8"},
				"east": {"uv": [1.25, 0.25, 5.75, 11.75], "texture": "#8"},
				"south": {"uv": [2.25, 0.25, 7.75, 12.75], "texture": "#8"},
				"west": {"uv": [3.25, 0.25, 6.75, 11.75], "texture": "#8"},
				"up": {"uv": [4.25, 0.25, 4.75, 0.75], "texture": "#8"},
				"down": {"uv": [5.25, 0.25, 9.75, 4.75], "texture": "#8"}
			}
		},
		{
			"from": [4.02405, 1.45038, 8],
			"to": [4.52405, 4.70038, 9],
			"rotation": {"angle": 0, "axis": "y", "origin": [-6.72595, 9.75038, 0]},
			"faces": {
				"north": {"uv": [0.25, 0.25, 4.75, 11.75], "texture": "#0"},
				"east": {"uv": [1.25, 0.25, 5.75, 11.75], "texture": "#0"},
				"south": {"uv": [2.25, 0.25, 7.75, 12.75], "texture": "#0"},
				"west": {"uv": [3.25, 0.25, 6.75, 11.75], "texture": "#0"},
				"up": {"uv": [4.25, 0.25, 4.75, 0.75], "texture": "#0"},
				"down": {"uv": [5.25, 0.25, 9.75, 4.75], "texture": "#0"}
			}
		},
		{
			"from": [4.52405, 0.95038, 8],
			"to": [5.02405, 1.50038, 9],
			"rotation": {"angle": 0, "axis": "y", "origin": [-6.72595, 9.75038, 0]},
			"faces": {
				"north": {"uv": [0.25, 0.25, 4.75, 11.75], "texture": "#0"},
				"east": {"uv": [1.25, 0.25, 5.75, 11.75], "texture": "#0"},
				"south": {"uv": [2.25, 0.25, 7.75, 12.75], "texture": "#0"},
				"west": {"uv": [3.25, 0.25, 6.75, 11.75], "texture": "#0"},
				"up": {"uv": [4.25, 0.25, 4.75, 0.75], "texture": "#0"},
				"down": {"uv": [5.25, 0.25, 9.75, 4.75], "texture": "#0"}
			}
		},
		{
			"from": [4.6867, 1.30771, 8],
			"to": [5.1867, 2.00771, 9],
			"rotation": {"angle": 45, "axis": "z", "origin": [5.0367, 0.93271, 8.5]},
			"faces": {
				"north": {"uv": [0.25, 0.25, 4.75, 11.75], "texture": "#0"},
				"east": {"uv": [1.25, 0.25, 5.75, 11.75], "texture": "#0"},
				"south": {"uv": [2.25, 0.25, 7.75, 12.75], "texture": "#0"},
				"west": {"uv": [3.25, 0.25, 6.75, 11.75], "texture": "#0"},
				"up": {"uv": [4.25, 0.25, 4.75, 0.75], "texture": "#0"},
				"down": {"uv": [5.25, 0.25, 9.75, 4.75], "texture": "#0"}
			}
		},
		{
			"from": [4.52405, 3.95038, 8],
			"to": [5.02405, 4.70038, 9],
			"rotation": {"angle": 0, "axis": "y", "origin": [-6.72595, 9.75038, 0]},
			"faces": {
				"north": {"uv": [0.25, 0.25, 4.75, 11.75], "texture": "#0"},
				"east": {"uv": [1.25, 0.25, 5.75, 11.75], "texture": "#0"},
				"south": {"uv": [2.25, 0.25, 7.75, 12.75], "texture": "#0"},
				"west": {"uv": [3.25, 0.25, 6.75, 11.75], "texture": "#0"},
				"up": {"uv": [4.25, 0.25, 4.75, 0.75], "texture": "#0"},
				"down": {"uv": [5.25, 0.25, 9.75, 4.75], "texture": "#0"}
			}
		},
		{
			"from": [2.03494, 10.17565, 7.5],
			"to": [6.03494, 11.92565, 9.5],
			"rotation": {"angle": -22.5, "axis": "z", "origin": [-5.96506, 8.67565, 0]},
			"faces": {
				"north": {"uv": [0, 0, 9, 3.75], "texture": "#0"},
				"east": {"uv": [0, 0, 4, 10.75], "texture": "#0"},
				"south": {"uv": [0, 0, 8, 6.75], "texture": "#0"},
				"west": {"uv": [0, 0, 4, 9.75], "texture": "#0"},
				"up": {"uv": [0, 0, 8, 4], "texture": "#0"},
				"down": {"uv": [0, 0, 7, 4], "texture": "#0"}
			}
		},
		{
			"from": [4.80939, 5.42623, 7.5],
			"to": [9.30939, 7.12623, 9.5],
			"rotation": {"angle": 22.5, "axis": "z", "origin": [-3.19061, 1.37623, 0]},
			"faces": {
				"north": {"uv": [0, 0, 9.5, 3.7], "texture": "#0"},
				"east": {"uv": [0, 0, 4, 10.7], "texture": "#0"},
				"south": {"uv": [0, 0, 8.5, 6.7], "texture": "#0"},
				"west": {"uv": [0, 0, 4, 9.7], "texture": "#0"},
				"up": {"uv": [0, 0, 8.5, 4], "texture": "#0"},
				"down": {"uv": [0, 0, 7.5, 4], "texture": "#0"}
			}
		},
		{
			"from": [6.1, 8.5, 7.5],
			"to": [11, 11.5, 9.5],
			"rotation": {"angle": 0, "axis": "y", "origin": [-6, 5, 0]},
			"faces": {
				"north": {"uv": [0, 0, 9.9, 5], "texture": "#0"},
				"east": {"uv": [0, 0, 4, 12], "texture": "#0"},
				"south": {"uv": [0, 0, 8.9, 8], "texture": "#0"},
				"west": {"uv": [0, 0, 4, 11], "texture": "#0"},
				"up": {"uv": [0, 0, 8.9, 4], "texture": "#0"},
				"down": {"uv": [0, 0, 7.9, 4], "texture": "#0"}
			}
		},
		{
			"from": [10.8, 8.5, 7.5],
			"to": [19, 10.5, 9.5],
			"rotation": {"angle": 0, "axis": "y", "origin": [0, 5, 0]},
			"faces": {
				"north": {"uv": [0, 0, 8.2, 2], "texture": "#0"},
				"east": {"uv": [0, 0, 2, 2], "texture": "#0"},
				"south": {"uv": [0, 0, 8.2, 2], "texture": "#0"},
				"west": {"uv": [0, 0, 2, 2], "texture": "#0"},
				"up": {"uv": [0, 0, 8.2, 2], "texture": "#0"},
				"down": {"uv": [0, 0, 8.2, 2], "texture": "#0"}
			}
		},
		{
			"from": [17.9, 10.5, 8],
			"to": [20.7, 10.7, 8.9],
			"rotation": {"angle": 0, "axis": "y", "origin": [2.6, 7, 0]},
			"faces": {
				"north": {"uv": [0, 0, 2.8, 0.2], "texture": "#4"},
				"east": {"uv": [0, 0, 0.9, 0.2], "texture": "#4"},
				"south": {"uv": [0, 0, 2.8, 0.2], "texture": "#4"},
				"west": {"uv": [0, 0, 0.9, 0.2], "texture": "#4"},
				"up": {"uv": [0, 0, 2.8, 0.9], "texture": "#4"},
				"down": {"uv": [0, 0, 2.8, 0.9], "texture": "#4"}
			}
		},
		{
			"from": [17.9, 10.5, 9],
			"to": [20.7, 10.7, 9.2],
			"rotation": {"angle": 0, "axis": "y", "origin": [2.6, 7, 1]},
			"faces": {
				"north": {"uv": [0, 0, 2.8, 0.2], "texture": "#4"},
				"east": {"uv": [0, 0, 0.2, 0.2], "texture": "#4"},
				"south": {"uv": [0, 0, 2.8, 0.2], "texture": "#4"},
				"west": {"uv": [0, 0, 0.2, 0.2], "texture": "#4"},
				"up": {"uv": [0, 0, 2.8, 0.2], "texture": "#4"},
				"down": {"uv": [0, 0, 2.8, 0.2], "texture": "#4"}
			}
		},
		{
			"from": [17.9, 10.5, 7.7],
			"to": [20.7, 10.7, 7.9],
			"rotation": {"angle": 0, "axis": "y", "origin": [2.6, 7, -0.3]},
			"faces": {
				"north": {"uv": [0, 0, 2.8, 0.2], "texture": "#4"},
				"east": {"uv": [0, 0, 0.2, 0.2], "texture": "#4"},
				"south": {"uv": [0, 0, 2.8, 0.2], "texture": "#4"},
				"west": {"uv": [0, 0, 0.2, 0.2], "texture": "#4"},
				"up": {"uv": [0, 0, 2.8, 0.2], "texture": "#4"},
				"down": {"uv": [0, 0, 2.8, 0.2], "texture": "#4"}
			}
		},
		{
			"from": [20.6427, 10.41194, 8],
			"to": [21.1427, 10.61194, 8.9],
			"rotation": {"angle": -22.5, "axis": "z", "origin": [20.8927, 10.51194, 8.45]},
			"faces": {
				"north": {"uv": [0, 0, 0.5, 0.2], "texture": "#4"},
				"east": {"uv": [0, 0, 0.9, 0.2], "texture": "#4"},
				"south": {"uv": [0, 0, 0.5, 0.2], "texture": "#4"},
				"west": {"uv": [0, 0, 0.9, 0.2], "texture": "#4"},
				"up": {"uv": [0, 0, 0.5, 0.9], "texture": "#4"},
				"down": {"uv": [0, 0, 0.5, 0.9], "texture": "#4"}
			}
		},
		{
			"from": [20.6427, 10.41194, 9],
			"to": [21.1427, 10.61194, 9.2],
			"rotation": {"angle": -22.5, "axis": "z", "origin": [20.8927, 10.51194, 9.45]},
			"faces": {
				"north": {"uv": [0, 0, 0.5, 0.2], "texture": "#4"},
				"east": {"uv": [0, 0, 0.2, 0.2], "texture": "#4"},
				"south": {"uv": [0, 0, 0.5, 0.2], "texture": "#4"},
				"west": {"uv": [0, 0, 0.2, 0.2], "texture": "#4"},
				"up": {"uv": [0, 0, 0.5, 0.2], "texture": "#4"},
				"down": {"uv": [0, 0, 0.5, 0.2], "texture": "#4"}
			}
		},
		{
			"from": [20.6427, 10.41194, 7.7],
			"to": [21.1427, 10.61194, 7.9],
			"rotation": {"angle": -22.5, "axis": "z", "origin": [20.8927, 10.51194, 8.15]},
			"faces": {
				"north": {"uv": [0, 0, 0.5, 0.2], "texture": "#4"},
				"east": {"uv": [0, 0, 0.2, 0.2], "texture": "#4"},
				"south": {"uv": [0, 0, 0.5, 0.2], "texture": "#4"},
				"west": {"uv": [0, 0, 0.2, 0.2], "texture": "#4"},
				"up": {"uv": [0, 0, 0.5, 0.2], "texture": "#4"},
				"down": {"uv": [0, 0, 0.5, 0.2], "texture": "#4"}
			}
		},
		{
			"from": [17.4573, 10.41194, 8],
			"to": [17.9573, 10.61194, 8.9],
			"rotation": {"angle": 22.5, "axis": "z", "origin": [17.7073, 10.51194, 8.45]},
			"faces": {
				"north": {"uv": [0, 0, 0.5, 0.2], "texture": "#4"},
				"east": {"uv": [0, 0, 0.9, 0.2], "texture": "#4"},
				"south": {"uv": [0, 0, 0.5, 0.2], "texture": "#4"},
				"west": {"uv": [0, 0, 0.9, 0.2], "texture": "#4"},
				"up": {"uv": [0, 0, 0.5, 0.9], "texture": "#4"},
				"down": {"uv": [0, 0, 0.5, 0.9], "texture": "#4"}
			}
		},
		{
			"from": [17.4573, 10.41194, 9],
			"to": [17.9573, 10.61194, 9.2],
			"rotation": {"angle": 22.5, "axis": "z", "origin": [17.7073, 10.51194, 9.45]},
			"faces": {
				"north": {"uv": [0, 0, 0.5, 0.2], "texture": "#4"},
				"east": {"uv": [0, 0, 0.2, 0.2], "texture": "#4"},
				"south": {"uv": [0, 0, 0.5, 0.2], "texture": "#4"},
				"west": {"uv": [0, 0, 0.2, 0.2], "texture": "#4"},
				"up": {"uv": [0, 0, 0.5, 0.2], "texture": "#4"},
				"down": {"uv": [0, 0, 0.5, 0.2], "texture": "#4"}
			}
		},
		{
			"from": [17.4573, 10.41194, 7.7],
			"to": [17.9573, 10.61194, 7.9],
			"rotation": {"angle": 22.5, "axis": "z", "origin": [17.7073, 10.51194, 8.15]},
			"faces": {
				"north": {"uv": [0, 0, 0.5, 0.2], "texture": "#4"},
				"east": {"uv": [0, 0, 0.2, 0.2], "texture": "#4"},
				"south": {"uv": [0, 0, 0.5, 0.2], "texture": "#4"},
				"west": {"uv": [0, 0, 0.2, 0.2], "texture": "#4"},
				"up": {"uv": [0, 0, 0.5, 0.2], "texture": "#4"},
				"down": {"uv": [0, 0, 0.5, 0.2], "texture": "#4"}
			}
		},
		{
			"from": [10.8, 9.3, 9.5],
			"to": [22, 9.8, 9.7],
			"rotation": {"angle": 0, "axis": "y", "origin": [0, 4.7, 2]},
			"faces": {
				"north": {"uv": [0, 0, 11.2, 0.5], "texture": "#5"},
				"east": {"uv": [0, 0, 0.2, 0.5], "texture": "#5"},
				"south": {"uv": [0, 0, 11.2, 0.5], "texture": "#5"},
				"west": {"uv": [0, 0, 0.2, 0.5], "texture": "#5"},
				"up": {"uv": [0, 0, 11.2, 0.2], "texture": "#5"},
				"down": {"uv": [0, 0, 11.2, 0.2], "texture": "#5"}
			}
		},
		{
			"from": [10.8, 9.7427, 9.41194],
			"to": [22, 10.2427, 9.61194],
			"rotation": {"angle": -22.5, "axis": "x", "origin": [16.4, 9.9927, 9.51194]},
			"faces": {
				"north": {"uv": [0, 0, 11.2, 0.5], "texture": "#8"},
				"east": {"uv": [0, 0, 0.2, 0.5], "texture": "#8"},
				"south": {"uv": [0, 0, 11.2, 0.5], "texture": "#8"},
				"west": {"uv": [0, 0, 0.2, 0.5], "texture": "#8"},
				"up": {"uv": [0, 0, 11.2, 0.2], "texture": "#8"},
				"down": {"uv": [0, 0, 11.2, 0.2], "texture": "#8"}
			}
		},
		{
			"from": [10.8, 8.8573, 9.41194],
			"to": [22, 9.3573, 9.61194],
			"rotation": {"angle": 22.5, "axis": "x", "origin": [16.4, 9.1073, 9.51194]},
			"faces": {
				"north": {"uv": [0, 0, 11.2, 0.5], "texture": "#8"},
				"east": {"uv": [0, 0, 0.2, 0.5], "texture": "#8"},
				"south": {"uv": [0, 0, 11.2, 0.5], "texture": "#8"},
				"west": {"uv": [0, 0, 0.2, 0.5], "texture": "#8"},
				"up": {"uv": [0, 0, 11.2, 0.2], "texture": "#8"},
				"down": {"uv": [0, 0, 11.2, 0.2], "texture": "#8"}
			}
		},
		{
			"from": [11, 9.7427, 7.48806],
			"to": [22, 10.2427, 7.68806],
			"rotation": {"angle": 22.5, "axis": "x", "origin": [16.4, 9.9927, 7.58806]},
			"faces": {
				"north": {"uv": [0, 0, 11, 0.5], "texture": "#8"},
				"east": {"uv": [0, 0, 0.2, 0.5], "texture": "#8"},
				"south": {"uv": [0, 0, 11, 0.5], "texture": "#8"},
				"west": {"uv": [0, 0, 0.2, 0.5], "texture": "#8"},
				"up": {"uv": [0, 0, 11, 0.2], "texture": "#8"},
				"down": {"uv": [0, 0, 11, 0.2], "texture": "#8"}
			}
		},
		{
			"from": [11, 8.8573, 7.48806],
			"to": [22, 9.3573, 7.68806],
			"rotation": {"angle": -22.5, "axis": "x", "origin": [16.4, 9.1073, 7.58806]},
			"faces": {
				"north": {"uv": [0, 0, 11, 0.5], "texture": "#8"},
				"east": {"uv": [0, 0, 0.2, 0.5], "texture": "#8"},
				"south": {"uv": [0, 0, 11, 0.5], "texture": "#8"},
				"west": {"uv": [0, 0, 0.2, 0.5], "texture": "#8"},
				"up": {"uv": [0, 0, 11, 0.2], "texture": "#8"},
				"down": {"uv": [0, 0, 11, 0.2], "texture": "#8"}
			}
		},
		{
			"from": [11, 9.3, 7.4],
			"to": [22, 9.8, 7.6],
			"rotation": {"angle": 0, "axis": "y", "origin": [0, 4.7, -0.1]},
			"faces": {
				"north": {"uv": [0, 0, 11, 0.5], "texture": "#5"},
				"east": {"uv": [0, 0, 0.2, 0.5], "texture": "#5"},
				"south": {"uv": [0, 0, 11, 0.5], "texture": "#5"},
				"west": {"uv": [0, 0, 0.2, 0.5], "texture": "#5"},
				"up": {"uv": [0, 0, 11, 0.2], "texture": "#5"},
				"down": {"uv": [0, 0, 11, 0.2], "texture": "#5"}
			}
		},
		{
			"from": [10.55, 9.75, 8],
			"to": [11.75, 11.75, 9],
			"rotation": {"angle": 45, "axis": "z", "origin": [11.65, 10.75, 8.5]},
			"faces": {
				"north": {"uv": [0, 0, 1.2, 2], "texture": "#0"},
				"east": {"uv": [0, 0, 1, 2], "texture": "#0"},
				"south": {"uv": [0, 0, 1.2, 2], "texture": "#0"},
				"west": {"uv": [0, 0, 1, 2], "texture": "#0"},
				"up": {"uv": [0, 0, 1.2, 1], "texture": "#0"},
				"down": {"uv": [0, 0, 1.2, 1], "texture": "#0"}
			}
		},
		{
			"from": [10.45, 9.65, 9],
			"to": [11.65, 11.65, 9.3],
			"rotation": {"angle": 45, "axis": "z", "origin": [11.55, 10.65, 8.8]},
			"faces": {
				"north": {"uv": [0, 0, 1.2, 2], "texture": "#4"},
				"east": {"uv": [0, 0, 0.3, 2], "texture": "#4"},
				"south": {"uv": [0, 0, 1.2, 2], "texture": "#4"},
				"west": {"uv": [0, 0, 0.3, 2], "texture": "#4"},
				"up": {"uv": [0, 0, 1.2, 0.3], "texture": "#4"},
				"down": {"uv": [0, 0, 1.2, 0.3], "texture": "#4"}
			}
		},
		{
			"from": [10.45, 9.65, 7.7],
			"to": [11.65, 11.65, 8],
			"rotation": {"angle": 45, "axis": "z", "origin": [11.55, 10.65, 7.5]},
			"faces": {
				"north": {"uv": [0, 0, 1.2, 2], "texture": "#4"},
				"east": {"uv": [0, 0, 0.3, 2], "texture": "#4"},
				"south": {"uv": [0, 0, 1.2, 2], "texture": "#4"},
				"west": {"uv": [0, 0, 0.3, 2], "texture": "#4"},
				"up": {"uv": [0, 0, 1.2, 0.3], "texture": "#4"},
				"down": {"uv": [0, 0, 1.2, 0.3], "texture": "#4"}
			}
		},
		{
			"from": [12.25, 7, 7.5],
			"to": [13.5, 7.75, 9.5],
			"rotation": {"angle": -22.5, "axis": "z", "origin": [13.375, 8.375, 8.5]},
			"faces": {
				"north": {"uv": [0, 0, 0.75, 1.25], "rotation": 90, "texture": "#0"},
				"east": {"uv": [0, 0, 0.75, 2], "rotation": 270, "texture": "#0"},
				"south": {"uv": [0, 0, 0.75, 1.25], "rotation": 270, "texture": "#0"},
				"west": {"uv": [0, 0, 0.75, 2], "rotation": 270, "texture": "#0"},
				"up": {"uv": [0, 0, 2, 1.25], "rotation": 270, "texture": "#0"},
				"down": {"uv": [0, 0, 2, 1.25], "rotation": 270, "texture": "#0"}
			}
		},
		{
			"from": [12.956, 7.35429, 7.5],
			"to": [14.206, 9.10429, 9.5],
			"rotation": {"angle": -45, "axis": "z", "origin": [14.081, 8.72929, 8.5]},
			"faces": {
				"north": {"uv": [0, 0, 1.75, 1.25], "rotation": 90, "texture": "#0"},
				"east": {"uv": [0, 0, 1.75, 2], "rotation": 270, "texture": "#0"},
				"south": {"uv": [0, 0, 1.75, 1.25], "rotation": 270, "texture": "#0"},
				"west": {"uv": [0, 0, 1.75, 2], "rotation": 270, "texture": "#0"},
				"up": {"uv": [0, 0, 2, 1.25], "rotation": 270, "texture": "#0"},
				"down": {"uv": [0, 0, 2, 1.25], "rotation": 270, "texture": "#0"}
			}
		},
		{
			"from": [13.49384, 8.66145, 7.5],
			"to": [15.24384, 8.91145, 9.5],
			"rotation": {"angle": 22.5, "axis": "z", "origin": [14.86884, 8.78645, 8.5]},
			"faces": {
				"north": {"uv": [0, 0, 1.75, 0.25], "texture": "#0"},
				"east": {"uv": [0, 0, 2, 0.25], "texture": "#0"},
				"south": {"uv": [0, 0, 1.75, 0.25], "texture": "#0"},
				"west": {"uv": [0, 0, 2, 0.25], "texture": "#0"},
				"up": {"uv": [0, 0, 1.75, 2], "texture": "#0"},
				"down": {"uv": [0, 0, 1.75, 2], "texture": "#0"}
			}
		},
		{
			"from": [19, 6.5, 7.5],
			"to": [31, 10.5, 9.5],
			"rotation": {"angle": 0, "axis": "y", "origin": [-1, 5, 0]},
			"faces": {
				"north": {"uv": [0, 0, 12, 4], "texture": "#0"},
				"east": {"uv": [0, 0, 2, 4], "texture": "#0"},
				"south": {"uv": [0, 0, 12, 4], "texture": "#0"},
				"west": {"uv": [0, 0, 2, 4], "texture": "#0"},
				"up": {"uv": [0, 0, 12, 2], "texture": "#0"},
				"down": {"uv": [0, 0, 12, 2], "texture": "#0"}
			}
		},
		{
			"from": [22, 5.5, 9.5],
			"to": [25.25, 9.5, 10],
			"rotation": {"angle": -22.5, "axis": "y", "origin": [23.625, 8, 9.75]},
			"faces": {
				"north": {"uv": [0, 0, 8.25, 13], "texture": "#8"},
				"east": {"uv": [0, 0, 3.5, 13], "texture": "#8"},
				"south": {"uv": [0, 0, 8.25, 13], "texture": "#8"},
				"west": {"uv": [0, 0, 3.5, 13], "texture": "#8"},
				"up": {"uv": [0, 0, 8.25, 1.5], "texture": "#8"},
				"down": {"uv": [0, 0, 8.25, 1.5], "texture": "#8"}
			}
		},
		{
			"from": [24, 5.5, 9.5],
			"to": [27.25, 9.5, 10],
			"rotation": {"angle": -22.5, "axis": "y", "origin": [25.625, 8, 9.75]},
			"faces": {
				"north": {"uv": [0, 0, 8.25, 13], "texture": "#8"},
				"east": {"uv": [0, 0, 3.5, 13], "texture": "#8"},
				"south": {"uv": [0, 0, 8.25, 13], "texture": "#8"},
				"west": {"uv": [0, 0, 3.5, 13], "texture": "#8"},
				"up": {"uv": [0, 0, 8.25, 1.5], "texture": "#8"},
				"down": {"uv": [0, 0, 8.25, 1.5], "texture": "#8"}
			}
		},
		{
			"from": [26.25, 5.5, 9.5],
			"to": [29.5, 9.5, 10],
			"rotation": {"angle": -22.5, "axis": "y", "origin": [27.875, 8, 9.75]},
			"faces": {
				"north": {"uv": [0, 0, 8.25, 13], "texture": "#8"},
				"east": {"uv": [0, 0, 3.5, 13], "texture": "#8"},
				"south": {"uv": [0, 0, 8.25, 13], "texture": "#8"},
				"west": {"uv": [0, 0, 3.5, 13], "texture": "#8"},
				"up": {"uv": [0, 0, 8.25, 1.5], "texture": "#8"},
				"down": {"uv": [0, 0, 8.25, 1.5], "texture": "#8"}
			}
		},
		{
			"from": [28.5, 5.5, 9.5],
			"to": [31.75, 9.5, 10],
			"rotation": {"angle": -22.5, "axis": "y", "origin": [30.125, 8, 9.75]},
			"faces": {
				"north": {"uv": [0, 0, 8.25, 13], "texture": "#8"},
				"east": {"uv": [0, 0, 3.5, 13], "texture": "#8"},
				"south": {"uv": [0, 0, 8.25, 13], "texture": "#8"},
				"west": {"uv": [0, 0, 3.5, 13], "texture": "#8"},
				"up": {"uv": [0, 0, 8.25, 1.5], "texture": "#8"},
				"down": {"uv": [0, 0, 8.25, 1.5], "texture": "#8"}
			}
		},
		{
			"from": [22, 5.5, 7],
			"to": [25.25, 9.5, 7.5],
			"rotation": {"angle": 22.5, "axis": "y", "origin": [23.625, 8, 7.25]},
			"faces": {
				"north": {"uv": [0, 0, 8.25, 13], "texture": "#8"},
				"east": {"uv": [0, 0, 3.5, 13], "texture": "#8"},
				"south": {"uv": [0, 0, 8.25, 13], "texture": "#8"},
				"west": {"uv": [0, 0, 3.5, 13], "texture": "#8"},
				"up": {"uv": [0, 0, 8.25, 1.5], "texture": "#8"},
				"down": {"uv": [0, 0, 8.25, 1.5], "texture": "#8"}
			}
		},
		{
			"from": [24, 5.5, 7],
			"to": [27.25, 9.5, 7.5],
			"rotation": {"angle": 22.5, "axis": "y", "origin": [25.625, 8, 7.25]},
			"faces": {
				"north": {"uv": [0, 0, 8.25, 13], "texture": "#8"},
				"east": {"uv": [0, 0, 3.5, 13], "texture": "#8"},
				"south": {"uv": [0, 0, 8.25, 13], "texture": "#8"},
				"west": {"uv": [0, 0, 3.5, 13], "texture": "#8"},
				"up": {"uv": [0, 0, 8.25, 1.5], "texture": "#8"},
				"down": {"uv": [0, 0, 8.25, 1.5], "texture": "#8"}
			}
		},
		{
			"from": [26.25, 5.5, 7],
			"to": [29.5, 9.5, 7.5],
			"rotation": {"angle": 22.5, "axis": "y", "origin": [27.875, 8, 7.25]},
			"faces": {
				"north": {"uv": [0, 0, 8.25, 13], "texture": "#8"},
				"east": {"uv": [0, 0, 3.5, 13], "texture": "#8"},
				"south": {"uv": [0, 0, 8.25, 13], "texture": "#8"},
				"west": {"uv": [0, 0, 3.5, 13], "texture": "#8"},
				"up": {"uv": [0, 0, 8.25, 1.5], "texture": "#8"},
				"down": {"uv": [0, 0, 8.25, 1.5], "texture": "#8"}
			}
		},
		{
			"from": [28.5, 5.5, 7],
			"to": [31.75, 9.5, 7.5],
			"rotation": {"angle": 22.5, "axis": "y", "origin": [30.125, 8, 7.25]},
			"faces": {
				"north": {"uv": [0, 0, 8.25, 13], "texture": "#8"},
				"east": {"uv": [0, 0, 3.5, 13], "texture": "#8"},
				"south": {"uv": [0, 0, 8.25, 13], "texture": "#8"},
				"west": {"uv": [0, 0, 3.5, 13], "texture": "#8"},
				"up": {"uv": [0, 0, 8.25, 1.5], "texture": "#8"},
				"down": {"uv": [0, 0, 8.25, 1.5], "texture": "#8"}
			}
		},
		{
			"from": [19, 6, 7.5],
			"to": [20.25, 6.5, 9.5],
			"rotation": {"angle": 0, "axis": "y", "origin": [19.125, 6.25, 8.5]},
			"faces": {
				"north": {"uv": [0, 0, 1.25, 0.5], "texture": "#0"},
				"east": {"uv": [0, 0, 2, 0.5], "texture": "#0"},
				"south": {"uv": [0, 0, 1.25, 0.5], "texture": "#0"},
				"west": {"uv": [0, 0, 2, 0.5], "texture": "#0"},
				"up": {"uv": [0, 0, 1.25, 2], "texture": "#0"},
				"down": {"uv": [0, 0, 1.25, 2], "texture": "#0"}
			}
		},
		{
			"from": [19.08616, 5.56687, 7.5],
			"to": [20.08616, 6.06687, 9.5],
			"rotation": {"angle": 22.5, "axis": "z", "origin": [19.21116, 5.81687, 8.5]},
			"faces": {
				"north": {"uv": [0, 0, 1, 0.5], "texture": "#0"},
				"east": {"uv": [0, 0, 2, 0.5], "texture": "#0"},
				"south": {"uv": [0, 0, 1, 0.5], "texture": "#0"},
				"west": {"uv": [0, 0, 2, 0.5], "texture": "#0"},
				"up": {"uv": [0, 0, 1, 2], "texture": "#0"},
				"down": {"uv": [0, 0, 1, 2], "texture": "#0"}
			}
		},
		{
			"from": [19.33151, 5.19967, 7.5],
			"to": [20.33151, 5.69967, 9.5],
			"rotation": {"angle": 45, "axis": "z", "origin": [19.45651, 5.44967, 8.5]},
			"faces": {
				"north": {"uv": [0, 0, 1, 0.5], "texture": "#0"},
				"east": {"uv": [0, 0, 2, 0.5], "texture": "#0"},
				"south": {"uv": [0, 0, 1, 0.5], "texture": "#0"},
				"west": {"uv": [0, 0, 2, 0.5], "texture": "#0"},
				"up": {"uv": [0, 0, 1, 2], "texture": "#0"},
				"down": {"uv": [0, 0, 1, 2], "texture": "#0"}
			}
		},
		{
			"from": [19.5737, 5.07932, 7.5],
			"to": [20.0737, 6.07932, 9.5],
			"rotation": {"angle": -22.5, "axis": "z", "origin": [19.8237, 5.20432, 8.5]},
			"faces": {
				"north": {"uv": [0, 0, 1, 0.5], "rotation": 90, "texture": "#0"},
				"east": {"uv": [0, 0, 1, 2], "rotation": 270, "texture": "#0"},
				"south": {"uv": [0, 0, 1, 0.5], "rotation": 270, "texture": "#0"},
				"west": {"uv": [0, 0, 1, 2], "rotation": 270, "texture": "#0"},
				"up": {"uv": [0, 0, 2, 0.5], "rotation": 270, "texture": "#0"},
				"down": {"uv": [0, 0, 2, 0.5], "rotation": 270, "texture": "#0"}
			}
		},
		{
			"from": [20.00683, 4.99317, 7.5],
			"to": [20.50683, 6.74317, 9.5],
			"rotation": {"angle": 0, "axis": "y", "origin": [20.25683, 5.11817, 8.5]},
			"faces": {
				"north": {"uv": [0, 0, 1.75, 0.5], "rotation": 90, "texture": "#0"},
				"east": {"uv": [0, 0, 1.75, 2], "rotation": 270, "texture": "#0"},
				"south": {"uv": [0, 0, 1.75, 0.5], "rotation": 270, "texture": "#0"},
				"west": {"uv": [0, 0, 1.75, 2], "rotation": 270, "texture": "#0"},
				"up": {"uv": [0, 0, 2, 0.5], "rotation": 270, "texture": "#0"},
				"down": {"uv": [0, 0, 2, 0.5], "rotation": 270, "texture": "#0"}
			}
		},
		{
			"from": [20.43997, 5.07932, 7.5],
			"to": [20.93997, 6.32932, 9.5],
			"rotation": {"angle": 22.5, "axis": "z", "origin": [20.68997, 5.20432, 8.5]},
			"faces": {
				"north": {"uv": [0, 0, 1.25, 0.5], "rotation": 90, "texture": "#0"},
				"east": {"uv": [0, 0, 1.25, 2], "rotation": 270, "texture": "#0"},
				"south": {"uv": [0, 0, 1.25, 0.5], "rotation": 270, "texture": "#0"},
				"west": {"uv": [0, 0, 1.25, 2], "rotation": 270, "texture": "#0"},
				"up": {"uv": [0, 0, 2, 0.5], "rotation": 270, "texture": "#0"},
				"down": {"uv": [0, 0, 2, 0.5], "rotation": 270, "texture": "#0"}
			}
		},
		{
			"from": [20.3731, 5.16548, 7.5],
			"to": [31.0231, 6.66548, 9.5],
			"rotation": {"angle": 0, "axis": "y", "origin": [21.1231, 5.29048, 8.5]},
			"faces": {
				"north": {"uv": [0, 0, 1.5, 10.65], "rotation": 90, "texture": "#0"},
				"east": {"uv": [0, 0, 1.5, 2], "rotation": 270, "texture": "#0"},
				"south": {"uv": [0, 0, 1.5, 10.65], "rotation": 270, "texture": "#0"},
				"west": {"uv": [0, 0, 1.5, 2], "rotation": 270, "texture": "#0"},
				"up": {"uv": [0, 0, 2, 10.65], "rotation": 270, "texture": "#0"},
				"down": {"uv": [0, 0, 2, 10.65], "rotation": 270, "texture": "#0"}
			}
		},
		{
			"from": [18.8, 7.3, 7.5],
			"to": [19.35, 9.1, 9.5],
			"rotation": {"angle": 22.5, "axis": "z", "origin": [19.125, 8, 8.5]},
			"faces": {
				"north": {"uv": [0, 0, 0.55, 1.8], "texture": "#0"},
				"east": {"uv": [0, 0, 2, 1.8], "texture": "#0"},
				"south": {"uv": [0, 0, 0.55, 1.8], "texture": "#0"},
				"west": {"uv": [0, 0, 2, 1.8], "texture": "#0"},
				"up": {"uv": [0, 0, 0.55, 2], "texture": "#0"},
				"down": {"uv": [0, 0, 0.55, 2], "texture": "#0"}
			}
		},
		{
			"from": [18.95761, 8.20459, 7.5],
			"to": [19.20761, 9.00459, 9.5],
			"rotation": {"angle": 45, "axis": "z", "origin": [19.28261, 7.90459, 8.5]},
			"faces": {
				"north": {"uv": [0, 0, 0.25, 0.8], "texture": "#0"},
				"east": {"uv": [0, 0, 2, 0.8], "texture": "#0"},
				"south": {"uv": [0, 0, 0.25, 0.8], "texture": "#0"},
				"west": {"uv": [0, 0, 2, 0.8], "texture": "#0"},
				"up": {"uv": [0, 0, 0.25, 2], "texture": "#0"},
				"down": {"uv": [0, 0, 0.25, 2], "texture": "#0"}
			}
		},
		{
			"from": [17.65762, 8.25886, 7.5],
			"to": [18.45762, 8.50886, 9.5],
			"rotation": {"angle": -22.5, "axis": "z", "origin": [18.75762, 8.58386, 8.5]},
			"faces": {
				"north": {"uv": [0, 0, 0.25, 0.8], "rotation": 90, "texture": "#0"},
				"east": {"uv": [0, 0, 0.25, 2], "rotation": 270, "texture": "#0"},
				"south": {"uv": [0, 0, 0.25, 0.8], "rotation": 270, "texture": "#0"},
				"west": {"uv": [0, 0, 0.25, 2], "rotation": 270, "texture": "#0"},
				"up": {"uv": [0, 0, 2, 0.8], "rotation": 270, "texture": "#0"},
				"down": {"uv": [0, 0, 2, 0.8], "rotation": 270, "texture": "#0"}
			}
		},
		{
			"name": "battery",
			"from": [25.5, 9.5, 7.75],
			"to": [28.25, 13.5, 9.25],
			"rotation": {"angle": -45, "axis": "z", "origin": [25.875, 11, 8.5]},
			"faces": {
				"north": {"uv": [0, 0, 11.75, 16], "texture": "#11"},
				"east": {"uv": [0, 0, 1.5, 16], "texture": "#11"},
				"south": {"uv": [0, 0, 11.75, 16], "texture": "#11"},
				"west": {"uv": [0, 0, 1.5, 16], "texture": "#11"},
				"up": {"uv": [0, 0, 2.75, 1.5], "texture": "#11"},
				"down": {"uv": [0, 0, 2.75, 1.5], "texture": "#11"}
			}
		},
		{
			"from": [6, 6, 7.45],
			"to": [6.25, 6.25, 9.55],
			"rotation": {"angle": -22.5, "axis": "z", "origin": [6.125, 6.125, 9.525]},
			"faces": {
				"north": {"uv": [0, 0, 0.25, 0.25], "rotation": 90, "texture": "#4"},
				"east": {"uv": [0, 0, 0.25, 2.1], "rotation": 270, "texture": "#4"},
				"south": {"uv": [0, 0, 0.25, 0.25], "rotation": 270, "texture": "#4"},
				"west": {"uv": [0, 0, 0.25, 2.1], "rotation": 270, "texture": "#4"},
				"up": {"uv": [0, 0, 2.1, 0.25], "rotation": 270, "texture": "#4"},
				"down": {"uv": [0, 0, 2.1, 0.25], "rotation": 270, "texture": "#4"}
			}
		},
		{
			"from": [6, 6, 7.45],
			"to": [6.25, 6.25, 9.55],
			"rotation": {"angle": 0, "axis": "y", "origin": [0, 0, -0.5]},
			"faces": {
				"north": {"uv": [0, 0, 0.25, 0.25], "texture": "#4"},
				"east": {"uv": [0, 0, 2.1, 0.25], "texture": "#4"},
				"south": {"uv": [0, 0, 0.25, 0.25], "texture": "#4"},
				"west": {"uv": [0, 0, 2.1, 0.25], "texture": "#4"},
				"up": {"uv": [0, 0, 0.25, 2.1], "texture": "#4"},
				"down": {"uv": [0, 0, 0.25, 2.1], "texture": "#4"}
			}
		},
		{
			"from": [6, 6, 7.45],
			"to": [6.25, 6.25, 9.55],
			"rotation": {"angle": 22.5, "axis": "z", "origin": [6.125, 6.125, 9.525]},
			"faces": {
				"north": {"uv": [0, 0, 0.25, 0.25], "texture": "#4"},
				"east": {"uv": [0, 0, 2.1, 0.25], "texture": "#4"},
				"south": {"uv": [0, 0, 0.25, 0.25], "texture": "#4"},
				"west": {"uv": [0, 0, 2.1, 0.25], "texture": "#4"},
				"up": {"uv": [0, 0, 0.25, 2.1], "texture": "#4"},
				"down": {"uv": [0, 0, 0.25, 2.1], "texture": "#4"}
			}
		},
		{
			"from": [6, 6, 7.45],
			"to": [6.25, 6.25, 9.55],
			"rotation": {"angle": 45, "axis": "z", "origin": [6.125, 6.125, 9.525]},
			"faces": {
				"north": {"uv": [0, 0, 0.25, 0.25], "texture": "#4"},
				"east": {"uv": [0, 0, 2.1, 0.25], "texture": "#4"},
				"south": {"uv": [0, 0, 0.25, 0.25], "texture": "#4"},
				"west": {"uv": [0, 0, 2.1, 0.25], "texture": "#4"},
				"up": {"uv": [0, 0, 0.25, 2.1], "texture": "#4"},
				"down": {"uv": [0, 0, 0.25, 2.1], "texture": "#4"}
			}
		},
		{
			"from": [4.7, 6.55, 7.45],
			"to": [4.95, 6.8, 9.55],
			"rotation": {"angle": -22.5, "axis": "z", "origin": [4.825, 6.675, 9.525]},
			"faces": {
				"north": {"uv": [0, 0, 0.25, 0.25], "rotation": 90, "texture": "#4"},
				"east": {"uv": [0, 0, 0.25, 2.1], "rotation": 270, "texture": "#4"},
				"south": {"uv": [0, 0, 0.25, 0.25], "rotation": 270, "texture": "#4"},
				"west": {"uv": [0, 0, 0.25, 2.1], "rotation": 270, "texture": "#4"},
				"up": {"uv": [0, 0, 2.1, 0.25], "rotation": 270, "texture": "#4"},
				"down": {"uv": [0, 0, 2.1, 0.25], "rotation": 270, "texture": "#4"}
			}
		},
		{
			"from": [4.7, 6.55, 7.45],
			"to": [4.95, 6.8, 9.55],
			"rotation": {"angle": 0, "axis": "y", "origin": [-1.3, 0.55, -0.5]},
			"faces": {
				"north": {"uv": [0, 0, 0.25, 0.25], "texture": "#4"},
				"east": {"uv": [0, 0, 2.1, 0.25], "texture": "#4"},
				"south": {"uv": [0, 0, 0.25, 0.25], "texture": "#4"},
				"west": {"uv": [0, 0, 2.1, 0.25], "texture": "#4"},
				"up": {"uv": [0, 0, 0.25, 2.1], "texture": "#4"},
				"down": {"uv": [0, 0, 0.25, 2.1], "texture": "#4"}
			}
		},
		{
			"from": [4.7, 6.55, 7.45],
			"to": [4.95, 6.8, 9.55],
			"rotation": {"angle": 22.5, "axis": "z", "origin": [4.825, 6.675, 9.525]},
			"faces": {
				"north": {"uv": [0, 0, 0.25, 0.25], "texture": "#4"},
				"east": {"uv": [0, 0, 2.1, 0.25], "texture": "#4"},
				"south": {"uv": [0, 0, 0.25, 0.25], "texture": "#4"},
				"west": {"uv": [0, 0, 2.1, 0.25], "texture": "#4"},
				"up": {"uv": [0, 0, 0.25, 2.1], "texture": "#4"},
				"down": {"uv": [0, 0, 0.25, 2.1], "texture": "#4"}
			}
		},
		{
			"from": [4.7, 6.55, 7.45],
			"to": [4.95, 6.8, 9.55],
			"rotation": {"angle": 45, "axis": "z", "origin": [4.825, 6.675, 9.525]},
			"faces": {
				"north": {"uv": [0, 0, 0.25, 0.25], "texture": "#4"},
				"east": {"uv": [0, 0, 2.1, 0.25], "texture": "#4"},
				"south": {"uv": [0, 0, 0.25, 0.25], "texture": "#4"},
				"west": {"uv": [0, 0, 2.1, 0.25], "texture": "#4"},
				"up": {"uv": [0, 0, 0.25, 2.1], "texture": "#4"},
				"down": {"uv": [0, 0, 0.25, 2.1], "texture": "#4"}
			}
		},
		{
			"from": [11.6, 5.95, 7.45],
			"to": [11.85, 6.2, 9.55],
			"rotation": {"angle": -22.5, "axis": "z", "origin": [11.725, 6.075, 9.525]},
			"faces": {
				"north": {"uv": [0, 0, 0.25, 0.25], "rotation": 90, "texture": "#4"},
				"east": {"uv": [0, 0, 0.25, 2.1], "rotation": 270, "texture": "#4"},
				"south": {"uv": [0, 0, 0.25, 0.25], "rotation": 270, "texture": "#4"},
				"west": {"uv": [0, 0, 0.25, 2.1], "rotation": 270, "texture": "#4"},
				"up": {"uv": [0, 0, 2.1, 0.25], "rotation": 270, "texture": "#4"},
				"down": {"uv": [0, 0, 2.1, 0.25], "rotation": 270, "texture": "#4"}
			}
		},
		{
			"from": [11.6, 5.95, 7.45],
			"to": [11.85, 6.2, 9.55],
			"rotation": {"angle": 0, "axis": "y", "origin": [5.6, -0.05, -0.5]},
			"faces": {
				"north": {"uv": [0, 0, 0.25, 0.25], "texture": "#4"},
				"east": {"uv": [0, 0, 2.1, 0.25], "texture": "#4"},
				"south": {"uv": [0, 0, 0.25, 0.25], "texture": "#4"},
				"west": {"uv": [0, 0, 2.1, 0.25], "texture": "#4"},
				"up": {"uv": [0, 0, 0.25, 2.1], "texture": "#4"},
				"down": {"uv": [0, 0, 0.25, 2.1], "texture": "#4"}
			}
		},
		{
			"from": [11.6, 5.95, 7.45],
			"to": [11.85, 6.2, 9.55],
			"rotation": {"angle": 22.5, "axis": "z", "origin": [11.725, 6.075, 9.525]},
			"faces": {
				"north": {"uv": [0, 0, 0.25, 0.25], "texture": "#4"},
				"east": {"uv": [0, 0, 2.1, 0.25], "texture": "#4"},
				"south": {"uv": [0, 0, 0.25, 0.25], "texture": "#4"},
				"west": {"uv": [0, 0, 2.1, 0.25], "texture": "#4"},
				"up": {"uv": [0, 0, 0.25, 2.1], "texture": "#4"},
				"down": {"uv": [0, 0, 0.25, 2.1], "texture": "#4"}
			}
		},
		{
			"from": [11.6, 5.95, 7.45],
			"to": [11.85, 6.2, 9.55],
			"rotation": {"angle": 45, "axis": "z", "origin": [11.725, 6.075, 9.525]},
			"faces": {
				"north": {"uv": [0, 0, 0.25, 0.25], "texture": "#4"},
				"east": {"uv": [0, 0, 2.1, 0.25], "texture": "#4"},
				"south": {"uv": [0, 0, 0.25, 0.25], "texture": "#4"},
				"west": {"uv": [0, 0, 2.1, 0.25], "texture": "#4"},
				"up": {"uv": [0, 0, 0.25, 2.1], "texture": "#4"},
				"down": {"uv": [0, 0, 0.25, 2.1], "texture": "#4"}
			}
		},
		{
			"from": [12.4, 5.95, 7.45],
			"to": [12.65, 6.2, 9.55],
			"rotation": {"angle": -22.5, "axis": "z", "origin": [12.525, 6.075, 9.525]},
			"faces": {
				"north": {"uv": [0, 0, 0.25, 0.25], "rotation": 90, "texture": "#4"},
				"east": {"uv": [0, 0, 0.25, 2.1], "rotation": 270, "texture": "#4"},
				"south": {"uv": [0, 0, 0.25, 0.25], "rotation": 270, "texture": "#4"},
				"west": {"uv": [0, 0, 0.25, 2.1], "rotation": 270, "texture": "#4"},
				"up": {"uv": [0, 0, 2.1, 0.25], "rotation": 270, "texture": "#4"},
				"down": {"uv": [0, 0, 2.1, 0.25], "rotation": 270, "texture": "#4"}
			}
		},
		{
			"from": [12.4, 5.95, 7.45],
			"to": [12.65, 6.2, 9.55],
			"rotation": {"angle": 0, "axis": "y", "origin": [6.4, -0.05, -0.5]},
			"faces": {
				"north": {"uv": [0, 0, 0.25, 0.25], "texture": "#4"},
				"east": {"uv": [0, 0, 2.1, 0.25], "texture": "#4"},
				"south": {"uv": [0, 0, 0.25, 0.25], "texture": "#4"},
				"west": {"uv": [0, 0, 2.1, 0.25], "texture": "#4"},
				"up": {"uv": [0, 0, 0.25, 2.1], "texture": "#4"},
				"down": {"uv": [0, 0, 0.25, 2.1], "texture": "#4"}
			}
		},
		{
			"from": [12.4, 5.95, 7.45],
			"to": [12.65, 6.2, 9.55],
			"rotation": {"angle": 22.5, "axis": "z", "origin": [12.525, 6.075, 9.525]},
			"faces": {
				"north": {"uv": [0, 0, 0.25, 0.25], "texture": "#4"},
				"east": {"uv": [0, 0, 2.1, 0.25], "texture": "#4"},
				"south": {"uv": [0, 0, 0.25, 0.25], "texture": "#4"},
				"west": {"uv": [0, 0, 2.1, 0.25], "texture": "#4"},
				"up": {"uv": [0, 0, 0.25, 2.1], "texture": "#4"},
				"down": {"uv": [0, 0, 0.25, 2.1], "texture": "#4"}
			}
		},
		{
			"from": [12.4, 5.95, 7.45],
			"to": [12.65, 6.2, 9.55],
			"rotation": {"angle": 45, "axis": "z", "origin": [12.525, 6.075, 9.525]},
			"faces": {
				"north": {"uv": [0, 0, 0.25, 0.25], "texture": "#4"},
				"east": {"uv": [0, 0, 2.1, 0.25], "texture": "#4"},
				"south": {"uv": [0, 0, 0.25, 0.25], "texture": "#4"},
				"west": {"uv": [0, 0, 2.1, 0.25], "texture": "#4"},
				"up": {"uv": [0, 0, 0.25, 2.1], "texture": "#4"},
				"down": {"uv": [0, 0, 0.25, 2.1], "texture": "#4"}
			}
		},
		{
			"from": [11.4, 8.45, 7.45],
			"to": [11.65, 8.7, 9.55],
			"rotation": {"angle": -22.5, "axis": "z", "origin": [11.525, 8.575, 9.525]},
			"faces": {
				"north": {"uv": [0, 0, 0.25, 0.25], "rotation": 90, "texture": "#4"},
				"east": {"uv": [0, 0, 0.25, 2.1], "rotation": 270, "texture": "#4"},
				"south": {"uv": [0, 0, 0.25, 0.25], "rotation": 270, "texture": "#4"},
				"west": {"uv": [0, 0, 0.25, 2.1], "rotation": 270, "texture": "#4"},
				"up": {"uv": [0, 0, 2.1, 0.25], "rotation": 270, "texture": "#4"},
				"down": {"uv": [0, 0, 2.1, 0.25], "rotation": 270, "texture": "#4"}
			}
		},
		{
			"from": [11.4, 8.45, 7.45],
			"to": [11.65, 8.7, 9.55],
			"rotation": {"angle": 0, "axis": "y", "origin": [5.4, 2.45, -0.5]},
			"faces": {
				"north": {"uv": [0, 0, 0.25, 0.25], "texture": "#4"},
				"east": {"uv": [0, 0, 2.1, 0.25], "texture": "#4"},
				"south": {"uv": [0, 0, 0.25, 0.25], "texture": "#4"},
				"west": {"uv": [0, 0, 2.1, 0.25], "texture": "#4"},
				"up": {"uv": [0, 0, 0.25, 2.1], "texture": "#4"},
				"down": {"uv": [0, 0, 0.25, 2.1], "texture": "#4"}
			}
		},
		{
			"from": [11.4, 8.45, 7.45],
			"to": [11.65, 8.7, 9.55],
			"rotation": {"angle": 22.5, "axis": "z", "origin": [11.525, 8.575, 9.525]},
			"faces": {
				"north": {"uv": [0, 0, 0.25, 0.25], "texture": "#4"},
				"east": {"uv": [0, 0, 2.1, 0.25], "texture": "#4"},
				"south": {"uv": [0, 0, 0.25, 0.25], "texture": "#4"},
				"west": {"uv": [0, 0, 2.1, 0.25], "texture": "#4"},
				"up": {"uv": [0, 0, 0.25, 2.1], "texture": "#4"},
				"down": {"uv": [0, 0, 0.25, 2.1], "texture": "#4"}
			}
		},
		{
			"from": [11.4, 8.45, 7.45],
			"to": [11.65, 8.7, 9.55],
			"rotation": {"angle": 45, "axis": "z", "origin": [11.525, 8.575, 9.525]},
			"faces": {
				"north": {"uv": [0, 0, 0.25, 0.25], "texture": "#4"},
				"east": {"uv": [0, 0, 2.1, 0.25], "texture": "#4"},
				"south": {"uv": [0, 0, 0.25, 0.25], "texture": "#4"},
				"west": {"uv": [0, 0, 2.1, 0.25], "texture": "#4"},
				"up": {"uv": [0, 0, 0.25, 2.1], "texture": "#4"},
				"down": {"uv": [0, 0, 0.25, 2.1], "texture": "#4"}
			}
		}
	],
	"display": {
		"thirdperson_righthand": {
			"rotation": [69, -90, 0],
			"translation": [0.75, 5.5, 8.75]
		},
		"firstperson_righthand": {
			"rotation": [2, -90, 0],
			"translation": [0, 4.5, 1]
		},
		"gui": {
			"rotation": [0, 180, -38],
			"scale": [0.39, 0.39, 0.39]
		},
		"fixed": {
			"rotation": [0, 0, -37],
			"scale": [0.47, 0.47, 0.47]
		}
	},
	"groups": [
		{
			"name": "group",
			"origin": [-13, 1, -1],
			"color": 0,
			"children": [
				{
					"name": "group",
					"origin": [0, 1, 3],
					"color": 0,
					"children": [0, 1, 2, 3, 4, 5, 6, 7, 8, 9, 10, 11, 12, 13, 14, 15, 16, 17, 18, 19, 20, 21, 22, 23, 24, 25, 26, 27]
				},
				28,
				29,
				30,
				31,
				32,
				33,
				{
					"name": "group",
					"origin": [-13, 1, -1],
					"color": 0,
					"children": []
				}
			]
		},
		{
			"name": "group",
			"origin": [13.75762, 3.58386, 8.5],
			"color": 0,
			"children": [
				{
					"name": "group",
					"origin": [6.5903, 6.9, 10.26215],
					"color": 0,
					"children": [34, 35, 36, 37, 38, 39, 40, 41, 42, 43, 44, 45, 46, 47, 48]
				},
				49,
				50,
				51,
				52,
				53,
				54,
				55,
				56,
				57,
				58,
				59,
				60,
				61,
				{
					"name": "group",
					"origin": [7.525, 5.25, 8.4],
					"color": 0,
					"children": [62, 63, 64, 65, 66, 67, 68, 69, 70, 71, 72, 73, 74, 75, 76]
				},
				77,
				78,
				79,
				80,
				81,
				82,
				83,
				84,
				85,
				86,
				87,
				88,
				89,
				90,
				91,
				92,
				93,
				94,
				95,
				96,
				97,
				98,
				99,
				100,
				101,
				102,
				103,
				104,
				105,
				106,
				107,
				108,
				109,
				110,
				111,
				112,
				113,
				114,
				115,
				116,
				117,
				118,
				119,
				120,
				121,
				122,
				123,
				124,
				125,
				126
			]
		},
		127,
		{
			"name": "group",
			"origin": [6.125, 6.125, 10.025],
			"color": 0,
			"children": [128, 129, 130, 131]
		},
		{
			"name": "group",
			"origin": [6.125, 6.125, 10.025],
			"color": 0,
			"children": [132, 133, 134, 135]
		},
		{
			"name": "group",
			"origin": [6.125, 6.125, 10.025],
			"color": 0,
			"children": [136, 137, 138, 139]
		},
		{
			"name": "group",
			"origin": [6.125, 6.125, 10.025],
			"color": 0,
			"children": [140, 141, 142, 143]
		},
		{
			"name": "group",
			"origin": [6.125, 6.125, 10.025],
			"color": 0,
			"children": [144, 145, 146, 147]
		}
	]
}