{
	"credit": "Made with Blockbench",
	"textures": {
		"0": "item/rpg_ammo",
		"1": "item/wood_1",
		"2": "item/wood_2",
		"3": "item/black",
		"particle": "item/rpg_ammo"
	},
	"elements": [
		{
			"from": [9, 1, 7.5],
			"to": [9.75, 3, 8.5],
			"rotation": {"angle": 0, "axis": "y", "origin": [17, 8, 15.5]},
			"faces": {
				"north": {"uv": [0, 0, 0.75, 2], "texture": "#1"},
				"east": {"uv": [0, 0, 1, 2], "texture": "#1"},
				"south": {"uv": [0, 0, 0.75, 2], "texture": "#1"},
				"west": {"uv": [0, 0, 1, 2], "texture": "#1"},
				"up": {"uv": [0, 0, 0.75, 1], "texture": "#1"},
				"down": {"uv": [0, 0, 0.75, 1], "texture": "#1"}
			}
		},
		{
			"from": [9, 3, 7.5],
			"to": [16, 4, 8.5],
			"rotation": {"angle": 0, "axis": "y", "origin": [17, 11, 15.5]},
			"faces": {
				"north": {"uv": [0, 0, 7, 1], "texture": "#3"},
				"east": {"uv": [0, 0, 1, 1], "texture": "#3"},
				"south": {"uv": [0, 0, 7, 1], "texture": "#3"},
				"west": {"uv": [0, 0, 1, 1], "texture": "#3"},
				"up": {"uv": [0, 0, 7, 1], "texture": "#3"},
				"down": {"uv": [0, 0, 7, 1], "texture": "#3"}
			}
		},
		{
			"from": [16, 3, 7.5],
			"to": [21, 4, 8.5],
			"rotation": {"angle": 0, "axis": "y", "origin": [24, 11, 15.5]},
			"faces": {
				"north": {"uv": [0, 0, 5, 1], "texture": "#0"},
				"east": {"uv": [0, 0, 1, 1], "texture": "#0"},
				"south": {"uv": [0, 0, 5, 1], "texture": "#0"},
				"west": {"uv": [0, 0, 1, 1], "texture": "#0"},
				"up": {"uv": [0, 0, 5, 1], "texture": "#0"},
				"down": {"uv": [0, 0, 5, 1], "texture": "#0"}
			}
		},
		{
			"from": [21, 3.1, 7.6],
			"to": [22, 3.9, 8.4],
			"rotation": {"angle": 0, "axis": "y", "origin": [29, 11, 15.5]},
			"faces": {
				"north": {"uv": [0, 0, 1, 0.8], "texture": "#0"},
				"east": {"uv": [0, 0, 0.8, 0.8], "texture": "#0"},
				"south": {"uv": [0, 0, 1, 0.8], "texture": "#0"},
				"west": {"uv": [0, 0, 0.8, 0.8], "texture": "#0"},
				"up": {"uv": [0, 0, 1, 0.8], "texture": "#0"},
				"down": {"uv": [0, 0, 1, 0.8], "texture": "#0"}
			}
		},
		{
			"from": [16.5, 2.9, 7.4],
			"to": [20.55, 4.1, 8.6],
			"rotation": {"angle": 0, "axis": "y", "origin": [24, 11, 15.5]},
			"faces": {
				"north": {"uv": [0, 0, 4.05, 1.2], "texture": "#0"},
				"east": {"uv": [0, 0, 1.2, 1.2], "texture": "#0"},
				"south": {"uv": [0, 0, 4.05, 1.2], "texture": "#0"},
				"west": {"uv": [0, 0, 1.2, 1.2], "texture": "#0"},
				"up": {"uv": [0, 0, 4.05, 1.2], "texture": "#0"},
				"down": {"uv": [0, 0, 4.05, 1.2], "texture": "#0"}
			}
		},
		{
			"from": [16.9, 2.7, 7.2],
			"to": [19.75, 4.3, 8.8],
			"rotation": {"angle": 0, "axis": "y", "origin": [24, 11, 15.5]},
			"faces": {
				"north": {"uv": [0, 0, 2.85, 1.6], "texture": "#0"},
				"east": {"uv": [0, 0, 1.6, 1.6], "texture": "#0"},
				"south": {"uv": [0, 0, 2.85, 1.6], "texture": "#0"},
				"west": {"uv": [0, 0, 1.6, 1.6], "texture": "#0"},
				"up": {"uv": [0, 0, 2.85, 1.6], "texture": "#0"},
				"down": {"uv": [0, 0, 2.85, 1.6], "texture": "#0"}
			}
		},
		{
			"from": [17.1, 2.6, 7.1],
			"to": [19.35, 4.4, 8.9],
			"rotation": {"angle": 0, "axis": "y", "origin": [24, 11, 15.5]},
			"faces": {
				"north": {"uv": [0, 0, 2.25, 1.8], "texture": "#0"},
				"east": {"uv": [0, 0, 1.8, 1.8], "texture": "#0"},
				"south": {"uv": [0, 0, 2.25, 1.8], "texture": "#0"},
				"west": {"uv": [0, 0, 1.8, 1.8], "texture": "#0"},
				"up": {"uv": [0, 0, 2.25, 1.8], "texture": "#0"},
				"down": {"uv": [0, 0, 2.25, 1.8], "texture": "#0"}
			}
		},
		{
			"from": [16.7, 2.8, 7.3],
			"to": [20.15, 4.2, 8.7],
			"rotation": {"angle": 0, "axis": "y", "origin": [24, 11, 15.5]},
			"faces": {
				"north": {"uv": [0, 0, 3.45, 1.4], "texture": "#0"},
				"east": {"uv": [0, 0, 1.4, 1.4], "texture": "#0"},
				"south": {"uv": [0, 0, 3.45, 1.4], "texture": "#0"},
				"west": {"uv": [0, 0, 1.4, 1.4], "texture": "#0"},
				"up": {"uv": [0, 0, 3.45, 1.4], "texture": "#0"},
				"down": {"uv": [0, 0, 3.45, 1.4], "texture": "#0"}
			}
		},
		{
			"from": [5, 3, 7.5],
			"to": [9, 4, 8.5],
			"rotation": {"angle": 0, "axis": "y", "origin": [10, 11, 15.5]},
			"faces": {
				"north": {"uv": [0, 0, 4, 1], "texture": "#2"},
				"east": {"uv": [0, 0, 1, 1], "texture": "#2"},
				"south": {"uv": [0, 0, 4, 1], "texture": "#2"},
				"west": {"uv": [0, 0, 1, 1], "texture": "#2"},
				"up": {"uv": [0, 0, 4, 1], "texture": "#2"},
				"down": {"uv": [0, 0, 4, 1], "texture": "#2"}
			}
		},
		{
			"from": [1.5, 3.2, 7.7],
			"to": [5, 3.8, 8.3],
			"rotation": {"angle": 0, "axis": "y", "origin": [6, 11, 15.5]},
			"faces": {
				"north": {"uv": [0, 0, 3.5, 0.6], "texture": "#2"},
				"east": {"uv": [0, 0, 0.6, 0.6], "texture": "#2"},
				"south": {"uv": [0, 0, 3.5, 0.6], "texture": "#2"},
				"west": {"uv": [0, 0, 0.6, 0.6], "texture": "#2"},
				"up": {"uv": [0, 0, 3.5, 0.6], "texture": "#2"},
				"down": {"uv": [0, 0, 3.5, 0.6], "texture": "#2"}
			}
		},
		{
			"from": [0, 3.2, 7.7],
			"to": [1.5, 3.8, 8.3],
			"rotation": {"angle": 0, "axis": "y", "origin": [2.5, 11, 15.5]},
			"faces": {
				"north": {"uv": [0, 0, 1.5, 0.6], "texture": "#3"},
				"east": {"uv": [0, 0, 0.6, 0.6], "texture": "#3"},
				"south": {"uv": [0, 0, 1.5, 0.6], "texture": "#3"},
				"west": {"uv": [0, 0, 0.6, 0.6], "texture": "#3"},
				"up": {"uv": [0, 0, 1.5, 0.6], "texture": "#3"},
				"down": {"uv": [0, 0, 1.5, 0.6], "texture": "#3"}
			}
		},
		{
			"from": [4.8, 3.1, 7.6],
			"to": [5, 3.9, 8.4],
			"rotation": {"angle": 0, "axis": "y", "origin": [6, 11, 15.5]},
			"faces": {
				"north": {"uv": [0, 0, 0.2, 0.8], "texture": "#2"},
				"east": {"uv": [0, 0, 0.8, 0.8], "texture": "#2"},
				"south": {"uv": [0, 0, 0.2, 0.8], "texture": "#2"},
				"west": {"uv": [0, 0, 0.8, 0.8], "texture": "#2"},
				"up": {"uv": [0, 0, 0.2, 0.8], "texture": "#2"},
				"down": {"uv": [0, 0, 0.2, 0.8], "texture": "#2"}
			}
		},
		{
			"from": [4.6, 3.15, 7.65],
			"to": [4.8, 3.85, 8.35],
			"rotation": {"angle": 0, "axis": "y", "origin": [5.8, 11, 15.5]},
			"faces": {
				"north": {"uv": [0, 0, 0.2, 0.7], "texture": "#2"},
				"east": {"uv": [0, 0, 0.7, 0.7], "texture": "#2"},
				"south": {"uv": [0, 0, 0.2, 0.7], "texture": "#2"},
				"west": {"uv": [0, 0, 0.7, 0.7], "texture": "#2"},
				"up": {"uv": [0, 0, 0.2, 0.7], "texture": "#2"},
				"down": {"uv": [0, 0, 0.2, 0.7], "texture": "#2"}
			}
		},
		{
			"from": [-0.75, 2.85, 7.35],
			"to": [-0.5, 4.15, 8.65],
			"rotation": {"angle": 0, "axis": "y", "origin": [1, 11, 15.5]},
			"faces": {
				"north": {"uv": [0, 0, 0.25, 1.3], "texture": "#3"},
				"east": {"uv": [0, 0, 1.3, 1.3], "texture": "#3"},
				"south": {"uv": [0, 0, 0.25, 1.3], "texture": "#3"},
				"west": {"uv": [0, 0, 1.3, 1.3], "texture": "#3"},
				"up": {"uv": [0, 0, 0.25, 1.3], "texture": "#3"},
				"down": {"uv": [0, 0, 0.25, 1.3], "texture": "#3"}
			}
		},
		{
			"from": [-0.5, 2.95, 7.45],
			"to": [-0.25, 4.05, 8.55],
			"rotation": {"angle": 0, "axis": "y", "origin": [1.25, 11, 15.5]},
			"faces": {
				"north": {"uv": [0, 0, 0.25, 1.1], "texture": "#3"},
				"east": {"uv": [0, 0, 1.1, 1.1], "texture": "#3"},
				"south": {"uv": [0, 0, 0.25, 1.1], "texture": "#3"},
				"west": {"uv": [0, 0, 1.1, 1.1], "texture": "#3"},
				"up": {"uv": [0, 0, 0.25, 1.1], "texture": "#3"},
				"down": {"uv": [0, 0, 0.25, 1.1], "texture": "#3"}
			}
		},
		{
			"from": [-0.25, 3.05, 7.55],
			"to": [0, 3.95, 8.45],
			"rotation": {"angle": 0, "axis": "y", "origin": [1.5, 11, 15.5]},
			"faces": {
				"north": {"uv": [0, 0, 0.25, 0.9], "texture": "#3"},
				"east": {"uv": [0, 0, 0.9, 0.9], "texture": "#3"},
				"south": {"uv": [0, 0, 0.25, 0.9], "texture": "#3"},
				"west": {"uv": [0, 0, 0.9, 0.9], "texture": "#3"},
				"up": {"uv": [0, 0, 0.25, 0.9], "texture": "#3"},
				"down": {"uv": [0, 0, 0.25, 0.9], "texture": "#3"}
			}
		},
		{
			"from": [12, 0, 7.5],
			"to": [13, 2, 8.5],
			"rotation": {"angle": 0, "axis": "y", "origin": [20, 9, 15.5]},
			"faces": {
				"north": {"uv": [0, 0, 1, 2], "texture": "#1"},
				"east": {"uv": [0, 0, 1, 2], "texture": "#1"},
				"south": {"uv": [0, 0, 1, 2], "texture": "#1"},
				"west": {"uv": [0, 0, 1, 2], "texture": "#1"},
				"up": {"uv": [0, 0, 1, 1], "texture": "#1"},
				"down": {"uv": [0, 0, 1, 1], "texture": "#1"}
			}
		},
		{
			"from": [12, 2, 7.5],
			"to": [13, 2.75, 8.5],
			"rotation": {"angle": 0, "axis": "y", "origin": [20, 10, 15.5]},
			"faces": {
				"north": {"uv": [0, 0, 1, 0.75], "texture": "#3"},
				"east": {"uv": [0, 0, 1, 0.75], "texture": "#3"},
				"south": {"uv": [0, 0, 1, 0.75], "texture": "#3"},
				"west": {"uv": [0, 0, 1, 0.75], "texture": "#3"},
				"up": {"uv": [0, 0, 1, 1], "texture": "#3"},
				"down": {"uv": [0, 0, 1, 1], "texture": "#3"}
			}
		},
		{
			"from": [14.1, 2.15, 7.5],
			"to": [14.25, 2.75, 8.5],
			"rotation": {"angle": 0, "axis": "y", "origin": [21.25, 10, 15.5]},
			"faces": {
				"north": {"uv": [0, 0, 0.15, 0.6], "texture": "#3"},
				"east": {"uv": [0, 0, 1, 0.6], "texture": "#3"},
				"south": {"uv": [0, 0, 0.15, 0.6], "texture": "#3"},
				"west": {"uv": [0, 0, 1, 0.6], "texture": "#3"},
				"up": {"uv": [0, 0, 0.15, 1], "texture": "#3"},
				"down": {"uv": [0, 0, 0.15, 1], "texture": "#3"}
			}
		},
		{
			"from": [13.1, 2.15, 7.75],
			"to": [13.25, 2.75, 8.25],
			"rotation": {"angle": 0, "axis": "y", "origin": [20.25, 10, 15.5]},
			"faces": {
				"north": {"uv": [0, 0, 0.15, 0.6], "texture": "#3"},
				"east": {"uv": [0, 0, 0.5, 0.6], "texture": "#3"},
				"south": {"uv": [0, 0, 0.15, 0.6], "texture": "#3"},
				"west": {"uv": [0, 0, 0.5, 0.6], "texture": "#3"},
				"up": {"uv": [0, 0, 0.15, 0.5], "texture": "#3"},
				"down": {"uv": [0, 0, 0.15, 0.5], "texture": "#3"}
			}
		},
		{
			"from": [15.85, 4.35, 7.85],
			"to": [16, 4.95, 8.15],
			"rotation": {"angle": 0, "axis": "y", "origin": [23, 12.2, 15.5]},
			"faces": {
				"north": {"uv": [0, 0, 0.15, 0.6], "texture": "#3"},
				"east": {"uv": [0, 0, 0.3, 0.6], "texture": "#3"},
				"south": {"uv": [0, 0, 0.15, 0.6], "texture": "#3"},
				"west": {"uv": [0, 0, 0.3, 0.6], "texture": "#3"},
				"up": {"uv": [0, 0, 0.15, 0.3], "texture": "#3"},
				"down": {"uv": [0, 0, 0.15, 0.3], "texture": "#3"}
			}
		},
		{
			"from": [9.1, 4.35, 7.85],
			"to": [9.25, 4.95, 8.15],
			"rotation": {"angle": 0, "axis": "y", "origin": [16.25, 12.2, 15.5]},
			"faces": {
				"north": {"uv": [0, 0, 0.15, 0.6], "texture": "#3"},
				"east": {"uv": [0, 0, 0.3, 0.6], "texture": "#3"},
				"south": {"uv": [0, 0, 0.15, 0.6], "texture": "#3"},
				"west": {"uv": [0, 0, 0.3, 0.6], "texture": "#3"},
				"up": {"uv": [0, 0, 0.15, 0.3], "texture": "#3"},
				"down": {"uv": [0, 0, 0.15, 0.3], "texture": "#3"}
			}
		},
		{
			"from": [14.85, 4, 7.75],
			"to": [16, 4.35, 8.25],
			"rotation": {"angle": 0, "axis": "y", "origin": [22.25, 11.85, 15.5]},
			"faces": {
				"north": {"uv": [0, 0, 1.15, 0.35], "texture": "#3"},
				"east": {"uv": [0, 0, 0.5, 0.35], "texture": "#3"},
				"south": {"uv": [0, 0, 1.15, 0.35], "texture": "#3"},
				"west": {"uv": [0, 0, 0.5, 0.35], "texture": "#3"},
				"up": {"uv": [0, 0, 1.15, 0.5], "texture": "#3"},
				"down": {"uv": [0, 0, 1.15, 0.5], "texture": "#3"}
			}
		},
		{
			"from": [9.1, 4, 7.75],
			"to": [10.25, 4.35, 8.25],
			"rotation": {"angle": 0, "axis": "y", "origin": [16.5, 11.85, 15.5]},
			"faces": {
				"north": {"uv": [0, 0, 1.15, 0.35], "texture": "#3"},
				"east": {"uv": [0, 0, 0.5, 0.35], "texture": "#3"},
				"south": {"uv": [0, 0, 1.15, 0.35], "texture": "#3"},
				"west": {"uv": [0, 0, 0.5, 0.35], "texture": "#3"},
				"up": {"uv": [0, 0, 1.15, 0.5], "texture": "#3"},
				"down": {"uv": [0, 0, 1.15, 0.5], "texture": "#3"}
			}
		},
		{
			"from": [13, 2, 7.5],
			"to": [14.25, 2.15, 8.5],
			"rotation": {"angle": 0, "axis": "y", "origin": [21.25, 10, 15.5]},
			"faces": {
				"north": {"uv": [0, 0, 1.25, 0.15], "texture": "#3"},
				"east": {"uv": [0, 0, 1, 0.15], "texture": "#3"},
				"south": {"uv": [0, 0, 1.25, 0.15], "texture": "#3"},
				"west": {"uv": [0, 0, 1, 0.15], "texture": "#3"},
				"up": {"uv": [0, 0, 1.25, 1], "texture": "#3"},
				"down": {"uv": [0, 0, 1.25, 1], "texture": "#3"}
			}
		},
		{
			"from": [11.75, 2.75, 7.5],
			"to": [14.25, 3, 8.5],
			"rotation": {"angle": 0, "axis": "y", "origin": [20, 10.75, 15.5]},
			"faces": {
				"north": {"uv": [0, 0, 2.5, 0.25], "texture": "#3"},
				"east": {"uv": [0, 0, 1, 0.25], "texture": "#3"},
				"south": {"uv": [0, 0, 2.5, 0.25], "texture": "#3"},
				"west": {"uv": [0, 0, 1, 0.25], "texture": "#3"},
				"up": {"uv": [0, 0, 2.5, 1], "texture": "#3"},
				"down": {"uv": [0, 0, 2.5, 1], "texture": "#3"}
			}
		}
	],
	"display": {
		"thirdperson_righthand": {
			"rotation": [0, 90, 0],
			"translation": [-0.5, 5, 5.5]
		},
		"thirdperson_lefthand": {
			"rotation": [0, -90, 0],
			"translation": [-0.5, 5.25, 6.5]
		},
		"firstperson_righthand": {
			"rotation": [0, 90, 0],
			"translation": [-1.75, 5, 2.75]
		},
		"firstperson_lefthand": {
			"rotation": [0, -90, 0],
			"translation": [-1, 3.25, 1]
		},
		"gui": {
			"rotation": [0, 0, 45],
			"translation": [-5.5, 1, 0]
		},
		"fixed": {
			"rotation": [0, -180, 45],
			"translation": [5.25, 1, 0]
		}
	},
	"groups": [
		{
			"name": "group",
			"origin": [20, 10.75, 15.5],
			"children": [0, 1, 2, 3, 4, 5, 6, 7, 8, 9, 10, 11, 12, 13, 14, 15, 16, 17, 18, 19, 20, 21, 22, 23, 24, 25]
		}
	]
}