{
	"credit": "Made with Blockbench",
	"textures": {
		"0": "item/rpg7_chambarandring",
		"1": "item/rpg7_sighting",
		"2": "item/rpg7_tube_wood",
		"3": "item/rpg7_back_brast",
		"4": "item/rpg7_gripandtrigger",
		"5": "item/rpg7_cannonshell",
		"6": "item/rpg7_shellparts",
		"particle": "item/rpg7_chambarandring"
	},
	"elements": [
		{
			"from": [7, 6, 15],
			"to": [9, 8, 20],
			"faces": {
				"north": {"uv": [1.5, 7.5, 2.5, 8.5], "texture": "#3"},
				"east": {"uv": [2.5, 4, 5, 5], "texture": "#3"},
				"south": {"uv": [4, 7.5, 5, 8.5], "texture": "#3"},
				"west": {"uv": [4.5, 0, 7, 1], "texture": "#3"},
				"up": {"uv": [5.5, 3.5, 4.5, 1], "texture": "#3"},
				"down": {"uv": [1, 5, 0, 7.5], "texture": "#3"}
			}
		},
		{
			"from": [7.2, 6.2, 15],
			"to": [8.8, 7.8, 29],
			"faces": {
				"north": {"uv": [9, 6, 10.5, 7.5], "texture": "#2"},
				"east": {"uv": [0, 0, 14, 1.5], "texture": "#2"},
				"south": {"uv": [8, 10, 9.5, 11.5], "texture": "#2"},
				"west": {"uv": [0, 2, 14, 3.5], "texture": "#2"},
				"up": {"uv": [1.5, 18, 0, 4], "texture": "#2"},
				"down": {"uv": [3.5, 4, 2, 18], "texture": "#2"}
			}
		},
		{
			"from": [7, 6, -1],
			"to": [9, 8, 15],
			"faces": {
				"north": {"uv": [2, 2, 3, 3], "texture": "#0"},
				"east": {"uv": [0, 0, 8, 1], "texture": "#0"},
				"south": {"uv": [2, 3, 3, 4], "texture": "#0"},
				"west": {"uv": [0, 1, 8, 2], "texture": "#0"},
				"up": {"uv": [1, 10, 0, 2], "texture": "#0"},
				"down": {"uv": [2, 2, 1, 10], "texture": "#0"}
			}
		},
		{
			"from": [7.4, 5.3, 5],
			"to": [8.6, 6, 8],
			"rotation": {"angle": 0, "axis": "y", "origin": [0, 0, 2]},
			"faces": {
				"north": {"uv": [0, 10, 1.25, 10.75], "texture": "#4"},
				"east": {"uv": [8, 0, 11, 0.75], "texture": "#4"},
				"south": {"uv": [2, 10, 3.25, 10.75], "texture": "#4"},
				"west": {"uv": [8, 1, 11, 1.75], "texture": "#4"},
				"up": {"uv": [7.25, 3, 6, 0], "texture": "#4"},
				"down": {"uv": [7.25, 3, 6, 6], "texture": "#4"}
			}
		},
		{
			"from": [7.4, 2.3, 6.5],
			"to": [8.6, 5.3, 8],
			"rotation": {"angle": 0, "axis": "y", "origin": [0, 0, 2]},
			"faces": {
				"north": {"uv": [6, 6, 7.25, 9], "texture": "#4"},
				"east": {"uv": [2, 4, 3.5, 7], "texture": "#4"},
				"south": {"uv": [2, 7, 3.25, 10], "texture": "#4"},
				"west": {"uv": [4, 4, 5.5, 7], "texture": "#4"},
				"up": {"uv": [9.25, 3.5, 8, 2], "texture": "#4"},
				"down": {"uv": [9.25, 4, 8, 5.5], "texture": "#4"}
			}
		},
		{
			"from": [7.4, 2.3, 11.5],
			"to": [8.6, 6.05, 13],
			"rotation": {"angle": 0, "axis": "y", "origin": [0, 0, 2]},
			"faces": {
				"north": {"uv": [0, 4, 1.25, 7.75], "texture": "#4"},
				"east": {"uv": [0, 0, 1.5, 3.75], "texture": "#4"},
				"south": {"uv": [4, 0, 5.25, 3.75], "texture": "#4"},
				"west": {"uv": [2, 0, 3.5, 3.75], "texture": "#4"},
				"up": {"uv": [9.25, 7.5, 8, 6], "texture": "#4"},
				"down": {"uv": [9.25, 8, 8, 9.5], "texture": "#4"}
			}
		},
		{
			"from": [7.4, 5.3, 11.2],
			"to": [8.6, 6.05, 13.3],
			"rotation": {"angle": 0, "axis": "y", "origin": [0, 0, 2]},
			"faces": {
				"north": {"uv": [10, 2, 11.25, 2.75], "texture": "#4"},
				"east": {"uv": [4, 9, 6, 9.75], "texture": "#4"},
				"south": {"uv": [10, 3, 11.25, 3.75], "texture": "#4"},
				"west": {"uv": [6, 9, 8, 9.75], "texture": "#4"},
				"up": {"uv": [5.25, 9, 4, 7], "texture": "#4"},
				"down": {"uv": [1.25, 8, 0, 10], "texture": "#4"}
			}
		},
		{
			"from": [7.8, 3.8, 5.8],
			"to": [8.2, 4.2, 6.5],
			"rotation": {"angle": 0, "axis": "y", "origin": [0, 0, 2]},
			"faces": {
				"north": {"uv": [11, 1, 11.5, 1.5], "texture": "#4"},
				"east": {"uv": [8, 10, 8.75, 10.5], "texture": "#4"},
				"south": {"uv": [2, 11, 2.5, 11.5], "texture": "#4"},
				"west": {"uv": [10, 8, 10.75, 8.5], "texture": "#4"},
				"up": {"uv": [9.5, 10.75, 9, 10], "texture": "#4"},
				"down": {"uv": [10.5, 9, 10, 9.75], "texture": "#4"}
			}
		},
		{
			"from": [7.8, 4.5, 5.1],
			"to": [8.2, 5.3, 5.5],
			"rotation": {"angle": 0, "axis": "y", "origin": [0, 0, 2]},
			"faces": {
				"north": {"uv": [6, 10, 6.5, 10.75], "texture": "#4"},
				"east": {"uv": [10, 6, 10.5, 6.75], "texture": "#4"},
				"south": {"uv": [7, 10, 7.5, 10.75], "texture": "#4"},
				"west": {"uv": [10, 7, 10.5, 7.75], "texture": "#4"},
				"up": {"uv": [10.5, 10.5, 10, 10], "texture": "#4"},
				"down": {"uv": [0.5, 11, 0, 11.5], "texture": "#4"}
			}
		},
		{
			"from": [7.8, 4.15, 5.15],
			"to": [8.19, 4.54, 6.15],
			"rotation": {"angle": 45, "axis": "x", "origin": [7.995, 4.345, 5.55]},
			"faces": {
				"north": {"uv": [11, 0, 11.5, 0.5], "texture": "#4"},
				"east": {"uv": [4, 10, 5, 10.5], "texture": "#4"},
				"south": {"uv": [1, 11, 1.5, 11.5], "texture": "#4"},
				"west": {"uv": [10, 4, 11, 4.5], "texture": "#4"},
				"up": {"uv": [5.5, 11, 5, 10], "texture": "#4"},
				"down": {"uv": [10.5, 5, 10, 6], "texture": "#4"}
			}
		},
		{
			"from": [7.9, 4.7, 6.1],
			"to": [8.3, 5.3, 6.4],
			"faces": {
				"north": {"uv": [3, 11, 3.5, 11.5], "texture": "#4"},
				"east": {"uv": [11, 4, 11.25, 4.5], "texture": "#4"},
				"south": {"uv": [4, 11, 4.5, 11.5], "texture": "#4"},
				"west": {"uv": [5, 11, 5.25, 11.5], "texture": "#4"},
				"up": {"uv": [11.5, 5.25, 11, 5], "texture": "#4"},
				"down": {"uv": [6.5, 11, 6, 11.25], "texture": "#4"}
			}
		},
		{
			"from": [7, 6, 26],
			"to": [9, 8, 28],
			"faces": {
				"north": {"uv": [7.5, 4.5, 8.5, 5.5], "texture": "#3"},
				"east": {"uv": [7.5, 5.5, 8.5, 6.5], "texture": "#3"},
				"south": {"uv": [6.5, 7.5, 7.5, 8.5], "texture": "#3"},
				"west": {"uv": [7.5, 6.5, 8.5, 7.5], "texture": "#3"},
				"up": {"uv": [8.5, 8.5, 7.5, 7.5], "texture": "#3"},
				"down": {"uv": [3.5, 8, 2.5, 9], "texture": "#3"}
			}
		},
		{
			"from": [6.7, 5.7, 27],
			"to": [9.3, 8.3, 29],
			"faces": {
				"north": {"uv": [1, 5, 2.5, 6.5], "texture": "#3"},
				"east": {"uv": [6.5, 2, 7.5, 3.5], "texture": "#3"},
				"south": {"uv": [2.5, 5, 4, 6.5], "texture": "#3"},
				"west": {"uv": [3, 6.5, 4, 8], "texture": "#3"},
				"up": {"uv": [8, 4.5, 6.5, 3.5], "texture": "#3"},
				"down": {"uv": [5.5, 6.5, 4, 7.5], "texture": "#3"}
			}
		},
		{
			"from": [6.4, 5.4, 28],
			"to": [9.6, 8.6, 30],
			"faces": {
				"north": {"uv": [5, 3.5, 6.5, 5], "texture": "#3"},
				"east": {"uv": [6.5, 4.5, 7.5, 6], "texture": "#3"},
				"south": {"uv": [4, 5, 5.5, 6.5], "texture": "#3"},
				"west": {"uv": [6.5, 6, 7.5, 7.5], "texture": "#3"},
				"up": {"uv": [8.5, 1, 7, 0], "texture": "#3"},
				"down": {"uv": [1.5, 7.5, 0, 8.5], "texture": "#3"}
			}
		},
		{
			"from": [6.1, 5.1, 29],
			"to": [9.9, 8.9, 31],
			"faces": {
				"north": {"uv": [2.5, 0, 4.5, 2], "texture": "#3"},
				"east": {"uv": [5.5, 1, 6.5, 3], "texture": "#3"},
				"south": {"uv": [2.5, 2, 4.5, 4], "texture": "#3"},
				"west": {"uv": [5.5, 5, 6.5, 7], "texture": "#3"},
				"up": {"uv": [3, 7.5, 1, 6.5], "texture": "#3"},
				"down": {"uv": [8.5, 1, 6.5, 2], "texture": "#3"}
			}
		},
		{
			"from": [5.7, 4.7, 30.7],
			"to": [10.3, 9.3, 31],
			"faces": {
				"north": {"uv": [0, 0, 2.5, 2.5], "texture": "#3"},
				"east": {"uv": [5.5, 7, 6, 9.5], "texture": "#3"},
				"south": {"uv": [0, 2.5, 2.5, 5], "texture": "#3"},
				"west": {"uv": [6, 7, 6.5, 9.5], "texture": "#3"},
				"up": {"uv": [10, 2.5, 7.5, 2], "texture": "#3"},
				"down": {"uv": [10, 2.5, 7.5, 3], "texture": "#3"}
			}
		},
		{
			"from": [6.9, 5.9, 15.6],
			"to": [9.1, 8.1, 16],
			"faces": {
				"north": {"uv": [3, 2, 4, 3], "texture": "#0"},
				"east": {"uv": [4, 4, 4.25, 5], "texture": "#0"},
				"south": {"uv": [3, 3, 4, 4], "texture": "#0"},
				"west": {"uv": [4.5, 4, 4.75, 5], "texture": "#0"},
				"up": {"uv": [3, 5.25, 2, 5], "texture": "#0"},
				"down": {"uv": [6, 2, 5, 2.25], "texture": "#0"}
			}
		},
		{
			"from": [7, 6, 21.6],
			"to": [9, 8, 22],
			"faces": {
				"north": {"uv": [2, 4, 3, 5], "texture": "#0"},
				"east": {"uv": [5, 2.5, 5.25, 3.5], "texture": "#0"},
				"south": {"uv": [4, 2, 5, 3], "texture": "#0"},
				"west": {"uv": [3, 5, 3.25, 6], "texture": "#0"},
				"up": {"uv": [4.5, 5.25, 3.5, 5], "texture": "#0"},
				"down": {"uv": [6, 3.5, 5, 3.75], "texture": "#0"}
			}
		},
		{
			"from": [7, 6, 25.3],
			"to": [9, 8, 25.7],
			"faces": {
				"north": {"uv": [0, 0, 4, 4], "texture": "#1"},
				"east": {"uv": [0, 8, 1, 12], "texture": "#1"},
				"south": {"uv": [0, 4, 4, 8], "texture": "#1"},
				"west": {"uv": [8, 0, 9, 4], "texture": "#1"},
				"up": {"uv": [6, 9, 2, 8], "texture": "#1"},
				"down": {"uv": [12, 4, 8, 5], "texture": "#1"}
			}
		},
		{
			"from": [6.9, 6.2, 2],
			"to": [7, 7.8, 4],
			"rotation": {"angle": 0, "axis": "y", "origin": [6.9, 7, 1.9]},
			"faces": {
				"north": {"uv": [8, 10, 9, 13], "texture": "#1"},
				"east": {"uv": [4, 0, 8, 3], "texture": "#1"},
				"south": {"uv": [10, 10, 11, 13], "texture": "#1"},
				"west": {"uv": [4, 4, 8, 7], "texture": "#1"},
				"up": {"uv": [5, 14, 4, 10], "texture": "#1"},
				"down": {"uv": [11, 6, 10, 10], "texture": "#1"}
			}
		},
		{
			"from": [6.8, 6, 1.8],
			"to": [7, 8, 2],
			"rotation": {"angle": 0, "axis": "y", "origin": [6.9, 7, 1.9]},
			"faces": {
				"north": {"uv": [6, 8, 7, 12], "texture": "#1"},
				"east": {"uv": [8, 6, 9, 10], "texture": "#1"},
				"south": {"uv": [10, 0, 11, 4], "texture": "#1"},
				"west": {"uv": [2, 10, 3, 14], "texture": "#1"},
				"up": {"uv": [1, 13, 0, 12], "texture": "#1"},
				"down": {"uv": [13, 0, 12, 1], "texture": "#1"}
			}
		},
		{
			"from": [7.5, 6.5, -11.6],
			"to": [8.5, 7.5, -9.6],
			"faces": {
				"north": {"uv": [4, 8, 5, 9], "texture": "#6"},
				"east": {"uv": [6, 4, 8, 5], "texture": "#6"},
				"south": {"uv": [8, 4, 9, 5], "texture": "#6"},
				"west": {"uv": [6, 5, 8, 6], "texture": "#6"},
				"up": {"uv": [7, 8, 6, 6], "texture": "#6"},
				"down": {"uv": [8, 6, 7, 8], "texture": "#6"}
			}
		},
		{
			"from": [7, 6, -10.1],
			"to": [9, 8, -9.5],
			"faces": {
				"north": {"uv": [2.5, 7, 3.5, 8], "texture": "#5"},
				"east": {"uv": [5, 7.5, 5.25, 8.5], "texture": "#5"},
				"south": {"uv": [7, 3, 8, 4], "texture": "#5"},
				"west": {"uv": [5.5, 7.5, 5.75, 8.5], "texture": "#5"},
				"up": {"uv": [8.5, 1.75, 7.5, 1.5], "texture": "#5"},
				"down": {"uv": [7, 7.5, 6, 7.75], "texture": "#5"}
			}
		},
		{
			"from": [6.5, 5.4, -9.5],
			"to": [9.5, 8.4, -2.5],
			"faces": {
				"north": {"uv": [5, 6, 6.5, 7.5], "texture": "#5"},
				"east": {"uv": [0, 0, 3.5, 1.5], "texture": "#5"},
				"south": {"uv": [0, 6.5, 1.5, 8], "texture": "#5"},
				"west": {"uv": [0, 1.5, 3.5, 3], "texture": "#5"},
				"up": {"uv": [1.5, 6.5, 0, 3], "texture": "#5"},
				"down": {"uv": [3, 3, 1.5, 6.5], "texture": "#5"}
			}
		},
		{
			"from": [7, 5.5, -1.4],
			"to": [9, 8.5, -1.1],
			"faces": {
				"north": {"uv": [1.5, 6.5, 2.5, 8], "texture": "#5"},
				"east": {"uv": [4.5, 7, 4.75, 8.5], "texture": "#5"},
				"south": {"uv": [6.5, 6, 7.5, 7.5], "texture": "#5"},
				"west": {"uv": [7.5, 0, 7.75, 1.5], "texture": "#5"},
				"up": {"uv": [1, 8.25, 0, 8], "texture": "#5"},
				"down": {"uv": [9, 0, 8, 0.25], "texture": "#5"}
			}
		},
		{
			"from": [6.5, 6, -1.4],
			"to": [9.5, 8, -1.1],
			"rotation": {"angle": 0, "axis": "z", "origin": [13.5, 6.9, -2]},
			"faces": {
				"north": {"uv": [3.5, 2, 5, 3], "texture": "#5"},
				"east": {"uv": [8, 0.5, 8.25, 1.5], "texture": "#5"},
				"south": {"uv": [7, 2, 8.5, 3], "texture": "#5"},
				"west": {"uv": [1, 8, 1.25, 9], "texture": "#5"},
				"up": {"uv": [8.5, 5.25, 7, 5], "texture": "#5"},
				"down": {"uv": [8.5, 5.5, 7, 5.75], "texture": "#5"}
			}
		},
		{
			"from": [6.2, 5.1, -7.8],
			"to": [9.8, 8.7, -4.4],
			"faces": {
				"north": {"uv": [3, 3, 4.75, 4.75], "texture": "#5"},
				"east": {"uv": [3.5, 0, 5.25, 1.75], "texture": "#5"},
				"south": {"uv": [5, 2, 6.75, 3.75], "texture": "#5"},
				"west": {"uv": [3, 5, 4.75, 6.75], "texture": "#5"},
				"up": {"uv": [6.75, 5.75, 5, 4], "texture": "#5"},
				"down": {"uv": [7.25, 0, 5.5, 1.75], "texture": "#5"}
			}
		},
		{
			"from": [7, 6, -2.5],
			"to": [9, 8, -1.9],
			"faces": {
				"north": {"uv": [3.5, 7, 4.5, 8], "texture": "#5"},
				"east": {"uv": [7.5, 6, 7.75, 7], "texture": "#5"},
				"south": {"uv": [7, 4, 8, 5], "texture": "#5"},
				"west": {"uv": [7, 7.5, 7.25, 8.5], "texture": "#5"},
				"up": {"uv": [8.5, 7.25, 7.5, 7], "texture": "#5"},
				"down": {"uv": [8.5, 7.5, 7.5, 7.75], "texture": "#5"}
			}
		},
		{
			"from": [7.2, 6.2, -2.1],
			"to": [8.8, 7.8, 8.9],
			"faces": {
				"north": {"uv": [4, 4, 5.5, 5.5], "texture": "#6"},
				"east": {"uv": [0, 0, 11, 1.5], "texture": "#6"},
				"south": {"uv": [4, 6, 5.5, 7.5], "texture": "#6"},
				"west": {"uv": [0, 2, 11, 3.5], "texture": "#6"},
				"up": {"uv": [1.5, 15, 0, 4], "texture": "#6"},
				"down": {"uv": [3.5, 4, 2, 15], "texture": "#6"}
			}
		}
	],
	"display": {
		"thirdperson_righthand": {
			"translation": [0, 3.5, 0]
		},
		"thirdperson_lefthand": {
			"translation": [0, 4.75, 0]
		},
		"firstperson_righthand": {
			"rotation": [-3, 0, 0],
			"translation": [-3.5, 9.5, 7.75]
		},
		"firstperson_lefthand": {
			"rotation": [-1, -10, 0],
			"translation": [0, 9.5, 6.25]
		},
		"ground": {
			"rotation": [42, 0, 0],
			"translation": [0, 9.5, 0],
			"scale": [0.6, 0.6, 0.6]
		},
		"gui": {
			"rotation": [0, -90, 0],
			"translation": [0.25, 0, 0],
			"scale": [0.4, 0.4, 0.4]
		},
		"fixed": {
			"rotation": [0, 90, 0],
			"scale": [0.4, 0.4, 0.4]
		}
	},
	"groups": [
		0,
		1,
		2,
		3,
		4,
		5,
		6,
		7,
		8,
		9,
		10,
		11,
		12,
		13,
		14,
		15,
		16,
		17,
		18,
		19,
		20,
		{
			"name": "group",
			"origin": [0, 0, 0],
			"color": 0,
			"children": [21, 22, 23, 24, 25, 26, 27, 28]
		}
	]
}