{
	"credit": "Made with Blockbench",
	"textures": {
		"0": "item/texture",
		"2": "item/texture3",
		"4": "item/texture6",
		"6": "item/texture7",
		"particle": "item/texture"
	},
	"elements": [
		{
			"from": [0, 3, 12.16],
			"to": [23, 3.25, 12.66],
			"rotation": {"angle": 0, "axis": "y", "origin": [9, 3, 12]},
			"faces": {
				"north": {"uv": [0, 0, 8, 0.25], "texture": "#0"},
				"east": {"uv": [0, 0, 0.5, 0.25], "texture": "#0"},
				"south": {"uv": [0, 0, 8, 0.25], "texture": "#0"},
				"west": {"uv": [0, 0, 0.5, 0.25], "texture": "#0"},
				"up": {"uv": [0, 0, 8, 0.5], "texture": "#0"},
				"down": {"uv": [0, 0, 8, 0.5], "texture": "#0"}
			}
		},
		{
			"from": [0, 5.25087, 12.15739],
			"to": [23, 5.50087, 12.65739],
			"rotation": {"angle": 0, "axis": "y", "origin": [9.5, 5.05043, 12.40869]},
			"faces": {
				"north": {"uv": [0, 0, 8, 0.25], "rotation": 180, "texture": "#0"},
				"east": {"uv": [0, 0, 0.5, 0.25], "rotation": 180, "texture": "#0"},
				"south": {"uv": [0, 0, 8, 0.25], "rotation": 180, "texture": "#0"},
				"west": {"uv": [0, 0, 0.5, 0.25], "rotation": 180, "texture": "#0"},
				"up": {"uv": [0, 0, 8, 0.5], "texture": "#0"},
				"down": {"uv": [0, 0, 8, 0.5], "texture": "#0"}
			}
		},
		{
			"from": [0, 8.25, 12.7],
			"to": [23, 8.5, 13.2],
			"rotation": {"angle": 22.5, "axis": "x", "origin": [2, 8.25, -0.5]},
			"faces": {
				"north": {"uv": [0, 0, 8, 0.25], "texture": "#0"},
				"east": {"uv": [0, 0, 0.5, 0.25], "texture": "#0"},
				"south": {"uv": [0, 0, 8, 0.25], "texture": "#0"},
				"west": {"uv": [0, 0, 0.5, 0.25], "texture": "#0"},
				"up": {"uv": [0, 0, 8, 0.5], "texture": "#0"},
				"down": {"uv": [0, 0, 8, 0.5], "texture": "#0"}
			}
		},
		{
			"from": [0, 5.30615, 12.47149],
			"to": [23, 5.55615, 12.97149],
			"rotation": {"angle": 22.5, "axis": "x", "origin": [9.5, 5.05043, 12.40869]},
			"faces": {
				"north": {"uv": [0, 0, 8, 0.25], "rotation": 180, "texture": "#0"},
				"east": {"uv": [0, 0, 0.5, 0.25], "rotation": 180, "texture": "#0"},
				"south": {"uv": [0, 0, 8, 0.25], "rotation": 180, "texture": "#0"},
				"west": {"uv": [0, 0, 0.5, 0.25], "rotation": 180, "texture": "#0"},
				"up": {"uv": [0, 0, 8, 0.5], "texture": "#0"},
				"down": {"uv": [0, 0, 8, 0.5], "texture": "#0"}
			}
		},
		{
			"from": [0, 3.1, 12.58],
			"to": [23, 3.35, 13.08],
			"rotation": {"angle": -22.5, "axis": "x", "origin": [9.5, 3.26258, 12.87834]},
			"faces": {
				"north": {"uv": [0, 0, 8, 0.25], "texture": "#0"},
				"east": {"uv": [0, 0, 0.5, 0.25], "texture": "#0"},
				"south": {"uv": [0, 0, 8, 0.25], "texture": "#0"},
				"west": {"uv": [0, 0, 0.5, 0.25], "texture": "#0"},
				"up": {"uv": [0, 0, 8, 0.5], "texture": "#0"},
				"down": {"uv": [0, 0, 8, 0.5], "texture": "#0"}
			}
		},
		{
			"from": [0, 5.31629, 11.84503],
			"to": [23, 5.56629, 12.34503],
			"rotation": {"angle": -22.5, "axis": "x", "origin": [9.5, 5.05043, 12.40869]},
			"faces": {
				"north": {"uv": [0, 0, 8, 0.25], "rotation": 180, "texture": "#0"},
				"east": {"uv": [0, 0, 0.5, 0.25], "rotation": 180, "texture": "#0"},
				"south": {"uv": [0, 0, 8, 0.25], "rotation": 180, "texture": "#0"},
				"west": {"uv": [0, 0, 0.5, 0.25], "rotation": 180, "texture": "#0"},
				"up": {"uv": [0, 0, 8, 0.5], "texture": "#0"},
				"down": {"uv": [0, 0, 8, 0.5], "texture": "#0"}
			}
		},
		{
			"from": [0, 3.34, 11.34037],
			"to": [23, 3.59, 11.84037],
			"rotation": {"angle": 45, "axis": "x", "origin": [9.5, 3.45199, 11.59037]},
			"faces": {
				"north": {"uv": [0, 0, 8, 0.25], "texture": "#0"},
				"east": {"uv": [0, 0, 0.5, 0.25], "texture": "#0"},
				"south": {"uv": [0, 0, 8, 0.25], "texture": "#0"},
				"west": {"uv": [0, 0, 0.5, 0.25], "texture": "#0"},
				"up": {"uv": [0, 0, 8, 0.5], "texture": "#0"},
				"down": {"uv": [0, 0, 8, 0.5], "texture": "#0"}
			}
		},
		{
			"from": [0, 4.22068, 12.84823],
			"to": [23, 4.72068, 13.09823],
			"rotation": {"angle": -45, "axis": "x", "origin": [9.5, 5.05043, 12.40869]},
			"faces": {
				"north": {"uv": [0, 0, 8, 0.5], "rotation": 180, "texture": "#0"},
				"east": {"uv": [0, 0, 0.5, 0.25], "rotation": 90, "texture": "#0"},
				"south": {"uv": [0, 0, 8, 0.5], "texture": "#0"},
				"west": {"uv": [0, 0, 0.5, 0.25], "rotation": 270, "texture": "#0"},
				"up": {"uv": [0, 0, 8, 0.25], "texture": "#0"},
				"down": {"uv": [0, 0, 8, 0.25], "rotation": 180, "texture": "#0"}
			}
		},
		{
			"from": [0, 6.67, 5],
			"to": [23, 6.92, 5.5],
			"rotation": {"angle": -45, "axis": "x", "origin": [17, 14.75, 13.25]},
			"faces": {
				"north": {"uv": [0, 0, 8, 0.25], "texture": "#0"},
				"east": {"uv": [0, 0, 0.5, 0.25], "texture": "#0"},
				"south": {"uv": [0, 0, 8, 0.25], "texture": "#0"},
				"west": {"uv": [0, 0, 0.5, 0.25], "texture": "#0"},
				"up": {"uv": [0, 0, 8, 0.5], "texture": "#0"},
				"down": {"uv": [0, 0, 8, 0.5], "texture": "#0"}
			}
		},
		{
			"from": [0, 5.48533, 11.5738],
			"to": [23, 5.73533, 12.0738],
			"rotation": {"angle": -45, "axis": "x", "origin": [9.5, 5.05043, 12.40869]},
			"faces": {
				"north": {"uv": [0, 0, 8, 0.25], "rotation": 180, "texture": "#0"},
				"east": {"uv": [0, 0, 0.5, 0.25], "rotation": 180, "texture": "#0"},
				"south": {"uv": [0, 0, 8, 0.25], "rotation": 180, "texture": "#0"},
				"west": {"uv": [0, 0, 0.5, 0.25], "rotation": 180, "texture": "#0"},
				"up": {"uv": [0, 0, 8, 0.5], "texture": "#0"},
				"down": {"uv": [0, 0, 8, 0.5], "texture": "#0"}
			}
		},
		{
			"from": [0, 3.69, 10.98],
			"to": [23, 4.19, 11.23],
			"rotation": {"angle": -22.5, "axis": "x", "origin": [9.5, 4.5, 11.5]},
			"faces": {
				"north": {"uv": [0, 0, 8, 0.5], "rotation": 180, "texture": "#0"},
				"east": {"uv": [0, 0, 0.5, 0.25], "rotation": 270, "texture": "#0"},
				"south": {"uv": [0, 0, 8, 0.5], "texture": "#0"},
				"west": {"uv": [0, 0, 0.5, 0.25], "rotation": 90, "texture": "#0"},
				"up": {"uv": [0, 0, 8, 0.25], "rotation": 180, "texture": "#0"},
				"down": {"uv": [0, 0, 8, 0.25], "texture": "#0"}
			}
		},
		{
			"from": [0, 4.04302, 13.11657],
			"to": [23, 4.54302, 13.36657],
			"rotation": {"angle": -22.5, "axis": "x", "origin": [9.5, 5.05043, 12.40869]},
			"faces": {
				"north": {"uv": [0, 0, 8, 0.5], "rotation": 180, "texture": "#0"},
				"east": {"uv": [0, 0, 0.5, 0.25], "rotation": 90, "texture": "#0"},
				"south": {"uv": [0, 0, 8, 0.5], "texture": "#0"},
				"west": {"uv": [0, 0, 0.5, 0.25], "rotation": 270, "texture": "#0"},
				"up": {"uv": [0, 0, 8, 0.25], "texture": "#0"},
				"down": {"uv": [0, 0, 8, 0.25], "rotation": 180, "texture": "#0"}
			}
		},
		{
			"from": [0, 3.57, 13.43475],
			"to": [23, 4.07, 13.68475],
			"rotation": {"angle": 22.5, "axis": "x", "origin": [9.5, 4.0763, 13.55975]},
			"faces": {
				"north": {"uv": [0, 0, 8, 0.5], "rotation": 180, "texture": "#0"},
				"east": {"uv": [0, 0, 0.5, 0.25], "rotation": 90, "texture": "#0"},
				"south": {"uv": [0, 0, 8, 0.5], "texture": "#0"},
				"west": {"uv": [0, 0, 0.5, 0.25], "rotation": 270, "texture": "#0"},
				"up": {"uv": [0, 0, 8, 0.25], "texture": "#0"},
				"down": {"uv": [0, 0, 8, 0.25], "rotation": 180, "texture": "#0"}
			}
		},
		{
			"from": [0, 4.03802, 11.45976],
			"to": [23, 4.53802, 11.70976],
			"rotation": {"angle": 22.5, "axis": "x", "origin": [9.5, 5.05043, 12.40869]},
			"faces": {
				"north": {"uv": [0, 0, 8, 0.5], "rotation": 180, "texture": "#0"},
				"east": {"uv": [0, 0, 0.5, 0.25], "rotation": 270, "texture": "#0"},
				"south": {"uv": [0, 0, 8, 0.5], "texture": "#0"},
				"west": {"uv": [0, 0, 0.5, 0.25], "rotation": 90, "texture": "#0"},
				"up": {"uv": [0, 0, 8, 0.25], "rotation": 180, "texture": "#0"},
				"down": {"uv": [0, 0, 8, 0.25], "texture": "#0"}
			}
		},
		{
			"from": [0, 4.02, 11.14],
			"to": [23, 4.52, 11.39],
			"rotation": {"angle": 0, "axis": "y", "origin": [17, 11.5, 19]},
			"faces": {
				"north": {"uv": [0, 0, 8, 0.5], "texture": "#0"},
				"east": {"uv": [0, 0, 0.25, 0.5], "texture": "#0"},
				"south": {"uv": [0, 0, 8, 0.5], "texture": "#0"},
				"west": {"uv": [0, 0, 0.25, 0.5], "texture": "#0"},
				"up": {"uv": [0, 0, 8, 0.25], "texture": "#0"},
				"down": {"uv": [0, 0, 8, 0.25], "texture": "#0"}
			}
		},
		{
			"from": [0, 4.02, 13.42],
			"to": [23, 4.52, 13.67],
			"rotation": {"angle": 0, "axis": "y", "origin": [17, 11.5, 21.25]},
			"faces": {
				"north": {"uv": [0, 0, 8, 0.5], "texture": "#0"},
				"east": {"uv": [0, 0, 0.25, 0.5], "texture": "#0"},
				"south": {"uv": [0, 0, 8, 0.5], "texture": "#0"},
				"west": {"uv": [0, 0, 0.25, 0.5], "texture": "#0"},
				"up": {"uv": [0, 0, 8, 0.25], "texture": "#0"},
				"down": {"uv": [0, 0, 8, 0.25], "texture": "#0"}
			}
		},
		{
			"from": [0, 2.75, 12.06],
			"to": [4, 3, 12.66],
			"rotation": {"angle": 0, "axis": "y", "origin": [5, 3, 12]},
			"faces": {
				"north": {"uv": [0, 0, 8, 0.25], "texture": "#0"},
				"east": {"uv": [0, 0, 0.5, 0.25], "texture": "#0"},
				"south": {"uv": [0, 0, 8, 0.25], "texture": "#0"},
				"west": {"uv": [0, 0, 0.5, 0.25], "texture": "#0"},
				"up": {"uv": [0, 0, 8, 0.5], "texture": "#0"},
				"down": {"uv": [0, 0, 8, 0.5], "texture": "#0"}
			}
		},
		{
			"from": [0, 5.50087, 12.15739],
			"to": [4, 5.75087, 12.80739],
			"rotation": {"angle": 0, "axis": "y", "origin": [5.5, 5.05043, 12.40869]},
			"faces": {
				"north": {"uv": [0, 0, 8, 0.25], "rotation": 180, "texture": "#0"},
				"east": {"uv": [0, 0, 0.5, 0.25], "rotation": 180, "texture": "#0"},
				"south": {"uv": [0, 0, 8, 0.25], "rotation": 180, "texture": "#0"},
				"west": {"uv": [0, 0, 0.5, 0.25], "rotation": 180, "texture": "#0"},
				"up": {"uv": [0, 0, 8, 0.5], "texture": "#0"},
				"down": {"uv": [0, 0, 8, 0.5], "texture": "#0"}
			}
		},
		{
			"from": [0, 8, 12.6],
			"to": [4, 8.25, 13.2],
			"rotation": {"angle": 22.5, "axis": "x", "origin": [-2, 8.25, -0.5]},
			"faces": {
				"north": {"uv": [0, 0, 8, 0.25], "texture": "#0"},
				"east": {"uv": [0, 0, 0.5, 0.25], "texture": "#0"},
				"south": {"uv": [0, 0, 8, 0.25], "texture": "#0"},
				"west": {"uv": [0, 0, 0.5, 0.25], "texture": "#0"},
				"up": {"uv": [0, 0, 8, 0.5], "texture": "#0"},
				"down": {"uv": [0, 0, 8, 0.5], "texture": "#0"}
			}
		},
		{
			"from": [0, 5.55615, 12.47149],
			"to": [4, 5.80615, 13.07149],
			"rotation": {"angle": 22.5, "axis": "x", "origin": [5.5, 5.05043, 12.40869]},
			"faces": {
				"north": {"uv": [0, 0, 8, 0.25], "rotation": 180, "texture": "#0"},
				"east": {"uv": [0, 0, 0.5, 0.25], "rotation": 180, "texture": "#0"},
				"south": {"uv": [0, 0, 8, 0.25], "rotation": 180, "texture": "#0"},
				"west": {"uv": [0, 0, 0.5, 0.25], "rotation": 180, "texture": "#0"},
				"up": {"uv": [0, 0, 8, 0.5], "texture": "#0"},
				"down": {"uv": [0, 0, 8, 0.5], "texture": "#0"}
			}
		},
		{
			"from": [0, 2.85, 12.48],
			"to": [4, 3.1, 13.08],
			"rotation": {"angle": -22.5, "axis": "x", "origin": [5.5, 3.26258, 12.87834]},
			"faces": {
				"north": {"uv": [0, 0, 8, 0.25], "texture": "#0"},
				"east": {"uv": [0, 0, 0.5, 0.25], "texture": "#0"},
				"south": {"uv": [0, 0, 8, 0.25], "texture": "#0"},
				"west": {"uv": [0, 0, 0.5, 0.25], "texture": "#0"},
				"up": {"uv": [0, 0, 8, 0.5], "texture": "#0"},
				"down": {"uv": [0, 0, 8, 0.5], "texture": "#0"}
			}
		},
		{
			"from": [0, 5.56629, 11.84503],
			"to": [4, 5.81629, 12.44503],
			"rotation": {"angle": -22.5, "axis": "x", "origin": [5.5, 5.05043, 12.40869]},
			"faces": {
				"north": {"uv": [0, 0, 8, 0.25], "rotation": 180, "texture": "#0"},
				"east": {"uv": [0, 0, 0.5, 0.25], "rotation": 180, "texture": "#0"},
				"south": {"uv": [0, 0, 8, 0.25], "rotation": 180, "texture": "#0"},
				"west": {"uv": [0, 0, 0.5, 0.25], "rotation": 180, "texture": "#0"},
				"up": {"uv": [0, 0, 8, 0.5], "texture": "#0"},
				"down": {"uv": [0, 0, 8, 0.5], "texture": "#0"}
			}
		},
		{
			"from": [0, 3.09, 11.24037],
			"to": [4, 3.34, 11.84037],
			"rotation": {"angle": 45, "axis": "x", "origin": [5.5, 3.45199, 11.59037]},
			"faces": {
				"north": {"uv": [0, 0, 8, 0.25], "texture": "#0"},
				"east": {"uv": [0, 0, 0.5, 0.25], "texture": "#0"},
				"south": {"uv": [0, 0, 8, 0.25], "texture": "#0"},
				"west": {"uv": [0, 0, 0.5, 0.25], "texture": "#0"},
				"up": {"uv": [0, 0, 8, 0.5], "texture": "#0"},
				"down": {"uv": [0, 0, 8, 0.5], "texture": "#0"}
			}
		},
		{
			"from": [0, 4.12068, 13.09823],
			"to": [4, 4.72068, 13.34823],
			"rotation": {"angle": -45, "axis": "x", "origin": [5.5, 5.05043, 12.40869]},
			"faces": {
				"north": {"uv": [0, 0, 8, 0.5], "rotation": 180, "texture": "#0"},
				"east": {"uv": [0, 0, 0.5, 0.25], "rotation": 90, "texture": "#0"},
				"south": {"uv": [0, 0, 8, 0.5], "texture": "#0"},
				"west": {"uv": [0, 0, 0.5, 0.25], "rotation": 270, "texture": "#0"},
				"up": {"uv": [0, 0, 8, 0.25], "texture": "#0"},
				"down": {"uv": [0, 0, 8, 0.25], "rotation": 180, "texture": "#0"}
			}
		},
		{
			"from": [0, 6.42, 4.9],
			"to": [4, 6.67, 5.5],
			"rotation": {"angle": -45, "axis": "x", "origin": [13, 14.75, 13.25]},
			"faces": {
				"north": {"uv": [0, 0, 8, 0.25], "texture": "#0"},
				"east": {"uv": [0, 0, 0.5, 0.25], "texture": "#0"},
				"south": {"uv": [0, 0, 8, 0.25], "texture": "#0"},
				"west": {"uv": [0, 0, 0.5, 0.25], "texture": "#0"},
				"up": {"uv": [0, 0, 8, 0.5], "texture": "#0"},
				"down": {"uv": [0, 0, 8, 0.5], "texture": "#0"}
			}
		},
		{
			"from": [0, 5.73533, 11.5738],
			"to": [4, 5.98533, 12.1738],
			"rotation": {"angle": -45, "axis": "x", "origin": [5.5, 5.05043, 12.40869]},
			"faces": {
				"north": {"uv": [0, 0, 8, 0.25], "rotation": 180, "texture": "#0"},
				"east": {"uv": [0, 0, 0.5, 0.25], "rotation": 180, "texture": "#0"},
				"south": {"uv": [0, 0, 8, 0.25], "rotation": 180, "texture": "#0"},
				"west": {"uv": [0, 0, 0.5, 0.25], "rotation": 180, "texture": "#0"},
				"up": {"uv": [0, 0, 8, 0.5], "texture": "#0"},
				"down": {"uv": [0, 0, 8, 0.5], "texture": "#0"}
			}
		},
		{
			"from": [0, 3.69, 10.73],
			"to": [4, 4.29, 10.98],
			"rotation": {"angle": -22.5, "axis": "x", "origin": [5.5, 4.5, 11.5]},
			"faces": {
				"north": {"uv": [0, 0, 8, 0.5], "rotation": 180, "texture": "#0"},
				"east": {"uv": [0, 0, 0.5, 0.25], "rotation": 270, "texture": "#0"},
				"south": {"uv": [0, 0, 8, 0.5], "texture": "#0"},
				"west": {"uv": [0, 0, 0.5, 0.25], "rotation": 90, "texture": "#0"},
				"up": {"uv": [0, 0, 8, 0.25], "rotation": 180, "texture": "#0"},
				"down": {"uv": [0, 0, 8, 0.25], "texture": "#0"}
			}
		},
		{
			"from": [0, 3.94302, 13.36657],
			"to": [4, 4.54302, 13.61657],
			"rotation": {"angle": -22.5, "axis": "x", "origin": [5.5, 5.05043, 12.40869]},
			"faces": {
				"north": {"uv": [0, 0, 8, 0.5], "rotation": 180, "texture": "#0"},
				"east": {"uv": [0, 0, 0.5, 0.25], "rotation": 90, "texture": "#0"},
				"south": {"uv": [0, 0, 8, 0.5], "texture": "#0"},
				"west": {"uv": [0, 0, 0.5, 0.25], "rotation": 270, "texture": "#0"},
				"up": {"uv": [0, 0, 8, 0.25], "texture": "#0"},
				"down": {"uv": [0, 0, 8, 0.25], "rotation": 180, "texture": "#0"}
			}
		},
		{
			"from": [0, 3.37, 13.68475],
			"to": [4, 4.07, 13.93475],
			"rotation": {"angle": 22.5, "axis": "x", "origin": [5.5, 4.0763, 13.55975]},
			"faces": {
				"north": {"uv": [0, 0, 8, 0.5], "rotation": 180, "texture": "#0"},
				"east": {"uv": [0, 0, 0.5, 0.25], "rotation": 90, "texture": "#0"},
				"south": {"uv": [0, 0, 8, 0.5], "texture": "#0"},
				"west": {"uv": [0, 0, 0.5, 0.25], "rotation": 270, "texture": "#0"},
				"up": {"uv": [0, 0, 8, 0.25], "texture": "#0"},
				"down": {"uv": [0, 0, 8, 0.25], "rotation": 180, "texture": "#0"}
			}
		},
		{
			"from": [0, 4.03802, 11.20976],
			"to": [4, 4.63802, 11.45976],
			"rotation": {"angle": 22.5, "axis": "x", "origin": [5.5, 5.05043, 12.40869]},
			"faces": {
				"north": {"uv": [0, 0, 8, 0.5], "rotation": 180, "texture": "#0"},
				"east": {"uv": [0, 0, 0.5, 0.25], "rotation": 270, "texture": "#0"},
				"south": {"uv": [0, 0, 8, 0.5], "texture": "#0"},
				"west": {"uv": [0, 0, 0.5, 0.25], "rotation": 90, "texture": "#0"},
				"up": {"uv": [0, 0, 8, 0.25], "rotation": 180, "texture": "#0"},
				"down": {"uv": [0, 0, 8, 0.25], "texture": "#0"}
			}
		},
		{
			"from": [0, 4.02, 10.89],
			"to": [4, 4.62, 11.14],
			"rotation": {"angle": 0, "axis": "y", "origin": [13, 11.5, 19]},
			"faces": {
				"north": {"uv": [0, 0, 8, 0.5], "texture": "#0"},
				"east": {"uv": [0, 0, 0.25, 0.5], "texture": "#0"},
				"south": {"uv": [0, 0, 8, 0.5], "texture": "#0"},
				"west": {"uv": [0, 0, 0.25, 0.5], "texture": "#0"},
				"up": {"uv": [0, 0, 8, 0.25], "texture": "#0"},
				"down": {"uv": [0, 0, 8, 0.25], "texture": "#0"}
			}
		},
		{
			"from": [0, 3.92, 13.67],
			"to": [4, 4.52, 13.92],
			"rotation": {"angle": 0, "axis": "y", "origin": [13, 11.5, 21.25]},
			"faces": {
				"north": {"uv": [0, 0, 8, 0.5], "texture": "#0"},
				"east": {"uv": [0, 0, 0.25, 0.5], "texture": "#0"},
				"south": {"uv": [0, 0, 8, 0.5], "texture": "#0"},
				"west": {"uv": [0, 0, 0.25, 0.5], "texture": "#0"},
				"up": {"uv": [0, 0, 8, 0.25], "texture": "#0"},
				"down": {"uv": [0, 0, 8, 0.25], "texture": "#0"}
			}
		},
		{
			"from": [0.4, 6.15, 12.06],
			"to": [0.7, 9.2, 12.66],
			"rotation": {"angle": 0, "axis": "y", "origin": [5.4, 6.4, 12]},
			"faces": {
				"north": {"uv": [0, 0, 8, 0.25], "texture": "#0"},
				"east": {"uv": [0, 0, 0.5, 0.25], "texture": "#0"},
				"south": {"uv": [0, 0, 8, 0.25], "texture": "#0"},
				"west": {"uv": [0, 0, 0.5, 0.25], "texture": "#0"},
				"up": {"uv": [0, 0, 8, 0.5], "texture": "#0"},
				"down": {"uv": [0, 0, 8, 0.5], "texture": "#0"}
			}
		},
		{
			"from": [0.4, 11.4, 12.6],
			"to": [0.7, 14.45, 13.2],
			"rotation": {"angle": 22.5, "axis": "x", "origin": [-1.6, 11.65, -0.5]},
			"faces": {
				"north": {"uv": [0, 0, 8, 0.25], "texture": "#0"},
				"east": {"uv": [0, 0, 0.5, 0.25], "texture": "#0"},
				"south": {"uv": [0, 0, 8, 0.25], "texture": "#0"},
				"west": {"uv": [0, 0, 0.5, 0.25], "texture": "#0"},
				"up": {"uv": [0, 0, 8, 0.5], "texture": "#0"},
				"down": {"uv": [0, 0, 8, 0.5], "texture": "#0"}
			}
		},
		{
			"from": [0.4, 6.49, 11.24037],
			"to": [0.7, 9.54, 11.84037],
			"rotation": {"angle": 45, "axis": "x", "origin": [5.9, 6.85199, 11.59037]},
			"faces": {
				"north": {"uv": [0, 0, 8, 0.25], "texture": "#0"},
				"east": {"uv": [0, 0, 0.5, 0.25], "texture": "#0"},
				"south": {"uv": [0, 0, 8, 0.25], "texture": "#0"},
				"west": {"uv": [0, 0, 0.5, 0.25], "texture": "#0"},
				"up": {"uv": [0, 0, 8, 0.5], "texture": "#0"},
				"down": {"uv": [0, 0, 8, 0.5], "texture": "#0"}
			}
		},
		{
			"from": [0.4, 7.09, 10.73],
			"to": [0.7, 7.69, 13.78],
			"rotation": {"angle": -22.5, "axis": "x", "origin": [5.9, 7.9, 11.5]},
			"faces": {
				"north": {"uv": [0, 0, 8, 0.5], "rotation": 180, "texture": "#0"},
				"east": {"uv": [0, 0, 0.5, 0.25], "rotation": 270, "texture": "#0"},
				"south": {"uv": [0, 0, 8, 0.5], "texture": "#0"},
				"west": {"uv": [0, 0, 0.5, 0.25], "rotation": 90, "texture": "#0"},
				"up": {"uv": [0, 0, 8, 0.25], "rotation": 180, "texture": "#0"},
				"down": {"uv": [0, 0, 8, 0.25], "texture": "#0"}
			}
		},
		{
			"from": [0.4, 7.32, 10.87],
			"to": [0.7, 8.02, 13.92],
			"rotation": {"angle": 0, "axis": "y", "origin": [13.4, 14.9, 21.25]},
			"faces": {
				"north": {"uv": [0, 0, 8, 0.5], "texture": "#0"},
				"east": {"uv": [0, 0, 0.25, 0.5], "texture": "#0"},
				"south": {"uv": [0, 0, 8, 0.5], "texture": "#0"},
				"west": {"uv": [0, 0, 0.25, 0.5], "texture": "#0"},
				"up": {"uv": [0, 0, 8, 0.25], "texture": "#0"},
				"down": {"uv": [0, 0, 8, 0.25], "texture": "#0"}
			}
		},
		{
			"from": [0.4, 6.77, 10.88475],
			"to": [0.7, 7.47, 13.93475],
			"rotation": {"angle": 22.5, "axis": "x", "origin": [5.9, 7.4763, 13.55975]},
			"faces": {
				"north": {"uv": [0, 0, 8, 0.5], "rotation": 180, "texture": "#0"},
				"east": {"uv": [0, 0, 0.5, 0.25], "rotation": 90, "texture": "#0"},
				"south": {"uv": [0, 0, 8, 0.5], "texture": "#0"},
				"west": {"uv": [0, 0, 0.5, 0.25], "rotation": 270, "texture": "#0"},
				"up": {"uv": [0, 0, 8, 0.25], "texture": "#0"},
				"down": {"uv": [0, 0, 8, 0.25], "rotation": 180, "texture": "#0"}
			}
		},
		{
			"from": [0.4, 9.82, 4.9],
			"to": [0.7, 12.87, 5.5],
			"rotation": {"angle": -45, "axis": "x", "origin": [13.4, 18.15, 13.25]},
			"faces": {
				"north": {"uv": [0, 0, 8, 0.25], "texture": "#0"},
				"east": {"uv": [0, 0, 0.5, 0.25], "texture": "#0"},
				"south": {"uv": [0, 0, 8, 0.25], "texture": "#0"},
				"west": {"uv": [0, 0, 0.5, 0.25], "texture": "#0"},
				"up": {"uv": [0, 0, 8, 0.5], "texture": "#0"},
				"down": {"uv": [0, 0, 8, 0.5], "texture": "#0"}
			}
		},
		{
			"from": [0.4, 6.25, 12.48],
			"to": [0.7, 9.3, 13.08],
			"rotation": {"angle": -22.5, "axis": "x", "origin": [5.9, 6.66258, 12.87834]},
			"faces": {
				"north": {"uv": [0, 0, 8, 0.25], "texture": "#0"},
				"east": {"uv": [0, 0, 0.5, 0.25], "texture": "#0"},
				"south": {"uv": [0, 0, 8, 0.25], "texture": "#0"},
				"west": {"uv": [0, 0, 0.5, 0.25], "texture": "#0"},
				"up": {"uv": [0, 0, 8, 0.5], "texture": "#0"},
				"down": {"uv": [0, 0, 8, 0.5], "texture": "#0"}
			}
		},
		{
			"from": [0.5, 5.6, 11.9],
			"to": [0.6, 6, 12.1],
			"rotation": {"angle": 0, "axis": "y", "origin": [8.5, 13.6, 19.9]},
			"faces": {
				"north": {"uv": [0, 0, 0.1, 0.4], "texture": "#2"},
				"east": {"uv": [0, 0, 0.2, 0.4], "texture": "#2"},
				"south": {"uv": [0, 0, 0.1, 0.4], "texture": "#2"},
				"west": {"uv": [0, 0, 0.2, 0.4], "texture": "#2"},
				"up": {"uv": [0, 0, 0.1, 0.2], "texture": "#2"},
				"down": {"uv": [0, 0, 0.1, 0.2], "texture": "#2"}
			}
		},
		{
			"from": [22.4, 5.9, 11.9],
			"to": [22.5, 6.3, 12.1],
			"rotation": {"angle": 0, "axis": "y", "origin": [30.4, 13.9, 19.9]},
			"faces": {
				"north": {"uv": [0, 0, 0.1, 0.4], "texture": "#2"},
				"east": {"uv": [0, 0, 0.2, 0.4], "texture": "#2"},
				"south": {"uv": [0, 0, 0.1, 0.4], "texture": "#2"},
				"west": {"uv": [0, 0, 0.2, 0.4], "texture": "#2"},
				"up": {"uv": [0, 0, 0.1, 0.2], "texture": "#2"},
				"down": {"uv": [0, 0, 0.1, 0.2], "texture": "#2"}
			}
		},
		{
			"from": [0.5, 6, 11.9],
			"to": [0.6, 6.2, 13],
			"rotation": {"angle": 0, "axis": "y", "origin": [8.5, 14, 19.9]},
			"faces": {
				"north": {"uv": [0, 0, 0.1, 0.2], "texture": "#2"},
				"east": {"uv": [0, 0, 1.1, 0.2], "texture": "#2"},
				"south": {"uv": [0, 0, 0.1, 0.2], "texture": "#2"},
				"west": {"uv": [0, 0, 1.1, 0.2], "texture": "#2"},
				"up": {"uv": [0, 0, 0.1, 1.1], "texture": "#2"},
				"down": {"uv": [0, 0, 0.1, 1.1], "texture": "#2"}
			}
		},
		{
			"from": [22.4, 6.3, 11.9],
			"to": [22.5, 6.5, 13],
			"rotation": {"angle": 0, "axis": "y", "origin": [30.4, 14.3, 19.9]},
			"faces": {
				"north": {"uv": [0, 0, 0.1, 0.2], "texture": "#2"},
				"east": {"uv": [0, 0, 1.1, 0.2], "texture": "#2"},
				"south": {"uv": [0, 0, 0.1, 0.2], "texture": "#2"},
				"west": {"uv": [0, 0, 1.1, 0.2], "texture": "#2"},
				"up": {"uv": [0, 0, 0.1, 1.1], "texture": "#2"},
				"down": {"uv": [0, 0, 0.1, 1.1], "texture": "#2"}
			}
		},
		{
			"from": [0.5, 5.6, 12.8],
			"to": [0.6, 6, 13],
			"rotation": {"angle": 0, "axis": "y", "origin": [8.5, 13.6, 20.8]},
			"faces": {
				"north": {"uv": [0, 0, 0.1, 0.4], "texture": "#2"},
				"east": {"uv": [0, 0, 0.2, 0.4], "texture": "#2"},
				"south": {"uv": [0, 0, 0.1, 0.4], "texture": "#2"},
				"west": {"uv": [0, 0, 0.2, 0.4], "texture": "#2"},
				"up": {"uv": [0, 0, 0.1, 0.2], "texture": "#2"},
				"down": {"uv": [0, 0, 0.1, 0.2], "texture": "#2"}
			}
		},
		{
			"from": [22.4, 5.9, 12.8],
			"to": [22.5, 6.3, 13],
			"rotation": {"angle": 0, "axis": "y", "origin": [30.4, 13.9, 20.8]},
			"faces": {
				"north": {"uv": [0, 0, 0.1, 0.4], "texture": "#2"},
				"east": {"uv": [0, 0, 0.2, 0.4], "texture": "#2"},
				"south": {"uv": [0, 0, 0.1, 0.4], "texture": "#2"},
				"west": {"uv": [0, 0, 0.2, 0.4], "texture": "#2"},
				"up": {"uv": [0, 0, 0.1, 0.2], "texture": "#2"},
				"down": {"uv": [0, 0, 0.1, 0.2], "texture": "#2"}
			}
		},
		{
			"from": [0.9, 3.25, 11.3],
			"to": [1, 5.25, 13.5],
			"rotation": {"angle": 0, "axis": "y", "origin": [8, 11.75, 19.9]},
			"faces": {
				"north": {"uv": [0, 0, 0.1, 2], "texture": "#6"},
				"east": {"uv": [0, 0, 2.2, 2], "texture": "#6"},
				"south": {"uv": [0, 0, 0.1, 2], "texture": "#6"},
				"west": {"uv": [0, 0, 2.2, 2], "texture": "#6"},
				"up": {"uv": [0, 0, 0.1, 2.2], "texture": "#6"},
				"down": {"uv": [0, 0, 0.1, 2.2], "texture": "#6"}
			}
		},
		{
			"from": [21.9, 3.25, 11.3],
			"to": [22, 5.25, 13.5],
			"rotation": {"angle": 0, "axis": "y", "origin": [29, 11.75, 19.9]},
			"faces": {
				"north": {"uv": [0, 0, 0.1, 2], "texture": "#6"},
				"east": {"uv": [0, 0, 2.2, 2], "texture": "#6"},
				"south": {"uv": [0, 0, 0.1, 2], "texture": "#6"},
				"west": {"uv": [0, 0, 2.2, 2], "texture": "#6"},
				"up": {"uv": [0, 0, 0.1, 2.2], "texture": "#6"},
				"down": {"uv": [0, 0, 0.1, 2.2], "texture": "#6"}
			}
		},
		{
			"from": [0.85, 4.2, 12.4],
			"to": [0.9, 4.3, 12.5],
			"rotation": {"angle": 0, "axis": "y", "origin": [7.9, 12.2, 20.4]},
			"faces": {
				"north": {"uv": [0, 0, 0.05, 0.1], "texture": "#4"},
				"east": {"uv": [0, 0, 0.1, 0.1], "texture": "#4"},
				"south": {"uv": [0, 0, 0.05, 0.1], "texture": "#4"},
				"west": {"uv": [0, 0, 0.1, 0.1], "texture": "#4"},
				"up": {"uv": [0, 0, 0.05, 0.1], "texture": "#4"},
				"down": {"uv": [0, 0, 0.05, 0.1], "texture": "#4"}
			}
		},
		{
			"from": [0.85, 4.2, 12],
			"to": [0.9, 4.3, 12.2],
			"rotation": {"angle": 0, "axis": "y", "origin": [7.9, 12.2, 20.1]},
			"faces": {
				"north": {"uv": [0, 0, 0.05, 0.1], "texture": "#4"},
				"east": {"uv": [0, 0, 0.2, 0.1], "texture": "#4"},
				"south": {"uv": [0, 0, 0.05, 0.1], "texture": "#4"},
				"west": {"uv": [0, 0, 0.2, 0.1], "texture": "#4"},
				"up": {"uv": [0, 0, 0.05, 0.2], "texture": "#4"},
				"down": {"uv": [0, 0, 0.05, 0.2], "texture": "#4"}
			}
		},
		{
			"from": [0.85, 4.2, 12.7],
			"to": [0.9, 4.3, 12.9],
			"rotation": {"angle": 0, "axis": "y", "origin": [7.9, 12.2, 20.7]},
			"faces": {
				"north": {"uv": [0, 0, 0.05, 0.1], "texture": "#4"},
				"east": {"uv": [0, 0, 0.2, 0.1], "texture": "#4"},
				"south": {"uv": [0, 0, 0.05, 0.1], "texture": "#4"},
				"west": {"uv": [0, 0, 0.2, 0.1], "texture": "#4"},
				"up": {"uv": [0, 0, 0.05, 0.2], "texture": "#4"},
				"down": {"uv": [0, 0, 0.05, 0.2], "texture": "#4"}
			}
		},
		{
			"from": [0.85, 4.5, 12.4],
			"to": [0.9, 4.7, 12.5],
			"rotation": {"angle": 0, "axis": "y", "origin": [7.9, 12.5, 20.4]},
			"faces": {
				"north": {"uv": [0, 0, 0.05, 0.2], "texture": "#4"},
				"east": {"uv": [0, 0, 0.1, 0.2], "texture": "#4"},
				"south": {"uv": [0, 0, 0.05, 0.2], "texture": "#4"},
				"west": {"uv": [0, 0, 0.1, 0.2], "texture": "#4"},
				"up": {"uv": [0, 0, 0.05, 0.1], "texture": "#4"},
				"down": {"uv": [0, 0, 0.05, 0.1], "texture": "#4"}
			}
		},
		{
			"from": [0.85, 3.8, 12.4],
			"to": [0.9, 4, 12.5],
			"rotation": {"angle": 0, "axis": "y", "origin": [7.9, 11.9, 20.4]},
			"faces": {
				"north": {"uv": [0, 0, 0.05, 0.2], "texture": "#4"},
				"east": {"uv": [0, 0, 0.1, 0.2], "texture": "#4"},
				"south": {"uv": [0, 0, 0.05, 0.2], "texture": "#4"},
				"west": {"uv": [0, 0, 0.1, 0.2], "texture": "#4"},
				"up": {"uv": [0, 0, 0.05, 0.1], "texture": "#4"},
				"down": {"uv": [0, 0, 0.05, 0.1], "texture": "#4"}
			}
		},
		{
			"from": [15, 2.75, 12.06],
			"to": [23, 3, 12.66],
			"rotation": {"angle": 0, "axis": "y", "origin": [20, 3, 12]},
			"faces": {
				"north": {"uv": [0, 0, 8, 0.25], "texture": "#0"},
				"east": {"uv": [0, 0, 0.5, 0.25], "texture": "#0"},
				"south": {"uv": [0, 0, 8, 0.25], "texture": "#0"},
				"west": {"uv": [0, 0, 0.5, 0.25], "texture": "#0"},
				"up": {"uv": [0, 0, 8, 0.5], "texture": "#0"},
				"down": {"uv": [0, 0, 8, 0.5], "texture": "#0"}
			}
		},
		{
			"from": [15, 5.50087, 12.15739],
			"to": [23, 5.75087, 12.80739],
			"rotation": {"angle": 0, "axis": "y", "origin": [20.5, 5.05043, 12.40869]},
			"faces": {
				"north": {"uv": [0, 0, 8, 0.25], "rotation": 180, "texture": "#0"},
				"east": {"uv": [0, 0, 0.5, 0.25], "rotation": 180, "texture": "#0"},
				"south": {"uv": [0, 0, 8, 0.25], "rotation": 180, "texture": "#0"},
				"west": {"uv": [0, 0, 0.5, 0.25], "rotation": 180, "texture": "#0"},
				"up": {"uv": [0, 0, 8, 0.5], "texture": "#0"},
				"down": {"uv": [0, 0, 8, 0.5], "texture": "#0"}
			}
		},
		{
			"from": [15, 8, 12.6],
			"to": [23, 8.25, 13.2],
			"rotation": {"angle": 22.5, "axis": "x", "origin": [13, 8.25, -0.5]},
			"faces": {
				"north": {"uv": [0, 0, 8, 0.25], "texture": "#0"},
				"east": {"uv": [0, 0, 0.5, 0.25], "texture": "#0"},
				"south": {"uv": [0, 0, 8, 0.25], "texture": "#0"},
				"west": {"uv": [0, 0, 0.5, 0.25], "texture": "#0"},
				"up": {"uv": [0, 0, 8, 0.5], "texture": "#0"},
				"down": {"uv": [0, 0, 8, 0.5], "texture": "#0"}
			}
		},
		{
			"from": [15, 5.55615, 12.47149],
			"to": [23, 5.80615, 13.07149],
			"rotation": {"angle": 22.5, "axis": "x", "origin": [20.5, 5.05043, 12.40869]},
			"faces": {
				"north": {"uv": [0, 0, 8, 0.25], "rotation": 180, "texture": "#0"},
				"east": {"uv": [0, 0, 0.5, 0.25], "rotation": 180, "texture": "#0"},
				"south": {"uv": [0, 0, 8, 0.25], "rotation": 180, "texture": "#0"},
				"west": {"uv": [0, 0, 0.5, 0.25], "rotation": 180, "texture": "#0"},
				"up": {"uv": [0, 0, 8, 0.5], "texture": "#0"},
				"down": {"uv": [0, 0, 8, 0.5], "texture": "#0"}
			}
		},
		{
			"from": [15, 2.85, 12.48],
			"to": [23, 3.1, 13.08],
			"rotation": {"angle": -22.5, "axis": "x", "origin": [20.5, 3.26258, 12.87834]},
			"faces": {
				"north": {"uv": [0, 0, 8, 0.25], "texture": "#0"},
				"east": {"uv": [0, 0, 0.5, 0.25], "texture": "#0"},
				"south": {"uv": [0, 0, 8, 0.25], "texture": "#0"},
				"west": {"uv": [0, 0, 0.5, 0.25], "texture": "#0"},
				"up": {"uv": [0, 0, 8, 0.5], "texture": "#0"},
				"down": {"uv": [0, 0, 8, 0.5], "texture": "#0"}
			}
		},
		{
			"from": [15, 5.56629, 11.84503],
			"to": [23, 5.81629, 12.44503],
			"rotation": {"angle": -22.5, "axis": "x", "origin": [20.5, 5.05043, 12.40869]},
			"faces": {
				"north": {"uv": [0, 0, 8, 0.25], "rotation": 180, "texture": "#0"},
				"east": {"uv": [0, 0, 0.5, 0.25], "rotation": 180, "texture": "#0"},
				"south": {"uv": [0, 0, 8, 0.25], "rotation": 180, "texture": "#0"},
				"west": {"uv": [0, 0, 0.5, 0.25], "rotation": 180, "texture": "#0"},
				"up": {"uv": [0, 0, 8, 0.5], "texture": "#0"},
				"down": {"uv": [0, 0, 8, 0.5], "texture": "#0"}
			}
		},
		{
			"from": [15, 3.09, 11.24037],
			"to": [23, 3.34, 11.84037],
			"rotation": {"angle": 45, "axis": "x", "origin": [20.5, 3.45199, 11.59037]},
			"faces": {
				"north": {"uv": [0, 0, 8, 0.25], "texture": "#0"},
				"east": {"uv": [0, 0, 0.5, 0.25], "texture": "#0"},
				"south": {"uv": [0, 0, 8, 0.25], "texture": "#0"},
				"west": {"uv": [0, 0, 0.5, 0.25], "texture": "#0"},
				"up": {"uv": [0, 0, 8, 0.5], "texture": "#0"},
				"down": {"uv": [0, 0, 8, 0.5], "texture": "#0"}
			}
		},
		{
			"from": [15, 4.12068, 13.09823],
			"to": [23, 4.72068, 13.34823],
			"rotation": {"angle": -45, "axis": "x", "origin": [20.5, 5.05043, 12.40869]},
			"faces": {
				"north": {"uv": [0, 0, 8, 0.5], "rotation": 180, "texture": "#0"},
				"east": {"uv": [0, 0, 0.5, 0.25], "rotation": 90, "texture": "#0"},
				"south": {"uv": [0, 0, 8, 0.5], "texture": "#0"},
				"west": {"uv": [0, 0, 0.5, 0.25], "rotation": 270, "texture": "#0"},
				"up": {"uv": [0, 0, 8, 0.25], "texture": "#0"},
				"down": {"uv": [0, 0, 8, 0.25], "rotation": 180, "texture": "#0"}
			}
		},
		{
			"from": [15, 6.42, 4.9],
			"to": [23, 6.67, 5.5],
			"rotation": {"angle": -45, "axis": "x", "origin": [28, 14.75, 13.25]},
			"faces": {
				"north": {"uv": [0, 0, 8, 0.25], "texture": "#0"},
				"east": {"uv": [0, 0, 0.5, 0.25], "texture": "#0"},
				"south": {"uv": [0, 0, 8, 0.25], "texture": "#0"},
				"west": {"uv": [0, 0, 0.5, 0.25], "texture": "#0"},
				"up": {"uv": [0, 0, 8, 0.5], "texture": "#0"},
				"down": {"uv": [0, 0, 8, 0.5], "texture": "#0"}
			}
		},
		{
			"from": [15, 5.73533, 11.5738],
			"to": [23, 5.98533, 12.1738],
			"rotation": {"angle": -45, "axis": "x", "origin": [20.5, 5.05043, 12.40869]},
			"faces": {
				"north": {"uv": [0, 0, 8, 0.25], "rotation": 180, "texture": "#0"},
				"east": {"uv": [0, 0, 0.5, 0.25], "rotation": 180, "texture": "#0"},
				"south": {"uv": [0, 0, 8, 0.25], "rotation": 180, "texture": "#0"},
				"west": {"uv": [0, 0, 0.5, 0.25], "rotation": 180, "texture": "#0"},
				"up": {"uv": [0, 0, 8, 0.5], "texture": "#0"},
				"down": {"uv": [0, 0, 8, 0.5], "texture": "#0"}
			}
		},
		{
			"from": [15, 3.69, 10.73],
			"to": [23, 4.29, 10.98],
			"rotation": {"angle": -22.5, "axis": "x", "origin": [20.5, 4.5, 11.5]},
			"faces": {
				"north": {"uv": [0, 0, 8, 0.5], "rotation": 180, "texture": "#0"},
				"east": {"uv": [0, 0, 0.5, 0.25], "rotation": 270, "texture": "#0"},
				"south": {"uv": [0, 0, 8, 0.5], "texture": "#0"},
				"west": {"uv": [0, 0, 0.5, 0.25], "rotation": 90, "texture": "#0"},
				"up": {"uv": [0, 0, 8, 0.25], "rotation": 180, "texture": "#0"},
				"down": {"uv": [0, 0, 8, 0.25], "texture": "#0"}
			}
		},
		{
			"from": [15, 4.41888, 13.59312],
			"to": [23, 5.01888, 13.84312],
			"rotation": {"angle": -22.5, "axis": "x", "origin": [17, 4.71888, 13.71812]},
			"faces": {
				"north": {"uv": [0, 0, 8, 0.5], "rotation": 180, "texture": "#0"},
				"east": {"uv": [0, 0, 0.5, 0.25], "rotation": 90, "texture": "#0"},
				"south": {"uv": [0, 0, 8, 0.5], "texture": "#0"},
				"west": {"uv": [0, 0, 0.5, 0.25], "rotation": 270, "texture": "#0"},
				"up": {"uv": [0, 0, 8, 0.25], "texture": "#0"},
				"down": {"uv": [0, 0, 8, 0.25], "rotation": 180, "texture": "#0"}
			}
		},
		{
			"from": [15, 3.37, 13.68475],
			"to": [23, 4.07, 13.93475],
			"rotation": {"angle": 22.5, "axis": "x", "origin": [20.5, 4.0763, 13.55975]},
			"faces": {
				"north": {"uv": [0, 0, 8, 0.5], "rotation": 180, "texture": "#0"},
				"east": {"uv": [0, 0, 0.5, 0.25], "rotation": 90, "texture": "#0"},
				"south": {"uv": [0, 0, 8, 0.5], "texture": "#0"},
				"west": {"uv": [0, 0, 0.5, 0.25], "rotation": 270, "texture": "#0"},
				"up": {"uv": [0, 0, 8, 0.25], "texture": "#0"},
				"down": {"uv": [0, 0, 8, 0.25], "rotation": 180, "texture": "#0"}
			}
		},
		{
			"from": [15, 4.03802, 11.20976],
			"to": [23, 4.63802, 11.45976],
			"rotation": {"angle": 22.5, "axis": "x", "origin": [20.5, 5.05043, 12.40869]},
			"faces": {
				"north": {"uv": [0, 0, 8, 0.5], "rotation": 180, "texture": "#0"},
				"east": {"uv": [0, 0, 0.5, 0.25], "rotation": 270, "texture": "#0"},
				"south": {"uv": [0, 0, 8, 0.5], "texture": "#0"},
				"west": {"uv": [0, 0, 0.5, 0.25], "rotation": 90, "texture": "#0"},
				"up": {"uv": [0, 0, 8, 0.25], "rotation": 180, "texture": "#0"},
				"down": {"uv": [0, 0, 8, 0.25], "texture": "#0"}
			}
		},
		{
			"from": [15, 4.02, 10.89],
			"to": [23, 4.62, 11.14],
			"rotation": {"angle": 0, "axis": "y", "origin": [28, 11.5, 19]},
			"faces": {
				"north": {"uv": [0, 0, 8, 0.5], "texture": "#0"},
				"east": {"uv": [0, 0, 0.25, 0.5], "texture": "#0"},
				"south": {"uv": [0, 0, 8, 0.5], "texture": "#0"},
				"west": {"uv": [0, 0, 0.25, 0.5], "texture": "#0"},
				"up": {"uv": [0, 0, 8, 0.25], "texture": "#0"},
				"down": {"uv": [0, 0, 8, 0.25], "texture": "#0"}
			}
		},
		{
			"from": [15, 3.92, 13.67],
			"to": [23, 4.52, 13.92],
			"rotation": {"angle": 0, "axis": "y", "origin": [28, 11.5, 21.25]},
			"faces": {
				"north": {"uv": [0, 0, 8, 0.5], "texture": "#0"},
				"east": {"uv": [0, 0, 0.25, 0.5], "texture": "#0"},
				"south": {"uv": [0, 0, 8, 0.5], "texture": "#0"},
				"west": {"uv": [0, 0, 0.25, 0.5], "texture": "#0"},
				"up": {"uv": [0, 0, 8, 0.25], "texture": "#0"},
				"down": {"uv": [0, 0, 8, 0.25], "texture": "#0"}
			}
		},
		{
			"from": [19, 2.5, 12.06],
			"to": [23, 2.75, 12.76],
			"rotation": {"angle": 0, "axis": "y", "origin": [24, 3, 12]},
			"faces": {
				"north": {"uv": [0, 0, 8, 0.25], "texture": "#0"},
				"east": {"uv": [0, 0, 0.5, 0.25], "texture": "#0"},
				"south": {"uv": [0, 0, 8, 0.25], "texture": "#0"},
				"west": {"uv": [0, 0, 0.5, 0.25], "texture": "#0"},
				"up": {"uv": [0, 0, 8, 0.5], "texture": "#0"},
				"down": {"uv": [0, 0, 8, 0.5], "texture": "#0"}
			}
		},
		{
			"from": [19, 5.75087, 12.05739],
			"to": [23, 6.00087, 12.80739],
			"rotation": {"angle": 0, "axis": "y", "origin": [24.5, 5.05043, 12.40869]},
			"faces": {
				"north": {"uv": [0, 0, 8, 0.25], "rotation": 180, "texture": "#0"},
				"east": {"uv": [0, 0, 0.5, 0.25], "rotation": 180, "texture": "#0"},
				"south": {"uv": [0, 0, 8, 0.25], "rotation": 180, "texture": "#0"},
				"west": {"uv": [0, 0, 0.5, 0.25], "rotation": 180, "texture": "#0"},
				"up": {"uv": [0, 0, 8, 0.5], "texture": "#0"},
				"down": {"uv": [0, 0, 8, 0.5], "texture": "#0"}
			}
		},
		{
			"from": [19, 7.75, 12.6],
			"to": [23, 8, 13.3],
			"rotation": {"angle": 22.5, "axis": "x", "origin": [17, 8.25, -0.5]},
			"faces": {
				"north": {"uv": [0, 0, 8, 0.25], "texture": "#0"},
				"east": {"uv": [0, 0, 0.5, 0.25], "texture": "#0"},
				"south": {"uv": [0, 0, 8, 0.25], "texture": "#0"},
				"west": {"uv": [0, 0, 0.5, 0.25], "texture": "#0"},
				"up": {"uv": [0, 0, 8, 0.5], "texture": "#0"},
				"down": {"uv": [0, 0, 8, 0.5], "texture": "#0"}
			}
		},
		{
			"from": [19, 5.80615, 12.37149],
			"to": [23, 6.05615, 13.07149],
			"rotation": {"angle": 22.5, "axis": "x", "origin": [24.5, 5.05043, 12.40869]},
			"faces": {
				"north": {"uv": [0, 0, 8, 0.25], "rotation": 180, "texture": "#0"},
				"east": {"uv": [0, 0, 0.5, 0.25], "rotation": 180, "texture": "#0"},
				"south": {"uv": [0, 0, 8, 0.25], "rotation": 180, "texture": "#0"},
				"west": {"uv": [0, 0, 0.5, 0.25], "rotation": 180, "texture": "#0"},
				"up": {"uv": [0, 0, 8, 0.5], "texture": "#0"},
				"down": {"uv": [0, 0, 8, 0.5], "texture": "#0"}
			}
		},
		{
			"from": [19, 2.6, 12.48],
			"to": [23, 2.85, 13.18],
			"rotation": {"angle": -22.5, "axis": "x", "origin": [24.5, 3.26258, 12.87834]},
			"faces": {
				"north": {"uv": [0, 0, 8, 0.25], "texture": "#0"},
				"east": {"uv": [0, 0, 0.5, 0.25], "texture": "#0"},
				"south": {"uv": [0, 0, 8, 0.25], "texture": "#0"},
				"west": {"uv": [0, 0, 0.5, 0.25], "texture": "#0"},
				"up": {"uv": [0, 0, 8, 0.5], "texture": "#0"},
				"down": {"uv": [0, 0, 8, 0.5], "texture": "#0"}
			}
		},
		{
			"from": [19, 5.81629, 11.74503],
			"to": [23, 6.06629, 12.44503],
			"rotation": {"angle": -22.5, "axis": "x", "origin": [24.5, 5.05043, 12.40869]},
			"faces": {
				"north": {"uv": [0, 0, 8, 0.25], "rotation": 180, "texture": "#0"},
				"east": {"uv": [0, 0, 0.5, 0.25], "rotation": 180, "texture": "#0"},
				"south": {"uv": [0, 0, 8, 0.25], "rotation": 180, "texture": "#0"},
				"west": {"uv": [0, 0, 0.5, 0.25], "rotation": 180, "texture": "#0"},
				"up": {"uv": [0, 0, 8, 0.5], "texture": "#0"},
				"down": {"uv": [0, 0, 8, 0.5], "texture": "#0"}
			}
		},
		{
			"from": [19, 2.84, 11.24037],
			"to": [23, 3.09, 11.94037],
			"rotation": {"angle": 45, "axis": "x", "origin": [24.5, 3.45199, 11.59037]},
			"faces": {
				"north": {"uv": [0, 0, 8, 0.25], "texture": "#0"},
				"east": {"uv": [0, 0, 0.5, 0.25], "texture": "#0"},
				"south": {"uv": [0, 0, 8, 0.25], "texture": "#0"},
				"west": {"uv": [0, 0, 0.5, 0.25], "texture": "#0"},
				"up": {"uv": [0, 0, 8, 0.5], "texture": "#0"},
				"down": {"uv": [0, 0, 8, 0.5], "texture": "#0"}
			}
		},
		{
			"from": [19, 4.12068, 13.34823],
			"to": [23, 4.82068, 13.59823],
			"rotation": {"angle": -45, "axis": "x", "origin": [24.5, 5.05043, 12.40869]},
			"faces": {
				"north": {"uv": [0, 0, 8, 0.5], "rotation": 180, "texture": "#0"},
				"east": {"uv": [0, 0, 0.5, 0.25], "rotation": 90, "texture": "#0"},
				"south": {"uv": [0, 0, 8, 0.5], "texture": "#0"},
				"west": {"uv": [0, 0, 0.5, 0.25], "rotation": 270, "texture": "#0"},
				"up": {"uv": [0, 0, 8, 0.25], "texture": "#0"},
				"down": {"uv": [0, 0, 8, 0.25], "rotation": 180, "texture": "#0"}
			}
		},
		{
			"from": [19, 6.17, 4.9],
			"to": [23, 6.42, 5.5],
			"rotation": {"angle": -45, "axis": "x", "origin": [32, 14.75, 13.25]},
			"faces": {
				"north": {"uv": [0, 0, 8, 0.25], "texture": "#0"},
				"east": {"uv": [0, 0, 0.5, 0.25], "texture": "#0"},
				"south": {"uv": [0, 0, 8, 0.25], "texture": "#0"},
				"west": {"uv": [0, 0, 0.5, 0.25], "texture": "#0"},
				"up": {"uv": [0, 0, 8, 0.5], "texture": "#0"},
				"down": {"uv": [0, 0, 8, 0.5], "texture": "#0"}
			}
		},
		{
			"from": [19, 5.98533, 11.4738],
			"to": [23, 6.23533, 12.1738],
			"rotation": {"angle": -45, "axis": "x", "origin": [24.5, 5.05043, 12.40869]},
			"faces": {
				"north": {"uv": [0, 0, 8, 0.25], "rotation": 180, "texture": "#0"},
				"east": {"uv": [0, 0, 0.5, 0.25], "rotation": 180, "texture": "#0"},
				"south": {"uv": [0, 0, 8, 0.25], "rotation": 180, "texture": "#0"},
				"west": {"uv": [0, 0, 0.5, 0.25], "rotation": 180, "texture": "#0"},
				"up": {"uv": [0, 0, 8, 0.5], "texture": "#0"},
				"down": {"uv": [0, 0, 8, 0.5], "texture": "#0"}
			}
		},
		{
			"from": [19, 3.59, 10.48],
			"to": [23, 4.29, 10.73],
			"rotation": {"angle": -22.5, "axis": "x", "origin": [24.5, 4.5, 11.5]},
			"faces": {
				"north": {"uv": [0, 0, 8, 0.5], "rotation": 180, "texture": "#0"},
				"east": {"uv": [0, 0, 0.5, 0.25], "rotation": 270, "texture": "#0"},
				"south": {"uv": [0, 0, 8, 0.5], "texture": "#0"},
				"west": {"uv": [0, 0, 0.5, 0.25], "rotation": 90, "texture": "#0"},
				"up": {"uv": [0, 0, 8, 0.25], "rotation": 180, "texture": "#0"},
				"down": {"uv": [0, 0, 8, 0.25], "texture": "#0"}
			}
		},
		{
			"from": [19, 4.41888, 13.84312],
			"to": [23, 5.11888, 14.09312],
			"rotation": {"angle": -22.5, "axis": "x", "origin": [21, 4.71888, 13.71812]},
			"faces": {
				"north": {"uv": [0, 0, 8, 0.5], "rotation": 180, "texture": "#0"},
				"east": {"uv": [0, 0, 0.5, 0.25], "rotation": 90, "texture": "#0"},
				"south": {"uv": [0, 0, 8, 0.5], "texture": "#0"},
				"west": {"uv": [0, 0, 0.5, 0.25], "rotation": 270, "texture": "#0"},
				"up": {"uv": [0, 0, 8, 0.25], "texture": "#0"},
				"down": {"uv": [0, 0, 8, 0.25], "rotation": 180, "texture": "#0"}
			}
		},
		{
			"from": [19, 3.37, 13.93475],
			"to": [23, 4.17, 14.18475],
			"rotation": {"angle": 22.5, "axis": "x", "origin": [24.5, 4.0763, 13.55975]},
			"faces": {
				"north": {"uv": [0, 0, 8, 0.5], "rotation": 180, "texture": "#0"},
				"east": {"uv": [0, 0, 0.5, 0.25], "rotation": 90, "texture": "#0"},
				"south": {"uv": [0, 0, 8, 0.5], "texture": "#0"},
				"west": {"uv": [0, 0, 0.5, 0.25], "rotation": 270, "texture": "#0"},
				"up": {"uv": [0, 0, 8, 0.25], "texture": "#0"},
				"down": {"uv": [0, 0, 8, 0.25], "rotation": 180, "texture": "#0"}
			}
		},
		{
			"from": [19, 3.93802, 10.95976],
			"to": [23, 4.63802, 11.20976],
			"rotation": {"angle": 22.5, "axis": "x", "origin": [24.5, 5.05043, 12.40869]},
			"faces": {
				"north": {"uv": [0, 0, 8, 0.5], "rotation": 180, "texture": "#0"},
				"east": {"uv": [0, 0, 0.5, 0.25], "rotation": 270, "texture": "#0"},
				"south": {"uv": [0, 0, 8, 0.5], "texture": "#0"},
				"west": {"uv": [0, 0, 0.5, 0.25], "rotation": 90, "texture": "#0"},
				"up": {"uv": [0, 0, 8, 0.25], "rotation": 180, "texture": "#0"},
				"down": {"uv": [0, 0, 8, 0.25], "texture": "#0"}
			}
		},
		{
			"from": [19, 3.92, 10.64],
			"to": [23, 4.62, 10.89],
			"rotation": {"angle": 0, "axis": "y", "origin": [32, 11.5, 19]},
			"faces": {
				"north": {"uv": [0, 0, 8, 0.5], "texture": "#0"},
				"east": {"uv": [0, 0, 0.25, 0.5], "texture": "#0"},
				"south": {"uv": [0, 0, 8, 0.5], "texture": "#0"},
				"west": {"uv": [0, 0, 0.25, 0.5], "texture": "#0"},
				"up": {"uv": [0, 0, 8, 0.25], "texture": "#0"},
				"down": {"uv": [0, 0, 8, 0.25], "texture": "#0"}
			}
		},
		{
			"from": [19, 3.92, 13.92],
			"to": [23, 4.62, 14.17],
			"rotation": {"angle": 0, "axis": "y", "origin": [32, 11.5, 21.25]},
			"faces": {
				"north": {"uv": [0, 0, 8, 0.5], "texture": "#0"},
				"east": {"uv": [0, 0, 0.25, 0.5], "texture": "#0"},
				"south": {"uv": [0, 0, 8, 0.5], "texture": "#0"},
				"west": {"uv": [0, 0, 0.25, 0.5], "texture": "#0"},
				"up": {"uv": [0, 0, 8, 0.25], "texture": "#0"},
				"down": {"uv": [0, 0, 8, 0.25], "texture": "#0"}
			}
		},
		{
			"from": [22.2, 6.4, 12.06],
			"to": [22.6, 9.9, 12.76],
			"rotation": {"angle": 0, "axis": "y", "origin": [24, 6.9, 12]},
			"faces": {
				"north": {"uv": [0, 0, 8, 0.25], "texture": "#0"},
				"east": {"uv": [0, 0, 0.5, 0.25], "texture": "#0"},
				"south": {"uv": [0, 0, 8, 0.25], "texture": "#0"},
				"west": {"uv": [0, 0, 0.5, 0.25], "texture": "#0"},
				"up": {"uv": [0, 0, 8, 0.5], "texture": "#0"},
				"down": {"uv": [0, 0, 8, 0.5], "texture": "#0"}
			}
		},
		{
			"from": [22.2, 11.65, 12.6],
			"to": [22.6, 15.15, 13.3],
			"rotation": {"angle": 22.5, "axis": "x", "origin": [17, 12.15, -0.5]},
			"faces": {
				"north": {"uv": [0, 0, 8, 0.25], "texture": "#0"},
				"east": {"uv": [0, 0, 0.5, 0.25], "texture": "#0"},
				"south": {"uv": [0, 0, 8, 0.25], "texture": "#0"},
				"west": {"uv": [0, 0, 0.5, 0.25], "texture": "#0"},
				"up": {"uv": [0, 0, 8, 0.5], "texture": "#0"},
				"down": {"uv": [0, 0, 8, 0.5], "texture": "#0"}
			}
		},
		{
			"from": [22.2, 6.5, 12.48],
			"to": [22.6, 10, 13.18],
			"rotation": {"angle": -22.5, "axis": "x", "origin": [24.5, 7.16258, 12.87834]},
			"faces": {
				"north": {"uv": [0, 0, 8, 0.25], "texture": "#0"},
				"east": {"uv": [0, 0, 0.5, 0.25], "texture": "#0"},
				"south": {"uv": [0, 0, 8, 0.25], "texture": "#0"},
				"west": {"uv": [0, 0, 0.5, 0.25], "texture": "#0"},
				"up": {"uv": [0, 0, 8, 0.5], "texture": "#0"},
				"down": {"uv": [0, 0, 8, 0.5], "texture": "#0"}
			}
		},
		{
			"from": [22.2, 6.74, 11.24037],
			"to": [22.6, 10.24, 11.94037],
			"rotation": {"angle": 45, "axis": "x", "origin": [24.5, 7.35199, 11.59037]},
			"faces": {
				"north": {"uv": [0, 0, 8, 0.25], "texture": "#0"},
				"east": {"uv": [0, 0, 0.5, 0.25], "texture": "#0"},
				"south": {"uv": [0, 0, 8, 0.25], "texture": "#0"},
				"west": {"uv": [0, 0, 0.5, 0.25], "texture": "#0"},
				"up": {"uv": [0, 0, 8, 0.5], "texture": "#0"},
				"down": {"uv": [0, 0, 8, 0.5], "texture": "#0"}
			}
		},
		{
			"from": [22.2, 10.07, 4.9],
			"to": [22.6, 13.57, 5.5],
			"rotation": {"angle": -45, "axis": "x", "origin": [32, 18.65, 13.25]},
			"faces": {
				"north": {"uv": [0, 0, 8, 0.25], "texture": "#0"},
				"east": {"uv": [0, 0, 0.5, 0.25], "texture": "#0"},
				"south": {"uv": [0, 0, 8, 0.25], "texture": "#0"},
				"west": {"uv": [0, 0, 0.5, 0.25], "texture": "#0"},
				"up": {"uv": [0, 0, 8, 0.5], "texture": "#0"},
				"down": {"uv": [0, 0, 8, 0.5], "texture": "#0"}
			}
		},
		{
			"from": [22.2, 7.49, 10.48],
			"to": [22.6, 8.19, 13.98],
			"rotation": {"angle": -22.5, "axis": "x", "origin": [24.5, 8.4, 11.5]},
			"faces": {
				"north": {"uv": [0, 0, 8, 0.5], "rotation": 180, "texture": "#0"},
				"east": {"uv": [0, 0, 0.5, 0.25], "rotation": 270, "texture": "#0"},
				"south": {"uv": [0, 0, 8, 0.5], "texture": "#0"},
				"west": {"uv": [0, 0, 0.5, 0.25], "rotation": 90, "texture": "#0"},
				"up": {"uv": [0, 0, 8, 0.25], "rotation": 180, "texture": "#0"},
				"down": {"uv": [0, 0, 8, 0.25], "texture": "#0"}
			}
		},
		{
			"from": [22.2, 7.27, 10.68475],
			"to": [22.6, 8.07, 14.18475],
			"rotation": {"angle": 22.5, "axis": "x", "origin": [24.5, 7.9763, 13.55975]},
			"faces": {
				"north": {"uv": [0, 0, 8, 0.5], "rotation": 180, "texture": "#0"},
				"east": {"uv": [0, 0, 0.5, 0.25], "rotation": 90, "texture": "#0"},
				"south": {"uv": [0, 0, 8, 0.5], "texture": "#0"},
				"west": {"uv": [0, 0, 0.5, 0.25], "rotation": 270, "texture": "#0"},
				"up": {"uv": [0, 0, 8, 0.25], "texture": "#0"},
				"down": {"uv": [0, 0, 8, 0.25], "rotation": 180, "texture": "#0"}
			}
		},
		{
			"from": [22.2, 7.82, 10.67],
			"to": [22.6, 8.52, 14.17],
			"rotation": {"angle": 0, "axis": "y", "origin": [32, 15.4, 21.25]},
			"faces": {
				"north": {"uv": [0, 0, 8, 0.5], "texture": "#0"},
				"east": {"uv": [0, 0, 0.25, 0.5], "texture": "#0"},
				"south": {"uv": [0, 0, 8, 0.5], "texture": "#0"},
				"west": {"uv": [0, 0, 0.25, 0.5], "texture": "#0"},
				"up": {"uv": [0, 0, 8, 0.25], "texture": "#0"},
				"down": {"uv": [0, 0, 8, 0.25], "texture": "#0"}
			}
		}
	],
	"display": {
		"thirdperson_righthand": {
			"rotation": [0, -90, 0],
			"translation": [1.75, -3.75, 0],
			"scale": [0.4, 0.4, 0.4]
		},
		"thirdperson_lefthand": {
			"rotation": [0, 90, 0],
			"translation": [-1.5, -3.5, 0],
			"scale": [0.4, 0.4, 0.4]
		},
		"firstperson_righthand": {
			"rotation": [0, 90, 0],
			"translation": [-18, 15.75, 1.25],
			"scale": [0.67, 2, 2]
		},
		"firstperson_lefthand": {
			"rotation": [0, 90, 0],
			"translation": [-18.75, 6, 0],
			"scale": [0.4, 0.4, 0.4]
		},
		"ground": {
			"rotation": [90, 0, 0],
			"scale": [0.4, 0.4, 0.4]
		},
		"gui": {
			"rotation": [0, -180, -45],
			"translation": [1.75, -1, 0],
			"scale": [0.3, 0.3, 0.3]
		},
		"head": {
			"translation": [0, 19.75, 0]
		},
		"fixed": {
			"rotation": [0, 0, -45],
			"translation": [-1.75, -1, -2.5],
			"scale": [0.4, 0.4, 0.4]
		}
	},
	"groups": [
		{
			"name": "円",
			"origin": [15, 8.5, 21.25],
			"children": [0, 1, 2, 3, 4, 5, 6, 7, 8, 9, 10, 11, 12, 13, 14, 15]
		},
		{
			"name": "円",
			"origin": [15, 8.5, 21.25],
			"children": [16, 17, 18, 19, 20, 21, 22, 23, 24, 25, 26, 27, 28, 29, 30, 31]
		},
		{
			"name": "蓋",
			"origin": [15, 8.5, 21.25],
			"children": [32, 33, 34, 35, 36, 37, 38, 39, 40, 41, 42, 43, 44, 45]
		}, 46, 47, 48, 49, 50, 51, 52,
		{
			"name": "円",
			"origin": [15, 8.5, 21.25],
			"children": [53, 54, 55, 56, 57, 58, 59, 60, 61, 62, 63, 64, 65, 66, 67, 68]
		},
		{
			"name": "円",
			"origin": [15, 8.5, 21.25],
			"children": [69, 70, 71, 72, 73, 74, 75, 76, 77, 78, 79, 80, 81, 82, 83, 84]
		},
		{
			"name": "円",
			"origin": [15, 8.5, 21.25],
			"children": [85, 86, 87, 88, 89, 90, 91, 92]
		}
	]
}