{
	"credit": "Made with Blockbench",
	"textures": {
		"0": "item/sks_wood",
		"1": "item/sks_barrel",
		"2": "item/sks_metal",
		"3": "item/sks_sight",
		"4": "item/sks_pad",
		"particle": "item/sks_wood"
	},
	"elements": [
		{
			"from": [14, 0.8, 2.175],
			"to": [17.8, 2.3, 2.875],
			"rotation": {"angle": -22.5, "axis": "z", "origin": [16.05, 2.15, 2.525]},
			"faces": {
				"north": {"uv": [0, 0, 3.8, 1.5], "texture": "#0"},
				"east": {"uv": [0, 0, 0.7, 1.5], "texture": "#0"},
				"south": {"uv": [0, 0, 3.8, 1.5], "texture": "#0"},
				"west": {"uv": [0, 0, 0.7, 1.5], "texture": "#0"},
				"up": {"uv": [0, 0, 3.8, 0.7], "texture": "#0"},
				"down": {"uv": [0, 0, 3.8, 0.7], "texture": "#0"}
			}
		},
		{
			"from": [16.4, 0.5, 2.175],
			"to": [17.9, 2.9, 2.875],
			"rotation": {"angle": 0, "axis": "z", "origin": [16.05, 2.15, 2.525]},
			"faces": {
				"north": {"uv": [0, 0, 2.4, 1.5], "rotation": 90, "texture": "#0"},
				"east": {"uv": [0, 0, 2.4, 0.7], "rotation": 270, "texture": "#0"},
				"south": {"uv": [0, 0, 2.4, 1.5], "rotation": 270, "texture": "#0"},
				"west": {"uv": [0, 0, 2.4, 0.7], "rotation": 270, "texture": "#0"},
				"up": {"uv": [0, 0, 0.7, 1.5], "rotation": 270, "texture": "#0"},
				"down": {"uv": [0, 0, 0.7, 1.5], "rotation": 270, "texture": "#0"}
			}
		},
		{
			"from": [14.45, 1.45, 2.175],
			"to": [16.85, 2.95, 2.875],
			"rotation": {"angle": 0, "axis": "z", "origin": [17.15, 1.7, 2.525]},
			"faces": {
				"north": {"uv": [0, 0, 2.4, 1.5], "rotation": 180, "texture": "#0"},
				"east": {"uv": [0, 0, 0.7, 1.5], "rotation": 180, "texture": "#0"},
				"south": {"uv": [0, 0, 2.4, 1.5], "rotation": 180, "texture": "#0"},
				"west": {"uv": [0, 0, 0.7, 1.5], "rotation": 180, "texture": "#0"},
				"up": {"uv": [0, 0, 2.4, 0.7], "rotation": 180, "texture": "#0"},
				"down": {"uv": [0, 0, 2.4, 0.7], "rotation": 180, "texture": "#0"}
			}
		},
		{
			"from": [14.61075, 2.84036, 2.175],
			"to": [18.01075, 3.24036, 2.875],
			"rotation": {"angle": 0, "axis": "y", "origin": [-0.48925, -1.45964, 0.7]},
			"faces": {
				"north": {"uv": [0, 0, 3.4, 0.4], "texture": "#0"},
				"east": {"uv": [0, 0, 0.7, 0.4], "texture": "#0"},
				"south": {"uv": [0, 0, 3.4, 0.4], "texture": "#0"},
				"west": {"uv": [0, 0, 0.7, 0.4], "texture": "#0"},
				"up": {"uv": [0, 0, 3.4, 0.7], "texture": "#0"},
				"down": {"uv": [0, 0, 3.4, 0.7], "texture": "#0"}
			}
		},
		{
			"from": [17.86075, 0.59036, 2.175],
			"to": [18.36075, 2.89036, 2.875],
			"rotation": {"angle": 0, "axis": "z", "origin": [17.06075, 3.04036, 2.525]},
			"faces": {
				"north": {"uv": [0, 0, 2.3, 0.5], "rotation": 90, "texture": "#0"},
				"east": {"uv": [0, 0, 2.3, 0.7], "rotation": 270, "texture": "#0"},
				"south": {"uv": [0, 0, 2.3, 0.5], "rotation": 270, "texture": "#0"},
				"west": {"uv": [0, 0, 2.3, 0.7], "rotation": 270, "texture": "#0"},
				"up": {"uv": [0, 0, 0.7, 0.5], "rotation": 270, "texture": "#0"},
				"down": {"uv": [0, 0, 0.7, 0.5], "rotation": 270, "texture": "#0"}
			}
		},
		{
			"from": [18.22686, 1.75293, 2.175],
			"to": [18.62686, 2.25293, 2.875],
			"rotation": {"angle": 45, "axis": "z", "origin": [17.12686, 2.00293, 2.525]},
			"faces": {
				"north": {"uv": [0, 0, 0.5, 0.4], "rotation": 90, "texture": "#0"},
				"east": {"uv": [0, 0, 0.5, 0.7], "rotation": 270, "texture": "#0"},
				"south": {"uv": [0, 0, 0.5, 0.4], "rotation": 270, "texture": "#0"},
				"west": {"uv": [0, 0, 0.5, 0.7], "rotation": 270, "texture": "#0"},
				"up": {"uv": [0, 0, 0.7, 0.4], "rotation": 270, "texture": "#0"},
				"down": {"uv": [0, 0, 0.7, 0.4], "rotation": 270, "texture": "#0"}
			}
		},
		{
			"from": [17.6864, 0.16452, 2.175],
			"to": [18.3864, 0.56452, 2.875],
			"rotation": {"angle": 22.5, "axis": "z", "origin": [17.5364, 0.36452, 2.525]},
			"faces": {
				"north": {"uv": [0, 0, 0.7, 0.4], "rotation": 180, "texture": "#0"},
				"east": {"uv": [0, 0, 0.7, 0.4], "rotation": 180, "texture": "#0"},
				"south": {"uv": [0, 0, 0.7, 0.4], "rotation": 180, "texture": "#0"},
				"west": {"uv": [0, 0, 0.7, 0.4], "rotation": 180, "texture": "#0"},
				"up": {"uv": [0, 0, 0.7, 0.7], "rotation": 180, "texture": "#0"},
				"down": {"uv": [0, 0, 0.7, 0.7], "rotation": 180, "texture": "#0"}
			}
		},
		{
			"from": [13.434, 0.85726, 2.175],
			"to": [16.534, 1.25726, 2.875],
			"rotation": {"angle": -22.5, "axis": "z", "origin": [14.834, 1.25726, 2.525]},
			"faces": {
				"north": {"uv": [0, 0, 3.1, 0.4], "texture": "#0"},
				"east": {"uv": [0, 0, 0.7, 0.4], "texture": "#0"},
				"south": {"uv": [0, 0, 3.1, 0.4], "texture": "#0"},
				"west": {"uv": [0, 0, 0.7, 0.4], "texture": "#0"},
				"up": {"uv": [0, 0, 3.1, 0.7], "texture": "#0"},
				"down": {"uv": [0, 0, 3.1, 0.7], "texture": "#0"}
			}
		},
		{
			"from": [16.24605, 0.21508, 2.175],
			"to": [17.74605, 0.61508, 2.875],
			"rotation": {"angle": 0, "axis": "z", "origin": [14.89605, 1.01508, 2.525]},
			"faces": {
				"north": {"uv": [0, 0, 1.5, 0.4], "texture": "#0"},
				"east": {"uv": [0, 0, 0.7, 0.4], "texture": "#0"},
				"south": {"uv": [0, 0, 1.5, 0.4], "texture": "#0"},
				"west": {"uv": [0, 0, 0.7, 0.4], "texture": "#0"},
				"up": {"uv": [0, 0, 1.5, 0.7], "texture": "#0"},
				"down": {"uv": [0, 0, 1.5, 0.7], "texture": "#0"}
			}
		},
		{
			"from": [13.5706, 3.03129, 2.175],
			"to": [14.9706, 3.43129, 2.875],
			"rotation": {"angle": 22.5, "axis": "z", "origin": [15.2706, 2.43129, 2.525]},
			"faces": {
				"north": {"uv": [0, 0, 1.4, 0.4], "texture": "#0"},
				"east": {"uv": [0, 0, 0.7, 0.4], "texture": "#0"},
				"south": {"uv": [0, 0, 1.4, 0.4], "texture": "#0"},
				"west": {"uv": [0, 0, 0.7, 0.4], "texture": "#0"},
				"up": {"uv": [0, 0, 1.4, 0.7], "texture": "#0"},
				"down": {"uv": [0, 0, 1.4, 0.7], "texture": "#0"}
			}
		},
		{
			"from": [13.11075, 1.64036, 2.175],
			"to": [14.11075, 2.84036, 2.875],
			"rotation": {"angle": 0, "axis": "y", "origin": [-0.48925, -1.45964, 0.7]},
			"faces": {
				"north": {"uv": [0, 0, 1, 1.2], "texture": "#0"},
				"east": {"uv": [0, 0, 0.7, 1.2], "texture": "#0"},
				"south": {"uv": [0, 0, 1, 1.2], "texture": "#0"},
				"west": {"uv": [0, 0, 0.7, 1.2], "texture": "#0"},
				"up": {"uv": [0, 0, 1, 0.7], "texture": "#0"},
				"down": {"uv": [0, 0, 1, 0.7], "texture": "#0"}
			}
		},
		{
			"from": [11.6317, 2.45391, 2.175],
			"to": [13.4317, 3.45391, 2.875],
			"rotation": {"angle": -22.5, "axis": "z", "origin": [11.8317, 3.05391, 1.825]},
			"faces": {
				"north": {"uv": [0, 0, 1.8, 1], "texture": "#0"},
				"east": {"uv": [0, 0, 0.7, 1], "texture": "#0"},
				"south": {"uv": [0, 0, 1.8, 1], "texture": "#0"},
				"west": {"uv": [0, 0, 0.7, 1], "texture": "#0"},
				"up": {"uv": [0, 0, 1.8, 0.7], "texture": "#0"},
				"down": {"uv": [0, 0, 1.8, 0.7], "texture": "#0"}
			}
		},
		{
			"from": [12.54015, 2.39365, 2.175],
			"to": [14.34015, 3.19365, 2.875],
			"rotation": {"angle": -45, "axis": "z", "origin": [12.44015, 2.69365, 2.525]},
			"faces": {
				"north": {"uv": [0, 0, 1.8, 0.8], "texture": "#0"},
				"east": {"uv": [0, 0, 0.7, 0.8], "texture": "#0"},
				"south": {"uv": [0, 0, 1.8, 0.8], "texture": "#0"},
				"west": {"uv": [0, 0, 0.7, 0.8], "texture": "#0"},
				"up": {"uv": [0, 0, 1.8, 0.7], "texture": "#0"},
				"down": {"uv": [0, 0, 1.8, 0.7], "texture": "#0"}
			}
		},
		{
			"from": [6.6, 2.5, 2.175],
			"to": [11.8, 3.4, 2.875],
			"faces": {
				"north": {"uv": [0, 0, 5.2, 0.9], "texture": "#0"},
				"east": {"uv": [0, 0, 0.7, 0.9], "texture": "#0"},
				"south": {"uv": [0, 0, 5.2, 0.9], "texture": "#0"},
				"west": {"uv": [0, 0, 0.7, 0.9], "texture": "#0"},
				"up": {"uv": [0, 0, 5.2, 0.7], "texture": "#0"},
				"down": {"uv": [0, 0, 5.2, 0.7], "texture": "#0"}
			}
		},
		{
			"from": [9.8, 2.5, 2.175],
			"to": [11.8, 3.5, 2.875],
			"faces": {
				"north": {"uv": [0, 0, 2, 1], "texture": "#0"},
				"east": {"uv": [0, 0, 0.7, 1], "texture": "#0"},
				"south": {"uv": [0, 0, 2, 1], "texture": "#0"},
				"west": {"uv": [0, 0, 0.7, 1], "texture": "#0"},
				"up": {"uv": [0, 0, 2, 0.7], "texture": "#0"},
				"down": {"uv": [0, 0, 2, 0.7], "texture": "#0"}
			}
		},
		{
			"from": [9.8, 3.5, 2.175],
			"to": [11.8, 4, 2.875],
			"faces": {
				"north": {"uv": [0, 0, 2, 0.5], "texture": "#3"},
				"east": {"uv": [0, 0, 0.7, 0.5], "texture": "#3"},
				"south": {"uv": [0, 0, 2, 0.5], "texture": "#3"},
				"west": {"uv": [0, 0, 0.7, 0.5], "texture": "#3"},
				"up": {"uv": [0, 0, 2, 0.7], "texture": "#3"},
				"down": {"uv": [0, 0, 2, 0.7], "texture": "#3"}
			}
		},
		{
			"from": [6.6, 3.5, 2.175],
			"to": [7.2, 4, 2.875],
			"faces": {
				"north": {"uv": [0, 0, 0.6, 0.5], "texture": "#3"},
				"east": {"uv": [0, 0, 0.7, 0.5], "texture": "#3"},
				"south": {"uv": [0, 0, 0.6, 0.5], "texture": "#3"},
				"west": {"uv": [0, 0, 0.7, 0.5], "texture": "#3"},
				"up": {"uv": [0, 0, 0.6, 0.7], "texture": "#3"},
				"down": {"uv": [0, 0, 0.6, 0.7], "texture": "#3"}
			}
		},
		{
			"from": [9.3, 3.4, 2.175],
			"to": [9.8, 3.6, 2.875],
			"faces": {
				"north": {"uv": [0, 0, 0.5, 0.2], "texture": "#3"},
				"east": {"uv": [0, 0, 0.7, 0.2], "texture": "#3"},
				"south": {"uv": [0, 0, 0.5, 0.2], "texture": "#3"},
				"west": {"uv": [0, 0, 0.7, 0.2], "texture": "#3"},
				"up": {"uv": [0, 0, 0.5, 0.7], "texture": "#3"},
				"down": {"uv": [0, 0, 0.5, 0.7], "texture": "#3"}
			}
		},
		{
			"from": [7.2, 3.4, 2.175],
			"to": [7.6, 3.6, 2.875],
			"faces": {
				"north": {"uv": [0, 0, 0.4, 0.2], "texture": "#3"},
				"east": {"uv": [0, 0, 0.7, 0.2], "texture": "#3"},
				"south": {"uv": [0, 0, 0.4, 0.2], "texture": "#3"},
				"west": {"uv": [0, 0, 0.7, 0.2], "texture": "#3"},
				"up": {"uv": [0, 0, 0.4, 0.7], "texture": "#3"},
				"down": {"uv": [0, 0, 0.4, 0.7], "texture": "#3"}
			}
		},
		{
			"from": [9.3, 2.5, 2.175],
			"to": [9.8, 3.4, 2.875],
			"faces": {
				"north": {"uv": [0, 0, 0.5, 0.9], "texture": "#0"},
				"east": {"uv": [0, 0, 0.7, 0.9], "texture": "#0"},
				"south": {"uv": [0, 0, 0.5, 0.9], "texture": "#0"},
				"west": {"uv": [0, 0, 0.7, 0.9], "texture": "#0"},
				"up": {"uv": [0, 0, 0.5, 0.7], "texture": "#0"},
				"down": {"uv": [0, 0, 0.5, 0.7], "texture": "#0"}
			}
		},
		{
			"from": [6.6, 2.5, 2.175],
			"to": [7.3, 3.5, 2.875],
			"faces": {
				"north": {"uv": [0, 0, 0.7, 1], "texture": "#0"},
				"east": {"uv": [0, 0, 0.7, 1], "texture": "#0"},
				"south": {"uv": [0, 0, 0.7, 1], "texture": "#0"},
				"west": {"uv": [0, 0, 0.7, 1], "texture": "#0"},
				"up": {"uv": [0, 0, 0.7, 0.7], "texture": "#0"},
				"down": {"uv": [0, 0, 0.7, 0.7], "texture": "#0"}
			}
		},
		{
			"from": [7.3, 2.5, 2.175],
			"to": [7.6, 3.4, 2.875],
			"faces": {
				"north": {"uv": [0, 0, 0.3, 0.9], "texture": "#0"},
				"east": {"uv": [0, 0, 0.7, 0.9], "texture": "#0"},
				"south": {"uv": [0, 0, 0.3, 0.9], "texture": "#0"},
				"west": {"uv": [0, 0, 0.7, 0.9], "texture": "#0"},
				"up": {"uv": [0, 0, 0.3, 0.7], "texture": "#0"},
				"down": {"uv": [0, 0, 0.3, 0.7], "texture": "#0"}
			}
		},
		{
			"from": [5.1, 2.6, 2.175],
			"to": [6.6, 4, 2.875],
			"faces": {
				"north": {"uv": [0, 0, 1.5, 1.4], "texture": "#0"},
				"east": {"uv": [0, 0, 0.7, 1.4], "texture": "#0"},
				"south": {"uv": [0, 0, 1.5, 1.4], "texture": "#0"},
				"west": {"uv": [0, 0, 0.7, 1.4], "texture": "#0"},
				"up": {"uv": [0, 0, 1.5, 0.7], "texture": "#0"},
				"down": {"uv": [0, 0, 1.5, 0.7], "texture": "#0"}
			}
		},
		{
			"from": [3.6, 2.7, 2.175],
			"to": [5.1, 4, 2.875],
			"faces": {
				"north": {"uv": [0, 0, 1.5, 1.3], "texture": "#0"},
				"east": {"uv": [0, 0, 0.7, 1.3], "texture": "#0"},
				"south": {"uv": [0, 0, 1.5, 1.3], "texture": "#0"},
				"west": {"uv": [0, 0, 0.7, 1.3], "texture": "#0"},
				"up": {"uv": [0, 0, 1.5, 0.7], "texture": "#0"},
				"down": {"uv": [0, 0, 1.5, 0.7], "texture": "#0"}
			}
		},
		{
			"from": [2.2, 2.8, 2.175],
			"to": [3.6, 4, 2.875],
			"faces": {
				"north": {"uv": [0, 0, 1.4, 1.2], "texture": "#0"},
				"east": {"uv": [0, 0, 0.7, 1.2], "texture": "#0"},
				"south": {"uv": [0, 0, 1.4, 1.2], "texture": "#0"},
				"west": {"uv": [0, 0, 0.7, 1.2], "texture": "#0"},
				"up": {"uv": [0, 0, 1.4, 0.7], "texture": "#0"},
				"down": {"uv": [0, 0, 1.4, 0.7], "texture": "#0"}
			}
		},
		{
			"from": [10.5, 4, 2.325],
			"to": [11.5, 4.05, 2.725],
			"rotation": {"angle": 0, "axis": "y", "origin": [5.9, 4.025, 2.525]},
			"faces": {
				"north": {"uv": [0.25, 0.25, 0.75, 0.75], "texture": "#3"},
				"east": {"uv": [1.25, 0.25, 1.75, 0.75], "texture": "#3"},
				"south": {"uv": [2.25, 0.25, 2.75, 0.75], "texture": "#3"},
				"west": {"uv": [3.25, 0.25, 3.75, 0.75], "texture": "#3"},
				"up": {"uv": [4.25, 0.25, 4.75, 0.75], "texture": "#3"},
				"down": {"uv": [5.25, 0.25, 5.75, 0.75], "texture": "#3"}
			}
		},
		{
			"from": [11, 4.05, 2.325],
			"to": [11.5, 4.1, 2.725],
			"rotation": {"angle": 0, "axis": "y", "origin": [5.9, 4.025, 2.525]},
			"faces": {
				"north": {"uv": [6.25, 0.25, 6.75, 0.75], "texture": "#3"},
				"east": {"uv": [7.25, 0.25, 7.75, 0.75], "texture": "#3"},
				"south": {"uv": [8.25, 0.25, 8.75, 0.75], "texture": "#3"},
				"west": {"uv": [9.25, 0.25, 9.75, 0.75], "texture": "#3"},
				"up": {"uv": [10.25, 0.25, 10.75, 0.75], "texture": "#3"},
				"down": {"uv": [11.25, 0.25, 11.75, 0.75], "texture": "#3"}
			}
		},
		{
			"from": [11.4, 4, 2.225],
			"to": [11.5, 4.35, 2.325],
			"rotation": {"angle": 0, "axis": "y", "origin": [5.9, 4.025, 2.525]},
			"faces": {
				"north": {"uv": [12.25, 0.25, 12.75, 0.75], "texture": "#3"},
				"east": {"uv": [13.25, 0.25, 13.75, 0.75], "texture": "#3"},
				"south": {"uv": [14.25, 0.25, 14.75, 0.75], "texture": "#3"},
				"west": {"uv": [15.25, 0.25, 15.75, 0.75], "texture": "#3"},
				"up": {"uv": [0.25, 1.25, 0.75, 1.75], "texture": "#3"},
				"down": {"uv": [1.25, 1.25, 1.75, 1.75], "texture": "#3"}
			}
		},
		{
			"from": [11.2, 4.1, 2.325],
			"to": [11.5, 4.2, 2.725],
			"rotation": {"angle": 0, "axis": "y", "origin": [5.9, 4.025, 2.525]},
			"faces": {
				"north": {"uv": [2.25, 1.25, 2.75, 1.75], "texture": "#3"},
				"east": {"uv": [3.25, 1.25, 3.75, 1.75], "texture": "#3"},
				"south": {"uv": [4.25, 1.25, 4.75, 1.75], "texture": "#3"},
				"west": {"uv": [5.25, 1.25, 5.75, 1.75], "texture": "#3"},
				"up": {"uv": [6.25, 1.25, 6.75, 1.75], "texture": "#3"},
				"down": {"uv": [7.25, 1.25, 7.75, 1.75], "texture": "#3"}
			}
		},
		{
			"from": [11.2, 4.175, 2.25],
			"to": [11.5, 4.375, 2.5],
			"rotation": {"angle": 0, "axis": "x", "origin": [11.35, 4.375, 2.525]},
			"faces": {
				"north": {"uv": [8.25, 1.25, 8.75, 1.75], "rotation": 180, "texture": "#3"},
				"east": {"uv": [9.25, 1.25, 9.75, 1.75], "rotation": 90, "texture": "#3"},
				"south": {"uv": [10.25, 1.25, 10.75, 1.75], "texture": "#3"},
				"west": {"uv": [11.25, 1.25, 11.75, 1.75], "rotation": 270, "texture": "#3"},
				"up": {"uv": [12.25, 1.25, 12.75, 1.75], "texture": "#3"},
				"down": {"uv": [13.25, 1.25, 13.75, 1.75], "rotation": 180, "texture": "#3"}
			}
		},
		{
			"from": [11.2, 4.3, 2.325],
			"to": [11.5, 4.45, 2.725],
			"rotation": {"angle": 0, "axis": "y", "origin": [5.9, 4.025, 2.525]},
			"faces": {
				"north": {"uv": [14.25, 1.25, 14.75, 1.75], "texture": "#3"},
				"east": {"uv": [15.25, 1.25, 15.75, 1.75], "texture": "#3"},
				"south": {"uv": [0.25, 2.25, 0.75, 2.75], "texture": "#3"},
				"west": {"uv": [1.25, 2.25, 1.75, 2.75], "texture": "#3"},
				"up": {"uv": [2.25, 2.25, 2.75, 2.75], "texture": "#3"},
				"down": {"uv": [3.25, 2.25, 3.75, 2.75], "texture": "#3"}
			}
		},
		{
			"from": [11.2, 4.175, 2.55],
			"to": [11.5, 4.375, 2.8],
			"rotation": {"angle": 0, "axis": "x", "origin": [11.35, 4.375, 2.525]},
			"faces": {
				"north": {"uv": [4.25, 2.25, 4.75, 2.75], "rotation": 180, "texture": "#3"},
				"east": {"uv": [5.25, 2.25, 5.75, 2.75], "rotation": 90, "texture": "#3"},
				"south": {"uv": [6.25, 2.25, 6.75, 2.75], "texture": "#3"},
				"west": {"uv": [7.25, 2.25, 7.75, 2.75], "rotation": 270, "texture": "#3"},
				"up": {"uv": [8.25, 2.25, 8.75, 2.75], "texture": "#3"},
				"down": {"uv": [9.25, 2.25, 9.75, 2.75], "rotation": 180, "texture": "#3"}
			}
		},
		{
			"from": [11.4, 4, 2.725],
			"to": [11.5, 4.35, 2.825],
			"rotation": {"angle": 0, "axis": "y", "origin": [5.9, 4.025, 2.525]},
			"faces": {
				"north": {"uv": [10.25, 2.25, 10.75, 2.75], "texture": "#3"},
				"east": {"uv": [11.25, 2.25, 11.75, 2.75], "texture": "#3"},
				"south": {"uv": [12.25, 2.25, 12.75, 2.75], "texture": "#3"},
				"west": {"uv": [13.25, 2.25, 13.75, 2.75], "texture": "#3"},
				"up": {"uv": [14.25, 2.25, 14.75, 2.75], "texture": "#3"},
				"down": {"uv": [15.25, 2.25, 15.75, 2.75], "texture": "#3"}
			}
		},
		{
			"from": [0.50758, 3.86213, 2.5],
			"to": [0.80758, 4.36213, 2.55],
			"rotation": {"angle": 0, "axis": "z", "origin": [0.65758, 3.91213, 2.525]},
			"faces": {
				"north": {"uv": [0.25, 3.25, 0.75, 3.75], "texture": "#3"},
				"east": {"uv": [1.25, 3.25, 1.75, 3.75], "texture": "#3"},
				"south": {"uv": [2.25, 3.25, 2.75, 3.75], "texture": "#3"},
				"west": {"uv": [3.25, 3.25, 3.75, 3.75], "texture": "#3"},
				"up": {"uv": [4.25, 3.25, 4.75, 3.75], "texture": "#3"},
				"down": {"uv": [5.25, 3.25, 5.75, 3.75], "texture": "#3"}
			}
		},
		{
			"from": [0.7, 3.68961, 2.38557],
			"to": [2.2, 3.73961, 2.41057],
			"rotation": {"angle": 22.5, "axis": "x", "origin": [1.7, 3.68354, 2.54458]},
			"faces": {
				"north": {"uv": [0, 0, 1.5, 0.05], "texture": "#1"},
				"east": {"uv": [0, 0, 0.025, 0.05], "texture": "#1"},
				"south": {"uv": [0, 0, 1.5, 0.05], "texture": "#1"},
				"west": {"uv": [0, 0, 0.025, 0.05], "texture": "#1"},
				"up": {"uv": [0, 0, 1.5, 0.025], "texture": "#1"},
				"down": {"uv": [0, 0, 1.5, 0.025], "texture": "#1"}
			}
		},
		{
			"from": [0.7, 3.72182, 2.44994],
			"to": [2.2, 3.74682, 2.49994],
			"rotation": {"angle": -45, "axis": "x", "origin": [1.7, 3.73432, 2.37494]},
			"faces": {
				"north": {"uv": [0, 0, 1.5, 0.025], "rotation": 180, "texture": "#1"},
				"east": {"uv": [0, 0, 0.025, 0.05], "rotation": 270, "texture": "#1"},
				"south": {"uv": [0, 0, 1.5, 0.025], "texture": "#1"},
				"west": {"uv": [0, 0, 0.025, 0.05], "rotation": 90, "texture": "#1"},
				"up": {"uv": [0, 0, 1.5, 0.05], "rotation": 180, "texture": "#1"},
				"down": {"uv": [0, 0, 1.5, 0.05], "texture": "#1"}
			}
		},
		{
			"from": [0.7, 3.7, 2.4],
			"to": [2.2, 3.75, 2.425],
			"rotation": {"angle": 0, "axis": "x", "origin": [1.7, 3.7, 2.5]},
			"faces": {
				"north": {"uv": [0, 0, 1.5, 0.05], "texture": "#1"},
				"east": {"uv": [0, 0, 0.025, 0.05], "texture": "#1"},
				"south": {"uv": [0, 0, 1.5, 0.05], "texture": "#1"},
				"west": {"uv": [0, 0, 0.025, 0.05], "texture": "#1"},
				"up": {"uv": [0, 0, 1.5, 0.025], "texture": "#1"},
				"down": {"uv": [0, 0, 1.5, 0.025], "texture": "#1"}
			}
		},
		{
			"from": [0.7, 3.7, 2.62637],
			"to": [2.2, 3.75, 2.65137],
			"rotation": {"angle": 0, "axis": "x", "origin": [1.7, 3.725, 2.63887]},
			"faces": {
				"north": {"uv": [0, 0, 1.5, 0.05], "rotation": 180, "texture": "#1"},
				"east": {"uv": [0, 0, 0.025, 0.05], "rotation": 180, "texture": "#1"},
				"south": {"uv": [0, 0, 1.5, 0.05], "rotation": 180, "texture": "#1"},
				"west": {"uv": [0, 0, 0.025, 0.05], "rotation": 180, "texture": "#1"},
				"up": {"uv": [0, 0, 1.5, 0.025], "texture": "#1"},
				"down": {"uv": [0, 0, 1.5, 0.025], "texture": "#1"}
			}
		},
		{
			"from": [0.7, 3.35054, 2.46951],
			"to": [2.2, 3.40054, 2.49451],
			"rotation": {"angle": -22.5, "axis": "x", "origin": [1.7, 3.37554, 1.68201]},
			"faces": {
				"north": {"uv": [0, 0, 1.5, 0.05], "rotation": 180, "texture": "#1"},
				"east": {"uv": [0, 0, 0.025, 0.05], "rotation": 180, "texture": "#1"},
				"south": {"uv": [0, 0, 1.5, 0.05], "rotation": 180, "texture": "#1"},
				"west": {"uv": [0, 0, 0.025, 0.05], "rotation": 180, "texture": "#1"},
				"up": {"uv": [0, 0, 1.5, 0.025], "texture": "#1"},
				"down": {"uv": [0, 0, 1.5, 0.025], "texture": "#1"}
			}
		},
		{
			"from": [0.7, 3.74331, 2.61775],
			"to": [2.2, 3.79331, 2.64275],
			"rotation": {"angle": -22.5, "axis": "x", "origin": [1.7, 3.76831, 2.63025]},
			"faces": {
				"north": {"uv": [0, 0, 1.5, 0.05], "rotation": 180, "texture": "#1"},
				"east": {"uv": [0, 0, 0.025, 0.05], "rotation": 180, "texture": "#1"},
				"south": {"uv": [0, 0, 1.5, 0.05], "rotation": 180, "texture": "#1"},
				"west": {"uv": [0, 0, 0.025, 0.05], "rotation": 180, "texture": "#1"},
				"up": {"uv": [0, 0, 1.5, 0.025], "texture": "#1"},
				"down": {"uv": [0, 0, 1.5, 0.025], "texture": "#1"}
			}
		},
		{
			"from": [0.7, 3.1957, 2.60889],
			"to": [2.2, 3.2457, 2.63389],
			"rotation": {"angle": -45, "axis": "x", "origin": [1.7, 3.2207, 2.02139]},
			"faces": {
				"north": {"uv": [0, 0, 1.5, 0.05], "rotation": 180, "texture": "#1"},
				"east": {"uv": [0, 0, 0.025, 0.05], "rotation": 180, "texture": "#1"},
				"south": {"uv": [0, 0, 1.5, 0.05], "rotation": 180, "texture": "#1"},
				"west": {"uv": [0, 0, 0.025, 0.05], "rotation": 180, "texture": "#1"},
				"up": {"uv": [0, 0, 1.5, 0.025], "texture": "#1"},
				"down": {"uv": [0, 0, 1.5, 0.025], "texture": "#1"}
			}
		},
		{
			"from": [0.7, 3.78003, 2.59322],
			"to": [2.2, 3.83003, 2.61822],
			"rotation": {"angle": -45, "axis": "x", "origin": [1.7, 3.80503, 2.60572]},
			"faces": {
				"north": {"uv": [0, 0, 1.5, 0.05], "rotation": 180, "texture": "#1"},
				"east": {"uv": [0, 0, 0.025, 0.05], "rotation": 180, "texture": "#1"},
				"south": {"uv": [0, 0, 1.5, 0.05], "rotation": 180, "texture": "#1"},
				"west": {"uv": [0, 0, 0.025, 0.05], "rotation": 180, "texture": "#1"},
				"up": {"uv": [0, 0, 1.5, 0.025], "texture": "#1"},
				"down": {"uv": [0, 0, 1.5, 0.025], "texture": "#1"}
			}
		},
		{
			"from": [0.7, 3.6536, 2.22776],
			"to": [2.2, 3.6786, 2.27776],
			"rotation": {"angle": 22.5, "axis": "x", "origin": [1.7, 3.0661, 2.25276]},
			"faces": {
				"north": {"uv": [0, 0, 1.5, 0.025], "rotation": 180, "texture": "#1"},
				"east": {"uv": [0, 0, 0.025, 0.05], "rotation": 270, "texture": "#1"},
				"south": {"uv": [0, 0, 1.5, 0.025], "texture": "#1"},
				"west": {"uv": [0, 0, 0.025, 0.05], "rotation": 90, "texture": "#1"},
				"up": {"uv": [0, 0, 1.5, 0.05], "rotation": 180, "texture": "#1"},
				"down": {"uv": [0, 0, 1.5, 0.05], "texture": "#1"}
			}
		},
		{
			"from": [0.7, 3.81707, 2.46746],
			"to": [2.2, 3.84207, 2.51746],
			"rotation": {"angle": 22.5, "axis": "x", "origin": [1.7, 3.63718, 2.53073]},
			"faces": {
				"north": {"uv": [0, 0, 1.5, 0.025], "rotation": 180, "texture": "#1"},
				"east": {"uv": [0, 0, 0.025, 0.05], "rotation": 270, "texture": "#1"},
				"south": {"uv": [0, 0, 1.5, 0.025], "texture": "#1"},
				"west": {"uv": [0, 0, 0.025, 0.05], "rotation": 90, "texture": "#1"},
				"up": {"uv": [0, 0, 1.5, 0.05], "rotation": 180, "texture": "#1"},
				"down": {"uv": [0, 0, 1.5, 0.05], "texture": "#1"}
			}
		},
		{
			"from": [0.7, 3.82568, 2.50068],
			"to": [2.2, 3.85068, 2.55068],
			"rotation": {"angle": 0, "axis": "x", "origin": [1.7, 3.73818, 2.52568]},
			"faces": {
				"north": {"uv": [0, 0, 1.5, 0.025], "rotation": 180, "texture": "#1"},
				"east": {"uv": [0, 0, 0.025, 0.05], "rotation": 270, "texture": "#1"},
				"south": {"uv": [0, 0, 1.5, 0.025], "texture": "#1"},
				"west": {"uv": [0, 0, 0.025, 0.05], "rotation": 90, "texture": "#1"},
				"up": {"uv": [0, 0, 1.5, 0.05], "rotation": 180, "texture": "#1"},
				"down": {"uv": [0, 0, 1.5, 0.05], "texture": "#1"}
			}
		},
		{
			"from": [0.7, 3.59932, 2.50068],
			"to": [2.2, 3.62432, 2.55068],
			"rotation": {"angle": 0, "axis": "x", "origin": [1.7, 2.91182, 2.32568]},
			"faces": {
				"north": {"uv": [0, 0, 1.5, 0.025], "rotation": 180, "texture": "#1"},
				"east": {"uv": [0, 0, 0.025, 0.05], "rotation": 270, "texture": "#1"},
				"south": {"uv": [0, 0, 1.5, 0.025], "texture": "#1"},
				"west": {"uv": [0, 0, 0.025, 0.05], "rotation": 90, "texture": "#1"},
				"up": {"uv": [0, 0, 1.5, 0.05], "rotation": 180, "texture": "#1"},
				"down": {"uv": [0, 0, 1.5, 0.05], "texture": "#1"}
			}
		},
		{
			"from": [0.7, 3.6536, 2.77361],
			"to": [2.2, 3.6786, 2.82361],
			"rotation": {"angle": -22.5, "axis": "x", "origin": [1.7, 3.0661, 2.79861]},
			"faces": {
				"north": {"uv": [0, 0, 1.5, 0.025], "rotation": 180, "texture": "#1"},
				"east": {"uv": [0, 0, 0.025, 0.05], "rotation": 270, "texture": "#1"},
				"south": {"uv": [0, 0, 1.5, 0.025], "texture": "#1"},
				"west": {"uv": [0, 0, 0.025, 0.05], "rotation": 90, "texture": "#1"},
				"up": {"uv": [0, 0, 1.5, 0.05], "rotation": 180, "texture": "#1"},
				"down": {"uv": [0, 0, 1.5, 0.05], "texture": "#1"}
			}
		},
		{
			"from": [0.7, 3.81707, 2.45737],
			"to": [2.2, 3.84207, 2.50737],
			"rotation": {"angle": -22.5, "axis": "x", "origin": [1.7, 3.82957, 2.48237]},
			"faces": {
				"north": {"uv": [0, 0, 1.5, 0.025], "rotation": 180, "texture": "#1"},
				"east": {"uv": [0, 0, 0.025, 0.05], "rotation": 270, "texture": "#1"},
				"south": {"uv": [0, 0, 1.5, 0.025], "texture": "#1"},
				"west": {"uv": [0, 0, 0.025, 0.05], "rotation": 90, "texture": "#1"},
				"up": {"uv": [0, 0, 1.5, 0.05], "rotation": 180, "texture": "#1"},
				"down": {"uv": [0, 0, 1.5, 0.05], "texture": "#1"}
			}
		},
		{
			"from": [0.7, 3.4446, 2.32716],
			"to": [2.2, 3.4696, 2.37716],
			"rotation": {"angle": -45, "axis": "x", "origin": [1.7, 3.8571, 2.25216]},
			"faces": {
				"north": {"uv": [0, 0, 1.5, 0.025], "rotation": 180, "texture": "#1"},
				"east": {"uv": [0, 0, 0.025, 0.05], "rotation": 270, "texture": "#1"},
				"south": {"uv": [0, 0, 1.5, 0.025], "texture": "#1"},
				"west": {"uv": [0, 0, 0.025, 0.05], "rotation": 90, "texture": "#1"},
				"up": {"uv": [0, 0, 1.5, 0.05], "rotation": 180, "texture": "#1"},
				"down": {"uv": [0, 0, 1.5, 0.05], "texture": "#1"}
			}
		},
		{
			"from": [0.7, 3.78672, 2.56405],
			"to": [2.2, 3.83672, 2.58905],
			"rotation": {"angle": 22.5, "axis": "x", "origin": [1.7, 3.61172, 2.27655]},
			"faces": {
				"north": {"uv": [0, 0, 1.5, 0.05], "texture": "#1"},
				"east": {"uv": [0, 0, 0.025, 0.05], "texture": "#1"},
				"south": {"uv": [0, 0, 1.5, 0.05], "texture": "#1"},
				"west": {"uv": [0, 0, 0.025, 0.05], "texture": "#1"},
				"up": {"uv": [0, 0, 1.5, 0.025], "texture": "#1"},
				"down": {"uv": [0, 0, 1.5, 0.025], "texture": "#1"}
			}
		},
		{
			"from": [-2.8, 3.18961, 2.38557],
			"to": [2.2, 3.23961, 2.41057],
			"rotation": {"angle": 22.5, "axis": "x", "origin": [1.7, 3.18354, 2.54458]},
			"faces": {
				"north": {"uv": [0, 0, 5, 0.05], "texture": "#1"},
				"east": {"uv": [0, 0, 0.025, 0.05], "texture": "#1"},
				"south": {"uv": [0, 0, 5, 0.05], "texture": "#1"},
				"west": {"uv": [0, 0, 0.025, 0.05], "texture": "#1"},
				"up": {"uv": [0, 0, 5, 0.025], "texture": "#1"},
				"down": {"uv": [0, 0, 5, 0.025], "texture": "#1"}
			}
		},
		{
			"from": [-2.8, 3.22182, 2.44994],
			"to": [2.2, 3.24682, 2.49994],
			"rotation": {"angle": -45, "axis": "x", "origin": [1.7, 3.23432, 2.37494]},
			"faces": {
				"north": {"uv": [0, 0, 5, 0.025], "rotation": 180, "texture": "#1"},
				"east": {"uv": [0, 0, 0.025, 0.05], "rotation": 270, "texture": "#1"},
				"south": {"uv": [0, 0, 5, 0.025], "texture": "#1"},
				"west": {"uv": [0, 0, 0.025, 0.05], "rotation": 90, "texture": "#1"},
				"up": {"uv": [0, 0, 5, 0.05], "rotation": 180, "texture": "#1"},
				"down": {"uv": [0, 0, 5, 0.05], "texture": "#1"}
			}
		},
		{
			"from": [-2.8, 3.2, 2.4],
			"to": [2.2, 3.25, 2.425],
			"rotation": {"angle": 0, "axis": "y", "origin": [1.7, 3.2, 2.5]},
			"faces": {
				"north": {"uv": [0, 0, 5, 0.05], "texture": "#1"},
				"east": {"uv": [0, 0, 0.025, 0.05], "texture": "#1"},
				"south": {"uv": [0, 0, 5, 0.05], "texture": "#1"},
				"west": {"uv": [0, 0, 0.025, 0.05], "texture": "#1"},
				"up": {"uv": [0, 0, 5, 0.025], "texture": "#1"},
				"down": {"uv": [0, 0, 5, 0.025], "texture": "#1"}
			}
		},
		{
			"from": [-2.8, 3.2, 2.62637],
			"to": [2.2, 3.25, 2.65137],
			"rotation": {"angle": 0, "axis": "y", "origin": [1.7, 3.225, 2.63887]},
			"faces": {
				"north": {"uv": [0, 0, 5, 0.05], "rotation": 180, "texture": "#1"},
				"east": {"uv": [0, 0, 0.025, 0.05], "rotation": 180, "texture": "#1"},
				"south": {"uv": [0, 0, 5, 0.05], "rotation": 180, "texture": "#1"},
				"west": {"uv": [0, 0, 0.025, 0.05], "rotation": 180, "texture": "#1"},
				"up": {"uv": [0, 0, 5, 0.025], "texture": "#1"},
				"down": {"uv": [0, 0, 5, 0.025], "texture": "#1"}
			}
		},
		{
			"from": [-2.8, 2.85054, 2.46951],
			"to": [2.2, 2.90054, 2.49451],
			"rotation": {"angle": -22.5, "axis": "x", "origin": [1.7, 2.87554, 1.68201]},
			"faces": {
				"north": {"uv": [0, 0, 5, 0.05], "rotation": 180, "texture": "#1"},
				"east": {"uv": [0, 0, 0.025, 0.05], "rotation": 180, "texture": "#1"},
				"south": {"uv": [0, 0, 5, 0.05], "rotation": 180, "texture": "#1"},
				"west": {"uv": [0, 0, 0.025, 0.05], "rotation": 180, "texture": "#1"},
				"up": {"uv": [0, 0, 5, 0.025], "texture": "#1"},
				"down": {"uv": [0, 0, 5, 0.025], "texture": "#1"}
			}
		},
		{
			"from": [-2.8, 3.24331, 2.61775],
			"to": [2.2, 3.29331, 2.64275],
			"rotation": {"angle": -22.5, "axis": "x", "origin": [1.7, 3.26831, 2.63025]},
			"faces": {
				"north": {"uv": [0, 0, 5, 0.05], "rotation": 180, "texture": "#1"},
				"east": {"uv": [0, 0, 0.025, 0.05], "rotation": 180, "texture": "#1"},
				"south": {"uv": [0, 0, 5, 0.05], "rotation": 180, "texture": "#1"},
				"west": {"uv": [0, 0, 0.025, 0.05], "rotation": 180, "texture": "#1"},
				"up": {"uv": [0, 0, 5, 0.025], "texture": "#1"},
				"down": {"uv": [0, 0, 5, 0.025], "texture": "#1"}
			}
		},
		{
			"from": [-2.8, 2.6957, 2.60889],
			"to": [2.2, 2.7457, 2.63389],
			"rotation": {"angle": -45, "axis": "x", "origin": [1.7, 2.7207, 2.02139]},
			"faces": {
				"north": {"uv": [0, 0, 5, 0.05], "rotation": 180, "texture": "#1"},
				"east": {"uv": [0, 0, 0.025, 0.05], "rotation": 180, "texture": "#1"},
				"south": {"uv": [0, 0, 5, 0.05], "rotation": 180, "texture": "#1"},
				"west": {"uv": [0, 0, 0.025, 0.05], "rotation": 180, "texture": "#1"},
				"up": {"uv": [0, 0, 5, 0.025], "texture": "#1"},
				"down": {"uv": [0, 0, 5, 0.025], "texture": "#1"}
			}
		},
		{
			"from": [-2.8, 3.28003, 2.59322],
			"to": [2.2, 3.33003, 2.61822],
			"rotation": {"angle": -45, "axis": "x", "origin": [1.7, 3.30503, 2.60572]},
			"faces": {
				"north": {"uv": [0, 0, 5, 0.05], "rotation": 180, "texture": "#1"},
				"east": {"uv": [0, 0, 0.025, 0.05], "rotation": 180, "texture": "#1"},
				"south": {"uv": [0, 0, 5, 0.05], "rotation": 180, "texture": "#1"},
				"west": {"uv": [0, 0, 0.025, 0.05], "rotation": 180, "texture": "#1"},
				"up": {"uv": [0, 0, 5, 0.025], "texture": "#1"},
				"down": {"uv": [0, 0, 5, 0.025], "texture": "#1"}
			}
		},
		{
			"from": [-2.8, 3.1536, 2.22776],
			"to": [2.2, 3.1786, 2.27776],
			"rotation": {"angle": 22.5, "axis": "x", "origin": [1.7, 2.5661, 2.25276]},
			"faces": {
				"north": {"uv": [0, 0, 5, 0.025], "rotation": 180, "texture": "#1"},
				"east": {"uv": [0, 0, 0.025, 0.05], "rotation": 270, "texture": "#1"},
				"south": {"uv": [0, 0, 5, 0.025], "texture": "#1"},
				"west": {"uv": [0, 0, 0.025, 0.05], "rotation": 90, "texture": "#1"},
				"up": {"uv": [0, 0, 5, 0.05], "rotation": 180, "texture": "#1"},
				"down": {"uv": [0, 0, 5, 0.05], "texture": "#1"}
			}
		},
		{
			"from": [-2.8, 3.31707, 2.46746],
			"to": [2.2, 3.34207, 2.51746],
			"rotation": {"angle": 22.5, "axis": "x", "origin": [1.7, 3.13718, 2.53073]},
			"faces": {
				"north": {"uv": [0, 0, 5, 0.025], "rotation": 180, "texture": "#1"},
				"east": {"uv": [0, 0, 0.025, 0.05], "rotation": 270, "texture": "#1"},
				"south": {"uv": [0, 0, 5, 0.025], "texture": "#1"},
				"west": {"uv": [0, 0, 0.025, 0.05], "rotation": 90, "texture": "#1"},
				"up": {"uv": [0, 0, 5, 0.05], "rotation": 180, "texture": "#1"},
				"down": {"uv": [0, 0, 5, 0.05], "texture": "#1"}
			}
		},
		{
			"from": [-2.8, 3.32568, 2.50068],
			"to": [2.2, 3.35068, 2.55068],
			"rotation": {"angle": 0, "axis": "y", "origin": [1.7, 3.23818, 2.52568]},
			"faces": {
				"north": {"uv": [0, 0, 5, 0.025], "rotation": 180, "texture": "#1"},
				"east": {"uv": [0, 0, 0.025, 0.05], "rotation": 270, "texture": "#1"},
				"south": {"uv": [0, 0, 5, 0.025], "texture": "#1"},
				"west": {"uv": [0, 0, 0.025, 0.05], "rotation": 90, "texture": "#1"},
				"up": {"uv": [0, 0, 5, 0.05], "rotation": 180, "texture": "#1"},
				"down": {"uv": [0, 0, 5, 0.05], "texture": "#1"}
			}
		},
		{
			"from": [-2.8, 3.09932, 2.50068],
			"to": [2.2, 3.12432, 2.55068],
			"rotation": {"angle": 0, "axis": "y", "origin": [1.7, 2.41182, 2.32568]},
			"faces": {
				"north": {"uv": [0, 0, 5, 0.025], "rotation": 180, "texture": "#1"},
				"east": {"uv": [0, 0, 0.025, 0.05], "rotation": 270, "texture": "#1"},
				"south": {"uv": [0, 0, 5, 0.025], "texture": "#1"},
				"west": {"uv": [0, 0, 0.025, 0.05], "rotation": 90, "texture": "#1"},
				"up": {"uv": [0, 0, 5, 0.05], "rotation": 180, "texture": "#1"},
				"down": {"uv": [0, 0, 5, 0.05], "texture": "#1"}
			}
		},
		{
			"from": [-2.8, 3.1536, 2.77361],
			"to": [2.2, 3.1786, 2.82361],
			"rotation": {"angle": -22.5, "axis": "x", "origin": [1.7, 2.5661, 2.79861]},
			"faces": {
				"north": {"uv": [0, 0, 5, 0.025], "rotation": 180, "texture": "#1"},
				"east": {"uv": [0, 0, 0.025, 0.05], "rotation": 270, "texture": "#1"},
				"south": {"uv": [0, 0, 5, 0.025], "texture": "#1"},
				"west": {"uv": [0, 0, 0.025, 0.05], "rotation": 90, "texture": "#1"},
				"up": {"uv": [0, 0, 5, 0.05], "rotation": 180, "texture": "#1"},
				"down": {"uv": [0, 0, 5, 0.05], "texture": "#1"}
			}
		},
		{
			"from": [-2.8, 3.31707, 2.45737],
			"to": [2.2, 3.34207, 2.50737],
			"rotation": {"angle": -22.5, "axis": "x", "origin": [1.7, 3.32957, 2.48237]},
			"faces": {
				"north": {"uv": [0, 0, 5, 0.025], "rotation": 180, "texture": "#1"},
				"east": {"uv": [0, 0, 0.025, 0.05], "rotation": 270, "texture": "#1"},
				"south": {"uv": [0, 0, 5, 0.025], "texture": "#1"},
				"west": {"uv": [0, 0, 0.025, 0.05], "rotation": 90, "texture": "#1"},
				"up": {"uv": [0, 0, 5, 0.05], "rotation": 180, "texture": "#1"},
				"down": {"uv": [0, 0, 5, 0.05], "texture": "#1"}
			}
		},
		{
			"from": [-2.8, 2.9446, 2.32716],
			"to": [2.2, 2.9696, 2.37716],
			"rotation": {"angle": -45, "axis": "x", "origin": [1.7, 3.3571, 2.25216]},
			"faces": {
				"north": {"uv": [0, 0, 5, 0.025], "rotation": 180, "texture": "#1"},
				"east": {"uv": [0, 0, 0.025, 0.05], "rotation": 270, "texture": "#1"},
				"south": {"uv": [0, 0, 5, 0.025], "texture": "#1"},
				"west": {"uv": [0, 0, 0.025, 0.05], "rotation": 90, "texture": "#1"},
				"up": {"uv": [0, 0, 5, 0.05], "rotation": 180, "texture": "#1"},
				"down": {"uv": [0, 0, 5, 0.05], "texture": "#1"}
			}
		},
		{
			"from": [-2.8, 3.28672, 2.56405],
			"to": [2.2, 3.33672, 2.58905],
			"rotation": {"angle": 22.5, "axis": "x", "origin": [1.7, 3.11172, 2.27655]},
			"faces": {
				"north": {"uv": [0, 0, 5, 0.05], "texture": "#1"},
				"east": {"uv": [0, 0, 0.025, 0.05], "texture": "#1"},
				"south": {"uv": [0, 0, 5, 0.05], "texture": "#1"},
				"west": {"uv": [0, 0, 0.025, 0.05], "texture": "#1"},
				"up": {"uv": [0, 0, 5, 0.025], "texture": "#1"},
				"down": {"uv": [0, 0, 5, 0.025], "texture": "#1"}
			}
		},
		{
			"from": [0.399, 3, 2.375],
			"to": [0.799, 3.7, 2.675],
			"rotation": {"angle": -45, "axis": "z", "origin": [0.649, 3.65, 2.525]},
			"faces": {
				"north": {"uv": [0, 0, 0.4, 0.7], "texture": "#2"},
				"east": {"uv": [0, 0, 0.3, 0.7], "texture": "#2"},
				"south": {"uv": [0, 0, 0.4, 0.7], "texture": "#2"},
				"west": {"uv": [0, 0, 0.3, 0.7], "texture": "#2"},
				"up": {"uv": [0, 0, 0.4, 0.3], "texture": "#2"},
				"down": {"uv": [0, 0, 0.4, 0.3], "texture": "#2"}
			}
		},
		{
			"from": [0.50758, 3.06213, 2.375],
			"to": [0.80758, 3.86213, 2.675],
			"rotation": {"angle": 0, "axis": "z", "origin": [0.65758, 3.91213, 2.525]},
			"faces": {
				"north": {"uv": [0, 0, 0.3, 0.8], "texture": "#2"},
				"east": {"uv": [0, 0, 0.3, 0.8], "texture": "#2"},
				"south": {"uv": [0, 0, 0.3, 0.8], "texture": "#2"},
				"west": {"uv": [0, 0, 0.3, 0.8], "texture": "#2"},
				"up": {"uv": [0, 0, 0.3, 0.3], "texture": "#2"},
				"down": {"uv": [0, 0, 0.3, 0.3], "texture": "#2"}
			}
		},
		{
			"from": [0.0126, 3.06716, 2.375],
			"to": [0.8126, 3.36716, 2.675],
			"rotation": {"angle": 0, "axis": "y", "origin": [1.0626, 4.81716, 2.525]},
			"faces": {
				"north": {"uv": [0, 0, 0.8, 0.3], "texture": "#2"},
				"east": {"uv": [0, 0, 0.3, 0.3], "texture": "#2"},
				"south": {"uv": [0, 0, 0.8, 0.3], "texture": "#2"},
				"west": {"uv": [0, 0, 0.3, 0.3], "texture": "#2"},
				"up": {"uv": [0, 0, 0.8, 0.3], "texture": "#2"},
				"down": {"uv": [0, 0, 0.8, 0.3], "texture": "#2"}
			}
		},
		{
			"from": [7.7, 2.45, 2.275],
			"to": [9, 2.7, 2.775],
			"rotation": {"angle": 0, "axis": "z", "origin": [7.65, 2.575, 2.525]},
			"faces": {
				"north": {"uv": [0, 0, 1.3, 0.25], "texture": "#2"},
				"east": {"uv": [0, 0, 0.5, 0.25], "texture": "#2"},
				"south": {"uv": [0, 0, 1.3, 0.25], "texture": "#2"},
				"west": {"uv": [0, 0, 0.5, 0.25], "texture": "#2"},
				"up": {"uv": [0, 0, 1.3, 0.5], "texture": "#2"},
				"down": {"uv": [0, 0, 1.3, 0.5], "texture": "#2"}
			}
		},
		{
			"from": [8.925, 2.3, 2.275],
			"to": [9.175, 2.65, 2.775],
			"rotation": {"angle": -22.5, "axis": "z", "origin": [8.3, 2.575, 2.525]},
			"faces": {
				"north": {"uv": [0, 0, 0.35, 0.25], "rotation": 90, "texture": "#2"},
				"east": {"uv": [0, 0, 0.35, 0.5], "rotation": 270, "texture": "#2"},
				"south": {"uv": [0, 0, 0.35, 0.25], "rotation": 270, "texture": "#2"},
				"west": {"uv": [0, 0, 0.35, 0.5], "rotation": 270, "texture": "#2"},
				"up": {"uv": [0, 0, 0.5, 0.25], "rotation": 270, "texture": "#2"},
				"down": {"uv": [0, 0, 0.5, 0.25], "rotation": 270, "texture": "#2"}
			}
		},
		{
			"from": [8.81864, 1.9096, 2.275],
			"to": [8.96864, 2.1596, 2.775],
			"rotation": {"angle": 22.5, "axis": "z", "origin": [8.79364, 2.0346, 2.525]},
			"faces": {
				"north": {"uv": [0, 0, 0.15, 0.25], "texture": "#2"},
				"east": {"uv": [0, 0, 0.5, 0.25], "texture": "#2"},
				"south": {"uv": [0, 0, 0.15, 0.25], "texture": "#2"},
				"west": {"uv": [0, 0, 0.5, 0.25], "texture": "#2"},
				"up": {"uv": [0, 0, 0.15, 0.5], "texture": "#2"},
				"down": {"uv": [0, 0, 0.15, 0.5], "texture": "#2"}
			}
		},
		{
			"from": [8.8871, 2.30944, 2.275],
			"to": [9.1371, 2.75944, 2.775],
			"rotation": {"angle": 0, "axis": "z", "origin": [9.0121, 3.13444, 2.525]},
			"faces": {
				"north": {"uv": [0, 0, 0.45, 0.25], "rotation": 90, "texture": "#2"},
				"east": {"uv": [0, 0, 0.45, 0.5], "rotation": 270, "texture": "#2"},
				"south": {"uv": [0, 0, 0.45, 0.25], "rotation": 270, "texture": "#2"},
				"west": {"uv": [0, 0, 0.45, 0.5], "rotation": 270, "texture": "#2"},
				"up": {"uv": [0, 0, 0.5, 0.25], "rotation": 270, "texture": "#2"},
				"down": {"uv": [0, 0, 0.5, 0.25], "rotation": 270, "texture": "#2"}
			}
		},
		{
			"from": [7.5, 2.45, 2.275],
			"to": [9.02, 3, 2.775],
			"rotation": {"angle": -22.5, "axis": "z", "origin": [7.65, 2.575, 2.525]},
			"faces": {
				"north": {"uv": [0, 0, 1.52, 0.55], "texture": "#2"},
				"east": {"uv": [0, 0, 0.5, 0.55], "texture": "#2"},
				"south": {"uv": [0, 0, 1.52, 0.55], "texture": "#2"},
				"west": {"uv": [0, 0, 0.5, 0.55], "texture": "#2"},
				"up": {"uv": [0, 0, 1.52, 0.5], "texture": "#2"},
				"down": {"uv": [0, 0, 1.52, 0.5], "texture": "#2"}
			}
		},
		{
			"from": [10.3, 2.45, 2.4],
			"to": [11.4, 2.5, 2.7],
			"faces": {
				"north": {"uv": [0, 0, 1.1, 0.05], "texture": "#2"},
				"east": {"uv": [0, 0, 0.3, 0.05], "texture": "#2"},
				"south": {"uv": [0, 0, 1.1, 0.05], "texture": "#2"},
				"west": {"uv": [0, 0, 0.3, 0.05], "texture": "#2"},
				"up": {"uv": [0, 0, 1.1, 0.3], "texture": "#2"},
				"down": {"uv": [0, 0, 1.1, 0.3], "texture": "#2"}
			}
		},
		{
			"from": [11.26516, 2.17448, 2.4],
			"to": [11.46516, 2.22448, 2.7],
			"rotation": {"angle": -45, "axis": "z", "origin": [11.66516, 2.19948, 2.55]},
			"faces": {
				"north": {"uv": [0, 0, 0.2, 0.05], "texture": "#2"},
				"east": {"uv": [0, 0, 0.3, 0.05], "texture": "#2"},
				"south": {"uv": [0, 0, 0.2, 0.05], "texture": "#2"},
				"west": {"uv": [0, 0, 0.3, 0.05], "texture": "#2"},
				"up": {"uv": [0, 0, 0.2, 0.3], "texture": "#2"},
				"down": {"uv": [0, 0, 0.2, 0.3], "texture": "#2"}
			}
		},
		{
			"from": [11.49142, 2.05858, 2.4],
			"to": [11.54142, 2.35858, 2.7],
			"rotation": {"angle": 0, "axis": "z", "origin": [10.91642, 2.30858, 2.55]},
			"faces": {
				"north": {"uv": [0, 0, 0.3, 0.05], "rotation": 90, "texture": "#2"},
				"east": {"uv": [0, 0, 0.3, 0.3], "rotation": 270, "texture": "#2"},
				"south": {"uv": [0, 0, 0.3, 0.05], "rotation": 270, "texture": "#2"},
				"west": {"uv": [0, 0, 0.3, 0.3], "rotation": 270, "texture": "#2"},
				"up": {"uv": [0, 0, 0.3, 0.05], "rotation": 270, "texture": "#2"},
				"down": {"uv": [0, 0, 0.3, 0.05], "rotation": 270, "texture": "#2"}
			}
		},
		{
			"from": [11.47419, 1.97195, 2.4],
			"to": [11.52419, 2.07195, 2.7],
			"rotation": {"angle": -22.5, "axis": "z", "origin": [11.49919, 2.02195, 2.55]},
			"faces": {
				"north": {"uv": [0, 0, 0.1, 0.05], "rotation": 90, "texture": "#2"},
				"east": {"uv": [0, 0, 0.1, 0.3], "rotation": 270, "texture": "#2"},
				"south": {"uv": [0, 0, 0.1, 0.05], "rotation": 270, "texture": "#2"},
				"west": {"uv": [0, 0, 0.1, 0.3], "rotation": 270, "texture": "#2"},
				"up": {"uv": [0, 0, 0.3, 0.05], "rotation": 270, "texture": "#2"},
				"down": {"uv": [0, 0, 0.3, 0.05], "rotation": 270, "texture": "#2"}
			}
		},
		{
			"from": [11.42512, 1.89851, 2.4],
			"to": [11.47512, 1.99851, 2.7],
			"rotation": {"angle": -45, "axis": "z", "origin": [11.45012, 1.94851, 2.55]},
			"faces": {
				"north": {"uv": [0, 0, 0.1, 0.05], "rotation": 90, "texture": "#2"},
				"east": {"uv": [0, 0, 0.1, 0.3], "rotation": 270, "texture": "#2"},
				"south": {"uv": [0, 0, 0.1, 0.05], "rotation": 270, "texture": "#2"},
				"west": {"uv": [0, 0, 0.1, 0.3], "rotation": 270, "texture": "#2"},
				"up": {"uv": [0, 0, 0.3, 0.05], "rotation": 270, "texture": "#2"},
				"down": {"uv": [0, 0, 0.3, 0.05], "rotation": 270, "texture": "#2"}
			}
		},
		{
			"from": [11.22668, 1.87444, 2.4],
			"to": [11.42668, 1.92444, 2.7],
			"rotation": {"angle": 22.5, "axis": "z", "origin": [11.37668, 1.89944, 2.55]},
			"faces": {
				"north": {"uv": [0, 0, 0.2, 0.05], "texture": "#2"},
				"east": {"uv": [0, 0, 0.3, 0.05], "texture": "#2"},
				"south": {"uv": [0, 0, 0.2, 0.05], "texture": "#2"},
				"west": {"uv": [0, 0, 0.3, 0.05], "texture": "#2"},
				"up": {"uv": [0, 0, 0.2, 0.3], "texture": "#2"},
				"down": {"uv": [0, 0, 0.2, 0.3], "texture": "#2"}
			}
		},
		{
			"from": [10.42637, 1.82363, 2.4],
			"to": [11.24637, 1.87363, 2.7],
			"rotation": {"angle": 0, "axis": "z", "origin": [-0.07363, -0.02637, 0]},
			"faces": {
				"north": {"uv": [0, 0, 0.82, 0.05], "texture": "#2"},
				"east": {"uv": [0, 0, 0.3, 0.05], "texture": "#2"},
				"south": {"uv": [0, 0, 0.82, 0.05], "texture": "#2"},
				"west": {"uv": [0, 0, 0.3, 0.05], "texture": "#2"},
				"up": {"uv": [0, 0, 0.82, 0.3], "texture": "#2"},
				"down": {"uv": [0, 0, 0.82, 0.3], "texture": "#2"}
			}
		},
		{
			"from": [10.33974, 1.84086, 2.4],
			"to": [10.43974, 1.89086, 2.7],
			"rotation": {"angle": -22.5, "axis": "z", "origin": [10.38974, 1.86586, 2.55]},
			"faces": {
				"north": {"uv": [0, 0, 0.1, 0.05], "rotation": 180, "texture": "#2"},
				"east": {"uv": [0, 0, 0.3, 0.05], "rotation": 180, "texture": "#2"},
				"south": {"uv": [0, 0, 0.1, 0.05], "rotation": 180, "texture": "#2"},
				"west": {"uv": [0, 0, 0.3, 0.05], "rotation": 180, "texture": "#2"},
				"up": {"uv": [0, 0, 0.1, 0.3], "rotation": 180, "texture": "#2"},
				"down": {"uv": [0, 0, 0.1, 0.3], "rotation": 180, "texture": "#2"}
			}
		},
		{
			"from": [10.2913, 1.86493, 2.4],
			"to": [10.3413, 1.96493, 2.7],
			"rotation": {"angle": 45, "axis": "z", "origin": [10.3163, 1.91493, 2.55]},
			"faces": {
				"north": {"uv": [0, 0, 0.1, 0.05], "rotation": 90, "texture": "#2"},
				"east": {"uv": [0, 0, 0.1, 0.3], "rotation": 270, "texture": "#2"},
				"south": {"uv": [0, 0, 0.1, 0.05], "rotation": 270, "texture": "#2"},
				"west": {"uv": [0, 0, 0.1, 0.3], "rotation": 270, "texture": "#2"},
				"up": {"uv": [0, 0, 0.3, 0.05], "rotation": 270, "texture": "#2"},
				"down": {"uv": [0, 0, 0.3, 0.05], "rotation": 270, "texture": "#2"}
			}
		},
		{
			"from": [10.2805, 1.94599, 2.4],
			"to": [10.3305, 2.04599, 2.7],
			"rotation": {"angle": 22.5, "axis": "z", "origin": [10.3055, 1.89599, 2.55]},
			"faces": {
				"north": {"uv": [0, 0, 0.1, 0.05], "rotation": 90, "texture": "#2"},
				"east": {"uv": [0, 0, 0.1, 0.3], "rotation": 270, "texture": "#2"},
				"south": {"uv": [0, 0, 0.1, 0.05], "rotation": 270, "texture": "#2"},
				"west": {"uv": [0, 0, 0.1, 0.3], "rotation": 270, "texture": "#2"},
				"up": {"uv": [0, 0, 0.3, 0.05], "rotation": 270, "texture": "#2"},
				"down": {"uv": [0, 0, 0.3, 0.05], "rotation": 270, "texture": "#2"}
			}
		},
		{
			"from": [10.225, 2.025, 2.4],
			"to": [10.275, 2.325, 2.7],
			"rotation": {"angle": 0, "axis": "z", "origin": [10.85, 1.975, 2.55]},
			"faces": {
				"north": {"uv": [0, 0, 0.3, 0.05], "rotation": 90, "texture": "#2"},
				"east": {"uv": [0, 0, 0.3, 0.3], "rotation": 270, "texture": "#2"},
				"south": {"uv": [0, 0, 0.3, 0.05], "rotation": 270, "texture": "#2"},
				"west": {"uv": [0, 0, 0.3, 0.3], "rotation": 270, "texture": "#2"},
				"up": {"uv": [0, 0, 0.3, 0.05], "rotation": 270, "texture": "#2"},
				"down": {"uv": [0, 0, 0.3, 0.05], "rotation": 270, "texture": "#2"}
			}
		},
		{
			"from": [10.25983, 2.29804, 2.4],
			"to": [10.30983, 2.49804, 2.7],
			"rotation": {"angle": -22.5, "axis": "z", "origin": [10.28483, 2.39804, 2.55]},
			"faces": {
				"north": {"uv": [0, 0, 0.2, 0.05], "rotation": 90, "texture": "#2"},
				"east": {"uv": [0, 0, 0.2, 0.3], "rotation": 270, "texture": "#2"},
				"south": {"uv": [0, 0, 0.2, 0.05], "rotation": 270, "texture": "#2"},
				"west": {"uv": [0, 0, 0.2, 0.3], "rotation": 270, "texture": "#2"},
				"up": {"uv": [0, 0, 0.3, 0.05], "rotation": 270, "texture": "#2"},
				"down": {"uv": [0, 0, 0.3, 0.05], "rotation": 270, "texture": "#2"}
			}
		},
		{
			"from": [11.1414, 2.05858, 2.5],
			"to": [11.2414, 2.55858, 2.6],
			"rotation": {"angle": 0, "axis": "z", "origin": [10.61642, 2.30858, 2.55]},
			"faces": {
				"north": {"uv": [0, 0, 0.5, 0.1], "rotation": 90, "texture": "#2"},
				"east": {"uv": [0, 0, 0.5, 0.1], "rotation": 270, "texture": "#2"},
				"south": {"uv": [0, 0, 0.5, 0.1], "rotation": 270, "texture": "#2"},
				"west": {"uv": [0, 0, 0.5, 0.1], "rotation": 270, "texture": "#2"},
				"up": {"uv": [0, 0, 0.1, 0.1], "rotation": 270, "texture": "#2"},
				"down": {"uv": [0, 0, 0.1, 0.1], "rotation": 270, "texture": "#2"}
			}
		},
		{
			"from": [11.33282, 1.92071, 2.5],
			"to": [11.43282, 2.02071, 2.6],
			"rotation": {"angle": -45, "axis": "z", "origin": [11.38282, 2.27071, 2.55]},
			"faces": {
				"north": {"uv": [0, 0, 0.1, 0.1], "rotation": 90, "texture": "#2"},
				"east": {"uv": [0, 0, 0.1, 0.1], "rotation": 270, "texture": "#2"},
				"south": {"uv": [0, 0, 0.1, 0.1], "rotation": 270, "texture": "#2"},
				"west": {"uv": [0, 0, 0.1, 0.1], "rotation": 270, "texture": "#2"},
				"up": {"uv": [0, 0, 0.1, 0.1], "rotation": 270, "texture": "#2"},
				"down": {"uv": [0, 0, 0.1, 0.1], "rotation": 270, "texture": "#2"}
			}
		},
		{
			"from": [7.2, 3, 2.225],
			"to": [9.9, 3.95, 2.825],
			"faces": {
				"north": {"uv": [0, 0, 2.7, 0.95], "texture": "#2"},
				"east": {"uv": [0, 0, 0.6, 0.95], "texture": "#2"},
				"south": {"uv": [0, 0, 2.7, 0.95], "texture": "#2"},
				"west": {"uv": [0, 0, 0.6, 0.95], "texture": "#2"},
				"up": {"uv": [0, 0, 2.7, 0.6], "texture": "#2"},
				"down": {"uv": [0, 0, 2.7, 0.6], "texture": "#2"}
			}
		},
		{
			"from": [7.35, 3.7, 1.83],
			"to": [7.6, 3.95, 2.23],
			"faces": {
				"north": {"uv": [0, 0, 0.25, 0.25], "texture": "#2"},
				"east": {"uv": [0, 0, 0.4, 0.25], "texture": "#2"},
				"south": {"uv": [0, 0, 0.25, 0.25], "texture": "#2"},
				"west": {"uv": [0, 0, 0.4, 0.25], "texture": "#2"},
				"up": {"uv": [0, 0, 0.25, 0.4], "texture": "#2"},
				"down": {"uv": [0, 0, 0.25, 0.4], "texture": "#2"}
			}
		},
		{
			"from": [7.35, 3.4, 2.2],
			"to": [9.85, 3.98, 2.489],
			"faces": {
				"north": {"uv": [0, 0, 2.5, 0.58], "texture": "#2"},
				"east": {"uv": [0, 0, 0.289, 0.58], "texture": "#2"},
				"south": {"uv": [0, 0, 2.5, 0.58], "texture": "#2"},
				"west": {"uv": [0, 0, 0.289, 0.58], "texture": "#2"},
				"up": {"uv": [0, 0, 2.5, 0.289], "texture": "#2"},
				"down": {"uv": [0, 0, 2.5, 0.289], "texture": "#2"}
			}
		},
		{
			"from": [15, 1.5, 2.15],
			"to": [17, 2.85, 2.95],
			"rotation": {"angle": -22.5, "axis": "z", "origin": [16.2, 2.3, 1.65]},
			"faces": {
				"north": {"uv": [0.25, 0.25, 0.75, 0.75], "texture": "#4"},
				"east": {"uv": [1.25, 0.25, 1.75, 0.75], "texture": "#4"},
				"south": {"uv": [2.25, 0.25, 2.75, 0.75], "texture": "#4"},
				"west": {"uv": [3.25, 0.25, 3.75, 0.75], "texture": "#4"},
				"up": {"uv": [4.25, 0.25, 4.75, 0.75], "texture": "#4"},
				"down": {"uv": [5.25, 0.25, 5.75, 0.75], "texture": "#4"}
			}
		},
		{
			"from": [15.3, 2.7, 2.15],
			"to": [17.2, 3.3, 2.95],
			"rotation": {"angle": 0, "axis": "y", "origin": [0, 0, 1]},
			"faces": {
				"north": {"uv": [6.25, 0.25, 6.75, 0.75], "texture": "#4"},
				"east": {"uv": [7.25, 0.25, 7.75, 0.75], "texture": "#4"},
				"south": {"uv": [8.25, 0.25, 8.75, 0.75], "texture": "#4"},
				"west": {"uv": [9.25, 0.25, 9.75, 0.75], "texture": "#4"},
				"up": {"uv": [10.25, 0.25, 10.75, 0.75], "texture": "#4"},
				"down": {"uv": [11.25, 0.25, 11.75, 0.75], "texture": "#4"}
			}
		},
		{
			"from": [16.6, 1.25, 2.15],
			"to": [17.2, 3.3, 2.95],
			"rotation": {"angle": 0, "axis": "y", "origin": [0, 0, 1]},
			"faces": {
				"north": {"uv": [12.25, 0.25, 12.75, 0.75], "texture": "#4"},
				"east": {"uv": [13.25, 0.25, 13.75, 0.75], "texture": "#4"},
				"south": {"uv": [14.25, 0.25, 14.75, 0.75], "texture": "#4"},
				"west": {"uv": [15.25, 0.25, 15.75, 0.75], "texture": "#4"},
				"up": {"uv": [0.25, 1.25, 0.75, 1.75], "texture": "#4"},
				"down": {"uv": [1.25, 1.25, 1.75, 1.75], "texture": "#4"}
			}
		}
	],
	"display": {
		"thirdperson_righthand": {
			"rotation": [0, -90, 0],
			"translation": [-5.75, 6, -2]
		},
		"firstperson_righthand": {
			"rotation": [0, -90, 0],
			"translation": [-10.5, 11, 3.75]
		},
		"ground": {
			"rotation": [0, 0, -31],
			"translation": [0, 6.75, 0]
		},
		"gui": {
			"rotation": [0, -180, -40],
			"translation": [-4, 5.25, 0]
		},
		"fixed": {
			"rotation": [0, 0, -44],
			"translation": [3.5, 4.75, 5.5]
		}
	},
	"groups": [
		{
			"name": "stock",
			"origin": [12.44015, 2.69365, 2.525],
			"color": 0,
			"children": [0, 1, 2, 3, 4, 5, 6, 7, 8, 9, 10, 11, 12]
		},
		{
			"name": "flame",
			"origin": [0, 0, 0],
			"color": 0,
			"children": [13, 14, 15, 16, 17, 18, 19, 20, 21, 22, 23, 24]
		},
		{
			"name": "sight",
			"origin": [5.9, 4.025, 2.525],
			"color": 0,
			"children": [25, 26, 27, 28, 29, 30, 31, 32, 33]
		},
		{
			"name": "barrel2",
			"origin": [1.7, 3.41172, 2.17655],
			"color": 0,
			"children": [34, 35, 36, 37, 38, 39, 40, 41, 42, 43, 44, 45, 46, 47, 48, 49]
		},
		{
			"name": "barrel1",
			"origin": [1.7, 3.41172, 2.17655],
			"color": 0,
			"children": [50, 51, 52, 53, 54, 55, 56, 57, 58, 59, 60, 61, 62, 63, 64, 65]
		},
		{
			"name": "gasblock",
			"origin": [0.3626, 4.81716, 2.525],
			"color": 0,
			"children": [66, 67, 68]
		},
		{
			"name": "mg",
			"origin": [7.65, 2.575, 2.525],
			"color": 0,
			"children": [69, 70, 71, 72, 73]
		},
		{
			"name": "trigger",
			"origin": [11.38282, 2.27071, 2.55],
			"color": 0,
			"children": [74, 75, 76, 77, 78, 79, 80, 81, 82, 83, 84, 85, 86, 87]
		},
		{
			"name": "chamber",
			"origin": [0, 0, 0],
			"color": 0,
			"children": [88, 89, 90]
		},
		{
			"name": "pad",
			"origin": [0, 0, 0],
			"color": 0,
			"children": [91, 92, 93]
		}
	]
}