{
	"credit": "Made with Blockbench",
	"textures": {
		"0": "item/smaw",
		"1": "item/smaw_2",
		"particle": "item/smaw"
	},
	"elements": [
		{
			"from": [12, 1.5, 7.7],
			"to": [12.65, 2, 8.3],
			"rotation": {"angle": 0, "axis": "y", "origin": [20, 8, 15.5]},
			"faces": {
				"north": {"uv": [0, 0, 0.65, 0.5], "texture": "#0"},
				"east": {"uv": [0, 0, 0.6, 0.5], "texture": "#0"},
				"south": {"uv": [0, 0, 0.65, 0.5], "texture": "#0"},
				"west": {"uv": [0, 0, 0.6, 0.5], "texture": "#0"},
				"up": {"uv": [0, 0, 0.65, 0.6], "texture": "#0"},
				"down": {"uv": [0, 0, 0.65, 0.6], "texture": "#0"}
			}
		},
		{
			"from": [1, 2, 7.5],
			"to": [15, 2.1, 8.5],
			"rotation": {"angle": 0, "axis": "y", "origin": [18, 10, 15.5]},
			"faces": {
				"north": {"uv": [0, 0, 14, 0.1], "texture": "#1"},
				"east": {"uv": [0, 0, 1, 0.1], "texture": "#1"},
				"south": {"uv": [0, 0, 14, 0.1], "texture": "#1"},
				"west": {"uv": [0, 0, 1, 0.1], "texture": "#1"},
				"up": {"uv": [0, 0, 14, 1], "texture": "#1"},
				"down": {"uv": [0, 0, 14, 1], "texture": "#1"}
			}
		},
		{
			"from": [1, 2.1, 7.5],
			"to": [15, 2.9, 7.6],
			"rotation": {"angle": 0, "axis": "y", "origin": [18, 10, 14.6]},
			"faces": {
				"north": {"uv": [0, 0, 14, 0.8], "texture": "#1"},
				"east": {"uv": [0, 0, 0.1, 0.8], "texture": "#1"},
				"south": {"uv": [0, 0, 14, 0.8], "texture": "#1"},
				"west": {"uv": [0, 0, 0.1, 0.8], "texture": "#1"},
				"up": {"uv": [0, 0, 14, 0.1], "texture": "#1"},
				"down": {"uv": [0, 0, 14, 0.1], "texture": "#1"}
			}
		},
		{
			"from": [1, 2, 7.3],
			"to": [1.4, 3, 7.5],
			"rotation": {"angle": 0, "axis": "y", "origin": [18, 10, 14.5]},
			"faces": {
				"north": {"uv": [0, 0, 0.4, 1], "texture": "#1"},
				"east": {"uv": [0, 0, 0.2, 1], "texture": "#1"},
				"south": {"uv": [0, 0, 0.4, 1], "texture": "#1"},
				"west": {"uv": [0, 0, 0.2, 1], "texture": "#1"},
				"up": {"uv": [0, 0, 0.4, 0.2], "texture": "#1"},
				"down": {"uv": [0, 0, 0.4, 0.2], "texture": "#1"}
			}
		},
		{
			"from": [1, 2, 8.5],
			"to": [1.4, 3, 8.7],
			"rotation": {"angle": 0, "axis": "y", "origin": [18, 10, 15.7]},
			"faces": {
				"north": {"uv": [0, 0, 0.4, 1], "texture": "#1"},
				"east": {"uv": [0, 0, 0.2, 1], "texture": "#1"},
				"south": {"uv": [0, 0, 0.4, 1], "texture": "#1"},
				"west": {"uv": [0, 0, 0.2, 1], "texture": "#1"},
				"up": {"uv": [0, 0, 0.4, 0.2], "texture": "#1"},
				"down": {"uv": [0, 0, 0.4, 0.2], "texture": "#1"}
			}
		},
		{
			"from": [1, 1.8, 7.3],
			"to": [1.4, 2, 8.7],
			"rotation": {"angle": 0, "axis": "y", "origin": [18, 9, 15.7]},
			"faces": {
				"north": {"uv": [0, 0, 0.4, 0.2], "texture": "#1"},
				"east": {"uv": [0, 0, 1.4, 0.2], "texture": "#1"},
				"south": {"uv": [0, 0, 0.4, 0.2], "texture": "#1"},
				"west": {"uv": [0, 0, 1.4, 0.2], "texture": "#1"},
				"up": {"uv": [0, 0, 0.4, 1.4], "texture": "#1"},
				"down": {"uv": [0, 0, 0.4, 1.4], "texture": "#1"}
			}
		},
		{
			"from": [1, 3, 7.3],
			"to": [1.4, 3.2, 8.7],
			"rotation": {"angle": 0, "axis": "y", "origin": [18, 10.2, 15.7]},
			"faces": {
				"north": {"uv": [0, 0, 0.4, 0.2], "texture": "#1"},
				"east": {"uv": [0, 0, 1.4, 0.2], "texture": "#1"},
				"south": {"uv": [0, 0, 0.4, 0.2], "texture": "#1"},
				"west": {"uv": [0, 0, 1.4, 0.2], "texture": "#1"},
				"up": {"uv": [0, 0, 0.4, 1.4], "texture": "#1"},
				"down": {"uv": [0, 0, 0.4, 1.4], "texture": "#1"}
			}
		},
		{
			"from": [1, 2.1, 8.4],
			"to": [15, 2.9, 8.5],
			"rotation": {"angle": 0, "axis": "y", "origin": [18, 10, 15.5]},
			"faces": {
				"north": {"uv": [0, 0, 14, 0.8], "texture": "#1"},
				"east": {"uv": [0, 0, 0.1, 0.8], "texture": "#1"},
				"south": {"uv": [0, 0, 14, 0.8], "texture": "#1"},
				"west": {"uv": [0, 0, 0.1, 0.8], "texture": "#1"},
				"up": {"uv": [0, 0, 14, 0.1], "texture": "#1"},
				"down": {"uv": [0, 0, 14, 0.1], "texture": "#1"}
			}
		},
		{
			"from": [1, 2.9, 7.5],
			"to": [15, 3, 8.5],
			"rotation": {"angle": 0, "axis": "y", "origin": [18, 10, 15.5]},
			"faces": {
				"north": {"uv": [0, 0, 14, 0.1], "texture": "#1"},
				"east": {"uv": [0, 0, 1, 0.1], "texture": "#1"},
				"south": {"uv": [0, 0, 14, 0.1], "texture": "#1"},
				"west": {"uv": [0, 0, 1, 0.1], "texture": "#1"},
				"up": {"uv": [0, 0, 14, 1], "texture": "#1"},
				"down": {"uv": [0, 0, 14, 1], "texture": "#1"}
			}
		},
		{
			"from": [12.4, 0.8, 7.7],
			"to": [12.85, 1, 8.3],
			"rotation": {"angle": 0, "axis": "y", "origin": [20, 7.3, 15.5]},
			"faces": {
				"north": {"uv": [0, 0, 0.45, 0.2], "texture": "#0"},
				"east": {"uv": [0, 0, 0.6, 0.2], "texture": "#0"},
				"south": {"uv": [0, 0, 0.45, 0.2], "texture": "#0"},
				"west": {"uv": [0, 0, 0.6, 0.2], "texture": "#0"},
				"up": {"uv": [0, 0, 0.45, 0.6], "texture": "#0"},
				"down": {"uv": [0, 0, 0.45, 0.6], "texture": "#0"}
			}
		},
		{
			"from": [12.2, 1.3, 7.7],
			"to": [12.75, 1.5, 8.3],
			"rotation": {"angle": 0, "axis": "y", "origin": [20, 7.5, 15.5]},
			"faces": {
				"north": {"uv": [0, 0, 0.55, 0.2], "texture": "#0"},
				"east": {"uv": [0, 0, 0.6, 0.2], "texture": "#0"},
				"south": {"uv": [0, 0, 0.55, 0.2], "texture": "#0"},
				"west": {"uv": [0, 0, 0.6, 0.2], "texture": "#0"},
				"up": {"uv": [0, 0, 0.55, 0.6], "texture": "#0"},
				"down": {"uv": [0, 0, 0.55, 0.6], "texture": "#0"}
			}
		},
		{
			"from": [12.3, 1, 7.7],
			"to": [12.75, 1.3, 8.3],
			"rotation": {"angle": 0, "axis": "y", "origin": [19.9, 7.5, 15.5]},
			"faces": {
				"north": {"uv": [0, 0, 0.45, 0.3], "texture": "#0"},
				"east": {"uv": [0, 0, 0.6, 0.3], "texture": "#0"},
				"south": {"uv": [0, 0, 0.45, 0.3], "texture": "#0"},
				"west": {"uv": [0, 0, 0.6, 0.3], "texture": "#0"},
				"up": {"uv": [0, 0, 0.45, 0.6], "texture": "#0"},
				"down": {"uv": [0, 0, 0.45, 0.6], "texture": "#0"}
			}
		},
		{
			"from": [12.5, 0.3, 7.7],
			"to": [12.85, 0.8, 8.3],
			"rotation": {"angle": 0, "axis": "y", "origin": [20, 6.8, 15.5]},
			"faces": {
				"north": {"uv": [0, 0, 0.35, 0.5], "texture": "#0"},
				"east": {"uv": [0, 0, 0.6, 0.5], "texture": "#0"},
				"south": {"uv": [0, 0, 0.35, 0.5], "texture": "#0"},
				"west": {"uv": [0, 0, 0.6, 0.5], "texture": "#0"},
				"up": {"uv": [0, 0, 0.35, 0.6], "texture": "#0"},
				"down": {"uv": [0, 0, 0.35, 0.6], "texture": "#0"}
			}
		},
		{
			"from": [12.5, 0.2, 7.7],
			"to": [12.95, 0.3, 8.3],
			"rotation": {"angle": 0, "axis": "y", "origin": [20, 6.3, 15.5]},
			"faces": {
				"north": {"uv": [0, 0, 0.45, 0.1], "texture": "#0"},
				"east": {"uv": [0, 0, 0.6, 0.1], "texture": "#0"},
				"south": {"uv": [0, 0, 0.45, 0.1], "texture": "#0"},
				"west": {"uv": [0, 0, 0.6, 0.1], "texture": "#0"},
				"up": {"uv": [0, 0, 0.45, 0.6], "texture": "#0"},
				"down": {"uv": [0, 0, 0.45, 0.6], "texture": "#0"}
			}
		},
		{
			"from": [10, 1.5, 7.7],
			"to": [12, 2, 8.3],
			"rotation": {"angle": 0, "axis": "y", "origin": [18, 8, 15.5]},
			"faces": {
				"north": {"uv": [0, 0, 2, 0.5], "texture": "#0"},
				"east": {"uv": [0, 0, 0.6, 0.5], "texture": "#0"},
				"south": {"uv": [0, 0, 2, 0.5], "texture": "#0"},
				"west": {"uv": [0, 0, 0.6, 0.5], "texture": "#0"},
				"up": {"uv": [0, 0, 2, 0.6], "texture": "#0"},
				"down": {"uv": [0, 0, 2, 0.6], "texture": "#0"}
			}
		},
		{
			"from": [10.25, 0.75, 7.7],
			"to": [10.75, 1, 8.3],
			"rotation": {"angle": 0, "axis": "y", "origin": [18, 7.5, 15.5]},
			"faces": {
				"north": {"uv": [0, 0, 0.5, 0.25], "texture": "#0"},
				"east": {"uv": [0, 0, 0.6, 0.25], "texture": "#0"},
				"south": {"uv": [0, 0, 0.5, 0.25], "texture": "#0"},
				"west": {"uv": [0, 0, 0.6, 0.25], "texture": "#0"},
				"up": {"uv": [0, 0, 0.5, 0.6], "texture": "#0"},
				"down": {"uv": [0, 0, 0.5, 0.6], "texture": "#0"}
			}
		},
		{
			"from": [10.15, 1, 7.7],
			"to": [11.5, 1.25, 8.3],
			"rotation": {"angle": 0, "axis": "y", "origin": [18, 7.75, 15.5]},
			"faces": {
				"north": {"uv": [0, 0, 1.35, 0.25], "texture": "#0"},
				"east": {"uv": [0, 0, 0.6, 0.25], "texture": "#0"},
				"south": {"uv": [0, 0, 1.35, 0.25], "texture": "#0"},
				"west": {"uv": [0, 0, 0.6, 0.25], "texture": "#0"},
				"up": {"uv": [0, 0, 1.35, 0.6], "texture": "#0"},
				"down": {"uv": [0, 0, 1.35, 0.6], "texture": "#0"}
			}
		},
		{
			"from": [10.05, 1.25, 7.7],
			"to": [11.5, 1.5, 8.3],
			"rotation": {"angle": 0, "axis": "y", "origin": [18, 8, 15.5]},
			"faces": {
				"north": {"uv": [0, 0, 1.45, 0.25], "texture": "#0"},
				"east": {"uv": [0, 0, 0.6, 0.25], "texture": "#0"},
				"south": {"uv": [0, 0, 1.45, 0.25], "texture": "#0"},
				"west": {"uv": [0, 0, 0.6, 0.25], "texture": "#0"},
				"up": {"uv": [0, 0, 1.45, 0.6], "texture": "#0"},
				"down": {"uv": [0, 0, 1.45, 0.6], "texture": "#0"}
			}
		},
		{
			"from": [10.35, 0.25, 7.7],
			"to": [10.75, 0.75, 8.3],
			"rotation": {"angle": 0, "axis": "y", "origin": [18.25, 6.75, 15.5]},
			"faces": {
				"north": {"uv": [0, 0, 0.4, 0.5], "texture": "#0"},
				"east": {"uv": [0, 0, 0.6, 0.5], "texture": "#0"},
				"south": {"uv": [0, 0, 0.4, 0.5], "texture": "#0"},
				"west": {"uv": [0, 0, 0.6, 0.5], "texture": "#0"},
				"up": {"uv": [0, 0, 0.4, 0.6], "texture": "#0"},
				"down": {"uv": [0, 0, 0.4, 0.6], "texture": "#0"}
			}
		},
		{
			"from": [10.75, 0.55, 7.7],
			"to": [11.5, 0.65, 8.3],
			"rotation": {"angle": 0, "axis": "y", "origin": [18.65, 6.85, 15.5]},
			"faces": {
				"north": {"uv": [0, 0, 0.75, 0.1], "texture": "#0"},
				"east": {"uv": [0, 0, 0.6, 0.1], "texture": "#0"},
				"south": {"uv": [0, 0, 0.75, 0.1], "texture": "#0"},
				"west": {"uv": [0, 0, 0.6, 0.1], "texture": "#0"},
				"up": {"uv": [0, 0, 0.75, 0.6], "texture": "#0"},
				"down": {"uv": [0, 0, 0.75, 0.6], "texture": "#0"}
			}
		},
		{
			"from": [11.4, 0.65, 7.7],
			"to": [11.5, 1, 8.3],
			"rotation": {"angle": 0, "axis": "y", "origin": [18.9, 6.95, 15.5]},
			"faces": {
				"north": {"uv": [0, 0, 0.1, 0.35], "texture": "#0"},
				"east": {"uv": [0, 0, 0.6, 0.35], "texture": "#0"},
				"south": {"uv": [0, 0, 0.1, 0.35], "texture": "#0"},
				"west": {"uv": [0, 0, 0.6, 0.35], "texture": "#0"},
				"up": {"uv": [0, 0, 0.1, 0.6], "texture": "#0"},
				"down": {"uv": [0, 0, 0.1, 0.6], "texture": "#0"}
			}
		},
		{
			"from": [10.8, 0.75, 7.9],
			"to": [10.9, 1, 8.1],
			"rotation": {"angle": 0, "axis": "y", "origin": [18.3, 6.95, 15.5]},
			"faces": {
				"north": {"uv": [0, 0, 0.1, 0.25], "texture": "#0"},
				"east": {"uv": [0, 0, 0.2, 0.25], "texture": "#0"},
				"south": {"uv": [0, 0, 0.1, 0.25], "texture": "#0"},
				"west": {"uv": [0, 0, 0.2, 0.25], "texture": "#0"},
				"up": {"uv": [0, 0, 0.1, 0.2], "texture": "#0"},
				"down": {"uv": [0, 0, 0.1, 0.2], "texture": "#0"}
			}
		},
		{
			"from": [10.35, 0, 7.7],
			"to": [10.65, 0.25, 8.3],
			"rotation": {"angle": 0, "axis": "y", "origin": [18.25, 6.25, 15.5]},
			"faces": {
				"north": {"uv": [0, 0, 0.3, 0.25], "texture": "#0"},
				"east": {"uv": [0, 0, 0.6, 0.25], "texture": "#0"},
				"south": {"uv": [0, 0, 0.3, 0.25], "texture": "#0"},
				"west": {"uv": [0, 0, 0.6, 0.25], "texture": "#0"},
				"up": {"uv": [0, 0, 0.3, 0.6], "texture": "#0"},
				"down": {"uv": [0, 0, 0.3, 0.6], "texture": "#0"}
			}
		}
	],
	"display": {
		"thirdperson_righthand": {
			"rotation": [0, -90, 0],
			"translation": [0, 6, 4],
			"scale": [-1.36, 1, -1]
		},
		"firstperson_righthand": {
			"rotation": [0, 90, 0],
			"translation": [0, 9, 0]
		},
		"firstperson_lefthand": {
			"rotation": [0, -90, 0],
			"translation": [0, 7, 0]
		},
		"gui": {
			"rotation": [0, 0, 39.5],
			"translation": [-2.25, 3.5, 0]
		},
		"fixed": {
			"rotation": [0.75, 0, -38.75],
			"translation": [4.75, 2.75, -1.25],
			"scale": [-1.39, 1, 1]
		}
	},
	"groups": [
		{
			"name": "group",
			"origin": [18.25, 6.25, 15.5],
			"children": [0, 1, 2, 3, 4, 5, 6, 7, 8, 9, 10, 11, 12, 13, 14, 15, 16, 17, 18, 19, 20, 21, 22]
		}
	]
}