{
	"credit": "Made with Blockbench",
	"textures": {
		"0": "item/spas-12",
		"1": "item/spas-12_1",
		"particle": "item/spas-12"
	},
	"elements": [
		{
			"from": [7.7, 0.5, 14.5],
			"to": [8.3, 1.6, 15],
			"rotation": {"angle": 0, "axis": "y", "origin": [15.5, 8, 22]},
			"faces": {
				"north": {"uv": [0, 0, 0.6, 1.1], "texture": "#0"},
				"east": {"uv": [0, 0, 0.5, 1.1], "texture": "#0"},
				"south": {"uv": [0, 0, 0.6, 1.1], "texture": "#0"},
				"west": {"uv": [0, 0, 0.5, 1.1], "texture": "#0"},
				"up": {"uv": [0, 0, 0.6, 0.5], "texture": "#0"},
				"down": {"uv": [0, 0, 0.6, 0.5], "texture": "#0"}
			}
		},
		{
			"from": [7.7, 1.6, 14.9],
			"to": [8.3, 2, 15],
			"rotation": {"angle": 0, "axis": "y", "origin": [15.5, 8.5, 22]},
			"faces": {
				"north": {"uv": [0, 0, 0.6, 0.4], "texture": "#0"},
				"east": {"uv": [0, 0, 0.1, 0.4], "texture": "#0"},
				"south": {"uv": [0, 0, 0.6, 0.4], "texture": "#0"},
				"west": {"uv": [0, 0, 0.1, 0.4], "texture": "#0"},
				"up": {"uv": [0, 0, 0.6, 0.1], "texture": "#0"},
				"down": {"uv": [0, 0, 0.6, 0.1], "texture": "#0"}
			}
		},
		{
			"from": [7.7, 1.6, 14.7],
			"to": [8.3, 2, 14.8],
			"rotation": {"angle": 0, "axis": "y", "origin": [15.5, 8.5, 21.8]},
			"faces": {
				"north": {"uv": [0, 0, 0.6, 0.4], "texture": "#0"},
				"east": {"uv": [0, 0, 0.1, 0.4], "texture": "#0"},
				"south": {"uv": [0, 0, 0.6, 0.4], "texture": "#0"},
				"west": {"uv": [0, 0, 0.1, 0.4], "texture": "#0"},
				"up": {"uv": [0, 0, 0.6, 0.1], "texture": "#0"},
				"down": {"uv": [0, 0, 0.6, 0.1], "texture": "#0"}
			}
		},
		{
			"from": [7.7, 1.6, 14.5],
			"to": [8.3, 2, 14.6],
			"rotation": {"angle": 0, "axis": "y", "origin": [15.5, 8.5, 21.6]},
			"faces": {
				"north": {"uv": [0, 0, 0.6, 0.4], "texture": "#0"},
				"east": {"uv": [0, 0, 0.1, 0.4], "texture": "#0"},
				"south": {"uv": [0, 0, 0.6, 0.4], "texture": "#0"},
				"west": {"uv": [0, 0, 0.1, 0.4], "texture": "#0"},
				"up": {"uv": [0, 0, 0.6, 0.1], "texture": "#0"},
				"down": {"uv": [0, 0, 0.6, 0.1], "texture": "#0"}
			}
		},
		{
			"from": [7.7, 1.7, 14.6],
			"to": [8.3, 1.8, 14.9],
			"rotation": {"angle": 0, "axis": "y", "origin": [15.5, 8.5, 21.6]},
			"faces": {
				"north": {"uv": [0, 0, 0.6, 0.1], "texture": "#0"},
				"east": {"uv": [0, 0, 0.3, 0.1], "texture": "#0"},
				"south": {"uv": [0, 0, 0.6, 0.1], "texture": "#0"},
				"west": {"uv": [0, 0, 0.3, 0.1], "texture": "#0"},
				"up": {"uv": [0, 0, 0.6, 0.3], "texture": "#0"},
				"down": {"uv": [0, 0, 0.6, 0.3], "texture": "#0"}
			}
		},
		{
			"from": [7.7, 1.6, 14.6],
			"to": [8.3, 1.7, 14.7],
			"rotation": {"angle": 0, "axis": "y", "origin": [15.5, 8.4, 21.6]},
			"faces": {
				"north": {"uv": [0, 0, 0.6, 0.1], "texture": "#0"},
				"east": {"uv": [0, 0, 0.1, 0.1], "texture": "#0"},
				"south": {"uv": [0, 0, 0.6, 0.1], "texture": "#0"},
				"west": {"uv": [0, 0, 0.1, 0.1], "texture": "#0"},
				"up": {"uv": [0, 0, 0.6, 0.1], "texture": "#0"},
				"down": {"uv": [0, 0, 0.6, 0.1], "texture": "#0"}
			}
		},
		{
			"from": [7.7, 1.9, 14.5],
			"to": [8.3, 2, 14.9],
			"rotation": {"angle": 0, "axis": "y", "origin": [15.5, 8.5, 21.9]},
			"faces": {
				"north": {"uv": [0, 0, 0.6, 0.1], "texture": "#0"},
				"east": {"uv": [0, 0, 0.4, 0.1], "texture": "#0"},
				"south": {"uv": [0, 0, 0.6, 0.1], "texture": "#0"},
				"west": {"uv": [0, 0, 0.4, 0.1], "texture": "#0"},
				"up": {"uv": [0, 0, 0.6, 0.4], "texture": "#0"},
				"down": {"uv": [0, 0, 0.6, 0.4], "texture": "#0"}
			}
		},
		{
			"from": [7.7, 1.5, 14.2],
			"to": [8.3, 2, 14.5],
			"rotation": {"angle": 0, "axis": "y", "origin": [15.5, 8, 20]},
			"faces": {
				"north": {"uv": [0, 0, 0.6, 0.5], "texture": "#0"},
				"east": {"uv": [0, 0, 0.3, 0.5], "texture": "#0"},
				"south": {"uv": [0, 0, 0.6, 0.5], "texture": "#0"},
				"west": {"uv": [0, 0, 0.3, 0.5], "texture": "#0"},
				"up": {"uv": [0, 0, 0.6, 0.3], "texture": "#0"},
				"down": {"uv": [0, 0, 0.6, 0.3], "texture": "#0"}
			}
		},
		{
			"from": [7.7, 1.6, 13.8],
			"to": [8.3, 1.9, 13.9],
			"rotation": {"angle": 0, "axis": "y", "origin": [15.5, 8, 19.4]},
			"faces": {
				"north": {"uv": [0, 0, 0.6, 0.3], "texture": "#0"},
				"east": {"uv": [0, 0, 0.1, 0.3], "texture": "#0"},
				"south": {"uv": [0, 0, 0.6, 0.3], "texture": "#0"},
				"west": {"uv": [0, 0, 0.1, 0.3], "texture": "#0"},
				"up": {"uv": [0, 0, 0.6, 0.1], "texture": "#0"},
				"down": {"uv": [0, 0, 0.6, 0.1], "texture": "#0"}
			}
		},
		{
			"from": [7.7, 1.6, 13.4],
			"to": [8.3, 1.9, 13.5],
			"rotation": {"angle": 0, "axis": "y", "origin": [15.5, 8, 19]},
			"faces": {
				"north": {"uv": [0, 0, 0.6, 0.3], "texture": "#0"},
				"east": {"uv": [0, 0, 0.1, 0.3], "texture": "#0"},
				"south": {"uv": [0, 0, 0.6, 0.3], "texture": "#0"},
				"west": {"uv": [0, 0, 0.1, 0.3], "texture": "#0"},
				"up": {"uv": [0, 0, 0.6, 0.1], "texture": "#0"},
				"down": {"uv": [0, 0, 0.6, 0.1], "texture": "#0"}
			}
		},
		{
			"from": [7.7, 1.6, 13],
			"to": [8.3, 1.9, 13.1],
			"rotation": {"angle": 0, "axis": "y", "origin": [15.5, 8, 18.6]},
			"faces": {
				"north": {"uv": [0, 0, 0.6, 0.3], "texture": "#0"},
				"east": {"uv": [0, 0, 0.1, 0.3], "texture": "#0"},
				"south": {"uv": [0, 0, 0.6, 0.3], "texture": "#0"},
				"west": {"uv": [0, 0, 0.1, 0.3], "texture": "#0"},
				"up": {"uv": [0, 0, 0.6, 0.1], "texture": "#0"},
				"down": {"uv": [0, 0, 0.6, 0.1], "texture": "#0"}
			}
		},
		{
			"from": [7.7, 1.6, 12.6],
			"to": [8.3, 1.9, 12.7],
			"rotation": {"angle": 0, "axis": "y", "origin": [15.5, 8, 18.2]},
			"faces": {
				"north": {"uv": [0, 0, 0.6, 0.3], "texture": "#0"},
				"east": {"uv": [0, 0, 0.1, 0.3], "texture": "#0"},
				"south": {"uv": [0, 0, 0.6, 0.3], "texture": "#0"},
				"west": {"uv": [0, 0, 0.1, 0.3], "texture": "#0"},
				"up": {"uv": [0, 0, 0.6, 0.1], "texture": "#0"},
				"down": {"uv": [0, 0, 0.6, 0.1], "texture": "#0"}
			}
		},
		{
			"from": [7.7, 1.5, 12.6],
			"to": [8.3, 1.6, 14.2],
			"rotation": {"angle": 0, "axis": "y", "origin": [15.5, 8, 19.7]},
			"faces": {
				"north": {"uv": [0, 0, 0.6, 0.1], "texture": "#0"},
				"east": {"uv": [0, 0, 1.6, 0.1], "texture": "#0"},
				"south": {"uv": [0, 0, 0.6, 0.1], "texture": "#0"},
				"west": {"uv": [0, 0, 1.6, 0.1], "texture": "#0"},
				"up": {"uv": [0, 0, 0.6, 1.6], "texture": "#0"},
				"down": {"uv": [0, 0, 0.6, 1.6], "texture": "#0"}
			}
		},
		{
			"from": [7.7, 1.9, 12.6],
			"to": [8.3, 2, 14.2],
			"rotation": {"angle": 0, "axis": "y", "origin": [15.5, 8.4, 19.7]},
			"faces": {
				"north": {"uv": [0, 0, 0.6, 0.1], "texture": "#0"},
				"east": {"uv": [0, 0, 1.6, 0.1], "texture": "#0"},
				"south": {"uv": [0, 0, 0.6, 0.1], "texture": "#0"},
				"west": {"uv": [0, 0, 1.6, 0.1], "texture": "#0"},
				"up": {"uv": [0, 0, 0.6, 1.6], "texture": "#0"},
				"down": {"uv": [0, 0, 0.6, 1.6], "texture": "#0"}
			}
		},
		{
			"from": [7.7, 1.75, 10.5],
			"to": [8.3, 2.25, 12],
			"rotation": {"angle": 0, "axis": "y", "origin": [15.5, 8.25, 18]},
			"faces": {
				"north": {"uv": [0, 0, 0.6, 0.5], "texture": "#0"},
				"east": {"uv": [0, 0, 1.5, 0.5], "texture": "#0"},
				"south": {"uv": [0, 0, 0.6, 0.5], "texture": "#0"},
				"west": {"uv": [0, 0, 1.5, 0.5], "texture": "#0"},
				"up": {"uv": [0, 0, 0.6, 1.5], "texture": "#0"},
				"down": {"uv": [0, 0, 0.6, 1.5], "texture": "#0"}
			}
		},
		{
			"from": [7.7, 1.5, 11.2],
			"to": [8.3, 2, 12.7],
			"rotation": {"angle": 0, "axis": "y", "origin": [15.5, 8, 18.7]},
			"faces": {
				"north": {"uv": [0, 0, 0.6, 0.5], "texture": "#0"},
				"east": {"uv": [0, 0, 1.5, 0.5], "texture": "#0"},
				"south": {"uv": [0, 0, 0.6, 0.5], "texture": "#0"},
				"west": {"uv": [0, 0, 1.5, 0.5], "texture": "#0"},
				"up": {"uv": [0, 0, 0.6, 1.5], "texture": "#0"},
				"down": {"uv": [0, 0, 0.6, 1.5], "texture": "#0"}
			}
		},
		{
			"from": [7.7, 2, 9.5],
			"to": [8.3, 2.5, 11],
			"rotation": {"angle": 0, "axis": "y", "origin": [15.5, 8.5, 17]},
			"faces": {
				"north": {"uv": [0, 0, 0.6, 0.5], "texture": "#0"},
				"east": {"uv": [0, 0, 1.5, 0.5], "texture": "#0"},
				"south": {"uv": [0, 0, 0.6, 0.5], "texture": "#0"},
				"west": {"uv": [0, 0, 1.5, 0.5], "texture": "#0"},
				"up": {"uv": [0, 0, 0.6, 1.5], "texture": "#0"},
				"down": {"uv": [0, 0, 0.6, 1.5], "texture": "#0"}
			}
		},
		{
			"from": [7.7, 1, 9.25],
			"to": [8.3, 2, 9.75],
			"rotation": {"angle": 0, "axis": "y", "origin": [15.5, 8.5, 16.25]},
			"faces": {
				"north": {"uv": [0, 0, 0.6, 1], "texture": "#0"},
				"east": {"uv": [0, 0, 0.5, 1], "texture": "#0"},
				"south": {"uv": [0, 0, 0.6, 1], "texture": "#0"},
				"west": {"uv": [0, 0, 0.5, 1], "texture": "#0"},
				"up": {"uv": [0, 0, 0.6, 0.5], "texture": "#0"},
				"down": {"uv": [0, 0, 0.6, 0.5], "texture": "#0"}
			}
		},
		{
			"from": [7.7, 0.9, 9.35],
			"to": [8.3, 1, 9.85],
			"rotation": {"angle": 0, "axis": "y", "origin": [15.5, 7.5, 16.25]},
			"faces": {
				"north": {"uv": [0, 0, 0.6, 0.1], "texture": "#0"},
				"east": {"uv": [0, 0, 0.5, 0.1], "texture": "#0"},
				"south": {"uv": [0, 0, 0.6, 0.1], "texture": "#0"},
				"west": {"uv": [0, 0, 0.5, 0.1], "texture": "#0"},
				"up": {"uv": [0, 0, 0.6, 0.5], "texture": "#0"},
				"down": {"uv": [0, 0, 0.6, 0.5], "texture": "#0"}
			}
		},
		{
			"from": [7.7, 1, 8.35],
			"to": [8.3, 1.1, 9.25],
			"rotation": {"angle": 0, "axis": "y", "origin": [15.5, 7.6, 15.65]},
			"faces": {
				"north": {"uv": [0, 0, 0.6, 0.1], "texture": "#0"},
				"east": {"uv": [0, 0, 0.9, 0.1], "texture": "#0"},
				"south": {"uv": [0, 0, 0.6, 0.1], "texture": "#0"},
				"west": {"uv": [0, 0, 0.9, 0.1], "texture": "#0"},
				"up": {"uv": [0, 0, 0.6, 0.9], "texture": "#0"},
				"down": {"uv": [0, 0, 0.6, 0.9], "texture": "#0"}
			}
		},
		{
			"from": [7.7, 1, 8.25],
			"to": [8.3, 1.5, 8.35],
			"rotation": {"angle": 0, "axis": "y", "origin": [15.5, 7.5, 14.75]},
			"faces": {
				"north": {"uv": [0, 0, 0.6, 0.5], "texture": "#0"},
				"east": {"uv": [0, 0, 0.1, 0.5], "texture": "#0"},
				"south": {"uv": [0, 0, 0.6, 0.5], "texture": "#0"},
				"west": {"uv": [0, 0, 0.1, 0.5], "texture": "#0"},
				"up": {"uv": [0, 0, 0.6, 0.1], "texture": "#0"},
				"down": {"uv": [0, 0, 0.6, 0.1], "texture": "#0"}
			}
		},
		{
			"from": [7.9, 1.2, 9.05],
			"to": [8.1, 1.5, 9.15],
			"rotation": {"angle": 0, "axis": "y", "origin": [15.5, 7.5, 15.55]},
			"faces": {
				"north": {"uv": [0, 0, 0.2, 0.3], "texture": "#0"},
				"east": {"uv": [0, 0, 0.1, 0.3], "texture": "#0"},
				"south": {"uv": [0, 0, 0.2, 0.3], "texture": "#0"},
				"west": {"uv": [0, 0, 0.1, 0.3], "texture": "#0"},
				"up": {"uv": [0, 0, 0.2, 0.1], "texture": "#0"},
				"down": {"uv": [0, 0, 0.2, 0.1], "texture": "#0"}
			}
		},
		{
			"from": [7.7, 1.2, 7.95],
			"to": [8.3, 1.5, 8.25],
			"rotation": {"angle": 0, "axis": "y", "origin": [15.5, 7.5, 14.65]},
			"faces": {
				"north": {"uv": [0, 0, 0.6, 0.3], "texture": "#0"},
				"east": {"uv": [0, 0, 0.3, 0.3], "texture": "#0"},
				"south": {"uv": [0, 0, 0.6, 0.3], "texture": "#0"},
				"west": {"uv": [0, 0, 0.3, 0.3], "texture": "#0"},
				"up": {"uv": [0, 0, 0.6, 0.3], "texture": "#0"},
				"down": {"uv": [0, 0, 0.6, 0.3], "texture": "#0"}
			}
		},
		{
			"from": [7.7, 1.3, 7.65],
			"to": [8.3, 1.5, 7.95],
			"rotation": {"angle": 0, "axis": "y", "origin": [15.5, 7.5, 14.35]},
			"faces": {
				"north": {"uv": [0, 0, 0.6, 0.2], "texture": "#0"},
				"east": {"uv": [0, 0, 0.3, 0.2], "texture": "#0"},
				"south": {"uv": [0, 0, 0.6, 0.2], "texture": "#0"},
				"west": {"uv": [0, 0, 0.3, 0.2], "texture": "#0"},
				"up": {"uv": [0, 0, 0.6, 0.3], "texture": "#0"},
				"down": {"uv": [0, 0, 0.6, 0.3], "texture": "#0"}
			}
		},
		{
			"from": [7.7, 0.8, 9.45],
			"to": [8.3, 0.9, 9.95],
			"rotation": {"angle": 0, "axis": "y", "origin": [15.5, 7.4, 16.35]},
			"faces": {
				"north": {"uv": [0, 0, 0.6, 0.1], "texture": "#0"},
				"east": {"uv": [0, 0, 0.5, 0.1], "texture": "#0"},
				"south": {"uv": [0, 0, 0.6, 0.1], "texture": "#0"},
				"west": {"uv": [0, 0, 0.5, 0.1], "texture": "#0"},
				"up": {"uv": [0, 0, 0.6, 0.5], "texture": "#0"},
				"down": {"uv": [0, 0, 0.6, 0.5], "texture": "#0"}
			}
		},
		{
			"from": [7.7, 0.7, 9.55],
			"to": [8.3, 0.8, 10.05],
			"rotation": {"angle": 0, "axis": "y", "origin": [15.5, 7.3, 16.45]},
			"faces": {
				"north": {"uv": [0, 0, 0.6, 0.1], "texture": "#0"},
				"east": {"uv": [0, 0, 0.5, 0.1], "texture": "#0"},
				"south": {"uv": [0, 0, 0.6, 0.1], "texture": "#0"},
				"west": {"uv": [0, 0, 0.5, 0.1], "texture": "#0"},
				"up": {"uv": [0, 0, 0.6, 0.5], "texture": "#0"},
				"down": {"uv": [0, 0, 0.6, 0.5], "texture": "#0"}
			}
		},
		{
			"from": [7.7, 0.6, 9.65],
			"to": [8.3, 0.7, 10.15],
			"rotation": {"angle": 0, "axis": "y", "origin": [15.5, 7.2, 16.55]},
			"faces": {
				"north": {"uv": [0, 0, 0.6, 0.1], "texture": "#0"},
				"east": {"uv": [0, 0, 0.5, 0.1], "texture": "#0"},
				"south": {"uv": [0, 0, 0.6, 0.1], "texture": "#0"},
				"west": {"uv": [0, 0, 0.5, 0.1], "texture": "#0"},
				"up": {"uv": [0, 0, 0.6, 0.5], "texture": "#0"},
				"down": {"uv": [0, 0, 0.6, 0.5], "texture": "#0"}
			}
		},
		{
			"from": [7.7, 0.5, 9.75],
			"to": [8.3, 0.6, 10.25],
			"rotation": {"angle": 0, "axis": "y", "origin": [15.5, 7.1, 16.65]},
			"faces": {
				"north": {"uv": [0, 0, 0.6, 0.1], "texture": "#0"},
				"east": {"uv": [0, 0, 0.5, 0.1], "texture": "#0"},
				"south": {"uv": [0, 0, 0.6, 0.1], "texture": "#0"},
				"west": {"uv": [0, 0, 0.5, 0.1], "texture": "#0"},
				"up": {"uv": [0, 0, 0.6, 0.5], "texture": "#0"},
				"down": {"uv": [0, 0, 0.6, 0.5], "texture": "#0"}
			}
		},
		{
			"from": [7.7, 0.4, 9.85],
			"to": [8.3, 0.5, 10.35],
			"rotation": {"angle": 0, "axis": "y", "origin": [15.5, 7, 16.75]},
			"faces": {
				"north": {"uv": [0, 0, 0.6, 0.1], "texture": "#0"},
				"east": {"uv": [0, 0, 0.5, 0.1], "texture": "#0"},
				"south": {"uv": [0, 0, 0.6, 0.1], "texture": "#0"},
				"west": {"uv": [0, 0, 0.5, 0.1], "texture": "#0"},
				"up": {"uv": [0, 0, 0.6, 0.5], "texture": "#0"},
				"down": {"uv": [0, 0, 0.6, 0.5], "texture": "#0"}
			}
		},
		{
			"from": [7.7, 0.3, 9.65],
			"to": [8.3, 0.4, 10.35],
			"rotation": {"angle": 0, "axis": "y", "origin": [15.5, 6.9, 16.85]},
			"faces": {
				"north": {"uv": [0, 0, 0.6, 0.1], "texture": "#0"},
				"east": {"uv": [0, 0, 0.7, 0.1], "texture": "#0"},
				"south": {"uv": [0, 0, 0.6, 0.1], "texture": "#0"},
				"west": {"uv": [0, 0, 0.7, 0.1], "texture": "#0"},
				"up": {"uv": [0, 0, 0.6, 0.7], "texture": "#0"},
				"down": {"uv": [0, 0, 0.6, 0.7], "texture": "#0"}
			}
		},
		{
			"from": [7.7, 1.5, 9.75],
			"to": [8.3, 2, 10.5],
			"rotation": {"angle": 0, "axis": "y", "origin": [15.5, 8.5, 17]},
			"faces": {
				"north": {"uv": [0, 0, 0.6, 0.5], "texture": "#0"},
				"east": {"uv": [0, 0, 0.75, 0.5], "texture": "#0"},
				"south": {"uv": [0, 0, 0.6, 0.5], "texture": "#0"},
				"west": {"uv": [0, 0, 0.75, 0.5], "texture": "#0"},
				"up": {"uv": [0, 0, 0.6, 0.75], "texture": "#0"},
				"down": {"uv": [0, 0, 0.6, 0.75], "texture": "#0"}
			}
		},
		{
			"from": [7.7, 1.4, 9.75],
			"to": [8.3, 1.9, 10.3],
			"rotation": {"angle": 0, "axis": "y", "origin": [15.5, 8.4, 17]},
			"faces": {
				"north": {"uv": [0, 0, 0.6, 0.5], "texture": "#0"},
				"east": {"uv": [0, 0, 0.55, 0.5], "texture": "#0"},
				"south": {"uv": [0, 0, 0.6, 0.5], "texture": "#0"},
				"west": {"uv": [0, 0, 0.55, 0.5], "texture": "#0"},
				"up": {"uv": [0, 0, 0.6, 0.55], "texture": "#0"},
				"down": {"uv": [0, 0, 0.6, 0.55], "texture": "#0"}
			}
		},
		{
			"from": [7.7, 1.3, 9.75],
			"to": [8.3, 1.8, 10.1],
			"rotation": {"angle": 0, "axis": "y", "origin": [15.5, 8.3, 17]},
			"faces": {
				"north": {"uv": [0, 0, 0.6, 0.5], "texture": "#0"},
				"east": {"uv": [0, 0, 0.35, 0.5], "texture": "#0"},
				"south": {"uv": [0, 0, 0.6, 0.5], "texture": "#0"},
				"west": {"uv": [0, 0, 0.35, 0.5], "texture": "#0"},
				"up": {"uv": [0, 0, 0.6, 0.35], "texture": "#0"},
				"down": {"uv": [0, 0, 0.6, 0.35], "texture": "#0"}
			}
		},
		{
			"from": [7.7, 1.1, 9.75],
			"to": [8.3, 1.6, 10],
			"rotation": {"angle": 0, "axis": "y", "origin": [15.5, 8.1, 17]},
			"faces": {
				"north": {"uv": [0, 0, 0.6, 0.5], "texture": "#0"},
				"east": {"uv": [0, 0, 0.25, 0.5], "texture": "#0"},
				"south": {"uv": [0, 0, 0.6, 0.5], "texture": "#0"},
				"west": {"uv": [0, 0, 0.25, 0.5], "texture": "#0"},
				"up": {"uv": [0, 0, 0.6, 0.25], "texture": "#0"},
				"down": {"uv": [0, 0, 0.6, 0.25], "texture": "#0"}
			}
		},
		{
			"from": [7.7, 1, 9.75],
			"to": [8.3, 1.5, 9.9],
			"rotation": {"angle": 0, "axis": "y", "origin": [15.5, 8, 17]},
			"faces": {
				"north": {"uv": [0, 0, 0.6, 0.5], "texture": "#0"},
				"east": {"uv": [0, 0, 0.15, 0.5], "texture": "#0"},
				"south": {"uv": [0, 0, 0.6, 0.5], "texture": "#0"},
				"west": {"uv": [0, 0, 0.15, 0.5], "texture": "#0"},
				"up": {"uv": [0, 0, 0.6, 0.15], "texture": "#0"},
				"down": {"uv": [0, 0, 0.6, 0.15], "texture": "#0"}
			}
		},
		{
			"from": [7.7, 1.5, 6.75],
			"to": [8.3, 2.5, 9.5],
			"rotation": {"angle": 0, "axis": "y", "origin": [15.5, 9.5, 16.25]},
			"faces": {
				"north": {"uv": [0, 0, 0.6, 1], "texture": "#1"},
				"east": {"uv": [0, 0, 2.75, 1], "texture": "#1"},
				"south": {"uv": [0, 0, 0.6, 1], "texture": "#1"},
				"west": {"uv": [0, 0, 2.75, 1], "texture": "#1"},
				"up": {"uv": [0, 0, 0.6, 2.75], "texture": "#1"},
				"down": {"uv": [0, 0, 0.6, 2.75], "texture": "#1"}
			}
		},
		{
			"from": [7.7, 1.5, 2],
			"to": [8.3, 2.3, 5.25],
			"rotation": {"angle": 0, "axis": "y", "origin": [15.5, 9.5, 12.5]},
			"faces": {
				"north": {"uv": [0, 0, 0.6, 0.8], "texture": "#0"},
				"east": {"uv": [0, 0, 3.25, 0.8], "texture": "#0"},
				"south": {"uv": [0, 0, 0.6, 0.8], "texture": "#0"},
				"west": {"uv": [0, 0, 3.25, 0.8], "texture": "#0"},
				"up": {"uv": [0, 0, 0.6, 3.25], "texture": "#0"},
				"down": {"uv": [0, 0, 0.6, 3.25], "texture": "#0"}
			}
		},
		{
			"from": [7.7, 1.9, 5.25],
			"to": [8.3, 2.3, 6.75],
			"rotation": {"angle": 0, "axis": "y", "origin": [15.5, 9.5, 14]},
			"faces": {
				"north": {"uv": [0, 0, 0.6, 0.4], "texture": "#0"},
				"east": {"uv": [0, 0, 1.5, 0.4], "texture": "#0"},
				"south": {"uv": [0, 0, 0.6, 0.4], "texture": "#0"},
				"west": {"uv": [0, 0, 1.5, 0.4], "texture": "#0"},
				"up": {"uv": [0, 0, 0.6, 1.5], "texture": "#0"},
				"down": {"uv": [0, 0, 0.6, 1.5], "texture": "#0"}
			}
		},
		{
			"from": [7.7, 1.5, 5.25],
			"to": [8.3, 1.6, 6.75],
			"rotation": {"angle": 0, "axis": "y", "origin": [15.5, 9.1, 14]},
			"faces": {
				"north": {"uv": [0, 0, 0.6, 0.1], "texture": "#0"},
				"east": {"uv": [0, 0, 1.5, 0.1], "texture": "#0"},
				"south": {"uv": [0, 0, 0.6, 0.1], "texture": "#0"},
				"west": {"uv": [0, 0, 1.5, 0.1], "texture": "#0"},
				"up": {"uv": [0, 0, 0.6, 1.5], "texture": "#0"},
				"down": {"uv": [0, 0, 0.6, 1.5], "texture": "#0"}
			}
		},
		{
			"from": [7.7, 1.7, 5.25],
			"to": [8.3, 1.8, 6.75],
			"rotation": {"angle": 0, "axis": "y", "origin": [15.5, 9.3, 14]},
			"faces": {
				"north": {"uv": [0, 0, 0.6, 0.1], "texture": "#0"},
				"east": {"uv": [0, 0, 1.5, 0.1], "texture": "#0"},
				"south": {"uv": [0, 0, 0.6, 0.1], "texture": "#0"},
				"west": {"uv": [0, 0, 1.5, 0.1], "texture": "#0"},
				"up": {"uv": [0, 0, 0.6, 1.5], "texture": "#0"},
				"down": {"uv": [0, 0, 0.6, 1.5], "texture": "#0"}
			}
		},
		{
			"from": [7.7, 2.4, 2.1],
			"to": [8.3, 2.5, 6.75],
			"rotation": {"angle": 0, "axis": "y", "origin": [15.5, 10.4, 12.5]},
			"faces": {
				"north": {"uv": [0, 0, 0.6, 0.1], "texture": "#0"},
				"east": {"uv": [0, 0, 4.65, 0.1], "texture": "#0"},
				"south": {"uv": [0, 0, 0.6, 0.1], "texture": "#0"},
				"west": {"uv": [0, 0, 4.65, 0.1], "texture": "#0"},
				"up": {"uv": [0, 0, 0.6, 4.65], "texture": "#0"},
				"down": {"uv": [0, 0, 0.6, 4.65], "texture": "#0"}
			}
		},
		{
			"from": [7.7, 2.3, 2],
			"to": [8.3, 2.4, 2.15],
			"rotation": {"angle": 0, "axis": "y", "origin": [15.5, 10.3, 12.4]},
			"faces": {
				"north": {"uv": [0, 0, 0.6, 0.1], "texture": "#0"},
				"east": {"uv": [0, 0, 0.15, 0.1], "texture": "#0"},
				"south": {"uv": [0, 0, 0.6, 0.1], "texture": "#0"},
				"west": {"uv": [0, 0, 0.15, 0.1], "texture": "#0"},
				"up": {"uv": [0, 0, 0.6, 0.15], "texture": "#0"},
				"down": {"uv": [0, 0, 0.6, 0.15], "texture": "#0"}
			}
		},
		{
			"from": [7.7, 2.3, 2.5],
			"to": [8.3, 2.4, 2.65],
			"rotation": {"angle": 0, "axis": "y", "origin": [15.5, 10.3, 12.9]},
			"faces": {
				"north": {"uv": [0, 0, 0.6, 0.1], "texture": "#0"},
				"east": {"uv": [0, 0, 0.15, 0.1], "texture": "#0"},
				"south": {"uv": [0, 0, 0.6, 0.1], "texture": "#0"},
				"west": {"uv": [0, 0, 0.15, 0.1], "texture": "#0"},
				"up": {"uv": [0, 0, 0.6, 0.15], "texture": "#0"},
				"down": {"uv": [0, 0, 0.6, 0.15], "texture": "#0"}
			}
		},
		{
			"from": [7.7, 2.3, 3.1],
			"to": [8.3, 2.4, 3.25],
			"rotation": {"angle": 0, "axis": "y", "origin": [15.5, 10.3, 13.5]},
			"faces": {
				"north": {"uv": [0, 0, 0.6, 0.1], "texture": "#0"},
				"east": {"uv": [0, 0, 0.15, 0.1], "texture": "#0"},
				"south": {"uv": [0, 0, 0.6, 0.1], "texture": "#0"},
				"west": {"uv": [0, 0, 0.15, 0.1], "texture": "#0"},
				"up": {"uv": [0, 0, 0.6, 0.15], "texture": "#0"},
				"down": {"uv": [0, 0, 0.6, 0.15], "texture": "#0"}
			}
		},
		{
			"from": [7.7, 2.3, 3.7],
			"to": [8.3, 2.4, 3.85],
			"rotation": {"angle": 0, "axis": "y", "origin": [15.5, 10.3, 14.1]},
			"faces": {
				"north": {"uv": [0, 0, 0.6, 0.1], "texture": "#0"},
				"east": {"uv": [0, 0, 0.15, 0.1], "texture": "#0"},
				"south": {"uv": [0, 0, 0.6, 0.1], "texture": "#0"},
				"west": {"uv": [0, 0, 0.15, 0.1], "texture": "#0"},
				"up": {"uv": [0, 0, 0.6, 0.15], "texture": "#0"},
				"down": {"uv": [0, 0, 0.6, 0.15], "texture": "#0"}
			}
		},
		{
			"from": [7.7, 2.3, 4.3],
			"to": [8.3, 2.4, 4.45],
			"rotation": {"angle": 0, "axis": "y", "origin": [15.5, 10.3, 14.7]},
			"faces": {
				"north": {"uv": [0, 0, 0.6, 0.1], "texture": "#0"},
				"east": {"uv": [0, 0, 0.15, 0.1], "texture": "#0"},
				"south": {"uv": [0, 0, 0.6, 0.1], "texture": "#0"},
				"west": {"uv": [0, 0, 0.15, 0.1], "texture": "#0"},
				"up": {"uv": [0, 0, 0.6, 0.15], "texture": "#0"},
				"down": {"uv": [0, 0, 0.6, 0.15], "texture": "#0"}
			}
		},
		{
			"from": [7.7, 2.3, 4.9],
			"to": [8.3, 2.4, 5.05],
			"rotation": {"angle": 0, "axis": "y", "origin": [15.5, 10.3, 15.3]},
			"faces": {
				"north": {"uv": [0, 0, 0.6, 0.1], "texture": "#0"},
				"east": {"uv": [0, 0, 0.15, 0.1], "texture": "#0"},
				"south": {"uv": [0, 0, 0.6, 0.1], "texture": "#0"},
				"west": {"uv": [0, 0, 0.15, 0.1], "texture": "#0"},
				"up": {"uv": [0, 0, 0.6, 0.15], "texture": "#0"},
				"down": {"uv": [0, 0, 0.6, 0.15], "texture": "#0"}
			}
		},
		{
			"from": [7.7, 2.3, 5.5],
			"to": [8.3, 2.4, 5.65],
			"rotation": {"angle": 0, "axis": "y", "origin": [15.5, 10.3, 15.9]},
			"faces": {
				"north": {"uv": [0, 0, 0.6, 0.1], "texture": "#0"},
				"east": {"uv": [0, 0, 0.15, 0.1], "texture": "#0"},
				"south": {"uv": [0, 0, 0.6, 0.1], "texture": "#0"},
				"west": {"uv": [0, 0, 0.15, 0.1], "texture": "#0"},
				"up": {"uv": [0, 0, 0.6, 0.15], "texture": "#0"},
				"down": {"uv": [0, 0, 0.6, 0.15], "texture": "#0"}
			}
		},
		{
			"from": [7.7, 2.3, 6],
			"to": [8.3, 2.4, 6.15],
			"rotation": {"angle": 0, "axis": "y", "origin": [15.5, 10.3, 16.4]},
			"faces": {
				"north": {"uv": [0, 0, 0.6, 0.1], "texture": "#0"},
				"east": {"uv": [0, 0, 0.15, 0.1], "texture": "#0"},
				"south": {"uv": [0, 0, 0.6, 0.1], "texture": "#0"},
				"west": {"uv": [0, 0, 0.15, 0.1], "texture": "#0"},
				"up": {"uv": [0, 0, 0.6, 0.15], "texture": "#0"},
				"down": {"uv": [0, 0, 0.6, 0.15], "texture": "#0"}
			}
		},
		{
			"from": [7.7, 1.6, 5.7],
			"to": [8.3, 1.9, 5.85],
			"rotation": {"angle": 0, "axis": "y", "origin": [15.5, 9.55, 16.1]},
			"faces": {
				"north": {"uv": [0, 0, 0.6, 0.3], "texture": "#0"},
				"east": {"uv": [0, 0, 0.15, 0.3], "texture": "#0"},
				"south": {"uv": [0, 0, 0.6, 0.3], "texture": "#0"},
				"west": {"uv": [0, 0, 0.15, 0.3], "texture": "#0"},
				"up": {"uv": [0, 0, 0.6, 0.15], "texture": "#0"},
				"down": {"uv": [0, 0, 0.6, 0.15], "texture": "#0"}
			}
		},
		{
			"from": [7.7, 2.3, 6.6],
			"to": [8.3, 2.4, 6.75],
			"rotation": {"angle": 0, "axis": "y", "origin": [15.5, 10.3, 17]},
			"faces": {
				"north": {"uv": [0, 0, 0.6, 0.1], "texture": "#0"},
				"east": {"uv": [0, 0, 0.15, 0.1], "texture": "#0"},
				"south": {"uv": [0, 0, 0.6, 0.1], "texture": "#0"},
				"west": {"uv": [0, 0, 0.15, 0.1], "texture": "#0"},
				"up": {"uv": [0, 0, 0.6, 0.15], "texture": "#0"},
				"down": {"uv": [0, 0, 0.6, 0.15], "texture": "#0"}
			}
		},
		{
			"from": [7.7, 1.6, 6.2],
			"to": [8.3, 1.9, 6.75],
			"rotation": {"angle": 0, "axis": "y", "origin": [15.5, 9.6, 17]},
			"faces": {
				"north": {"uv": [0, 0, 0.6, 0.3], "texture": "#0"},
				"east": {"uv": [0, 0, 0.55, 0.3], "texture": "#0"},
				"south": {"uv": [0, 0, 0.6, 0.3], "texture": "#0"},
				"west": {"uv": [0, 0, 0.55, 0.3], "texture": "#0"},
				"up": {"uv": [0, 0, 0.6, 0.55], "texture": "#0"},
				"down": {"uv": [0, 0, 0.6, 0.55], "texture": "#0"}
			}
		},
		{
			"from": [7.6, 1.25, 2],
			"to": [8.4, 2.25, 5.25],
			"rotation": {"angle": 0, "axis": "y", "origin": [15.5, 9.25, 12.5]},
			"faces": {
				"north": {"uv": [0, 0, 0.8, 1], "texture": "#1"},
				"east": {"uv": [0, 0, 3.25, 1], "texture": "#1"},
				"south": {"uv": [0, 0, 0.8, 1], "texture": "#1"},
				"west": {"uv": [0, 0, 3.25, 1], "texture": "#1"},
				"up": {"uv": [0, 0, 0.8, 3.25], "texture": "#1"},
				"down": {"uv": [0, 0, 0.8, 3.25], "texture": "#1"}
			}
		},
		{
			"from": [7.85, 2, 0],
			"to": [8.15, 2.3, 2],
			"rotation": {"angle": 0, "axis": "y", "origin": [15.5, 9.4, 9]},
			"faces": {
				"north": {"uv": [0, 0, 0.3, 0.3], "texture": "#0"},
				"east": {"uv": [0, 0, 2, 0.3], "texture": "#0"},
				"south": {"uv": [0, 0, 0.3, 0.3], "texture": "#0"},
				"west": {"uv": [0, 0, 2, 0.3], "texture": "#0"},
				"up": {"uv": [0, 0, 0.3, 2], "texture": "#0"},
				"down": {"uv": [0, 0, 0.3, 2], "texture": "#0"}
			}
		},
		{
			"from": [7.95, 2.3, 0.4],
			"to": [8.05, 2.7, 0.5],
			"rotation": {"angle": 0, "axis": "y", "origin": [15.5, 9.7, 9]},
			"faces": {
				"north": {"uv": [0, 0, 0.1, 0.4], "texture": "#0"},
				"east": {"uv": [0, 0, 0.1, 0.4], "texture": "#0"},
				"south": {"uv": [0, 0, 0.1, 0.4], "texture": "#0"},
				"west": {"uv": [0, 0, 0.1, 0.4], "texture": "#0"},
				"up": {"uv": [0, 0, 0.1, 0.1], "texture": "#0"},
				"down": {"uv": [0, 0, 0.1, 0.1], "texture": "#0"}
			}
		},
		{
			"from": [7.85, 1.5, 0],
			"to": [8.15, 1.8, 2],
			"rotation": {"angle": 0, "axis": "y", "origin": [15.5, 8.9, 9]},
			"faces": {
				"north": {"uv": [0, 0, 0.3, 0.3], "texture": "#0"},
				"east": {"uv": [0, 0, 2, 0.3], "texture": "#0"},
				"south": {"uv": [0, 0, 0.3, 0.3], "texture": "#0"},
				"west": {"uv": [0, 0, 2, 0.3], "texture": "#0"},
				"up": {"uv": [0, 0, 0.3, 2], "texture": "#0"},
				"down": {"uv": [0, 0, 0.3, 2], "texture": "#0"}
			}
		}
	],
	"display": {
		"thirdperson_righthand": {
			"translation": [-0.5, 6.5, -0.5]
		},
		"firstperson_righthand": {
			"translation": [0, 8.25, 0]
		},
		"firstperson_lefthand": {
			"translation": [0, 8.5, 0]
		},
		"gui": {
			"rotation": [-65.5, -131.75, -73],
			"translation": [-4, 5.25, 0]
		},
		"fixed": {
			"rotation": [-95, 131, 100],
			"translation": [5.75, 6, 0],
			"scale": [1.3, 1.3, 1.3]
		}
	},
	"groups": [
		{
			"name": "group",
			"origin": [15.5, 8, 10],
			"children": [0, 1, 2, 3, 4, 5, 6, 7, 8, 9, 10, 11, 12, 13, 14, 15, 16, 17, 18, 19, 20, 21, 22, 23, 24, 25, 26, 27, 28, 29, 30, 31, 32, 33, 34, 35, 36, 37, 38, 39, 40, 41, 42, 43, 44, 45, 46, 47, 48, 49, 50, 51, 52, 53, 54, 55]
		}
	]
}