{
    "parent": "item/handheld_rod",
    "textures": {
        "layer0": "item/carrot_on_a_stick"
    },
    "overrides": [
        {
            "predicate": {
            "custom_model_data":1
            },
            "model": "item/koteishiki_mawari"
        },
        {
            "predicate": {
            "custom_model_data":2
            },
            "model": "item/koteishiki_zyuu"
        },
        {
            "predicate": {
            "custom_model_data":3
            },
            "model": "item/gyoraihasyakan"
        },
        {
            "predicate": {
            "custom_model_data":4
            },
            "model": "item/scope"
        }
    ]

}

