{
	"credit": "Made with Blockbench",
	"textures": {
		"0": "item/blade_color",
		"1": "item/blade_grip",
		"particle": "item/blade_color"
	},
	"elements": [
		{
			"from": [7, 0.8, 7],
			"to": [9, 8.8, 7.5],
			"rotation": {"angle": 22.5, "axis": "z", "origin": [8, 4.8, 7.25]},
			"faces": {
				"north": {"uv": [0.25, 0.25, 0.75, 0.75], "texture": "#0"},
				"east": {"uv": [1.25, 0.25, 1.75, 0.75], "texture": "#0"},
				"south": {"uv": [2.25, 0.25, 2.75, 0.75], "texture": "#0"},
				"west": {"uv": [3.25, 0.25, 3.75, 0.75], "texture": "#0"},
				"up": {"uv": [4.25, 0.25, 4.75, 0.75], "texture": "#0"},
				"down": {"uv": [5.25, 0.25, 5.75, 0.75], "texture": "#0"}
			}
		},
		{
			"from": [7, 0.8, 7.5],
			"to": [9, 8.8, 8],
			"rotation": {"angle": 0, "axis": "z", "origin": [8, 4.8, 7.25]},
			"faces": {
				"north": {"uv": [0.25, 0.25, 0.75, 0.75], "texture": "#0"},
				"east": {"uv": [1.25, 0.25, 1.75, 0.75], "texture": "#0"},
				"south": {"uv": [2.25, 0.25, 2.75, 0.75], "texture": "#0"},
				"west": {"uv": [3.25, 0.25, 3.75, 0.75], "texture": "#0"},
				"up": {"uv": [4.25, 0.25, 4.75, 0.75], "texture": "#0"},
				"down": {"uv": [5.25, 0.25, 5.75, 0.75], "texture": "#0"}
			}
		},
		{
			"from": [7, 0.8, 8],
			"to": [9, 8.8, 8.5],
			"rotation": {"angle": -22.5, "axis": "z", "origin": [8, 4.8, 7.25]},
			"faces": {
				"north": {"uv": [0.25, 0.25, 0.75, 0.75], "texture": "#0"},
				"east": {"uv": [1.25, 0.25, 1.75, 0.75], "texture": "#0"},
				"south": {"uv": [2.25, 0.25, 2.75, 0.75], "texture": "#0"},
				"west": {"uv": [3.25, 0.25, 3.75, 0.75], "texture": "#0"},
				"up": {"uv": [4.25, 0.25, 4.75, 0.75], "texture": "#0"},
				"down": {"uv": [5.25, 0.25, 5.75, 0.75], "texture": "#0"}
			}
		},
		{
			"from": [7.2, 0.5, 7],
			"to": [8.8, 0.8, 7.5],
			"rotation": {"angle": 22.5, "axis": "z", "origin": [8, 4.8, 7.25]},
			"faces": {
				"north": {"uv": [0.25, 0.25, 0.75, 0.75], "texture": "#0"},
				"east": {"uv": [1.25, 0.25, 1.75, 0.75], "texture": "#0"},
				"south": {"uv": [2.25, 0.25, 2.75, 0.75], "texture": "#0"},
				"west": {"uv": [3.25, 0.25, 3.75, 0.75], "texture": "#0"},
				"up": {"uv": [4.25, 0.25, 4.75, 0.75], "texture": "#0"},
				"down": {"uv": [5.25, 0.25, 5.75, 0.75], "texture": "#0"}
			}
		},
		{
			"from": [7.2, 0.5, 7.5],
			"to": [8.8, 0.8, 8],
			"rotation": {"angle": 0, "axis": "z", "origin": [8, 4.8, 7.25]},
			"faces": {
				"north": {"uv": [0.25, 0.25, 0.75, 0.75], "texture": "#0"},
				"east": {"uv": [1.25, 0.25, 1.75, 0.75], "texture": "#0"},
				"south": {"uv": [2.25, 0.25, 2.75, 0.75], "texture": "#0"},
				"west": {"uv": [3.25, 0.25, 3.75, 0.75], "texture": "#0"},
				"up": {"uv": [4.25, 0.25, 4.75, 0.75], "texture": "#0"},
				"down": {"uv": [5.25, 0.25, 5.75, 0.75], "texture": "#0"}
			}
		},
		{
			"from": [7.2, 0.5, 8],
			"to": [8.8, 0.8, 8.5],
			"rotation": {"angle": -22.5, "axis": "z", "origin": [8, 4.8, 7.25]},
			"faces": {
				"north": {"uv": [0.25, 0.25, 0.75, 0.75], "texture": "#0"},
				"east": {"uv": [1.25, 0.25, 1.75, 0.75], "texture": "#0"},
				"south": {"uv": [2.25, 0.25, 2.75, 0.75], "texture": "#0"},
				"west": {"uv": [3.25, 0.25, 3.75, 0.75], "texture": "#0"},
				"up": {"uv": [4.25, 0.25, 4.75, 0.75], "texture": "#0"},
				"down": {"uv": [5.25, 0.25, 5.75, 0.75], "texture": "#0"}
			}
		},
		{
			"from": [7.5, 0.2, 7.1],
			"to": [8.5, 0.5, 7.4],
			"rotation": {"angle": 22.5, "axis": "z", "origin": [8, 4.8, 7.25]},
			"faces": {
				"north": {"uv": [0, 0, 1, 0.3], "texture": "#0"},
				"east": {"uv": [0, 0, 0.3, 0.3], "texture": "#0"},
				"south": {"uv": [0, 0, 1, 0.3], "texture": "#0"},
				"west": {"uv": [0, 0, 0.3, 0.3], "texture": "#0"},
				"up": {"uv": [0, 0, 1, 0.3], "texture": "#0"},
				"down": {"uv": [0, 0, 1, 0.3], "texture": "#0"}
			}
		},
		{
			"from": [7.5, 0.2, 7.6],
			"to": [8.5, 0.5, 7.9],
			"rotation": {"angle": 0, "axis": "z", "origin": [8, 4.8, 7.25]},
			"faces": {
				"north": {"uv": [0, 0, 1, 0.3], "texture": "#0"},
				"east": {"uv": [0, 0, 0.3, 0.3], "texture": "#0"},
				"south": {"uv": [0, 0, 1, 0.3], "texture": "#0"},
				"west": {"uv": [0, 0, 0.3, 0.3], "texture": "#0"},
				"up": {"uv": [0, 0, 1, 0.3], "texture": "#0"},
				"down": {"uv": [0, 0, 1, 0.3], "texture": "#0"}
			}
		},
		{
			"from": [7.5, 0.2, 8.1],
			"to": [8.5, 0.5, 8.4],
			"rotation": {"angle": -22.5, "axis": "z", "origin": [8, 4.8, 7.25]},
			"faces": {
				"north": {"uv": [0, 0, 1, 0.3], "texture": "#0"},
				"east": {"uv": [0, 0, 0.3, 0.3], "texture": "#0"},
				"south": {"uv": [0, 0, 1, 0.3], "texture": "#0"},
				"west": {"uv": [0, 0, 0.3, 0.3], "texture": "#0"},
				"up": {"uv": [0, 0, 1, 0.3], "texture": "#0"},
				"down": {"uv": [0, 0, 1, 0.3], "texture": "#0"}
			}
		},
		{
			"from": [7.8, 0, 7.1],
			"to": [8.2, 0.2, 7.4],
			"rotation": {"angle": 22.5, "axis": "z", "origin": [8, 4.8, 7.25]},
			"faces": {
				"north": {"uv": [0, 0, 0.4, 0.2], "texture": "#0"},
				"east": {"uv": [0, 0, 0.3, 0.2], "texture": "#0"},
				"south": {"uv": [0, 0, 0.4, 0.2], "texture": "#0"},
				"west": {"uv": [0, 0, 0.3, 0.2], "texture": "#0"},
				"up": {"uv": [0, 0, 0.4, 0.3], "texture": "#0"},
				"down": {"uv": [0, 0, 0.4, 0.3], "texture": "#0"}
			}
		},
		{
			"from": [7.8, 0, 7.6],
			"to": [8.2, 0.2, 7.9],
			"rotation": {"angle": 0, "axis": "z", "origin": [8, 4.8, 7.25]},
			"faces": {
				"north": {"uv": [0, 0, 0.4, 0.2], "texture": "#0"},
				"east": {"uv": [0, 0, 0.3, 0.2], "texture": "#0"},
				"south": {"uv": [0, 0, 0.4, 0.2], "texture": "#0"},
				"west": {"uv": [0, 0, 0.3, 0.2], "texture": "#0"},
				"up": {"uv": [0, 0, 0.4, 0.3], "texture": "#0"},
				"down": {"uv": [0, 0, 0.4, 0.3], "texture": "#0"}
			}
		},
		{
			"from": [7.8, 0, 8.1],
			"to": [8.2, 0.2, 8.4],
			"rotation": {"angle": -22.5, "axis": "z", "origin": [8, 4.8, 7.25]},
			"faces": {
				"north": {"uv": [0, 0, 0.4, 0.2], "texture": "#0"},
				"east": {"uv": [0, 0, 0.3, 0.2], "texture": "#0"},
				"south": {"uv": [0, 0, 0.4, 0.2], "texture": "#0"},
				"west": {"uv": [0, 0, 0.3, 0.2], "texture": "#0"},
				"up": {"uv": [0, 0, 0.4, 0.3], "texture": "#0"},
				"down": {"uv": [0, 0, 0.4, 0.3], "texture": "#0"}
			}
		},
		{
			"from": [7, 8.75, 7],
			"to": [9, 13.65, 7.45],
			"rotation": {"angle": 22.5, "axis": "z", "origin": [8, 4.8, 7.25]},
			"faces": {
				"north": {"uv": [0.25, 0.25, 0.75, 0.75], "texture": "#1"},
				"east": {"uv": [1.25, 0.25, 1.75, 0.75], "texture": "#1"},
				"south": {"uv": [2.25, 0.25, 2.75, 0.75], "texture": "#1"},
				"west": {"uv": [3.25, 0.25, 3.75, 0.75], "texture": "#1"},
				"up": {"uv": [4.25, 0.25, 4.75, 0.75], "texture": "#1"},
				"down": {"uv": [5.25, 0.25, 5.75, 0.75], "texture": "#1"}
			}
		},
		{
			"from": [7, 8.75, 8],
			"to": [9, 13.65, 8.45],
			"rotation": {"angle": -22.5, "axis": "z", "origin": [8, 4.8, 7.25]},
			"faces": {
				"north": {"uv": [0.25, 0.25, 0.75, 0.75], "texture": "#1"},
				"east": {"uv": [1.25, 0.25, 1.75, 0.75], "texture": "#1"},
				"south": {"uv": [2.25, 0.25, 2.75, 0.75], "texture": "#1"},
				"west": {"uv": [3.25, 0.25, 3.75, 0.75], "texture": "#1"},
				"up": {"uv": [4.25, 0.25, 4.75, 0.75], "texture": "#1"},
				"down": {"uv": [5.25, 0.25, 5.75, 0.75], "texture": "#1"}
			}
		},
		{
			"from": [7, 8.8, 7.5],
			"to": [9, 13.7, 7.95],
			"rotation": {"angle": 0, "axis": "z", "origin": [8, 4.8, 7.25]},
			"faces": {
				"north": {"uv": [0.25, 0.25, 0.75, 0.75], "texture": "#1"},
				"east": {"uv": [1.25, 0.25, 1.75, 0.75], "texture": "#1"},
				"south": {"uv": [2.25, 0.25, 2.75, 0.75], "texture": "#1"},
				"west": {"uv": [3.25, 0.25, 3.75, 0.75], "texture": "#1"},
				"up": {"uv": [4.25, 0.25, 4.75, 0.75], "texture": "#1"},
				"down": {"uv": [5.25, 0.25, 5.75, 0.75], "texture": "#1"}
			}
		}
	],
	"display": {
		"thirdperson_righthand": {
			"rotation": [7, 0, 0],
			"translation": [0.25, 6.25, 0]
		},
		"thirdperson_lefthand": {
			"translation": [0.5, 6, -0.5]
		},
		"firstperson_righthand": {
			"translation": [0.5, 3, 1.25]
		},
		"firstperson_lefthand": {
			"rotation": [0, -83, 0],
			"translation": [2.75, 1.75, 0]
		},
		"ground": {
			"translation": [0, 8.75, 0]
		},
		"gui": {
			"rotation": [-6, -9, 0],
			"translation": [0, 1, 0]
		}
	}
}