{
  "model": {
    "type": "minecraft:select",
    "cases": [
      {
        "when": "gui",
        "model": {
          "type": "model",
          "model": "mgp:item/realsmg/realsmg"
        }
        
      }
    ],
    "property": "minecraft:display_context",
    "fallback": {
      "type": "range_dispatch",
      "property": "cooldown",
      "entries": [
        {
          "threshold": 0.92,
          "model": {
            "type": "condition",
          "on_false": {
            "type": "model",
            "model": "mgp:item/realsmg/realsmg_flash"
          },
          "on_true": {
            "type": "model",
            "model": "mgp:item/realsmg/realsmg_ads_flash"
          },
          "property": "minecraft:keybind_down",
          "keybind": "key.sneak"
            }
          }
      ],
      "fallback": {
        "type": "condition",
        "on_false": {
          "type": "model",
          "model": "mgp:item/realsmg/realsmg"
        },
        "on_true": {
          "type": "model",
          "model": "mgp:item/realsmg/realsmg_ads"
        },
        "property": "minecraft:keybind_down",
        "keybind": "key.sneak"
      }
    }
  }
}
